scenarioId_A,scenarioId_B,graphEditDistance,entityPositionDistance,jaccardRoomConnectivity,roleDistributionDistance,depthProfileDistance,doorStateDistance,furnitureCountDistance
27f41f7b-8e58-4b6c-a1d1-a9015fcc44d7,4b10a445-81af-4f17-ad2e-1a0f932965fd,2.0000,12.2402,0.5000,2.0000,2.0000,0.0000,0.0476
27f41f7b-8e58-4b6c-a1d1-a9015fcc44d7,485936b6-0693-4a48-a864-2b22322f7c9f,2.0000,10.5910,0.5000,2.0000,2.0000,0.0000,0.1500
27f41f7b-8e58-4b6c-a1d1-a9015fcc44d7,43afe059-c7c4-4513-aab4-6afabca7475b,0.0000,11.6756,1.0000,0.0000,0.0000,0.0000,0.0476
27f41f7b-8e58-4b6c-a1d1-a9015fcc44d7,bfb966ca-9aa8-44f2-906d-724e769524d3,2.0000,7.7032,0.5000,2.0000,2.0000,0.6667,0.2000
27f41f7b-8e58-4b6c-a1d1-a9015fcc44d7,d40f8394-48af-4671-bba3-98945db56831,2.0000,13.3878,0.5000,2.0000,2.0000,0.6667,0.1500
27f41f7b-8e58-4b6c-a1d1-a9015fcc44d7,a3ff8cae-6e7a-4075-8592-80b8edb3b798,2.0000,9.2371,0.5000,2.0000,2.0000,0.6667,0.2000
27f41f7b-8e58-4b6c-a1d1-a9015fcc44d7,90f5d1da-730b-4ec4-816f-47022d672a31,2.0000,9.9930,0.5000,2.0000,2.0000,0.0000,0.1000
27f41f7b-8e58-4b6c-a1d1-a9015fcc44d7,46624bde-5aa1-497e-8cf3-3615e70bc3fa,2.0000,9.8624,0.5000,2.0000,2.0000,0.0000,0.1000
27f41f7b-8e58-4b6c-a1d1-a9015fcc44d7,3483eab6-2e3b-4326-b369-daa88b145f21,2.0000,7.1718,0.5000,2.0000,2.0000,0.6667,0.3500
27f41f7b-8e58-4b6c-a1d1-a9015fcc44d7,61eebde7-4d44-4dd7-a41c-6373faa852aa,2.0000,9.0783,0.5000,2.0000,2.0000,0.6667,0.1000
27f41f7b-8e58-4b6c-a1d1-a9015fcc44d7,997f6bd9-71cb-4181-9303-399913c68290,0.0000,7.0999,1.0000,0.0000,0.0000,0.6667,0.1000
27f41f7b-8e58-4b6c-a1d1-a9015fcc44d7,4225df02-934f-4779-beef-3f883013d6d5,2.0000,5.5143,0.5000,2.0000,2.0000,0.6667,0.0909
27f41f7b-8e58-4b6c-a1d1-a9015fcc44d7,7027df40-ab9c-4d2e-8129-75fd9ca3a371,0.0000,5.5184,1.0000,0.0000,0.0000,0.6667,0.1667
27f41f7b-8e58-4b6c-a1d1-a9015fcc44d7,c81223c8-1271-4efe-9fee-7ad2daceec55,2.0000,11.8853,0.5000,2.0000,2.0000,0.0000,0.1000
27f41f7b-8e58-4b6c-a1d1-a9015fcc44d7,3f55c60e-0aa5-4089-94f4-a7e685e1b692,0.0000,3.9113,1.0000,0.0000,0.0000,0.6667,0.1667
27f41f7b-8e58-4b6c-a1d1-a9015fcc44d7,e25c21b8-6a65-4804-b483-494865ea5fe4,2.0000,12.7006,0.5000,2.0000,2.0000,0.0000,0.1000
27f41f7b-8e58-4b6c-a1d1-a9015fcc44d7,8c1ea269-2643-4e1f-9c37-0b796361a792,2.0000,6.0570,0.5000,2.0000,2.0000,0.6667,0.3000
27f41f7b-8e58-4b6c-a1d1-a9015fcc44d7,ceec740e-dd0f-4050-aaad-3bb7576df8ed,2.0000,8.8662,0.5000,2.0000,2.0000,0.6667,0.1000
27f41f7b-8e58-4b6c-a1d1-a9015fcc44d7,a3f69495-a21b-448b-82c9-57efa81700cd,0.0000,8.7641,1.0000,0.0000,0.0000,0.6667,0.2857
27f41f7b-8e58-4b6c-a1d1-a9015fcc44d7,c8f7e77f-612a-4780-9a35-fa8644e8ae5a,0.0000,10.3409,1.0000,0.0000,0.0000,0.6667,0.0000
27f41f7b-8e58-4b6c-a1d1-a9015fcc44d7,e86e18ef-a902-4527-9be4-59d24519eed6,2.0000,9.6260,0.5000,2.0000,2.0000,0.6667,0.1500
27f41f7b-8e58-4b6c-a1d1-a9015fcc44d7,0c0f2152-377c-422f-8052-b0dc0153ae0a,2.0000,11.9509,0.5000,2.0000,2.0000,0.0000,0.1500
27f41f7b-8e58-4b6c-a1d1-a9015fcc44d7,f0fe03d1-14fe-4cd5-9497-d0c224b284cd,2.0000,14.0633,0.5000,2.0000,2.0000,0.6667,0.2500
27f41f7b-8e58-4b6c-a1d1-a9015fcc44d7,46b81f92-9499-424e-aa38-0af32369c9ab,0.0000,10.4147,1.0000,0.0000,0.0000,0.6667,0.1304
27f41f7b-8e58-4b6c-a1d1-a9015fcc44d7,74e1172e-bf77-4868-a39e-fd314e3df33b,2.0000,7.8705,0.5000,2.0000,2.0000,0.6667,0.1500
27f41f7b-8e58-4b6c-a1d1-a9015fcc44d7,b07b7f86-1bbf-4c6a-b8f2-d3a602704355,2.0000,5.9627,0.5000,2.0000,2.0000,0.6667,0.0000
27f41f7b-8e58-4b6c-a1d1-a9015fcc44d7,4da9a570-5edf-44bd-b262-3de1664706ea,2.0000,9.7379,0.5000,2.0000,2.0000,0.6667,0.0476
27f41f7b-8e58-4b6c-a1d1-a9015fcc44d7,7105fb47-b5e3-46e7-9197-d83c0f4526aa,2.0000,10.9022,0.5000,2.0000,2.0000,0.6667,0.1000
27f41f7b-8e58-4b6c-a1d1-a9015fcc44d7,cc43ad38-fb37-4584-b672-7e13df12000d,2.0000,10.6797,0.5000,2.0000,2.0000,0.0000,0.2000
27f41f7b-8e58-4b6c-a1d1-a9015fcc44d7,6f14499e-d0d7-4bef-a1f0-86d3cc46e4dc,2.0000,8.2916,0.5000,2.0000,2.0000,0.0000,0.0000
27f41f7b-8e58-4b6c-a1d1-a9015fcc44d7,0997d41c-6d90-4c74-9ca2-a03e0dfe6499,2.0000,11.1246,0.5000,2.0000,2.0000,0.6667,0.1000
27f41f7b-8e58-4b6c-a1d1-a9015fcc44d7,2e68bde0-2ec3-4d13-9c70-4a6edcc253f8,2.0000,6.9987,0.5000,2.0000,2.0000,0.0000,0.1000
27f41f7b-8e58-4b6c-a1d1-a9015fcc44d7,22c05025-cd65-4fd6-b42b-e1e1318adfe3,0.0000,10.8266,1.0000,0.0000,0.0000,0.0000,0.1500
27f41f7b-8e58-4b6c-a1d1-a9015fcc44d7,52690bf0-6649-4e43-81a1-f4d14d84c9bb,0.0000,5.7026,1.0000,0.0000,0.0000,0.0000,0.2308
27f41f7b-8e58-4b6c-a1d1-a9015fcc44d7,aa0e625f-0115-4592-a2d1-f12ab8f8fd07,2.0000,8.0652,0.5000,2.0000,2.0000,0.6667,0.0500
27f41f7b-8e58-4b6c-a1d1-a9015fcc44d7,a34b9a88-6139-4498-8cb4-7dc14826736b,2.0000,14.3853,0.5000,2.0000,2.0000,0.6667,0.3000
27f41f7b-8e58-4b6c-a1d1-a9015fcc44d7,fc38c551-9fce-4cb9-989c-e14a15ec343d,2.0000,6.8289,0.5000,2.0000,2.0000,0.6667,0.0000
27f41f7b-8e58-4b6c-a1d1-a9015fcc44d7,282804f0-eeaf-4337-b99e-edc8c825f36e,2.0000,8.6466,0.5000,2.0000,2.0000,0.0000,0.2000
27f41f7b-8e58-4b6c-a1d1-a9015fcc44d7,adc5de5d-5f7a-4315-ae7c-01194bb38567,2.0000,6.5422,0.5000,2.0000,2.0000,0.0000,0.2000
27f41f7b-8e58-4b6c-a1d1-a9015fcc44d7,1977a7f8-0fe7-41af-a87a-76cfb1713877,0.0000,3.3468,1.0000,0.0000,0.0000,0.6667,0.1667
27f41f7b-8e58-4b6c-a1d1-a9015fcc44d7,8a1e5a0f-87f3-4a3c-8afc-6d403b90401e,2.0000,10.0128,0.5000,2.0000,2.0000,0.6667,0.2000
27f41f7b-8e58-4b6c-a1d1-a9015fcc44d7,059ef947-4a12-4833-add6-17c6f7c41a05,2.0000,5.5766,0.5000,2.0000,2.0000,0.0000,0.1000
27f41f7b-8e58-4b6c-a1d1-a9015fcc44d7,fa8a729c-880c-4ec4-b231-decd82e1496a,0.0000,2.9717,1.0000,0.0000,0.0000,0.0000,0.0000
27f41f7b-8e58-4b6c-a1d1-a9015fcc44d7,1f060904-d763-45c4-adb3-0bcccf916f16,0.0000,4.0727,1.0000,0.0000,0.0000,0.0000,0.0000
27f41f7b-8e58-4b6c-a1d1-a9015fcc44d7,3525aec3-2b10-4958-977b-1d0db69061e1,0.0000,6.7583,1.0000,0.0000,0.0000,0.6667,0.0909
27f41f7b-8e58-4b6c-a1d1-a9015fcc44d7,4dc55917-1ad9-4f41-a4a5-efa709d235d9,0.0000,9.1698,1.0000,0.0000,0.0000,0.6667,0.0000
27f41f7b-8e58-4b6c-a1d1-a9015fcc44d7,b20b4a65-b7c6-4cea-b79f-6a6db36ffdb1,2.0000,4.0114,0.5000,2.0000,2.0000,0.0000,0.2000
27f41f7b-8e58-4b6c-a1d1-a9015fcc44d7,dfc01f3d-0bd7-4b56-aaac-87f7635b8f94,2.0000,11.0483,0.5000,2.0000,2.0000,0.0000,0.2500
27f41f7b-8e58-4b6c-a1d1-a9015fcc44d7,2a693e8a-5f1a-4c10-9dbe-32a95fdb6c21,2.0000,8.9150,0.5000,2.0000,2.0000,0.6667,0.1000
27f41f7b-8e58-4b6c-a1d1-a9015fcc44d7,afa62b93-9459-4a3d-b943-44e88f2ba832,2.0000,10.0520,0.5000,2.0000,2.0000,0.6667,0.1000
27f41f7b-8e58-4b6c-a1d1-a9015fcc44d7,6a574a63-684b-4e8e-86d8-56c4ef182e83,2.0000,11.8329,0.5000,2.0000,2.0000,0.6667,0.1500
27f41f7b-8e58-4b6c-a1d1-a9015fcc44d7,5fc2040b-5445-448e-bdf1-c32854189d53,2.0000,11.2173,0.5000,2.0000,2.0000,0.6667,0.1500
27f41f7b-8e58-4b6c-a1d1-a9015fcc44d7,2d8a413c-9727-4a6a-8fc0-42bb4d8573d2,2.0000,8.1901,0.5000,2.0000,2.0000,0.6667,0.2000
27f41f7b-8e58-4b6c-a1d1-a9015fcc44d7,61f121ba-cb60-465c-a2f5-9f2f14974ee8,0.0000,10.0851,1.0000,0.0000,0.0000,0.6667,0.1000
27f41f7b-8e58-4b6c-a1d1-a9015fcc44d7,905bd711-6c1a-4bb8-9c8d-808f8a4b9705,2.0000,8.8142,0.5000,2.0000,2.0000,0.6667,0.0909
27f41f7b-8e58-4b6c-a1d1-a9015fcc44d7,925fcff5-826c-4439-8315-4d6434f6f7db,2.0000,13.4935,0.5000,2.0000,2.0000,0.0000,0.1000
27f41f7b-8e58-4b6c-a1d1-a9015fcc44d7,fafe7552-d597-4e47-b1bb-0abd8cdcfe25,2.0000,7.5011,0.5000,2.0000,2.0000,0.6667,0.2000
27f41f7b-8e58-4b6c-a1d1-a9015fcc44d7,2be2d465-90ce-4beb-b5dc-6c92bdf23287,2.0000,10.2026,0.5000,2.0000,2.0000,0.6667,0.0000
27f41f7b-8e58-4b6c-a1d1-a9015fcc44d7,62694c2b-296e-4ea6-b29f-d6fce70f4ee0,2.0000,11.9341,0.5000,2.0000,2.0000,0.0000,0.1000
27f41f7b-8e58-4b6c-a1d1-a9015fcc44d7,4a9b7b3e-39f8-4542-b6a3-2cdddbc64b84,2.0000,11.5459,0.5000,2.0000,2.0000,0.0000,0.3000
27f41f7b-8e58-4b6c-a1d1-a9015fcc44d7,f2f08e2f-79b8-4a56-92e9-cfc0e2b94f70,0.0000,7.9841,1.0000,0.0000,0.0000,0.0000,0.1667
27f41f7b-8e58-4b6c-a1d1-a9015fcc44d7,5a3d63bf-344c-4e6e-bc93-50b3b9150d26,2.0000,9.7963,0.5000,2.0000,2.0000,0.6667,0.1500
27f41f7b-8e58-4b6c-a1d1-a9015fcc44d7,5c6cea65-33e0-4403-ac24-1f3e986820f5,0.0000,10.1006,1.0000,0.0000,0.0000,0.0000,0.0000
27f41f7b-8e58-4b6c-a1d1-a9015fcc44d7,ce289378-48db-4c5b-817b-85a3f7170b6d,0.0000,8.8333,1.0000,0.0000,0.0000,0.6667,0.2308
27f41f7b-8e58-4b6c-a1d1-a9015fcc44d7,8e122a6e-999f-4977-b4e1-21eb03cae87d,0.0000,8.2035,1.0000,0.0000,0.0000,0.0000,0.1304
27f41f7b-8e58-4b6c-a1d1-a9015fcc44d7,6a94bf0c-f443-448e-ba57-f3aa2805cb05,2.0000,11.8516,0.5000,2.0000,2.0000,0.6667,0.0500
27f41f7b-8e58-4b6c-a1d1-a9015fcc44d7,cfb5d567-1d11-4a1e-9030-f9ea119d29ab,2.0000,6.2638,0.5000,2.0000,2.0000,0.6667,0.2500
27f41f7b-8e58-4b6c-a1d1-a9015fcc44d7,bd111f97-40ec-48c2-9537-3f4585fd3c61,2.0000,5.3502,0.5000,2.0000,2.0000,0.6667,0.2500
27f41f7b-8e58-4b6c-a1d1-a9015fcc44d7,56043fae-9517-4a04-b8ca-05c203f26132,2.0000,5.6789,0.5000,2.0000,2.0000,0.6667,0.3500
27f41f7b-8e58-4b6c-a1d1-a9015fcc44d7,cf50eb11-df20-4705-8b1b-2d77ce2403ef,2.0000,6.6880,0.5000,2.0000,2.0000,0.0000,0.1500
27f41f7b-8e58-4b6c-a1d1-a9015fcc44d7,5de87467-8cbd-4a2d-90a3-7e283de285fa,2.0000,6.0459,0.5000,2.0000,2.0000,0.6667,0.1000
27f41f7b-8e58-4b6c-a1d1-a9015fcc44d7,dcf216e8-416d-44ea-80bf-2587651dfd37,2.0000,6.4318,0.5000,2.0000,2.0000,0.6667,0.1000
27f41f7b-8e58-4b6c-a1d1-a9015fcc44d7,e163b85d-9f81-4c13-8c8c-521c33484e74,0.0000,9.4602,1.0000,0.0000,0.0000,0.0000,0.2000
27f41f7b-8e58-4b6c-a1d1-a9015fcc44d7,0f5bc599-7a61-4792-8bf7-b9f78eec50fc,0.0000,7.1890,1.0000,0.0000,0.0000,0.6667,0.1304
27f41f7b-8e58-4b6c-a1d1-a9015fcc44d7,e5a14bb0-fea4-41eb-9bdd-aed3acec68b7,2.0000,6.7149,0.5000,2.0000,2.0000,0.0000,0.2000
27f41f7b-8e58-4b6c-a1d1-a9015fcc44d7,d5cb26d7-030e-4b27-a7fc-8913c4a80794,0.0000,7.0659,1.0000,0.0000,0.0000,0.0000,0.1304
27f41f7b-8e58-4b6c-a1d1-a9015fcc44d7,0f63c729-6dbc-48c2-9f43-89c37de9818f,2.0000,8.2420,0.5000,2.0000,2.0000,0.6667,0.1500
27f41f7b-8e58-4b6c-a1d1-a9015fcc44d7,d73b320a-790d-4a0e-b13f-02a09cbaf3bf,2.0000,11.1569,0.5000,2.0000,2.0000,0.6667,0.0500
27f41f7b-8e58-4b6c-a1d1-a9015fcc44d7,6f8acc59-cbf2-4b96-be3f-d5173828b422,2.0000,9.7230,0.5000,2.0000,2.0000,0.0000,0.0000
27f41f7b-8e58-4b6c-a1d1-a9015fcc44d7,a9bef44c-9e90-409b-9b07-93db1d3be774,0.0000,10.2964,1.0000,0.0000,0.0000,0.0000,0.2000
27f41f7b-8e58-4b6c-a1d1-a9015fcc44d7,62d0e0ab-0ed6-401f-b329-a12d20a79fb8,2.0000,14.8949,0.5000,2.0000,2.0000,0.6667,0.0500
27f41f7b-8e58-4b6c-a1d1-a9015fcc44d7,c8403da2-d968-494c-bbbe-bc7855b370ab,2.0000,11.9682,0.5000,2.0000,2.0000,0.0000,0.2500
27f41f7b-8e58-4b6c-a1d1-a9015fcc44d7,49e59cdd-4809-43f6-b618-1d0396a89857,0.0000,10.0613,1.0000,0.0000,0.0000,0.0000,0.2308
27f41f7b-8e58-4b6c-a1d1-a9015fcc44d7,ccfc5874-fe2c-4d37-ab22-2f8deae33eae,0.0000,9.2916,1.0000,0.0000,0.0000,0.6667,0.1304
27f41f7b-8e58-4b6c-a1d1-a9015fcc44d7,2b35aae8-7d5a-4e25-bd0b-8ae554405fa5,2.0000,12.5199,0.5000,2.0000,2.0000,0.0000,0.2500
27f41f7b-8e58-4b6c-a1d1-a9015fcc44d7,642ee07e-29b6-45a7-9826-aa2f8e6f6fda,0.0000,7.0636,1.0000,0.0000,0.0000,0.0000,0.2000
27f41f7b-8e58-4b6c-a1d1-a9015fcc44d7,18f05cad-c4a5-45a2-afda-2c6693684b81,2.0000,6.8045,0.5000,2.0000,2.0000,0.6667,0.2000
27f41f7b-8e58-4b6c-a1d1-a9015fcc44d7,6db16bc6-1a3a-47dc-9b2e-e489ff3a30d3,0.0000,8.6398,1.0000,0.0000,0.0000,0.6667,0.1304
27f41f7b-8e58-4b6c-a1d1-a9015fcc44d7,cf2e50ca-eb53-4a77-97c9-065f239b9c28,2.0000,4.9235,0.5000,2.0000,2.0000,0.6667,0.2500
27f41f7b-8e58-4b6c-a1d1-a9015fcc44d7,2003d6e5-1b34-47a0-80b4-f960cc4d1c06,2.0000,9.6258,0.5000,2.0000,2.0000,0.0000,0.0500
27f41f7b-8e58-4b6c-a1d1-a9015fcc44d7,692df9b4-47d2-48c1-8732-aa2dbd856038,2.0000,8.5670,0.5000,2.0000,2.0000,0.6667,0.0000
27f41f7b-8e58-4b6c-a1d1-a9015fcc44d7,853d8cdf-bbba-40fe-bc3c-9dbf4a72e3ba,2.0000,6.6708,0.5000,2.0000,2.0000,0.0000,0.0500
27f41f7b-8e58-4b6c-a1d1-a9015fcc44d7,2517b72c-41df-4f4a-a74f-4e6a4d8fb9a6,2.0000,9.6389,0.5000,2.0000,2.0000,0.0000,0.1304
27f41f7b-8e58-4b6c-a1d1-a9015fcc44d7,f761d41a-5220-42bf-872b-6a75cea6e24b,2.0000,8.7467,0.5000,2.0000,2.0000,0.6667,0.2000
27f41f7b-8e58-4b6c-a1d1-a9015fcc44d7,e8b9141c-9944-4c1d-beb1-2a3921ab8e1a,0.0000,8.4465,1.0000,0.0000,0.0000,0.0000,0.2593
27f41f7b-8e58-4b6c-a1d1-a9015fcc44d7,ff4975cc-52b8-41ed-8a6f-c69487eab5e8,2.0000,12.1333,0.5000,2.0000,2.0000,0.0000,0.1500
27f41f7b-8e58-4b6c-a1d1-a9015fcc44d7,22594200-2b3a-466f-9a4c-fc62849a043c,2.0000,7.2953,0.5000,2.0000,2.0000,0.0000,0.0000
27f41f7b-8e58-4b6c-a1d1-a9015fcc44d7,76a03818-1adc-4462-a8d3-fd5cc8cde7c3,0.0000,7.1795,1.0000,0.0000,0.0000,0.6667,0.0500
27f41f7b-8e58-4b6c-a1d1-a9015fcc44d7,14cbf3ff-91dd-4d34-92fe-f218d90b36a1,2.0000,11.8112,0.5000,2.0000,2.0000,0.6667,0.1500
4b10a445-81af-4f17-ad2e-1a0f932965fd,485936b6-0693-4a48-a864-2b22322f7c9f,0.0000,6.7814,1.0000,0.0000,0.0000,0.0000,0.1905
4b10a445-81af-4f17-ad2e-1a0f932965fd,43afe059-c7c4-4513-aab4-6afabca7475b,2.0000,5.4598,0.5000,2.0000,2.0000,0.0000,0.0000
4b10a445-81af-4f17-ad2e-1a0f932965fd,bfb966ca-9aa8-44f2-906d-724e769524d3,0.0000,10.8179,1.0000,0.0000,0.0000,0.6667,0.2381
4b10a445-81af-4f17-ad2e-1a0f932965fd,d40f8394-48af-4671-bba3-98945db56831,0.0000,14.5751,1.0000,0.0000,0.0000,0.6667,0.1905
4b10a445-81af-4f17-ad2e-1a0f932965fd,a3ff8cae-6e7a-4075-8592-80b8edb3b798,0.0000,14.7044,1.0000,0.0000,0.0000,0.6667,0.2381
4b10a445-81af-4f17-ad2e-1a0f932965fd,90f5d1da-730b-4ec4-816f-47022d672a31,0.0000,6.8087,1.0000,0.0000,0.0000,0.0000,0.1429
4b10a445-81af-4f17-ad2e-1a0f932965fd,46624bde-5aa1-497e-8cf3-3615e70bc3fa,0.0000,9.0245,1.0000,0.0000,0.0000,0.0000,0.1429
4b10a445-81af-4f17-ad2e-1a0f932965fd,3483eab6-2e3b-4326-b369-daa88b145f21,0.0000,11.9158,1.0000,0.0000,0.0000,0.6667,0.3810
4b10a445-81af-4f17-ad2e-1a0f932965fd,61eebde7-4d44-4dd7-a41c-6373faa852aa,0.0000,13.9329,1.0000,0.0000,0.0000,0.6667,0.1429
4b10a445-81af-4f17-ad2e-1a0f932965fd,997f6bd9-71cb-4181-9303-399913c68290,2.0000,9.7373,0.5000,2.0000,2.0000,0.6667,0.1429
4b10a445-81af-4f17-ad2e-1a0f932965fd,4225df02-934f-4779-beef-3f883013d6d5,0.0000,15.9867,1.0000,0.0000,0.0000,0.6667,0.0455
4b10a445-81af-4f17-ad2e-1a0f932965fd,7027df40-ab9c-4d2e-8129-75fd9ca3a371,2.0000,12.2647,0.5000,2.0000,2.0000,0.6667,0.1250
4b10a445-81af-4f17-ad2e-1a0f932965fd,c81223c8-1271-4efe-9fee-7ad2daceec55,0.0000,4.7632,1.0000,0.0000,0.0000,0.0000,0.1429
4b10a445-81af-4f17-ad2e-1a0f932965fd,3f55c60e-0aa5-4089-94f4-a7e685e1b692,2.0000,9.8233,0.5000,2.0000,2.0000,0.6667,0.1250
4b10a445-81af-4f17-ad2e-1a0f932965fd,e25c21b8-6a65-4804-b483-494865ea5fe4,0.0000,8.6800,1.0000,0.0000,0.0000,0.0000,0.1429
4b10a445-81af-4f17-ad2e-1a0f932965fd,8c1ea269-2643-4e1f-9c37-0b796361a792,0.0000,16.1426,1.0000,0.0000,0.0000,0.6667,0.3333
4b10a445-81af-4f17-ad2e-1a0f932965fd,ceec740e-dd0f-4050-aaad-3bb7576df8ed,0.0000,13.0102,1.0000,0.0000,0.0000,0.6667,0.1429
4b10a445-81af-4f17-ad2e-1a0f932965fd,a3f69495-a21b-448b-82c9-57efa81700cd,2.0000,13.2098,0.5000,2.0000,2.0000,0.6667,0.2500
4b10a445-81af-4f17-ad2e-1a0f932965fd,c8f7e77f-612a-4780-9a35-fa8644e8ae5a,2.0000,9.3320,0.5000,2.0000,2.0000,0.6667,0.0476
4b10a445-81af-4f17-ad2e-1a0f932965fd,e86e18ef-a902-4527-9be4-59d24519eed6,0.0000,18.9499,1.0000,0.0000,0.0000,0.6667,0.1905
4b10a445-81af-4f17-ad2e-1a0f932965fd,0c0f2152-377c-422f-8052-b0dc0153ae0a,0.0000,5.7983,1.0000,0.0000,0.0000,0.0000,0.1905
4b10a445-81af-4f17-ad2e-1a0f932965fd,f0fe03d1-14fe-4cd5-9497-d0c224b284cd,0.0000,14.2263,1.0000,0.0000,0.0000,0.6667,0.2857
4b10a445-81af-4f17-ad2e-1a0f932965fd,46b81f92-9499-424e-aa38-0af32369c9ab,2.0000,10.9379,0.5000,2.0000,2.0000,0.6667,0.0870
4b10a445-81af-4f17-ad2e-1a0f932965fd,74e1172e-bf77-4868-a39e-fd314e3df33b,0.0000,11.3986,1.0000,0.0000,0.0000,0.6667,0.1905
4b10a445-81af-4f17-ad2e-1a0f932965fd,b07b7f86-1bbf-4c6a-b8f2-d3a602704355,0.0000,14.0994,1.0000,0.0000,0.0000,0.6667,0.0476
4b10a445-81af-4f17-ad2e-1a0f932965fd,4da9a570-5edf-44bd-b262-3de1664706ea,0.0000,16.8408,1.0000,0.0000,0.0000,0.6667,0.0000
4b10a445-81af-4f17-ad2e-1a0f932965fd,7105fb47-b5e3-46e7-9197-d83c0f4526aa,0.0000,10.4121,1.0000,0.0000,0.0000,0.6667,0.1429
4b10a445-81af-4f17-ad2e-1a0f932965fd,cc43ad38-fb37-4584-b672-7e13df12000d,0.0000,6.8416,1.0000,0.0000,0.0000,0.0000,0.2381
4b10a445-81af-4f17-ad2e-1a0f932965fd,6f14499e-d0d7-4bef-a1f0-86d3cc46e4dc,0.0000,5.4356,1.0000,0.0000,0.0000,0.0000,0.0476
4b10a445-81af-4f17-ad2e-1a0f932965fd,0997d41c-6d90-4c74-9ca2-a03e0dfe6499,0.0000,10.6065,1.0000,0.0000,0.0000,0.6667,0.1429
4b10a445-81af-4f17-ad2e-1a0f932965fd,2e68bde0-2ec3-4d13-9c70-4a6edcc253f8,0.0000,10.0855,1.0000,0.0000,0.0000,0.0000,0.1429
4b10a445-81af-4f17-ad2e-1a0f932965fd,22c05025-cd65-4fd6-b42b-e1e1318adfe3,2.0000,12.0210,0.5000,2.0000,2.0000,0.0000,0.1905
4b10a445-81af-4f17-ad2e-1a0f932965fd,52690bf0-6649-4e43-81a1-f4d14d84c9bb,2.0000,12.7486,0.5000,2.0000,2.0000,0.0000,0.1923
4b10a445-81af-4f17-ad2e-1a0f932965fd,aa0e625f-0115-4592-a2d1-f12ab8f8fd07,0.0000,10.3859,1.0000,0.0000,0.0000,0.6667,0.0952
4b10a445-81af-4f17-ad2e-1a0f932965fd,a34b9a88-6139-4498-8cb4-7dc14826736b,0.0000,12.4917,1.0000,0.0000,0.0000,0.6667,0.3333
4b10a445-81af-4f17-ad2e-1a0f932965fd,fc38c551-9fce-4cb9-989c-e14a15ec343d,0.0000,14.0894,1.0000,0.0000,0.0000,0.6667,0.0476
4b10a445-81af-4f17-ad2e-1a0f932965fd,282804f0-eeaf-4337-b99e-edc8c825f36e,0.0000,8.6216,1.0000,0.0000,0.0000,0.0000,0.2381
4b10a445-81af-4f17-ad2e-1a0f932965fd,adc5de5d-5f7a-4315-ae7c-01194bb38567,0.0000,8.8925,1.0000,0.0000,0.0000,0.0000,0.2381
4b10a445-81af-4f17-ad2e-1a0f932965fd,1977a7f8-0fe7-41af-a87a-76cfb1713877,2.0000,11.7595,0.5000,2.0000,2.0000,0.6667,0.1250
4b10a445-81af-4f17-ad2e-1a0f932965fd,8a1e5a0f-87f3-4a3c-8afc-6d403b90401e,0.0000,14.7541,1.0000,0.0000,0.0000,0.6667,0.2381
4b10a445-81af-4f17-ad2e-1a0f932965fd,059ef947-4a12-4833-add6-17c6f7c41a05,0.0000,9.4013,1.0000,0.0000,0.0000,0.0000,0.1429
4b10a445-81af-4f17-ad2e-1a0f932965fd,fa8a729c-880c-4ec4-b231-decd82e1496a,2.0000,13.4901,0.5000,2.0000,2.0000,0.0000,0.0476
4b10a445-81af-4f17-ad2e-1a0f932965fd,1f060904-d763-45c4-adb3-0bcccf916f16,2.0000,14.0122,0.5000,2.0000,2.0000,0.0000,0.0476
4b10a445-81af-4f17-ad2e-1a0f932965fd,3525aec3-2b10-4958-977b-1d0db69061e1,2.0000,12.0246,0.5000,2.0000,2.0000,0.6667,0.0455
4b10a445-81af-4f17-ad2e-1a0f932965fd,4dc55917-1ad9-4f41-a4a5-efa709d235d9,2.0000,7.2895,0.5000,2.0000,2.0000,0.6667,0.0476
4b10a445-81af-4f17-ad2e-1a0f932965fd,b20b4a65-b7c6-4cea-b79f-6a6db36ffdb1,0.0000,10.4628,1.0000,0.0000,0.0000,0.0000,0.2381
4b10a445-81af-4f17-ad2e-1a0f932965fd,dfc01f3d-0bd7-4b56-aaac-87f7635b8f94,0.0000,3.4025,1.0000,0.0000,0.0000,0.0000,0.2857
4b10a445-81af-4f17-ad2e-1a0f932965fd,2a693e8a-5f1a-4c10-9dbe-32a95fdb6c21,0.0000,12.5513,1.0000,0.0000,0.0000,0.6667,0.1429
4b10a445-81af-4f17-ad2e-1a0f932965fd,afa62b93-9459-4a3d-b943-44e88f2ba832,0.0000,19.3738,1.0000,0.0000,0.0000,0.6667,0.1429
4b10a445-81af-4f17-ad2e-1a0f932965fd,6a574a63-684b-4e8e-86d8-56c4ef182e83,0.0000,13.9606,1.0000,0.0000,0.0000,0.6667,0.1905
4b10a445-81af-4f17-ad2e-1a0f932965fd,5fc2040b-5445-448e-bdf1-c32854189d53,0.0000,18.2537,1.0000,0.0000,0.0000,0.6667,0.1905
4b10a445-81af-4f17-ad2e-1a0f932965fd,2d8a413c-9727-4a6a-8fc0-42bb4d8573d2,0.0000,9.6383,1.0000,0.0000,0.0000,0.6667,0.2381
4b10a445-81af-4f17-ad2e-1a0f932965fd,61f121ba-cb60-465c-a2f5-9f2f14974ee8,2.0000,5.8210,0.5000,2.0000,2.0000,0.6667,0.1429
4b10a445-81af-4f17-ad2e-1a0f932965fd,905bd711-6c1a-4bb8-9c8d-808f8a4b9705,0.0000,15.7312,1.0000,0.0000,0.0000,0.6667,0.0455
4b10a445-81af-4f17-ad2e-1a0f932965fd,925fcff5-826c-4439-8315-4d6434f6f7db,0.0000,2.9227,1.0000,0.0000,0.0000,0.0000,0.1429
4b10a445-81af-4f17-ad2e-1a0f932965fd,fafe7552-d597-4e47-b1bb-0abd8cdcfe25,0.0000,13.4089,1.0000,0.0000,0.0000,0.6667,0.2381
4b10a445-81af-4f17-ad2e-1a0f932965fd,2be2d465-90ce-4beb-b5dc-6c92bdf23287,0.0000,19.5058,1.0000,0.0000,0.0000,0.6667,0.0476
4b10a445-81af-4f17-ad2e-1a0f932965fd,62694c2b-296e-4ea6-b29f-d6fce70f4ee0,0.0000,1.7557,1.0000,0.0000,0.0000,0.0000,0.1429
4b10a445-81af-4f17-ad2e-1a0f932965fd,4a9b7b3e-39f8-4542-b6a3-2cdddbc64b84,0.0000,2.9638,1.0000,0.0000,0.0000,0.0000,0.3333
4b10a445-81af-4f17-ad2e-1a0f932965fd,f2f08e2f-79b8-4a56-92e9-cfc0e2b94f70,2.0000,12.8225,0.5000,2.0000,2.0000,0.0000,0.1250
4b10a445-81af-4f17-ad2e-1a0f932965fd,5a3d63bf-344c-4e6e-bc93-50b3b9150d26,0.0000,17.1857,1.0000,0.0000,0.0000,0.6667,0.1905
4b10a445-81af-4f17-ad2e-1a0f932965fd,5c6cea65-33e0-4403-ac24-1f3e986820f5,2.0000,13.2564,0.5000,2.0000,2.0000,0.0000,0.0476
4b10a445-81af-4f17-ad2e-1a0f932965fd,ce289378-48db-4c5b-817b-85a3f7170b6d,2.0000,13.4408,0.5000,2.0000,2.0000,0.6667,0.1923
4b10a445-81af-4f17-ad2e-1a0f932965fd,8e122a6e-999f-4977-b4e1-21eb03cae87d,2.0000,9.7291,0.5000,2.0000,2.0000,0.0000,0.0870
4b10a445-81af-4f17-ad2e-1a0f932965fd,6a94bf0c-f443-448e-ba57-f3aa2805cb05,0.0000,13.4757,1.0000,0.0000,0.0000,0.6667,0.0952
4b10a445-81af-4f17-ad2e-1a0f932965fd,cfb5d567-1d11-4a1e-9030-f9ea119d29ab,0.0000,16.3030,1.0000,0.0000,0.0000,0.6667,0.2857
4b10a445-81af-4f17-ad2e-1a0f932965fd,bd111f97-40ec-48c2-9537-3f4585fd3c61,0.0000,13.0426,1.0000,0.0000,0.0000,0.6667,0.2857
4b10a445-81af-4f17-ad2e-1a0f932965fd,56043fae-9517-4a04-b8ca-05c203f26132,0.0000,13.7858,1.0000,0.0000,0.0000,0.6667,0.3810
4b10a445-81af-4f17-ad2e-1a0f932965fd,cf50eb11-df20-4705-8b1b-2d77ce2403ef,0.0000,11.4852,1.0000,0.0000,0.0000,0.0000,0.1905
4b10a445-81af-4f17-ad2e-1a0f932965fd,5de87467-8cbd-4a2d-90a3-7e283de285fa,0.0000,16.2068,1.0000,0.0000,0.0000,0.6667,0.1429
4b10a445-81af-4f17-ad2e-1a0f932965fd,dcf216e8-416d-44ea-80bf-2587651dfd37,0.0000,16.4300,1.0000,0.0000,0.0000,0.6667,0.1429
4b10a445-81af-4f17-ad2e-1a0f932965fd,e163b85d-9f81-4c13-8c8c-521c33484e74,2.0000,10.2144,0.5000,2.0000,2.0000,0.0000,0.1600
4b10a445-81af-4f17-ad2e-1a0f932965fd,0f5bc599-7a61-4792-8bf7-b9f78eec50fc,2.0000,6.5346,0.5000,2.0000,2.0000,0.6667,0.0870
4b10a445-81af-4f17-ad2e-1a0f932965fd,e5a14bb0-fea4-41eb-9bdd-aed3acec68b7,0.0000,9.6785,1.0000,0.0000,0.0000,0.0000,0.2381
4b10a445-81af-4f17-ad2e-1a0f932965fd,d5cb26d7-030e-4b27-a7fc-8913c4a80794,2.0000,10.9132,0.5000,2.0000,2.0000,0.0000,0.0870
4b10a445-81af-4f17-ad2e-1a0f932965fd,0f63c729-6dbc-48c2-9f43-89c37de9818f,0.0000,12.6748,1.0000,0.0000,0.0000,0.6667,0.1905
4b10a445-81af-4f17-ad2e-1a0f932965fd,d73b320a-790d-4a0e-b13f-02a09cbaf3bf,0.0000,13.3504,1.0000,0.0000,0.0000,0.6667,0.0952
4b10a445-81af-4f17-ad2e-1a0f932965fd,6f8acc59-cbf2-4b96-be3f-d5173828b422,0.0000,9.0949,1.0000,0.0000,0.0000,0.0000,0.0476
4b10a445-81af-4f17-ad2e-1a0f932965fd,a9bef44c-9e90-409b-9b07-93db1d3be774,2.0000,12.3072,0.5000,2.0000,2.0000,0.0000,0.1600
4b10a445-81af-4f17-ad2e-1a0f932965fd,62d0e0ab-0ed6-401f-b329-a12d20a79fb8,0.0000,12.9505,1.0000,0.0000,0.0000,0.6667,0.0952
4b10a445-81af-4f17-ad2e-1a0f932965fd,c8403da2-d968-494c-bbbe-bc7855b370ab,0.0000,8.1565,1.0000,0.0000,0.0000,0.0000,0.2857
4b10a445-81af-4f17-ad2e-1a0f932965fd,49e59cdd-4809-43f6-b618-1d0396a89857,2.0000,13.1476,0.5000,2.0000,2.0000,0.0000,0.1923
4b10a445-81af-4f17-ad2e-1a0f932965fd,ccfc5874-fe2c-4d37-ab22-2f8deae33eae,2.0000,11.7347,0.5000,2.0000,2.0000,0.6667,0.0870
4b10a445-81af-4f17-ad2e-1a0f932965fd,2b35aae8-7d5a-4e25-bd0b-8ae554405fa5,0.0000,8.2014,1.0000,0.0000,0.0000,0.0000,0.2857
4b10a445-81af-4f17-ad2e-1a0f932965fd,642ee07e-29b6-45a7-9826-aa2f8e6f6fda,2.0000,7.7211,0.5000,2.0000,2.0000,0.0000,0.1600
4b10a445-81af-4f17-ad2e-1a0f932965fd,18f05cad-c4a5-45a2-afda-2c6693684b81,0.0000,13.4442,1.0000,0.0000,0.0000,0.6667,0.2381
4b10a445-81af-4f17-ad2e-1a0f932965fd,6db16bc6-1a3a-47dc-9b2e-e489ff3a30d3,2.0000,12.1726,0.5000,2.0000,2.0000,0.6667,0.0870
4b10a445-81af-4f17-ad2e-1a0f932965fd,cf2e50ca-eb53-4a77-97c9-065f239b9c28,0.0000,14.9922,1.0000,0.0000,0.0000,0.6667,0.2857
4b10a445-81af-4f17-ad2e-1a0f932965fd,2003d6e5-1b34-47a0-80b4-f960cc4d1c06,0.0000,4.2073,1.0000,0.0000,0.0000,0.0000,0.0952
4b10a445-81af-4f17-ad2e-1a0f932965fd,692df9b4-47d2-48c1-8732-aa2dbd856038,0.0000,10.6635,1.0000,0.0000,0.0000,0.6667,0.0476
4b10a445-81af-4f17-ad2e-1a0f932965fd,853d8cdf-bbba-40fe-bc3c-9dbf4a72e3ba,0.0000,7.0897,1.0000,0.0000,0.0000,0.0000,0.0952
4b10a445-81af-4f17-ad2e-1a0f932965fd,2517b72c-41df-4f4a-a74f-4e6a4d8fb9a6,0.0000,7.4333,1.0000,0.0000,0.0000,0.0000,0.0870
4b10a445-81af-4f17-ad2e-1a0f932965fd,f761d41a-5220-42bf-872b-6a75cea6e24b,0.0000,13.1428,1.0000,0.0000,0.0000,0.6667,0.2381
4b10a445-81af-4f17-ad2e-1a0f932965fd,e8b9141c-9944-4c1d-beb1-2a3921ab8e1a,2.0000,8.1348,0.5000,2.0000,2.0000,0.0000,0.2222
4b10a445-81af-4f17-ad2e-1a0f932965fd,ff4975cc-52b8-41ed-8a6f-c69487eab5e8,0.0000,0.4373,1.0000,0.0000,0.0000,0.0000,0.1905
4b10a445-81af-4f17-ad2e-1a0f932965fd,22594200-2b3a-466f-9a4c-fc62849a043c,0.0000,7.2192,1.0000,0.0000,0.0000,0.0000,0.0476
4b10a445-81af-4f17-ad2e-1a0f932965fd,76a03818-1adc-4462-a8d3-fd5cc8cde7c3,2.0000,8.4355,0.5000,2.0000,2.0000,0.6667,0.0952
4b10a445-81af-4f17-ad2e-1a0f932965fd,14cbf3ff-91dd-4d34-92fe-f218d90b36a1,0.0000,13.2689,1.0000,0.0000,0.0000,0.6667,0.1905
485936b6-0693-4a48-a864-2b22322f7c9f,43afe059-c7c4-4513-aab4-6afabca7475b,2.0000,7.5284,0.5000,2.0000,2.0000,0.0000,0.1905
485936b6-0693-4a48-a864-2b22322f7c9f,bfb966ca-9aa8-44f2-906d-724e769524d3,0.0000,12.5202,1.0000,0.0000,0.0000,0.6667,0.0588
485936b6-0693-4a48-a864-2b22322f7c9f,d40f8394-48af-4671-bba3-98945db56831,0.0000,8.1623,1.0000,0.0000,0.0000,0.6667,0.0000
485936b6-0693-4a48-a864-2b22322f7c9f,a3ff8cae-6e7a-4075-8592-80b8edb3b798,0.0000,11.8399,1.0000,0.0000,0.0000,0.6667,0.0588
485936b6-0693-4a48-a864-2b22322f7c9f,90f5d1da-730b-4ec4-816f-47022d672a31,0.0000,9.1218,1.0000,0.0000,0.0000,0.0000,0.0556
485936b6-0693-4a48-a864-2b22322f7c9f,46624bde-5aa1-497e-8cf3-3615e70bc3fa,0.0000,6.0397,1.0000,0.0000,0.0000,0.0000,0.0556
485936b6-0693-4a48-a864-2b22322f7c9f,3483eab6-2e3b-4326-b369-daa88b145f21,0.0000,11.6063,1.0000,0.0000,0.0000,0.6667,0.2353
485936b6-0693-4a48-a864-2b22322f7c9f,61eebde7-4d44-4dd7-a41c-6373faa852aa,0.0000,9.2442,1.0000,0.0000,0.0000,0.6667,0.0556
485936b6-0693-4a48-a864-2b22322f7c9f,997f6bd9-71cb-4181-9303-399913c68290,2.0000,8.0133,0.5000,2.0000,2.0000,0.6667,0.0556
485936b6-0693-4a48-a864-2b22322f7c9f,4225df02-934f-4779-beef-3f883013d6d5,0.0000,14.0745,1.0000,0.0000,0.0000,0.6667,0.2273
485936b6-0693-4a48-a864-2b22322f7c9f,7027df40-ab9c-4d2e-8129-75fd9ca3a371,2.0000,10.0266,0.5000,2.0000,2.0000,0.6667,0.2917
485936b6-0693-4a48-a864-2b22322f7c9f,c81223c8-1271-4efe-9fee-7ad2daceec55,0.0000,3.4293,1.0000,0.0000,0.0000,0.0000,0.0556
485936b6-0693-4a48-a864-2b22322f7c9f,3f55c60e-0aa5-4089-94f4-a7e685e1b692,2.0000,11.3631,0.5000,2.0000,2.0000,0.6667,0.2917
485936b6-0693-4a48-a864-2b22322f7c9f,e25c21b8-6a65-4804-b483-494865ea5fe4,0.0000,2.9858,1.0000,0.0000,0.0000,0.0000,0.0556
485936b6-0693-4a48-a864-2b22322f7c9f,8c1ea269-2643-4e1f-9c37-0b796361a792,0.0000,13.9722,1.0000,0.0000,0.0000,0.6667,0.1765
485936b6-0693-4a48-a864-2b22322f7c9f,ceec740e-dd0f-4050-aaad-3bb7576df8ed,0.0000,11.9477,1.0000,0.0000,0.0000,0.6667,0.0556
485936b6-0693-4a48-a864-2b22322f7c9f,a3f69495-a21b-448b-82c9-57efa81700cd,2.0000,10.0550,0.5000,2.0000,2.0000,0.6667,0.3929
485936b6-0693-4a48-a864-2b22322f7c9f,c8f7e77f-612a-4780-9a35-fa8644e8ae5a,2.0000,8.6893,0.5000,2.0000,2.0000,0.6667,0.1500
485936b6-0693-4a48-a864-2b22322f7c9f,e86e18ef-a902-4527-9be4-59d24519eed6,0.0000,15.3106,1.0000,0.0000,0.0000,0.6667,0.0000
485936b6-0693-4a48-a864-2b22322f7c9f,0c0f2152-377c-422f-8052-b0dc0153ae0a,0.0000,3.7928,1.0000,0.0000,0.0000,0.0000,0.0000
485936b6-0693-4a48-a864-2b22322f7c9f,f0fe03d1-14fe-4cd5-9497-d0c224b284cd,0.0000,8.1023,1.0000,0.0000,0.0000,0.6667,0.1176
485936b6-0693-4a48-a864-2b22322f7c9f,46b81f92-9499-424e-aa38-0af32369c9ab,2.0000,10.3240,0.5000,2.0000,2.0000,0.6667,0.2609
485936b6-0693-4a48-a864-2b22322f7c9f,74e1172e-bf77-4868-a39e-fd314e3df33b,0.0000,12.9030,1.0000,0.0000,0.0000,0.6667,0.0000
485936b6-0693-4a48-a864-2b22322f7c9f,b07b7f86-1bbf-4c6a-b8f2-d3a602704355,0.0000,13.6466,1.0000,0.0000,0.0000,0.6667,0.1500
485936b6-0693-4a48-a864-2b22322f7c9f,4da9a570-5edf-44bd-b262-3de1664706ea,0.0000,14.9938,1.0000,0.0000,0.0000,0.6667,0.1905
485936b6-0693-4a48-a864-2b22322f7c9f,7105fb47-b5e3-46e7-9197-d83c0f4526aa,0.0000,9.0437,1.0000,0.0000,0.0000,0.6667,0.0556
485936b6-0693-4a48-a864-2b22322f7c9f,cc43ad38-fb37-4584-b672-7e13df12000d,0.0000,0.4413,1.0000,0.0000,0.0000,0.0000,0.0588
485936b6-0693-4a48-a864-2b22322f7c9f,6f14499e-d0d7-4bef-a1f0-86d3cc46e4dc,0.0000,9.0882,1.0000,0.0000,0.0000,0.0000,0.1500
485936b6-0693-4a48-a864-2b22322f7c9f,0997d41c-6d90-4c74-9ca2-a03e0dfe6499,0.0000,9.1746,1.0000,0.0000,0.0000,0.6667,0.0556
485936b6-0693-4a48-a864-2b22322f7c9f,2e68bde0-2ec3-4d13-9c70-4a6edcc253f8,0.0000,11.1530,1.0000,0.0000,0.0000,0.0000,0.0556
485936b6-0693-4a48-a864-2b22322f7c9f,22c05025-cd65-4fd6-b42b-e1e1318adfe3,2.0000,9.1814,0.5000,2.0000,2.0000,0.0000,0.0000
485936b6-0693-4a48-a864-2b22322f7c9f,52690bf0-6649-4e43-81a1-f4d14d84c9bb,2.0000,10.5535,0.5000,2.0000,2.0000,0.0000,0.3462
485936b6-0693-4a48-a864-2b22322f7c9f,aa0e625f-0115-4592-a2d1-f12ab8f8fd07,0.0000,11.7458,1.0000,0.0000,0.0000,0.6667,0.1053
485936b6-0693-4a48-a864-2b22322f7c9f,a34b9a88-6139-4498-8cb4-7dc14826736b,0.0000,6.4942,1.0000,0.0000,0.0000,0.6667,0.1765
485936b6-0693-4a48-a864-2b22322f7c9f,fc38c551-9fce-4cb9-989c-e14a15ec343d,0.0000,15.7107,1.0000,0.0000,0.0000,0.6667,0.1500
485936b6-0693-4a48-a864-2b22322f7c9f,282804f0-eeaf-4337-b99e-edc8c825f36e,0.0000,8.2737,1.0000,0.0000,0.0000,0.0000,0.0588
485936b6-0693-4a48-a864-2b22322f7c9f,adc5de5d-5f7a-4315-ae7c-01194bb38567,0.0000,11.4021,1.0000,0.0000,0.0000,0.0000,0.0588
485936b6-0693-4a48-a864-2b22322f7c9f,1977a7f8-0fe7-41af-a87a-76cfb1713877,2.0000,12.2048,0.5000,2.0000,2.0000,0.6667,0.2917
485936b6-0693-4a48-a864-2b22322f7c9f,8a1e5a0f-87f3-4a3c-8afc-6d403b90401e,0.0000,10.4669,1.0000,0.0000,0.0000,0.6667,0.0588
485936b6-0693-4a48-a864-2b22322f7c9f,059ef947-4a12-4833-add6-17c6f7c41a05,0.0000,8.3907,1.0000,0.0000,0.0000,0.0000,0.0556
485936b6-0693-4a48-a864-2b22322f7c9f,fa8a729c-880c-4ec4-b231-decd82e1496a,2.0000,11.0127,0.5000,2.0000,2.0000,0.0000,0.1500
485936b6-0693-4a48-a864-2b22322f7c9f,1f060904-d763-45c4-adb3-0bcccf916f16,2.0000,12.0310,0.5000,2.0000,2.0000,0.0000,0.1500
485936b6-0693-4a48-a864-2b22322f7c9f,3525aec3-2b10-4958-977b-1d0db69061e1,2.0000,9.3055,0.5000,2.0000,2.0000,0.6667,0.2273
485936b6-0693-4a48-a864-2b22322f7c9f,4dc55917-1ad9-4f41-a4a5-efa709d235d9,2.0000,4.0461,0.5000,2.0000,2.0000,0.6667,0.1500
485936b6-0693-4a48-a864-2b22322f7c9f,b20b4a65-b7c6-4cea-b79f-6a6db36ffdb1,0.0000,10.9441,1.0000,0.0000,0.0000,0.0000,0.0588
485936b6-0693-4a48-a864-2b22322f7c9f,dfc01f3d-0bd7-4b56-aaac-87f7635b8f94,0.0000,4.6800,1.0000,0.0000,0.0000,0.0000,0.1176
485936b6-0693-4a48-a864-2b22322f7c9f,2a693e8a-5f1a-4c10-9dbe-32a95fdb6c21,0.0000,14.7688,1.0000,0.0000,0.0000,0.6667,0.0556
485936b6-0693-4a48-a864-2b22322f7c9f,afa62b93-9459-4a3d-b943-44e88f2ba832,0.0000,15.7806,1.0000,0.0000,0.0000,0.6667,0.0556
485936b6-0693-4a48-a864-2b22322f7c9f,6a574a63-684b-4e8e-86d8-56c4ef182e83,0.0000,8.7237,1.0000,0.0000,0.0000,0.6667,0.0000
485936b6-0693-4a48-a864-2b22322f7c9f,5fc2040b-5445-448e-bdf1-c32854189d53,0.0000,13.4374,1.0000,0.0000,0.0000,0.6667,0.0000
485936b6-0693-4a48-a864-2b22322f7c9f,2d8a413c-9727-4a6a-8fc0-42bb4d8573d2,0.0000,11.2742,1.0000,0.0000,0.0000,0.6667,0.0588
485936b6-0693-4a48-a864-2b22322f7c9f,61f121ba-cb60-465c-a2f5-9f2f14974ee8,2.0000,6.1893,0.5000,2.0000,2.0000,0.6667,0.0556
485936b6-0693-4a48-a864-2b22322f7c9f,905bd711-6c1a-4bb8-9c8d-808f8a4b9705,0.0000,11.3945,1.0000,0.0000,0.0000,0.6667,0.2273
485936b6-0693-4a48-a864-2b22322f7c9f,925fcff5-826c-4439-8315-4d6434f6f7db,0.0000,9.1826,1.0000,0.0000,0.0000,0.0000,0.0556
485936b6-0693-4a48-a864-2b22322f7c9f,fafe7552-d597-4e47-b1bb-0abd8cdcfe25,0.0000,10.4492,1.0000,0.0000,0.0000,0.6667,0.0588
485936b6-0693-4a48-a864-2b22322f7c9f,2be2d465-90ce-4beb-b5dc-6c92bdf23287,0.0000,15.9260,1.0000,0.0000,0.0000,0.6667,0.1500
485936b6-0693-4a48-a864-2b22322f7c9f,62694c2b-296e-4ea6-b29f-d6fce70f4ee0,0.0000,6.7381,1.0000,0.0000,0.0000,0.0000,0.0556
485936b6-0693-4a48-a864-2b22322f7c9f,4a9b7b3e-39f8-4542-b6a3-2cdddbc64b84,0.0000,4.4811,1.0000,0.0000,0.0000,0.0000,0.1765
485936b6-0693-4a48-a864-2b22322f7c9f,f2f08e2f-79b8-4a56-92e9-cfc0e2b94f70,2.0000,12.8380,0.5000,2.0000,2.0000,0.0000,0.2917
485936b6-0693-4a48-a864-2b22322f7c9f,5a3d63bf-344c-4e6e-bc93-50b3b9150d26,0.0000,14.0202,1.0000,0.0000,0.0000,0.6667,0.0000
485936b6-0693-4a48-a864-2b22322f7c9f,5c6cea65-33e0-4403-ac24-1f3e986820f5,2.0000,8.5668,0.5000,2.0000,2.0000,0.0000,0.1500
485936b6-0693-4a48-a864-2b22322f7c9f,ce289378-48db-4c5b-817b-85a3f7170b6d,2.0000,10.0877,0.5000,2.0000,2.0000,0.6667,0.3462
485936b6-0693-4a48-a864-2b22322f7c9f,8e122a6e-999f-4977-b4e1-21eb03cae87d,2.0000,8.4132,0.5000,2.0000,2.0000,0.0000,0.2609
485936b6-0693-4a48-a864-2b22322f7c9f,6a94bf0c-f443-448e-ba57-f3aa2805cb05,0.0000,8.1301,1.0000,0.0000,0.0000,0.6667,0.1053
485936b6-0693-4a48-a864-2b22322f7c9f,cfb5d567-1d11-4a1e-9030-f9ea119d29ab,0.0000,14.1013,1.0000,0.0000,0.0000,0.6667,0.1176
485936b6-0693-4a48-a864-2b22322f7c9f,bd111f97-40ec-48c2-9537-3f4585fd3c61,0.0000,12.0061,1.0000,0.0000,0.0000,0.6667,0.1176
485936b6-0693-4a48-a864-2b22322f7c9f,56043fae-9517-4a04-b8ca-05c203f26132,0.0000,11.3706,1.0000,0.0000,0.0000,0.6667,0.2353
485936b6-0693-4a48-a864-2b22322f7c9f,cf50eb11-df20-4705-8b1b-2d77ce2403ef,0.0000,12.2608,1.0000,0.0000,0.0000,0.0000,0.0000
485936b6-0693-4a48-a864-2b22322f7c9f,5de87467-8cbd-4a2d-90a3-7e283de285fa,0.0000,14.1945,1.0000,0.0000,0.0000,0.6667,0.0556
485936b6-0693-4a48-a864-2b22322f7c9f,dcf216e8-416d-44ea-80bf-2587651dfd37,0.0000,14.4726,1.0000,0.0000,0.0000,0.6667,0.0556
485936b6-0693-4a48-a864-2b22322f7c9f,e163b85d-9f81-4c13-8c8c-521c33484e74,2.0000,9.7858,0.5000,2.0000,2.0000,0.0000,0.3200
485936b6-0693-4a48-a864-2b22322f7c9f,0f5bc599-7a61-4792-8bf7-b9f78eec50fc,2.0000,7.0018,0.5000,2.0000,2.0000,0.6667,0.2609
485936b6-0693-4a48-a864-2b22322f7c9f,e5a14bb0-fea4-41eb-9bdd-aed3acec68b7,0.0000,12.2474,1.0000,0.0000,0.0000,0.0000,0.0588
485936b6-0693-4a48-a864-2b22322f7c9f,d5cb26d7-030e-4b27-a7fc-8913c4a80794,2.0000,10.3105,0.5000,2.0000,2.0000,0.0000,0.2609
485936b6-0693-4a48-a864-2b22322f7c9f,0f63c729-6dbc-48c2-9f43-89c37de9818f,0.0000,13.8610,1.0000,0.0000,0.0000,0.6667,0.0000
485936b6-0693-4a48-a864-2b22322f7c9f,d73b320a-790d-4a0e-b13f-02a09cbaf3bf,0.0000,7.8702,1.0000,0.0000,0.0000,0.6667,0.1053
485936b6-0693-4a48-a864-2b22322f7c9f,6f8acc59-cbf2-4b96-be3f-d5173828b422,0.0000,5.9992,1.0000,0.0000,0.0000,0.0000,0.1500
485936b6-0693-4a48-a864-2b22322f7c9f,a9bef44c-9e90-409b-9b07-93db1d3be774,2.0000,10.5311,0.5000,2.0000,2.0000,0.0000,0.3200
485936b6-0693-4a48-a864-2b22322f7c9f,62d0e0ab-0ed6-401f-b329-a12d20a79fb8,0.0000,7.1134,1.0000,0.0000,0.0000,0.6667,0.1053
485936b6-0693-4a48-a864-2b22322f7c9f,c8403da2-d968-494c-bbbe-bc7855b370ab,0.0000,5.4456,1.0000,0.0000,0.0000,0.0000,0.1176
485936b6-0693-4a48-a864-2b22322f7c9f,49e59cdd-4809-43f6-b618-1d0396a89857,2.0000,13.2318,0.5000,2.0000,2.0000,0.0000,0.3462
485936b6-0693-4a48-a864-2b22322f7c9f,ccfc5874-fe2c-4d37-ab22-2f8deae33eae,2.0000,11.7776,0.5000,2.0000,2.0000,0.6667,0.2609
485936b6-0693-4a48-a864-2b22322f7c9f,2b35aae8-7d5a-4e25-bd0b-8ae554405fa5,0.0000,2.8459,1.0000,0.0000,0.0000,0.0000,0.1176
485936b6-0693-4a48-a864-2b22322f7c9f,642ee07e-29b6-45a7-9826-aa2f8e6f6fda,2.0000,7.8420,0.5000,2.0000,2.0000,0.0000,0.3200
485936b6-0693-4a48-a864-2b22322f7c9f,18f05cad-c4a5-45a2-afda-2c6693684b81,0.0000,15.2751,1.0000,0.0000,0.0000,0.6667,0.0588
485936b6-0693-4a48-a864-2b22322f7c9f,6db16bc6-1a3a-47dc-9b2e-e489ff3a30d3,2.0000,10.4678,0.5000,2.0000,2.0000,0.6667,0.2609
485936b6-0693-4a48-a864-2b22322f7c9f,cf2e50ca-eb53-4a77-97c9-065f239b9c28,0.0000,14.8792,1.0000,0.0000,0.0000,0.6667,0.1176
485936b6-0693-4a48-a864-2b22322f7c9f,2003d6e5-1b34-47a0-80b4-f960cc4d1c06,0.0000,8.9560,1.0000,0.0000,0.0000,0.0000,0.1053
485936b6-0693-4a48-a864-2b22322f7c9f,692df9b4-47d2-48c1-8732-aa2dbd856038,0.0000,11.9252,1.0000,0.0000,0.0000,0.6667,0.1500
485936b6-0693-4a48-a864-2b22322f7c9f,853d8cdf-bbba-40fe-bc3c-9dbf4a72e3ba,0.0000,8.4147,1.0000,0.0000,0.0000,0.0000,0.1053
485936b6-0693-4a48-a864-2b22322f7c9f,2517b72c-41df-4f4a-a74f-4e6a4d8fb9a6,0.0000,11.6939,1.0000,0.0000,0.0000,0.0000,0.2609
485936b6-0693-4a48-a864-2b22322f7c9f,f761d41a-5220-42bf-872b-6a75cea6e24b,0.0000,14.4379,1.0000,0.0000,0.0000,0.6667,0.0588
485936b6-0693-4a48-a864-2b22322f7c9f,e8b9141c-9944-4c1d-beb1-2a3921ab8e1a,2.0000,5.4448,0.5000,2.0000,2.0000,0.0000,0.3704
485936b6-0693-4a48-a864-2b22322f7c9f,ff4975cc-52b8-41ed-8a6f-c69487eab5e8,0.0000,6.6898,1.0000,0.0000,0.0000,0.0000,0.0000
485936b6-0693-4a48-a864-2b22322f7c9f,22594200-2b3a-466f-9a4c-fc62849a043c,0.0000,9.3615,1.0000,0.0000,0.0000,0.0000,0.1500
485936b6-0693-4a48-a864-2b22322f7c9f,76a03818-1adc-4462-a8d3-fd5cc8cde7c3,2.0000,10.4365,0.5000,2.0000,2.0000,0.6667,0.1053
485936b6-0693-4a48-a864-2b22322f7c9f,14cbf3ff-91dd-4d34-92fe-f218d90b36a1,0.0000,11.6291,1.0000,0.0000,0.0000,0.6667,0.0000
43afe059-c7c4-4513-aab4-6afabca7475b,bfb966ca-9aa8-44f2-906d-724e769524d3,2.0000,11.8467,0.5000,2.0000,2.0000,0.6667,0.2381
43afe059-c7c4-4513-aab4-6afabca7475b,d40f8394-48af-4671-bba3-98945db56831,2.0000,11.8998,0.5000,2.0000,2.0000,0.6667,0.1905
43afe059-c7c4-4513-aab4-6afabca7475b,a3ff8cae-6e7a-4075-8592-80b8edb3b798,2.0000,11.2113,0.5000,2.0000,2.0000,0.6667,0.2381
43afe059-c7c4-4513-aab4-6afabca7475b,90f5d1da-730b-4ec4-816f-47022d672a31,2.0000,8.0185,0.5000,2.0000,2.0000,0.0000,0.1429
43afe059-c7c4-4513-aab4-6afabca7475b,46624bde-5aa1-497e-8cf3-3615e70bc3fa,2.0000,8.2054,0.5000,2.0000,2.0000,0.0000,0.1429
43afe059-c7c4-4513-aab4-6afabca7475b,3483eab6-2e3b-4326-b369-daa88b145f21,2.0000,11.7455,0.5000,2.0000,2.0000,0.6667,0.3810
43afe059-c7c4-4513-aab4-6afabca7475b,61eebde7-4d44-4dd7-a41c-6373faa852aa,2.0000,13.5242,0.5000,2.0000,2.0000,0.6667,0.1429
43afe059-c7c4-4513-aab4-6afabca7475b,997f6bd9-71cb-4181-9303-399913c68290,0.0000,6.8061,1.0000,0.0000,0.0000,0.6667,0.1429
43afe059-c7c4-4513-aab4-6afabca7475b,4225df02-934f-4779-beef-3f883013d6d5,2.0000,13.5962,0.5000,2.0000,2.0000,0.6667,0.0455
43afe059-c7c4-4513-aab4-6afabca7475b,7027df40-ab9c-4d2e-8129-75fd9ca3a371,0.0000,11.1193,1.0000,0.0000,0.0000,0.6667,0.1250
43afe059-c7c4-4513-aab4-6afabca7475b,c81223c8-1271-4efe-9fee-7ad2daceec55,2.0000,5.3016,0.5000,2.0000,2.0000,0.0000,0.1429
43afe059-c7c4-4513-aab4-6afabca7475b,3f55c60e-0aa5-4089-94f4-a7e685e1b692,0.0000,9.4431,1.0000,0.0000,0.0000,0.6667,0.1250
43afe059-c7c4-4513-aab4-6afabca7475b,e25c21b8-6a65-4804-b483-494865ea5fe4,2.0000,6.5168,0.5000,2.0000,2.0000,0.0000,0.1429
43afe059-c7c4-4513-aab4-6afabca7475b,8c1ea269-2643-4e1f-9c37-0b796361a792,2.0000,13.0173,0.5000,2.0000,2.0000,0.6667,0.3333
43afe059-c7c4-4513-aab4-6afabca7475b,ceec740e-dd0f-4050-aaad-3bb7576df8ed,2.0000,10.7861,0.5000,2.0000,2.0000,0.6667,0.1429
43afe059-c7c4-4513-aab4-6afabca7475b,a3f69495-a21b-448b-82c9-57efa81700cd,0.0000,8.8950,1.0000,0.0000,0.0000,0.6667,0.2500
43afe059-c7c4-4513-aab4-6afabca7475b,c8f7e77f-612a-4780-9a35-fa8644e8ae5a,0.0000,4.8227,1.0000,0.0000,0.0000,0.6667,0.0476
43afe059-c7c4-4513-aab4-6afabca7475b,e86e18ef-a902-4527-9be4-59d24519eed6,2.0000,15.5884,0.5000,2.0000,2.0000,0.6667,0.1905
43afe059-c7c4-4513-aab4-6afabca7475b,0c0f2152-377c-422f-8052-b0dc0153ae0a,2.0000,6.3587,0.5000,2.0000,2.0000,0.0000,0.1905
43afe059-c7c4-4513-aab4-6afabca7475b,f0fe03d1-14fe-4cd5-9497-d0c224b284cd,2.0000,11.6031,0.5000,2.0000,2.0000,0.6667,0.2857
43afe059-c7c4-4513-aab4-6afabca7475b,46b81f92-9499-424e-aa38-0af32369c9ab,0.0000,7.7844,1.0000,0.0000,0.0000,0.6667,0.0870
43afe059-c7c4-4513-aab4-6afabca7475b,74e1172e-bf77-4868-a39e-fd314e3df33b,2.0000,12.4025,0.5000,2.0000,2.0000,0.6667,0.1905
43afe059-c7c4-4513-aab4-6afabca7475b,b07b7f86-1bbf-4c6a-b8f2-d3a602704355,2.0000,12.5373,0.5000,2.0000,2.0000,0.6667,0.0476
43afe059-c7c4-4513-aab4-6afabca7475b,4da9a570-5edf-44bd-b262-3de1664706ea,2.0000,14.8863,0.5000,2.0000,2.0000,0.6667,0.0000
43afe059-c7c4-4513-aab4-6afabca7475b,7105fb47-b5e3-46e7-9197-d83c0f4526aa,2.0000,9.9975,0.5000,2.0000,2.0000,0.6667,0.1429
43afe059-c7c4-4513-aab4-6afabca7475b,cc43ad38-fb37-4584-b672-7e13df12000d,2.0000,7.6611,0.5000,2.0000,2.0000,0.0000,0.2381
43afe059-c7c4-4513-aab4-6afabca7475b,6f14499e-d0d7-4bef-a1f0-86d3cc46e4dc,2.0000,7.3456,0.5000,2.0000,2.0000,0.0000,0.0476
43afe059-c7c4-4513-aab4-6afabca7475b,0997d41c-6d90-4c74-9ca2-a03e0dfe6499,2.0000,10.3408,0.5000,2.0000,2.0000,0.6667,0.1429
43afe059-c7c4-4513-aab4-6afabca7475b,2e68bde0-2ec3-4d13-9c70-4a6edcc253f8,2.0000,9.3764,0.5000,2.0000,2.0000,0.0000,0.1429
43afe059-c7c4-4513-aab4-6afabca7475b,22c05025-cd65-4fd6-b42b-e1e1318adfe3,0.0000,8.5057,1.0000,0.0000,0.0000,0.0000,0.1905
43afe059-c7c4-4513-aab4-6afabca7475b,52690bf0-6649-4e43-81a1-f4d14d84c9bb,0.0000,10.5602,1.0000,0.0000,0.0000,0.0000,0.1923
43afe059-c7c4-4513-aab4-6afabca7475b,aa0e625f-0115-4592-a2d1-f12ab8f8fd07,2.0000,10.1672,0.5000,2.0000,2.0000,0.6667,0.0952
43afe059-c7c4-4513-aab4-6afabca7475b,a34b9a88-6139-4498-8cb4-7dc14826736b,2.0000,9.8128,0.5000,2.0000,2.0000,0.6667,0.3333
43afe059-c7c4-4513-aab4-6afabca7475b,fc38c551-9fce-4cb9-989c-e14a15ec343d,2.0000,13.4264,0.5000,2.0000,2.0000,0.6667,0.0476
43afe059-c7c4-4513-aab4-6afabca7475b,282804f0-eeaf-4337-b99e-edc8c825f36e,2.0000,7.2407,0.5000,2.0000,2.0000,0.0000,0.2381
43afe059-c7c4-4513-aab4-6afabca7475b,adc5de5d-5f7a-4315-ae7c-01194bb38567,2.0000,9.1977,0.5000,2.0000,2.0000,0.0000,0.2381
43afe059-c7c4-4513-aab4-6afabca7475b,1977a7f8-0fe7-41af-a87a-76cfb1713877,0.0000,11.0481,1.0000,0.0000,0.0000,0.6667,0.1250
43afe059-c7c4-4513-aab4-6afabca7475b,8a1e5a0f-87f3-4a3c-8afc-6d403b90401e,2.0000,10.4882,0.5000,2.0000,2.0000,0.6667,0.2381
43afe059-c7c4-4513-aab4-6afabca7475b,059ef947-4a12-4833-add6-17c6f7c41a05,2.0000,9.9250,0.5000,2.0000,2.0000,0.0000,0.1429
43afe059-c7c4-4513-aab4-6afabca7475b,fa8a729c-880c-4ec4-b231-decd82e1496a,0.0000,12.0772,1.0000,0.0000,0.0000,0.0000,0.0476
43afe059-c7c4-4513-aab4-6afabca7475b,1f060904-d763-45c4-adb3-0bcccf916f16,0.0000,11.2672,1.0000,0.0000,0.0000,0.0000,0.0476
43afe059-c7c4-4513-aab4-6afabca7475b,3525aec3-2b10-4958-977b-1d0db69061e1,0.0000,9.1610,1.0000,0.0000,0.0000,0.6667,0.0455
43afe059-c7c4-4513-aab4-6afabca7475b,4dc55917-1ad9-4f41-a4a5-efa709d235d9,0.0000,7.5236,1.0000,0.0000,0.0000,0.6667,0.0476
43afe059-c7c4-4513-aab4-6afabca7475b,b20b4a65-b7c6-4cea-b79f-6a6db36ffdb1,2.0000,11.1192,0.5000,2.0000,2.0000,0.0000,0.2381
43afe059-c7c4-4513-aab4-6afabca7475b,dfc01f3d-0bd7-4b56-aaac-87f7635b8f94,2.0000,8.4546,0.5000,2.0000,2.0000,0.0000,0.2857
43afe059-c7c4-4513-aab4-6afabca7475b,2a693e8a-5f1a-4c10-9dbe-32a95fdb6c21,2.0000,9.5838,0.5000,2.0000,2.0000,0.6667,0.1429
43afe059-c7c4-4513-aab4-6afabca7475b,afa62b93-9459-4a3d-b943-44e88f2ba832,2.0000,15.9364,0.5000,2.0000,2.0000,0.6667,0.1429
43afe059-c7c4-4513-aab4-6afabca7475b,6a574a63-684b-4e8e-86d8-56c4ef182e83,2.0000,10.5205,0.5000,2.0000,2.0000,0.6667,0.1905
43afe059-c7c4-4513-aab4-6afabca7475b,5fc2040b-5445-448e-bdf1-c32854189d53,2.0000,15.1489,0.5000,2.0000,2.0000,0.6667,0.1905
43afe059-c7c4-4513-aab4-6afabca7475b,2d8a413c-9727-4a6a-8fc0-42bb4d8573d2,2.0000,10.2818,0.5000,2.0000,2.0000,0.6667,0.2381
43afe059-c7c4-4513-aab4-6afabca7475b,61f121ba-cb60-465c-a2f5-9f2f14974ee8,0.0000,5.0655,1.0000,0.0000,0.0000,0.6667,0.1429
43afe059-c7c4-4513-aab4-6afabca7475b,905bd711-6c1a-4bb8-9c8d-808f8a4b9705,2.0000,12.5303,0.5000,2.0000,2.0000,0.6667,0.0455
43afe059-c7c4-4513-aab4-6afabca7475b,925fcff5-826c-4439-8315-4d6434f6f7db,2.0000,4.1999,0.5000,2.0000,2.0000,0.0000,0.1429
43afe059-c7c4-4513-aab4-6afabca7475b,fafe7552-d597-4e47-b1bb-0abd8cdcfe25,2.0000,10.3393,0.5000,2.0000,2.0000,0.6667,0.2381
43afe059-c7c4-4513-aab4-6afabca7475b,2be2d465-90ce-4beb-b5dc-6c92bdf23287,2.0000,16.1023,0.5000,2.0000,2.0000,0.6667,0.0476
43afe059-c7c4-4513-aab4-6afabca7475b,62694c2b-296e-4ea6-b29f-d6fce70f4ee0,2.0000,6.1304,0.5000,2.0000,2.0000,0.0000,0.1429
43afe059-c7c4-4513-aab4-6afabca7475b,4a9b7b3e-39f8-4542-b6a3-2cdddbc64b84,2.0000,7.8529,0.5000,2.0000,2.0000,0.0000,0.3333
43afe059-c7c4-4513-aab4-6afabca7475b,f2f08e2f-79b8-4a56-92e9-cfc0e2b94f70,0.0000,9.7079,1.0000,0.0000,0.0000,0.0000,0.1250
43afe059-c7c4-4513-aab4-6afabca7475b,5a3d63bf-344c-4e6e-bc93-50b3b9150d26,2.0000,13.1249,0.5000,2.0000,2.0000,0.6667,0.1905
43afe059-c7c4-4513-aab4-6afabca7475b,5c6cea65-33e0-4403-ac24-1f3e986820f5,0.0000,10.3629,1.0000,0.0000,0.0000,0.0000,0.0476
43afe059-c7c4-4513-aab4-6afabca7475b,ce289378-48db-4c5b-817b-85a3f7170b6d,0.0000,9.8203,1.0000,0.0000,0.0000,0.6667,0.1923
43afe059-c7c4-4513-aab4-6afabca7475b,8e122a6e-999f-4977-b4e1-21eb03cae87d,0.0000,9.9231,1.0000,0.0000,0.0000,0.0000,0.0870
43afe059-c7c4-4513-aab4-6afabca7475b,6a94bf0c-f443-448e-ba57-f3aa2805cb05,2.0000,10.0417,0.5000,2.0000,2.0000,0.6667,0.0952
43afe059-c7c4-4513-aab4-6afabca7475b,cfb5d567-1d11-4a1e-9030-f9ea119d29ab,2.0000,13.1178,0.5000,2.0000,2.0000,0.6667,0.2857
43afe059-c7c4-4513-aab4-6afabca7475b,bd111f97-40ec-48c2-9537-3f4585fd3c61,2.0000,13.3101,0.5000,2.0000,2.0000,0.6667,0.2857
43afe059-c7c4-4513-aab4-6afabca7475b,56043fae-9517-4a04-b8ca-05c203f26132,2.0000,14.0279,0.5000,2.0000,2.0000,0.6667,0.3810
43afe059-c7c4-4513-aab4-6afabca7475b,cf50eb11-df20-4705-8b1b-2d77ce2403ef,2.0000,10.5100,0.5000,2.0000,2.0000,0.0000,0.1905
43afe059-c7c4-4513-aab4-6afabca7475b,5de87467-8cbd-4a2d-90a3-7e283de285fa,2.0000,13.5160,0.5000,2.0000,2.0000,0.6667,0.1429
43afe059-c7c4-4513-aab4-6afabca7475b,dcf216e8-416d-44ea-80bf-2587651dfd37,2.0000,13.4301,0.5000,2.0000,2.0000,0.6667,0.1429
43afe059-c7c4-4513-aab4-6afabca7475b,e163b85d-9f81-4c13-8c8c-521c33484e74,0.0000,7.6081,1.0000,0.0000,0.0000,0.0000,0.1600
43afe059-c7c4-4513-aab4-6afabca7475b,0f5bc599-7a61-4792-8bf7-b9f78eec50fc,0.0000,5.3289,1.0000,0.0000,0.0000,0.6667,0.0870
43afe059-c7c4-4513-aab4-6afabca7475b,e5a14bb0-fea4-41eb-9bdd-aed3acec68b7,2.0000,9.6985,0.5000,2.0000,2.0000,0.0000,0.2381
43afe059-c7c4-4513-aab4-6afabca7475b,d5cb26d7-030e-4b27-a7fc-8913c4a80794,0.0000,10.9358,1.0000,0.0000,0.0000,0.0000,0.0870
43afe059-c7c4-4513-aab4-6afabca7475b,0f63c729-6dbc-48c2-9f43-89c37de9818f,2.0000,10.1368,0.5000,2.0000,2.0000,0.6667,0.1905
43afe059-c7c4-4513-aab4-6afabca7475b,d73b320a-790d-4a0e-b13f-02a09cbaf3bf,2.0000,9.9624,0.5000,2.0000,2.0000,0.6667,0.0952
43afe059-c7c4-4513-aab4-6afabca7475b,6f8acc59-cbf2-4b96-be3f-d5173828b422,2.0000,8.3389,0.5000,2.0000,2.0000,0.0000,0.0476
43afe059-c7c4-4513-aab4-6afabca7475b,a9bef44c-9e90-409b-9b07-93db1d3be774,0.0000,8.1482,1.0000,0.0000,0.0000,0.0000,0.1600
43afe059-c7c4-4513-aab4-6afabca7475b,62d0e0ab-0ed6-401f-b329-a12d20a79fb8,2.0000,9.6618,0.5000,2.0000,2.0000,0.6667,0.0952
43afe059-c7c4-4513-aab4-6afabca7475b,c8403da2-d968-494c-bbbe-bc7855b370ab,2.0000,4.5734,0.5000,2.0000,2.0000,0.0000,0.2857
43afe059-c7c4-4513-aab4-6afabca7475b,49e59cdd-4809-43f6-b618-1d0396a89857,0.0000,9.8370,1.0000,0.0000,0.0000,0.0000,0.1923
43afe059-c7c4-4513-aab4-6afabca7475b,ccfc5874-fe2c-4d37-ab22-2f8deae33eae,0.0000,8.4767,1.0000,0.0000,0.0000,0.6667,0.0870
43afe059-c7c4-4513-aab4-6afabca7475b,2b35aae8-7d5a-4e25-bd0b-8ae554405fa5,2.0000,6.0181,0.5000,2.0000,2.0000,0.0000,0.2857
43afe059-c7c4-4513-aab4-6afabca7475b,642ee07e-29b6-45a7-9826-aa2f8e6f6fda,0.0000,5.7892,1.0000,0.0000,0.0000,0.0000,0.1600
43afe059-c7c4-4513-aab4-6afabca7475b,18f05cad-c4a5-45a2-afda-2c6693684b81,2.0000,13.0323,0.5000,2.0000,2.0000,0.6667,0.2381
43afe059-c7c4-4513-aab4-6afabca7475b,6db16bc6-1a3a-47dc-9b2e-e489ff3a30d3,0.0000,11.4248,1.0000,0.0000,0.0000,0.6667,0.0870
43afe059-c7c4-4513-aab4-6afabca7475b,cf2e50ca-eb53-4a77-97c9-065f239b9c28,2.0000,14.9134,0.5000,2.0000,2.0000,0.6667,0.2857
43afe059-c7c4-4513-aab4-6afabca7475b,2003d6e5-1b34-47a0-80b4-f960cc4d1c06,2.0000,6.7316,0.5000,2.0000,2.0000,0.0000,0.0952
43afe059-c7c4-4513-aab4-6afabca7475b,692df9b4-47d2-48c1-8732-aa2dbd856038,2.0000,11.2449,0.5000,2.0000,2.0000,0.6667,0.0476
43afe059-c7c4-4513-aab4-6afabca7475b,853d8cdf-bbba-40fe-bc3c-9dbf4a72e3ba,2.0000,9.3199,0.5000,2.0000,2.0000,0.0000,0.0952
43afe059-c7c4-4513-aab4-6afabca7475b,2517b72c-41df-4f4a-a74f-4e6a4d8fb9a6,2.0000,6.6791,0.5000,2.0000,2.0000,0.0000,0.0870
43afe059-c7c4-4513-aab4-6afabca7475b,f761d41a-5220-42bf-872b-6a75cea6e24b,2.0000,10.5840,0.5000,2.0000,2.0000,0.6667,0.2381
43afe059-c7c4-4513-aab4-6afabca7475b,e8b9141c-9944-4c1d-beb1-2a3921ab8e1a,0.0000,8.3303,1.0000,0.0000,0.0000,0.0000,0.2222
43afe059-c7c4-4513-aab4-6afabca7475b,ff4975cc-52b8-41ed-8a6f-c69487eab5e8,2.0000,5.2700,0.5000,2.0000,2.0000,0.0000,0.1905
43afe059-c7c4-4513-aab4-6afabca7475b,22594200-2b3a-466f-9a4c-fc62849a043c,2.0000,8.6916,0.5000,2.0000,2.0000,0.0000,0.0476
43afe059-c7c4-4513-aab4-6afabca7475b,76a03818-1adc-4462-a8d3-fd5cc8cde7c3,0.0000,6.1819,1.0000,0.0000,0.0000,0.6667,0.0952
43afe059-c7c4-4513-aab4-6afabca7475b,14cbf3ff-91dd-4d34-92fe-f218d90b36a1,2.0000,9.7939,0.5000,2.0000,2.0000,0.6667,0.1905
bfb966ca-9aa8-44f2-906d-724e769524d3,d40f8394-48af-4671-bba3-98945db56831,0.0000,18.4733,1.0000,0.0000,0.0000,0.6667,0.0588
bfb966ca-9aa8-44f2-906d-724e769524d3,a3ff8cae-6e7a-4075-8592-80b8edb3b798,0.0000,10.2639,1.0000,0.0000,0.0000,0.0000,0.0000
bfb966ca-9aa8-44f2-906d-724e769524d3,90f5d1da-730b-4ec4-816f-47022d672a31,0.0000,13.3467,1.0000,0.0000,0.0000,0.6667,0.1111
bfb966ca-9aa8-44f2-906d-724e769524d3,46624bde-5aa1-497e-8cf3-3615e70bc3fa,0.0000,13.0312,1.0000,0.0000,0.0000,0.6667,0.1111
bfb966ca-9aa8-44f2-906d-724e769524d3,3483eab6-2e3b-4326-b369-daa88b145f21,0.0000,4.5464,1.0000,0.0000,0.0000,0.0000,0.1875
bfb966ca-9aa8-44f2-906d-724e769524d3,61eebde7-4d44-4dd7-a41c-6373faa852aa,0.0000,12.4932,1.0000,0.0000,0.0000,0.0000,0.1111
bfb966ca-9aa8-44f2-906d-724e769524d3,997f6bd9-71cb-4181-9303-399913c68290,2.0000,12.6928,0.5000,2.0000,2.0000,0.6667,0.1111
bfb966ca-9aa8-44f2-906d-724e769524d3,4225df02-934f-4779-beef-3f883013d6d5,0.0000,9.2538,1.0000,0.0000,0.0000,0.0000,0.2727
bfb966ca-9aa8-44f2-906d-724e769524d3,7027df40-ab9c-4d2e-8129-75fd9ca3a371,2.0000,11.4445,0.5000,2.0000,2.0000,0.0000,0.3333
bfb966ca-9aa8-44f2-906d-724e769524d3,c81223c8-1271-4efe-9fee-7ad2daceec55,0.0000,12.4039,1.0000,0.0000,0.0000,0.6667,0.1111
bfb966ca-9aa8-44f2-906d-724e769524d3,3f55c60e-0aa5-4089-94f4-a7e685e1b692,2.0000,7.8472,0.5000,2.0000,2.0000,0.6667,0.3333
bfb966ca-9aa8-44f2-906d-724e769524d3,e25c21b8-6a65-4804-b483-494865ea5fe4,0.0000,15.3256,1.0000,0.0000,0.0000,0.6667,0.1111
bfb966ca-9aa8-44f2-906d-724e769524d3,8c1ea269-2643-4e1f-9c37-0b796361a792,0.0000,10.2788,1.0000,0.0000,0.0000,0.0000,0.1250
bfb966ca-9aa8-44f2-906d-724e769524d3,ceec740e-dd0f-4050-aaad-3bb7576df8ed,0.0000,6.2884,1.0000,0.0000,0.0000,0.0000,0.1111
bfb966ca-9aa8-44f2-906d-724e769524d3,a3f69495-a21b-448b-82c9-57efa81700cd,2.0000,12.0294,0.5000,2.0000,2.0000,0.0000,0.4286
bfb966ca-9aa8-44f2-906d-724e769524d3,c8f7e77f-612a-4780-9a35-fa8644e8ae5a,2.0000,10.4791,0.5000,2.0000,2.0000,0.6667,0.2000
bfb966ca-9aa8-44f2-906d-724e769524d3,e86e18ef-a902-4527-9be4-59d24519eed6,0.0000,14.9481,1.0000,0.0000,0.0000,0.0000,0.0588
bfb966ca-9aa8-44f2-906d-724e769524d3,0c0f2152-377c-422f-8052-b0dc0153ae0a,0.0000,12.9537,1.0000,0.0000,0.0000,0.6667,0.0588
bfb966ca-9aa8-44f2-906d-724e769524d3,f0fe03d1-14fe-4cd5-9497-d0c224b284cd,0.0000,18.8634,1.0000,0.0000,0.0000,0.6667,0.0625
bfb966ca-9aa8-44f2-906d-724e769524d3,46b81f92-9499-424e-aa38-0af32369c9ab,2.0000,13.0381,0.5000,2.0000,2.0000,0.0000,0.3043
bfb966ca-9aa8-44f2-906d-724e769524d3,74e1172e-bf77-4868-a39e-fd314e3df33b,0.0000,0.8730,1.0000,0.0000,0.0000,0.0000,0.0588
bfb966ca-9aa8-44f2-906d-724e769524d3,b07b7f86-1bbf-4c6a-b8f2-d3a602704355,0.0000,6.7710,1.0000,0.0000,0.0000,0.0000,0.2000
bfb966ca-9aa8-44f2-906d-724e769524d3,4da9a570-5edf-44bd-b262-3de1664706ea,0.0000,11.1543,1.0000,0.0000,0.0000,0.0000,0.2381
bfb966ca-9aa8-44f2-906d-724e769524d3,7105fb47-b5e3-46e7-9197-d83c0f4526aa,0.0000,12.1493,1.0000,0.0000,0.0000,0.0000,0.1111
bfb966ca-9aa8-44f2-906d-724e769524d3,cc43ad38-fb37-4584-b672-7e13df12000d,0.0000,12.7930,1.0000,0.0000,0.0000,0.6667,0.0000
bfb966ca-9aa8-44f2-906d-724e769524d3,6f14499e-d0d7-4bef-a1f0-86d3cc46e4dc,0.0000,6.6668,1.0000,0.0000,0.0000,0.6667,0.2000
bfb966ca-9aa8-44f2-906d-724e769524d3,0997d41c-6d90-4c74-9ca2-a03e0dfe6499,0.0000,12.2246,1.0000,0.0000,0.0000,0.0000,0.1111
bfb966ca-9aa8-44f2-906d-724e769524d3,2e68bde0-2ec3-4d13-9c70-4a6edcc253f8,0.0000,9.8462,1.0000,0.0000,0.0000,0.6667,0.1111
bfb966ca-9aa8-44f2-906d-724e769524d3,22c05025-cd65-4fd6-b42b-e1e1318adfe3,2.0000,12.5769,0.5000,2.0000,2.0000,0.6667,0.0588
bfb966ca-9aa8-44f2-906d-724e769524d3,52690bf0-6649-4e43-81a1-f4d14d84c9bb,2.0000,8.6483,0.5000,2.0000,2.0000,0.6667,0.3846
bfb966ca-9aa8-44f2-906d-724e769524d3,aa0e625f-0115-4592-a2d1-f12ab8f8fd07,0.0000,6.8342,1.0000,0.0000,0.0000,0.0000,0.1579
bfb966ca-9aa8-44f2-906d-724e769524d3,a34b9a88-6139-4498-8cb4-7dc14826736b,0.0000,17.4308,1.0000,0.0000,0.0000,0.0000,0.1250
bfb966ca-9aa8-44f2-906d-724e769524d3,fc38c551-9fce-4cb9-989c-e14a15ec343d,0.0000,3.5232,1.0000,0.0000,0.0000,0.0000,0.2000
bfb966ca-9aa8-44f2-906d-724e769524d3,282804f0-eeaf-4337-b99e-edc8c825f36e,0.0000,9.0559,1.0000,0.0000,0.0000,0.6667,0.0000
bfb966ca-9aa8-44f2-906d-724e769524d3,adc5de5d-5f7a-4315-ae7c-01194bb38567,0.0000,7.3808,1.0000,0.0000,0.0000,0.6667,0.0000
bfb966ca-9aa8-44f2-906d-724e769524d3,1977a7f8-0fe7-41af-a87a-76cfb1713877,2.0000,6.1110,0.5000,2.0000,2.0000,0.6667,0.3333
bfb966ca-9aa8-44f2-906d-724e769524d3,8a1e5a0f-87f3-4a3c-8afc-6d403b90401e,0.0000,14.4419,1.0000,0.0000,0.0000,0.6667,0.0000
bfb966ca-9aa8-44f2-906d-724e769524d3,059ef947-4a12-4833-add6-17c6f7c41a05,0.0000,9.3576,1.0000,0.0000,0.0000,0.6667,0.1111
bfb966ca-9aa8-44f2-906d-724e769524d3,fa8a729c-880c-4ec4-b231-decd82e1496a,2.0000,9.4500,0.5000,2.0000,2.0000,0.6667,0.2000
bfb966ca-9aa8-44f2-906d-724e769524d3,1f060904-d763-45c4-adb3-0bcccf916f16,2.0000,9.5457,0.5000,2.0000,2.0000,0.6667,0.2000
bfb966ca-9aa8-44f2-906d-724e769524d3,3525aec3-2b10-4958-977b-1d0db69061e1,2.0000,10.3477,0.5000,2.0000,2.0000,0.0000,0.2727
bfb966ca-9aa8-44f2-906d-724e769524d3,4dc55917-1ad9-4f41-a4a5-efa709d235d9,2.0000,11.3629,0.5000,2.0000,2.0000,0.6667,0.2000
bfb966ca-9aa8-44f2-906d-724e769524d3,b20b4a65-b7c6-4cea-b79f-6a6db36ffdb1,0.0000,8.3413,1.0000,0.0000,0.0000,0.6667,0.0000
bfb966ca-9aa8-44f2-906d-724e769524d3,dfc01f3d-0bd7-4b56-aaac-87f7635b8f94,0.0000,11.7398,1.0000,0.0000,0.0000,0.6667,0.0625
bfb966ca-9aa8-44f2-906d-724e769524d3,2a693e8a-5f1a-4c10-9dbe-32a95fdb6c21,0.0000,2.4978,1.0000,0.0000,0.0000,0.0000,0.1111
bfb966ca-9aa8-44f2-906d-724e769524d3,afa62b93-9459-4a3d-b943-44e88f2ba832,0.0000,15.1312,1.0000,0.0000,0.0000,0.0000,0.1111
bfb966ca-9aa8-44f2-906d-724e769524d3,6a574a63-684b-4e8e-86d8-56c4ef182e83,0.0000,14.7919,1.0000,0.0000,0.0000,0.0000,0.0588
bfb966ca-9aa8-44f2-906d-724e769524d3,5fc2040b-5445-448e-bdf1-c32854189d53,0.0000,15.5063,1.0000,0.0000,0.0000,0.0000,0.0588
bfb966ca-9aa8-44f2-906d-724e769524d3,2d8a413c-9727-4a6a-8fc0-42bb4d8573d2,0.0000,6.6239,1.0000,0.0000,0.0000,0.0000,0.0000
bfb966ca-9aa8-44f2-906d-724e769524d3,61f121ba-cb60-465c-a2f5-9f2f14974ee8,2.0000,10.1085,0.5000,2.0000,2.0000,0.6667,0.1111
bfb966ca-9aa8-44f2-906d-724e769524d3,905bd711-6c1a-4bb8-9c8d-808f8a4b9705,0.0000,14.5184,1.0000,0.0000,0.0000,0.0000,0.2727
bfb966ca-9aa8-44f2-906d-724e769524d3,925fcff5-826c-4439-8315-4d6434f6f7db,0.0000,12.9006,1.0000,0.0000,0.0000,0.6667,0.1111
bfb966ca-9aa8-44f2-906d-724e769524d3,fafe7552-d597-4e47-b1bb-0abd8cdcfe25,0.0000,9.3501,1.0000,0.0000,0.0000,0.0000,0.0000
bfb966ca-9aa8-44f2-906d-724e769524d3,2be2d465-90ce-4beb-b5dc-6c92bdf23287,0.0000,15.2406,1.0000,0.0000,0.0000,0.0000,0.2000
bfb966ca-9aa8-44f2-906d-724e769524d3,62694c2b-296e-4ea6-b29f-d6fce70f4ee0,0.0000,11.6711,1.0000,0.0000,0.0000,0.6667,0.1111
bfb966ca-9aa8-44f2-906d-724e769524d3,4a9b7b3e-39f8-4542-b6a3-2cdddbc64b84,0.0000,11.9571,1.0000,0.0000,0.0000,0.6667,0.1250
bfb966ca-9aa8-44f2-906d-724e769524d3,f2f08e2f-79b8-4a56-92e9-cfc0e2b94f70,2.0000,8.0355,0.5000,2.0000,2.0000,0.6667,0.3333
bfb966ca-9aa8-44f2-906d-724e769524d3,5a3d63bf-344c-4e6e-bc93-50b3b9150d26,0.0000,13.1324,1.0000,0.0000,0.0000,0.0000,0.0588
bfb966ca-9aa8-44f2-906d-724e769524d3,5c6cea65-33e0-4403-ac24-1f3e986820f5,2.0000,14.4865,0.5000,2.0000,2.0000,0.6667,0.2000
bfb966ca-9aa8-44f2-906d-724e769524d3,ce289378-48db-4c5b-817b-85a3f7170b6d,2.0000,12.1751,0.5000,2.0000,2.0000,0.0000,0.3846
bfb966ca-9aa8-44f2-906d-724e769524d3,8e122a6e-999f-4977-b4e1-21eb03cae87d,2.0000,6.1965,0.5000,2.0000,2.0000,0.6667,0.3043
bfb966ca-9aa8-44f2-906d-724e769524d3,6a94bf0c-f443-448e-ba57-f3aa2805cb05,0.0000,14.8419,1.0000,0.0000,0.0000,0.0000,0.1579
bfb966ca-9aa8-44f2-906d-724e769524d3,cfb5d567-1d11-4a1e-9030-f9ea119d29ab,0.0000,10.5257,1.0000,0.0000,0.0000,0.0000,0.0625
bfb966ca-9aa8-44f2-906d-724e769524d3,bd111f97-40ec-48c2-9537-3f4585fd3c61,0.0000,5.4672,1.0000,0.0000,0.0000,0.0000,0.0625
bfb966ca-9aa8-44f2-906d-724e769524d3,56043fae-9517-4a04-b8ca-05c203f26132,0.0000,7.2401,1.0000,0.0000,0.0000,0.0000,0.1875
bfb966ca-9aa8-44f2-906d-724e769524d3,cf50eb11-df20-4705-8b1b-2d77ce2403ef,0.0000,9.9772,1.0000,0.0000,0.0000,0.6667,0.0588
bfb966ca-9aa8-44f2-906d-724e769524d3,5de87467-8cbd-4a2d-90a3-7e283de285fa,0.0000,9.7395,1.0000,0.0000,0.0000,0.0000,0.1111
bfb966ca-9aa8-44f2-906d-724e769524d3,dcf216e8-416d-44ea-80bf-2587651dfd37,0.0000,9.9685,1.0000,0.0000,0.0000,0.0000,0.1111
bfb966ca-9aa8-44f2-906d-724e769524d3,e163b85d-9f81-4c13-8c8c-521c33484e74,2.0000,7.8457,0.5000,2.0000,2.0000,0.6667,0.3600
bfb966ca-9aa8-44f2-906d-724e769524d3,0f5bc599-7a61-4792-8bf7-b9f78eec50fc,2.0000,11.1252,0.5000,2.0000,2.0000,0.0000,0.3043
bfb966ca-9aa8-44f2-906d-724e769524d3,e5a14bb0-fea4-41eb-9bdd-aed3acec68b7,0.0000,6.4837,1.0000,0.0000,0.0000,0.6667,0.0000
bfb966ca-9aa8-44f2-906d-724e769524d3,d5cb26d7-030e-4b27-a7fc-8913c4a80794,2.0000,5.0645,0.5000,2.0000,2.0000,0.6667,0.3043
bfb966ca-9aa8-44f2-906d-724e769524d3,0f63c729-6dbc-48c2-9f43-89c37de9818f,0.0000,9.3360,1.0000,0.0000,0.0000,0.0000,0.0588
bfb966ca-9aa8-44f2-906d-724e769524d3,d73b320a-790d-4a0e-b13f-02a09cbaf3bf,0.0000,14.5439,1.0000,0.0000,0.0000,0.0000,0.1579
bfb966ca-9aa8-44f2-906d-724e769524d3,6f8acc59-cbf2-4b96-be3f-d5173828b422,0.0000,12.9015,1.0000,0.0000,0.0000,0.6667,0.2000
bfb966ca-9aa8-44f2-906d-724e769524d3,a9bef44c-9e90-409b-9b07-93db1d3be774,2.0000,10.5477,0.5000,2.0000,2.0000,0.6667,0.3600
bfb966ca-9aa8-44f2-906d-724e769524d3,62d0e0ab-0ed6-401f-b329-a12d20a79fb8,0.0000,17.9578,1.0000,0.0000,0.0000,0.0000,0.1579
bfb966ca-9aa8-44f2-906d-724e769524d3,c8403da2-d968-494c-bbbe-bc7855b370ab,0.0000,11.5760,1.0000,0.0000,0.0000,0.6667,0.0625
bfb966ca-9aa8-44f2-906d-724e769524d3,49e59cdd-4809-43f6-b618-1d0396a89857,2.0000,12.4366,0.5000,2.0000,2.0000,0.6667,0.3846
bfb966ca-9aa8-44f2-906d-724e769524d3,ccfc5874-fe2c-4d37-ab22-2f8deae33eae,2.0000,11.5440,0.5000,2.0000,2.0000,0.0000,0.3043
bfb966ca-9aa8-44f2-906d-724e769524d3,2b35aae8-7d5a-4e25-bd0b-8ae554405fa5,0.0000,15.0234,1.0000,0.0000,0.0000,0.6667,0.0625
bfb966ca-9aa8-44f2-906d-724e769524d3,642ee07e-29b6-45a7-9826-aa2f8e6f6fda,2.0000,8.6853,0.5000,2.0000,2.0000,0.6667,0.3600
bfb966ca-9aa8-44f2-906d-724e769524d3,18f05cad-c4a5-45a2-afda-2c6693684b81,0.0000,3.2483,1.0000,0.0000,0.0000,0.6667,0.0000
bfb966ca-9aa8-44f2-906d-724e769524d3,6db16bc6-1a3a-47dc-9b2e-e489ff3a30d3,2.0000,7.4864,0.5000,2.0000,2.0000,0.6667,0.3043
bfb966ca-9aa8-44f2-906d-724e769524d3,cf2e50ca-eb53-4a77-97c9-065f239b9c28,0.0000,5.2222,1.0000,0.0000,0.0000,0.6667,0.0625
bfb966ca-9aa8-44f2-906d-724e769524d3,2003d6e5-1b34-47a0-80b4-f960cc4d1c06,0.0000,7.1879,1.0000,0.0000,0.0000,0.6667,0.1579
bfb966ca-9aa8-44f2-906d-724e769524d3,692df9b4-47d2-48c1-8732-aa2dbd856038,0.0000,6.9710,1.0000,0.0000,0.0000,0.0000,0.2000
bfb966ca-9aa8-44f2-906d-724e769524d3,853d8cdf-bbba-40fe-bc3c-9dbf4a72e3ba,0.0000,6.1742,1.0000,0.0000,0.0000,0.6667,0.1579
bfb966ca-9aa8-44f2-906d-724e769524d3,2517b72c-41df-4f4a-a74f-4e6a4d8fb9a6,0.0000,9.8915,1.0000,0.0000,0.0000,0.6667,0.3043
bfb966ca-9aa8-44f2-906d-724e769524d3,f761d41a-5220-42bf-872b-6a75cea6e24b,0.0000,9.3882,1.0000,0.0000,0.0000,0.0000,0.0000
bfb966ca-9aa8-44f2-906d-724e769524d3,e8b9141c-9944-4c1d-beb1-2a3921ab8e1a,2.0000,10.2759,0.5000,2.0000,2.0000,0.6667,0.4074
bfb966ca-9aa8-44f2-906d-724e769524d3,ff4975cc-52b8-41ed-8a6f-c69487eab5e8,0.0000,10.9324,1.0000,0.0000,0.0000,0.6667,0.0588
bfb966ca-9aa8-44f2-906d-724e769524d3,22594200-2b3a-466f-9a4c-fc62849a043c,0.0000,3.9789,1.0000,0.0000,0.0000,0.6667,0.2000
bfb966ca-9aa8-44f2-906d-724e769524d3,76a03818-1adc-4462-a8d3-fd5cc8cde7c3,2.0000,9.8670,0.5000,2.0000,2.0000,0.6667,0.1579
bfb966ca-9aa8-44f2-906d-724e769524d3,14cbf3ff-91dd-4d34-92fe-f218d90b36a1,0.0000,14.4953,1.0000,0.0000,0.0000,0.0000,0.0588
d40f8394-48af-4671-bba3-98945db56831,a3ff8cae-6e7a-4075-8592-80b8edb3b798,0.0000,12.6918,1.0000,0.0000,0.0000,0.6667,0.0588
d40f8394-48af-4671-bba3-98945db56831,90f5d1da-730b-4ec4-816f-47022d672a31,0.0000,10.9470,1.0000,0.0000,0.0000,0.6667,0.0556
d40f8394-48af-4671-bba3-98945db56831,46624bde-5aa1-497e-8cf3-3615e70bc3fa,0.0000,9.4493,1.0000,0.0000,0.0000,0.6667,0.0556
d40f8394-48af-4671-bba3-98945db56831,3483eab6-2e3b-4326-b369-daa88b145f21,0.0000,15.6635,1.0000,0.0000,0.0000,0.6667,0.2353
d40f8394-48af-4671-bba3-98945db56831,61eebde7-4d44-4dd7-a41c-6373faa852aa,0.0000,9.7287,1.0000,0.0000,0.0000,0.6667,0.0556
d40f8394-48af-4671-bba3-98945db56831,997f6bd9-71cb-4181-9303-399913c68290,2.0000,9.2153,0.5000,2.0000,2.0000,0.0000,0.0556
d40f8394-48af-4671-bba3-98945db56831,4225df02-934f-4779-beef-3f883013d6d5,0.0000,12.8121,1.0000,0.0000,0.0000,0.6667,0.2273
d40f8394-48af-4671-bba3-98945db56831,7027df40-ab9c-4d2e-8129-75fd9ca3a371,2.0000,12.3210,0.5000,2.0000,2.0000,0.6667,0.2917
d40f8394-48af-4671-bba3-98945db56831,c81223c8-1271-4efe-9fee-7ad2daceec55,0.0000,10.1897,1.0000,0.0000,0.0000,0.6667,0.0556
d40f8394-48af-4671-bba3-98945db56831,3f55c60e-0aa5-4089-94f4-a7e685e1b692,2.0000,13.9566,0.5000,2.0000,2.0000,0.0000,0.2917
d40f8394-48af-4671-bba3-98945db56831,e25c21b8-6a65-4804-b483-494865ea5fe4,0.0000,7.2621,1.0000,0.0000,0.0000,0.6667,0.0556
d40f8394-48af-4671-bba3-98945db56831,8c1ea269-2643-4e1f-9c37-0b796361a792,0.0000,11.9289,1.0000,0.0000,0.0000,0.6667,0.1765
d40f8394-48af-4671-bba3-98945db56831,ceec740e-dd0f-4050-aaad-3bb7576df8ed,0.0000,14.9173,1.0000,0.0000,0.0000,0.6667,0.0556
d40f8394-48af-4671-bba3-98945db56831,a3f69495-a21b-448b-82c9-57efa81700cd,2.0000,9.2827,0.5000,2.0000,2.0000,0.6667,0.3929
d40f8394-48af-4671-bba3-98945db56831,c8f7e77f-612a-4780-9a35-fa8644e8ae5a,2.0000,9.9332,0.5000,2.0000,2.0000,0.0000,0.1500
d40f8394-48af-4671-bba3-98945db56831,e86e18ef-a902-4527-9be4-59d24519eed6,0.0000,10.3371,1.0000,0.0000,0.0000,0.6667,0.0000
d40f8394-48af-4671-bba3-98945db56831,0c0f2152-377c-422f-8052-b0dc0153ae0a,0.0000,9.7898,1.0000,0.0000,0.0000,0.6667,0.0000
d40f8394-48af-4671-bba3-98945db56831,f0fe03d1-14fe-4cd5-9497-d0c224b284cd,0.0000,1.4354,1.0000,0.0000,0.0000,0.0000,0.1176
d40f8394-48af-4671-bba3-98945db56831,46b81f92-9499-424e-aa38-0af32369c9ab,2.0000,7.7134,0.5000,2.0000,2.0000,0.6667,0.2609
d40f8394-48af-4671-bba3-98945db56831,74e1172e-bf77-4868-a39e-fd314e3df33b,0.0000,18.6313,1.0000,0.0000,0.0000,0.6667,0.0000
d40f8394-48af-4671-bba3-98945db56831,b07b7f86-1bbf-4c6a-b8f2-d3a602704355,0.0000,14.4316,1.0000,0.0000,0.0000,0.6667,0.1500
d40f8394-48af-4671-bba3-98945db56831,4da9a570-5edf-44bd-b262-3de1664706ea,0.0000,13.4628,1.0000,0.0000,0.0000,0.6667,0.1905
d40f8394-48af-4671-bba3-98945db56831,7105fb47-b5e3-46e7-9197-d83c0f4526aa,0.0000,9.5819,1.0000,0.0000,0.0000,0.6667,0.0556
d40f8394-48af-4671-bba3-98945db56831,cc43ad38-fb37-4584-b672-7e13df12000d,0.0000,8.2743,1.0000,0.0000,0.0000,0.6667,0.0588
d40f8394-48af-4671-bba3-98945db56831,6f14499e-d0d7-4bef-a1f0-86d3cc46e4dc,0.0000,15.6249,1.0000,0.0000,0.0000,0.6667,0.1500
d40f8394-48af-4671-bba3-98945db56831,0997d41c-6d90-4c74-9ca2-a03e0dfe6499,0.0000,10.0142,1.0000,0.0000,0.0000,0.6667,0.0556
d40f8394-48af-4671-bba3-98945db56831,2e68bde0-2ec3-4d13-9c70-4a6edcc253f8,0.0000,12.0826,1.0000,0.0000,0.0000,0.6667,0.0556
d40f8394-48af-4671-bba3-98945db56831,22c05025-cd65-4fd6-b42b-e1e1318adfe3,2.0000,6.3317,0.5000,2.0000,2.0000,0.6667,0.0000
d40f8394-48af-4671-bba3-98945db56831,52690bf0-6649-4e43-81a1-f4d14d84c9bb,2.0000,9.9477,0.5000,2.0000,2.0000,0.6667,0.3462
d40f8394-48af-4671-bba3-98945db56831,aa0e625f-0115-4592-a2d1-f12ab8f8fd07,0.0000,15.0801,1.0000,0.0000,0.0000,0.6667,0.1053
d40f8394-48af-4671-bba3-98945db56831,a34b9a88-6139-4498-8cb4-7dc14826736b,0.0000,3.7400,1.0000,0.0000,0.0000,0.6667,0.1765
d40f8394-48af-4671-bba3-98945db56831,fc38c551-9fce-4cb9-989c-e14a15ec343d,0.0000,17.5101,1.0000,0.0000,0.0000,0.6667,0.1500
d40f8394-48af-4671-bba3-98945db56831,282804f0-eeaf-4337-b99e-edc8c825f36e,0.0000,12.5886,1.0000,0.0000,0.0000,0.6667,0.0588
d40f8394-48af-4671-bba3-98945db56831,adc5de5d-5f7a-4315-ae7c-01194bb38567,0.0000,15.1247,1.0000,0.0000,0.0000,0.6667,0.0588
d40f8394-48af-4671-bba3-98945db56831,1977a7f8-0fe7-41af-a87a-76cfb1713877,2.0000,14.6025,0.5000,2.0000,2.0000,0.0000,0.2917
d40f8394-48af-4671-bba3-98945db56831,8a1e5a0f-87f3-4a3c-8afc-6d403b90401e,0.0000,8.1315,1.0000,0.0000,0.0000,0.0000,0.0588
d40f8394-48af-4671-bba3-98945db56831,059ef947-4a12-4833-add6-17c6f7c41a05,0.0000,12.0136,1.0000,0.0000,0.0000,0.6667,0.0556
d40f8394-48af-4671-bba3-98945db56831,fa8a729c-880c-4ec4-b231-decd82e1496a,2.0000,11.6653,0.5000,2.0000,2.0000,0.6667,0.1500
d40f8394-48af-4671-bba3-98945db56831,1f060904-d763-45c4-adb3-0bcccf916f16,2.0000,10.9478,0.5000,2.0000,2.0000,0.6667,0.1500
d40f8394-48af-4671-bba3-98945db56831,3525aec3-2b10-4958-977b-1d0db69061e1,2.0000,10.2396,0.5000,2.0000,2.0000,0.6667,0.2273
d40f8394-48af-4671-bba3-98945db56831,4dc55917-1ad9-4f41-a4a5-efa709d235d9,2.0000,8.8005,0.5000,2.0000,2.0000,0.0000,0.1500
d40f8394-48af-4671-bba3-98945db56831,b20b4a65-b7c6-4cea-b79f-6a6db36ffdb1,0.0000,14.7001,1.0000,0.0000,0.0000,0.6667,0.0588
d40f8394-48af-4671-bba3-98945db56831,dfc01f3d-0bd7-4b56-aaac-87f7635b8f94,0.0000,12.4681,1.0000,0.0000,0.0000,0.6667,0.1176
d40f8394-48af-4671-bba3-98945db56831,2a693e8a-5f1a-4c10-9dbe-32a95fdb6c21,0.0000,17.5376,1.0000,0.0000,0.0000,0.6667,0.0556
d40f8394-48af-4671-bba3-98945db56831,afa62b93-9459-4a3d-b943-44e88f2ba832,0.0000,10.8056,1.0000,0.0000,0.0000,0.6667,0.0556
d40f8394-48af-4671-bba3-98945db56831,6a574a63-684b-4e8e-86d8-56c4ef182e83,0.0000,7.2697,1.0000,0.0000,0.0000,0.6667,0.0000
d40f8394-48af-4671-bba3-98945db56831,5fc2040b-5445-448e-bdf1-c32854189d53,0.0000,8.8928,1.0000,0.0000,0.0000,0.6667,0.0000
d40f8394-48af-4671-bba3-98945db56831,2d8a413c-9727-4a6a-8fc0-42bb4d8573d2,0.0000,15.6337,1.0000,0.0000,0.0000,0.6667,0.0588
d40f8394-48af-4671-bba3-98945db56831,61f121ba-cb60-465c-a2f5-9f2f14974ee8,2.0000,10.1926,0.5000,2.0000,2.0000,0.0000,0.0556
d40f8394-48af-4671-bba3-98945db56831,905bd711-6c1a-4bb8-9c8d-808f8a4b9705,0.0000,7.0366,1.0000,0.0000,0.0000,0.6667,0.2273
d40f8394-48af-4671-bba3-98945db56831,925fcff5-826c-4439-8315-4d6434f6f7db,0.0000,14.0668,1.0000,0.0000,0.0000,0.6667,0.0556
d40f8394-48af-4671-bba3-98945db56831,fafe7552-d597-4e47-b1bb-0abd8cdcfe25,0.0000,11.3341,1.0000,0.0000,0.0000,0.6667,0.0588
d40f8394-48af-4671-bba3-98945db56831,2be2d465-90ce-4beb-b5dc-6c92bdf23287,0.0000,10.8602,1.0000,0.0000,0.0000,0.6667,0.1500
d40f8394-48af-4671-bba3-98945db56831,62694c2b-296e-4ea6-b29f-d6fce70f4ee0,0.0000,14.1296,1.0000,0.0000,0.0000,0.6667,0.0556
d40f8394-48af-4671-bba3-98945db56831,4a9b7b3e-39f8-4542-b6a3-2cdddbc64b84,0.0000,12.4860,1.0000,0.0000,0.0000,0.6667,0.1765
d40f8394-48af-4671-bba3-98945db56831,f2f08e2f-79b8-4a56-92e9-cfc0e2b94f70,2.0000,11.6991,0.5000,2.0000,2.0000,0.6667,0.2917
d40f8394-48af-4671-bba3-98945db56831,5a3d63bf-344c-4e6e-bc93-50b3b9150d26,0.0000,12.7271,1.0000,0.0000,0.0000,0.6667,0.0000
d40f8394-48af-4671-bba3-98945db56831,5c6cea65-33e0-4403-ac24-1f3e986820f5,2.0000,5.8517,0.5000,2.0000,2.0000,0.6667,0.1500
d40f8394-48af-4671-bba3-98945db56831,ce289378-48db-4c5b-817b-85a3f7170b6d,2.0000,10.4531,0.5000,2.0000,2.0000,0.6667,0.3462
d40f8394-48af-4671-bba3-98945db56831,8e122a6e-999f-4977-b4e1-21eb03cae87d,2.0000,12.5827,0.5000,2.0000,2.0000,0.6667,0.2609
d40f8394-48af-4671-bba3-98945db56831,6a94bf0c-f443-448e-ba57-f3aa2805cb05,0.0000,6.5330,1.0000,0.0000,0.0000,0.6667,0.1053
d40f8394-48af-4671-bba3-98945db56831,cfb5d567-1d11-4a1e-9030-f9ea119d29ab,0.0000,11.8632,1.0000,0.0000,0.0000,0.6667,0.1176
d40f8394-48af-4671-bba3-98945db56831,bd111f97-40ec-48c2-9537-3f4585fd3c61,0.0000,14.9333,1.0000,0.0000,0.0000,0.6667,0.1176
d40f8394-48af-4671-bba3-98945db56831,56043fae-9517-4a04-b8ca-05c203f26132,0.0000,15.3118,1.0000,0.0000,0.0000,0.6667,0.2353
d40f8394-48af-4671-bba3-98945db56831,cf50eb11-df20-4705-8b1b-2d77ce2403ef,0.0000,12.8615,1.0000,0.0000,0.0000,0.6667,0.0000
d40f8394-48af-4671-bba3-98945db56831,5de87467-8cbd-4a2d-90a3-7e283de285fa,0.0000,12.6323,1.0000,0.0000,0.0000,0.6667,0.0556
d40f8394-48af-4671-bba3-98945db56831,dcf216e8-416d-44ea-80bf-2587651dfd37,0.0000,12.7221,1.0000,0.0000,0.0000,0.6667,0.0556
d40f8394-48af-4671-bba3-98945db56831,e163b85d-9f81-4c13-8c8c-521c33484e74,2.0000,11.9984,0.5000,2.0000,2.0000,0.6667,0.3200
d40f8394-48af-4671-bba3-98945db56831,0f5bc599-7a61-4792-8bf7-b9f78eec50fc,2.0000,10.6804,0.5000,2.0000,2.0000,0.6667,0.2609
d40f8394-48af-4671-bba3-98945db56831,e5a14bb0-fea4-41eb-9bdd-aed3acec68b7,0.0000,15.3751,1.0000,0.0000,0.0000,0.6667,0.0588
d40f8394-48af-4671-bba3-98945db56831,d5cb26d7-030e-4b27-a7fc-8913c4a80794,2.0000,14.5626,0.5000,2.0000,2.0000,0.6667,0.2609
d40f8394-48af-4671-bba3-98945db56831,0f63c729-6dbc-48c2-9f43-89c37de9818f,0.0000,11.9061,1.0000,0.0000,0.0000,0.6667,0.0000
d40f8394-48af-4671-bba3-98945db56831,d73b320a-790d-4a0e-b13f-02a09cbaf3bf,0.0000,6.0033,1.0000,0.0000,0.0000,0.6667,0.1053
d40f8394-48af-4671-bba3-98945db56831,6f8acc59-cbf2-4b96-be3f-d5173828b422,0.0000,9.5435,1.0000,0.0000,0.0000,0.6667,0.1500
d40f8394-48af-4671-bba3-98945db56831,a9bef44c-9e90-409b-9b07-93db1d3be774,2.0000,9.7510,0.5000,2.0000,2.0000,0.6667,0.3200
d40f8394-48af-4671-bba3-98945db56831,62d0e0ab-0ed6-401f-b329-a12d20a79fb8,0.0000,3.8707,1.0000,0.0000,0.0000,0.6667,0.1053
d40f8394-48af-4671-bba3-98945db56831,c8403da2-d968-494c-bbbe-bc7855b370ab,0.0000,10.3915,1.0000,0.0000,0.0000,0.6667,0.1176
d40f8394-48af-4671-bba3-98945db56831,49e59cdd-4809-43f6-b618-1d0396a89857,2.0000,9.7287,0.5000,2.0000,2.0000,0.6667,0.3462
d40f8394-48af-4671-bba3-98945db56831,ccfc5874-fe2c-4d37-ab22-2f8deae33eae,2.0000,9.6162,0.5000,2.0000,2.0000,0.6667,0.2609
d40f8394-48af-4671-bba3-98945db56831,2b35aae8-7d5a-4e25-bd0b-8ae554405fa5,0.0000,7.8638,1.0000,0.0000,0.0000,0.6667,0.1176
d40f8394-48af-4671-bba3-98945db56831,642ee07e-29b6-45a7-9826-aa2f8e6f6fda,2.0000,11.8538,0.5000,2.0000,2.0000,0.6667,0.3200
d40f8394-48af-4671-bba3-98945db56831,18f05cad-c4a5-45a2-afda-2c6693684b81,0.0000,17.4525,1.0000,0.0000,0.0000,0.0000,0.0588
d40f8394-48af-4671-bba3-98945db56831,6db16bc6-1a3a-47dc-9b2e-e489ff3a30d3,2.0000,12.7878,0.5000,2.0000,2.0000,0.0000,0.2609
d40f8394-48af-4671-bba3-98945db56831,cf2e50ca-eb53-4a77-97c9-065f239b9c28,0.0000,17.3395,1.0000,0.0000,0.0000,0.0000,0.1176
d40f8394-48af-4671-bba3-98945db56831,2003d6e5-1b34-47a0-80b4-f960cc4d1c06,0.0000,15.9970,1.0000,0.0000,0.0000,0.6667,0.1053
d40f8394-48af-4671-bba3-98945db56831,692df9b4-47d2-48c1-8732-aa2dbd856038,0.0000,16.0478,1.0000,0.0000,0.0000,0.6667,0.1500
d40f8394-48af-4671-bba3-98945db56831,853d8cdf-bbba-40fe-bc3c-9dbf4a72e3ba,0.0000,15.7522,1.0000,0.0000,0.0000,0.6667,0.1053
d40f8394-48af-4671-bba3-98945db56831,2517b72c-41df-4f4a-a74f-4e6a4d8fb9a6,0.0000,12.4986,1.0000,0.0000,0.0000,0.6667,0.2609
d40f8394-48af-4671-bba3-98945db56831,f761d41a-5220-42bf-872b-6a75cea6e24b,0.0000,12.3651,1.0000,0.0000,0.0000,0.6667,0.0588
d40f8394-48af-4671-bba3-98945db56831,e8b9141c-9944-4c1d-beb1-2a3921ab8e1a,2.0000,10.0786,0.5000,2.0000,2.0000,0.6667,0.3704
d40f8394-48af-4671-bba3-98945db56831,ff4975cc-52b8-41ed-8a6f-c69487eab5e8,0.0000,14.2119,1.0000,0.0000,0.0000,0.6667,0.0000
d40f8394-48af-4671-bba3-98945db56831,22594200-2b3a-466f-9a4c-fc62849a043c,0.0000,16.2403,1.0000,0.0000,0.0000,0.6667,0.1500
d40f8394-48af-4671-bba3-98945db56831,76a03818-1adc-4462-a8d3-fd5cc8cde7c3,2.0000,12.8392,0.5000,2.0000,2.0000,0.0000,0.1053
d40f8394-48af-4671-bba3-98945db56831,14cbf3ff-91dd-4d34-92fe-f218d90b36a1,0.0000,6.2056,1.0000,0.0000,0.0000,0.6667,0.0000
a3ff8cae-6e7a-4075-8592-80b8edb3b798,90f5d1da-730b-4ec4-816f-47022d672a31,0.0000,14.9936,1.0000,0.0000,0.0000,0.6667,0.1111
a3ff8cae-6e7a-4075-8592-80b8edb3b798,46624bde-5aa1-497e-8cf3-3615e70bc3fa,0.0000,16.3065,1.0000,0.0000,0.0000,0.6667,0.1111
a3ff8cae-6e7a-4075-8592-80b8edb3b798,3483eab6-2e3b-4326-b369-daa88b145f21,0.0000,6.9543,1.0000,0.0000,0.0000,0.0000,0.1875
a3ff8cae-6e7a-4075-8592-80b8edb3b798,61eebde7-4d44-4dd7-a41c-6373faa852aa,0.0000,12.0258,1.0000,0.0000,0.0000,0.0000,0.1111
a3ff8cae-6e7a-4075-8592-80b8edb3b798,997f6bd9-71cb-4181-9303-399913c68290,2.0000,12.8483,0.5000,2.0000,2.0000,0.6667,0.1111
a3ff8cae-6e7a-4075-8592-80b8edb3b798,4225df02-934f-4779-beef-3f883013d6d5,0.0000,5.0079,1.0000,0.0000,0.0000,0.0000,0.2727
a3ff8cae-6e7a-4075-8592-80b8edb3b798,7027df40-ab9c-4d2e-8129-75fd9ca3a371,2.0000,12.1674,0.5000,2.0000,2.0000,0.0000,0.3333
a3ff8cae-6e7a-4075-8592-80b8edb3b798,c81223c8-1271-4efe-9fee-7ad2daceec55,0.0000,14.4961,1.0000,0.0000,0.0000,0.6667,0.1111
a3ff8cae-6e7a-4075-8592-80b8edb3b798,3f55c60e-0aa5-4089-94f4-a7e685e1b692,2.0000,9.4866,0.5000,2.0000,2.0000,0.6667,0.3333
a3ff8cae-6e7a-4075-8592-80b8edb3b798,e25c21b8-6a65-4804-b483-494865ea5fe4,0.0000,10.6760,1.0000,0.0000,0.0000,0.6667,0.1111
a3ff8cae-6e7a-4075-8592-80b8edb3b798,8c1ea269-2643-4e1f-9c37-0b796361a792,0.0000,5.4973,1.0000,0.0000,0.0000,0.0000,0.1250
a3ff8cae-6e7a-4075-8592-80b8edb3b798,ceec740e-dd0f-4050-aaad-3bb7576df8ed,0.0000,5.6210,1.0000,0.0000,0.0000,0.0000,0.1111
a3ff8cae-6e7a-4075-8592-80b8edb3b798,a3f69495-a21b-448b-82c9-57efa81700cd,2.0000,8.6114,0.5000,2.0000,2.0000,0.0000,0.4286
a3ff8cae-6e7a-4075-8592-80b8edb3b798,c8f7e77f-612a-4780-9a35-fa8644e8ae5a,2.0000,11.4904,0.5000,2.0000,2.0000,0.6667,0.2000
a3ff8cae-6e7a-4075-8592-80b8edb3b798,e86e18ef-a902-4527-9be4-59d24519eed6,0.0000,10.1738,1.0000,0.0000,0.0000,0.0000,0.0588
a3ff8cae-6e7a-4075-8592-80b8edb3b798,0c0f2152-377c-422f-8052-b0dc0153ae0a,0.0000,15.0309,1.0000,0.0000,0.0000,0.6667,0.0588
a3ff8cae-6e7a-4075-8592-80b8edb3b798,f0fe03d1-14fe-4cd5-9497-d0c224b284cd,0.0000,13.4870,1.0000,0.0000,0.0000,0.6667,0.0625
a3ff8cae-6e7a-4075-8592-80b8edb3b798,46b81f92-9499-424e-aa38-0af32369c9ab,2.0000,10.4855,0.5000,2.0000,2.0000,0.0000,0.3043
a3ff8cae-6e7a-4075-8592-80b8edb3b798,74e1172e-bf77-4868-a39e-fd314e3df33b,0.0000,9.7444,1.0000,0.0000,0.0000,0.0000,0.0588
a3ff8cae-6e7a-4075-8592-80b8edb3b798,b07b7f86-1bbf-4c6a-b8f2-d3a602704355,0.0000,7.4656,1.0000,0.0000,0.0000,0.0000,0.2000
a3ff8cae-6e7a-4075-8592-80b8edb3b798,4da9a570-5edf-44bd-b262-3de1664706ea,0.0000,11.6559,1.0000,0.0000,0.0000,0.0000,0.2381
a3ff8cae-6e7a-4075-8592-80b8edb3b798,7105fb47-b5e3-46e7-9197-d83c0f4526aa,0.0000,11.7279,1.0000,0.0000,0.0000,0.0000,0.1111
a3ff8cae-6e7a-4075-8592-80b8edb3b798,cc43ad38-fb37-4584-b672-7e13df12000d,0.0000,12.0920,1.0000,0.0000,0.0000,0.6667,0.0000
a3ff8cae-6e7a-4075-8592-80b8edb3b798,6f14499e-d0d7-4bef-a1f0-86d3cc46e4dc,0.0000,11.7418,1.0000,0.0000,0.0000,0.6667,0.2000
a3ff8cae-6e7a-4075-8592-80b8edb3b798,0997d41c-6d90-4c74-9ca2-a03e0dfe6499,0.0000,11.7323,1.0000,0.0000,0.0000,0.0000,0.1111
a3ff8cae-6e7a-4075-8592-80b8edb3b798,2e68bde0-2ec3-4d13-9c70-4a6edcc253f8,0.0000,11.4513,1.0000,0.0000,0.0000,0.6667,0.1111
a3ff8cae-6e7a-4075-8592-80b8edb3b798,22c05025-cd65-4fd6-b42b-e1e1318adfe3,2.0000,13.5105,0.5000,2.0000,2.0000,0.6667,0.0588
a3ff8cae-6e7a-4075-8592-80b8edb3b798,52690bf0-6649-4e43-81a1-f4d14d84c9bb,2.0000,5.6628,0.5000,2.0000,2.0000,0.6667,0.3846
a3ff8cae-6e7a-4075-8592-80b8edb3b798,aa0e625f-0115-4592-a2d1-f12ab8f8fd07,0.0000,5.2901,1.0000,0.0000,0.0000,0.0000,0.1579
a3ff8cae-6e7a-4075-8592-80b8edb3b798,a34b9a88-6139-4498-8cb4-7dc14826736b,0.0000,11.3995,1.0000,0.0000,0.0000,0.0000,0.1250
a3ff8cae-6e7a-4075-8592-80b8edb3b798,fc38c551-9fce-4cb9-989c-e14a15ec343d,0.0000,11.0449,1.0000,0.0000,0.0000,0.0000,0.2000
a3ff8cae-6e7a-4075-8592-80b8edb3b798,282804f0-eeaf-4337-b99e-edc8c825f36e,0.0000,6.7733,1.0000,0.0000,0.0000,0.6667,0.0000
a3ff8cae-6e7a-4075-8592-80b8edb3b798,adc5de5d-5f7a-4315-ae7c-01194bb38567,0.0000,14.0604,1.0000,0.0000,0.0000,0.6667,0.0000
a3ff8cae-6e7a-4075-8592-80b8edb3b798,1977a7f8-0fe7-41af-a87a-76cfb1713877,2.0000,10.7688,0.5000,2.0000,2.0000,0.6667,0.3333
a3ff8cae-6e7a-4075-8592-80b8edb3b798,8a1e5a0f-87f3-4a3c-8afc-6d403b90401e,0.0000,9.6834,1.0000,0.0000,0.0000,0.6667,0.0000
a3ff8cae-6e7a-4075-8592-80b8edb3b798,059ef947-4a12-4833-add6-17c6f7c41a05,0.0000,9.9225,1.0000,0.0000,0.0000,0.6667,0.1111
a3ff8cae-6e7a-4075-8592-80b8edb3b798,fa8a729c-880c-4ec4-b231-decd82e1496a,2.0000,9.4744,0.5000,2.0000,2.0000,0.6667,0.2000
a3ff8cae-6e7a-4075-8592-80b8edb3b798,1f060904-d763-45c4-adb3-0bcccf916f16,2.0000,7.5912,0.5000,2.0000,2.0000,0.6667,0.2000
a3ff8cae-6e7a-4075-8592-80b8edb3b798,3525aec3-2b10-4958-977b-1d0db69061e1,2.0000,8.5612,0.5000,2.0000,2.0000,0.0000,0.2727
a3ff8cae-6e7a-4075-8592-80b8edb3b798,4dc55917-1ad9-4f41-a4a5-efa709d235d9,2.0000,11.1750,0.5000,2.0000,2.0000,0.6667,0.2000
a3ff8cae-6e7a-4075-8592-80b8edb3b798,b20b4a65-b7c6-4cea-b79f-6a6db36ffdb1,0.0000,12.2735,1.0000,0.0000,0.0000,0.6667,0.0000
a3ff8cae-6e7a-4075-8592-80b8edb3b798,dfc01f3d-0bd7-4b56-aaac-87f7635b8f94,0.0000,12.9497,1.0000,0.0000,0.0000,0.6667,0.0625
a3ff8cae-6e7a-4075-8592-80b8edb3b798,2a693e8a-5f1a-4c10-9dbe-32a95fdb6c21,0.0000,8.0192,1.0000,0.0000,0.0000,0.0000,0.1111
a3ff8cae-6e7a-4075-8592-80b8edb3b798,afa62b93-9459-4a3d-b943-44e88f2ba832,0.0000,10.2110,1.0000,0.0000,0.0000,0.0000,0.1111
a3ff8cae-6e7a-4075-8592-80b8edb3b798,6a574a63-684b-4e8e-86d8-56c4ef182e83,0.0000,6.8791,1.0000,0.0000,0.0000,0.0000,0.0588
a3ff8cae-6e7a-4075-8592-80b8edb3b798,5fc2040b-5445-448e-bdf1-c32854189d53,0.0000,7.6757,1.0000,0.0000,0.0000,0.0000,0.0588
a3ff8cae-6e7a-4075-8592-80b8edb3b798,2d8a413c-9727-4a6a-8fc0-42bb4d8573d2,0.0000,6.0439,1.0000,0.0000,0.0000,0.0000,0.0000
a3ff8cae-6e7a-4075-8592-80b8edb3b798,61f121ba-cb60-465c-a2f5-9f2f14974ee8,2.0000,12.2114,0.5000,2.0000,2.0000,0.6667,0.1111
a3ff8cae-6e7a-4075-8592-80b8edb3b798,905bd711-6c1a-4bb8-9c8d-808f8a4b9705,0.0000,11.0227,1.0000,0.0000,0.0000,0.0000,0.2727
a3ff8cae-6e7a-4075-8592-80b8edb3b798,925fcff5-826c-4439-8315-4d6434f6f7db,0.0000,13.1068,1.0000,0.0000,0.0000,0.6667,0.1111
a3ff8cae-6e7a-4075-8592-80b8edb3b798,fafe7552-d597-4e47-b1bb-0abd8cdcfe25,0.0000,1.9738,1.0000,0.0000,0.0000,0.0000,0.0000
a3ff8cae-6e7a-4075-8592-80b8edb3b798,2be2d465-90ce-4beb-b5dc-6c92bdf23287,0.0000,10.4674,1.0000,0.0000,0.0000,0.0000,0.2000
a3ff8cae-6e7a-4075-8592-80b8edb3b798,62694c2b-296e-4ea6-b29f-d6fce70f4ee0,0.0000,15.7713,1.0000,0.0000,0.0000,0.6667,0.1111
a3ff8cae-6e7a-4075-8592-80b8edb3b798,4a9b7b3e-39f8-4542-b6a3-2cdddbc64b84,0.0000,13.1987,1.0000,0.0000,0.0000,0.6667,0.1250
a3ff8cae-6e7a-4075-8592-80b8edb3b798,f2f08e2f-79b8-4a56-92e9-cfc0e2b94f70,2.0000,9.1532,0.5000,2.0000,2.0000,0.6667,0.3333
a3ff8cae-6e7a-4075-8592-80b8edb3b798,5a3d63bf-344c-4e6e-bc93-50b3b9150d26,0.0000,7.4757,1.0000,0.0000,0.0000,0.0000,0.0588
a3ff8cae-6e7a-4075-8592-80b8edb3b798,5c6cea65-33e0-4403-ac24-1f3e986820f5,2.0000,8.2285,0.5000,2.0000,2.0000,0.6667,0.2000
a3ff8cae-6e7a-4075-8592-80b8edb3b798,ce289378-48db-4c5b-817b-85a3f7170b6d,2.0000,9.0067,0.5000,2.0000,2.0000,0.0000,0.3846
a3ff8cae-6e7a-4075-8592-80b8edb3b798,8e122a6e-999f-4977-b4e1-21eb03cae87d,2.0000,10.9554,0.5000,2.0000,2.0000,0.6667,0.3043
a3ff8cae-6e7a-4075-8592-80b8edb3b798,6a94bf0c-f443-448e-ba57-f3aa2805cb05,0.0000,7.3964,1.0000,0.0000,0.0000,0.0000,0.1579
a3ff8cae-6e7a-4075-8592-80b8edb3b798,cfb5d567-1d11-4a1e-9030-f9ea119d29ab,0.0000,5.6408,1.0000,0.0000,0.0000,0.0000,0.0625
a3ff8cae-6e7a-4075-8592-80b8edb3b798,bd111f97-40ec-48c2-9537-3f4585fd3c61,0.0000,8.9384,1.0000,0.0000,0.0000,0.0000,0.0625
a3ff8cae-6e7a-4075-8592-80b8edb3b798,56043fae-9517-4a04-b8ca-05c203f26132,0.0000,5.5495,1.0000,0.0000,0.0000,0.0000,0.1875
a3ff8cae-6e7a-4075-8592-80b8edb3b798,cf50eb11-df20-4705-8b1b-2d77ce2403ef,0.0000,11.8938,1.0000,0.0000,0.0000,0.6667,0.0588
a3ff8cae-6e7a-4075-8592-80b8edb3b798,5de87467-8cbd-4a2d-90a3-7e283de285fa,0.0000,5.0158,1.0000,0.0000,0.0000,0.0000,0.1111
a3ff8cae-6e7a-4075-8592-80b8edb3b798,dcf216e8-416d-44ea-80bf-2587651dfd37,0.0000,4.8955,1.0000,0.0000,0.0000,0.0000,0.1111
a3ff8cae-6e7a-4075-8592-80b8edb3b798,e163b85d-9f81-4c13-8c8c-521c33484e74,2.0000,9.8396,0.5000,2.0000,2.0000,0.6667,0.3600
a3ff8cae-6e7a-4075-8592-80b8edb3b798,0f5bc599-7a61-4792-8bf7-b9f78eec50fc,2.0000,12.3578,0.5000,2.0000,2.0000,0.0000,0.3043
a3ff8cae-6e7a-4075-8592-80b8edb3b798,e5a14bb0-fea4-41eb-9bdd-aed3acec68b7,0.0000,13.3751,1.0000,0.0000,0.0000,0.6667,0.0000
a3ff8cae-6e7a-4075-8592-80b8edb3b798,d5cb26d7-030e-4b27-a7fc-8913c4a80794,2.0000,8.7908,0.5000,2.0000,2.0000,0.6667,0.3043
a3ff8cae-6e7a-4075-8592-80b8edb3b798,0f63c729-6dbc-48c2-9f43-89c37de9818f,0.0000,5.5177,1.0000,0.0000,0.0000,0.0000,0.0588
a3ff8cae-6e7a-4075-8592-80b8edb3b798,d73b320a-790d-4a0e-b13f-02a09cbaf3bf,0.0000,7.7502,1.0000,0.0000,0.0000,0.0000,0.1579
a3ff8cae-6e7a-4075-8592-80b8edb3b798,6f8acc59-cbf2-4b96-be3f-d5173828b422,0.0000,16.3056,1.0000,0.0000,0.0000,0.6667,0.2000
a3ff8cae-6e7a-4075-8592-80b8edb3b798,a9bef44c-9e90-409b-9b07-93db1d3be774,2.0000,9.4057,0.5000,2.0000,2.0000,0.6667,0.3600
a3ff8cae-6e7a-4075-8592-80b8edb3b798,62d0e0ab-0ed6-401f-b329-a12d20a79fb8,0.0000,10.8853,1.0000,0.0000,0.0000,0.0000,0.1579
a3ff8cae-6e7a-4075-8592-80b8edb3b798,c8403da2-d968-494c-bbbe-bc7855b370ab,0.0000,12.7005,1.0000,0.0000,0.0000,0.6667,0.0625
a3ff8cae-6e7a-4075-8592-80b8edb3b798,49e59cdd-4809-43f6-b618-1d0396a89857,2.0000,8.2756,0.5000,2.0000,2.0000,0.6667,0.3846
a3ff8cae-6e7a-4075-8592-80b8edb3b798,ccfc5874-fe2c-4d37-ab22-2f8deae33eae,2.0000,7.7417,0.5000,2.0000,2.0000,0.0000,0.3043
a3ff8cae-6e7a-4075-8592-80b8edb3b798,2b35aae8-7d5a-4e25-bd0b-8ae554405fa5,0.0000,10.2787,1.0000,0.0000,0.0000,0.6667,0.0625
a3ff8cae-6e7a-4075-8592-80b8edb3b798,642ee07e-29b6-45a7-9826-aa2f8e6f6fda,2.0000,13.6844,0.5000,2.0000,2.0000,0.6667,0.3600
a3ff8cae-6e7a-4075-8592-80b8edb3b798,18f05cad-c4a5-45a2-afda-2c6693684b81,0.0000,11.6906,1.0000,0.0000,0.0000,0.6667,0.0000
a3ff8cae-6e7a-4075-8592-80b8edb3b798,6db16bc6-1a3a-47dc-9b2e-e489ff3a30d3,2.0000,9.8675,0.5000,2.0000,2.0000,0.6667,0.3043
a3ff8cae-6e7a-4075-8592-80b8edb3b798,cf2e50ca-eb53-4a77-97c9-065f239b9c28,0.0000,10.4043,1.0000,0.0000,0.0000,0.6667,0.0625
a3ff8cae-6e7a-4075-8592-80b8edb3b798,2003d6e5-1b34-47a0-80b4-f960cc4d1c06,0.0000,11.7934,1.0000,0.0000,0.0000,0.6667,0.1579
a3ff8cae-6e7a-4075-8592-80b8edb3b798,692df9b4-47d2-48c1-8732-aa2dbd856038,0.0000,5.5283,1.0000,0.0000,0.0000,0.0000,0.2000
a3ff8cae-6e7a-4075-8592-80b8edb3b798,853d8cdf-bbba-40fe-bc3c-9dbf4a72e3ba,0.0000,12.0358,1.0000,0.0000,0.0000,0.6667,0.1579
a3ff8cae-6e7a-4075-8592-80b8edb3b798,2517b72c-41df-4f4a-a74f-4e6a4d8fb9a6,0.0000,11.8368,1.0000,0.0000,0.0000,0.6667,0.3043
a3ff8cae-6e7a-4075-8592-80b8edb3b798,f761d41a-5220-42bf-872b-6a75cea6e24b,0.0000,5.2672,1.0000,0.0000,0.0000,0.0000,0.0000
a3ff8cae-6e7a-4075-8592-80b8edb3b798,e8b9141c-9944-4c1d-beb1-2a3921ab8e1a,2.0000,8.0494,0.5000,2.0000,2.0000,0.6667,0.4074
a3ff8cae-6e7a-4075-8592-80b8edb3b798,ff4975cc-52b8-41ed-8a6f-c69487eab5e8,0.0000,14.4653,1.0000,0.0000,0.0000,0.6667,0.0588
a3ff8cae-6e7a-4075-8592-80b8edb3b798,22594200-2b3a-466f-9a4c-fc62849a043c,0.0000,12.0367,1.0000,0.0000,0.0000,0.6667,0.2000
a3ff8cae-6e7a-4075-8592-80b8edb3b798,76a03818-1adc-4462-a8d3-fd5cc8cde7c3,2.0000,12.0390,0.5000,2.0000,2.0000,0.6667,0.1579
a3ff8cae-6e7a-4075-8592-80b8edb3b798,14cbf3ff-91dd-4d34-92fe-f218d90b36a1,0.0000,11.8300,1.0000,0.0000,0.0000,0.0000,0.0588
90f5d1da-730b-4ec4-816f-47022d672a31,46624bde-5aa1-497e-8cf3-3615e70bc3fa,0.0000,8.3617,1.0000,0.0000,0.0000,0.0000,0.0000
90f5d1da-730b-4ec4-816f-47022d672a31,3483eab6-2e3b-4326-b369-daa88b145f21,0.0000,14.2398,1.0000,0.0000,0.0000,0.6667,0.2778
90f5d1da-730b-4ec4-816f-47022d672a31,61eebde7-4d44-4dd7-a41c-6373faa852aa,0.0000,13.6427,1.0000,0.0000,0.0000,0.6667,0.0000
90f5d1da-730b-4ec4-816f-47022d672a31,997f6bd9-71cb-4181-9303-399913c68290,2.0000,3.8771,0.5000,2.0000,2.0000,0.6667,0.0000
90f5d1da-730b-4ec4-816f-47022d672a31,4225df02-934f-4779-beef-3f883013d6d5,0.0000,11.0858,1.0000,0.0000,0.0000,0.6667,0.1818
90f5d1da-730b-4ec4-816f-47022d672a31,7027df40-ab9c-4d2e-8129-75fd9ca3a371,2.0000,9.1606,0.5000,2.0000,2.0000,0.6667,0.2500
90f5d1da-730b-4ec4-816f-47022d672a31,c81223c8-1271-4efe-9fee-7ad2daceec55,0.0000,8.9210,1.0000,0.0000,0.0000,0.0000,0.0000
90f5d1da-730b-4ec4-816f-47022d672a31,3f55c60e-0aa5-4089-94f4-a7e685e1b692,2.0000,12.6172,0.5000,2.0000,2.0000,0.6667,0.2500
90f5d1da-730b-4ec4-816f-47022d672a31,e25c21b8-6a65-4804-b483-494865ea5fe4,0.0000,9.0886,1.0000,0.0000,0.0000,0.0000,0.0000
90f5d1da-730b-4ec4-816f-47022d672a31,8c1ea269-2643-4e1f-9c37-0b796361a792,0.0000,10.8374,1.0000,0.0000,0.0000,0.6667,0.2222
90f5d1da-730b-4ec4-816f-47022d672a31,ceec740e-dd0f-4050-aaad-3bb7576df8ed,0.0000,13.2202,1.0000,0.0000,0.0000,0.6667,0.0000
90f5d1da-730b-4ec4-816f-47022d672a31,a3f69495-a21b-448b-82c9-57efa81700cd,2.0000,9.5596,0.5000,2.0000,2.0000,0.6667,0.3571
90f5d1da-730b-4ec4-816f-47022d672a31,c8f7e77f-612a-4780-9a35-fa8644e8ae5a,2.0000,7.8357,0.5000,2.0000,2.0000,0.6667,0.1000
90f5d1da-730b-4ec4-816f-47022d672a31,e86e18ef-a902-4527-9be4-59d24519eed6,0.0000,13.0783,1.0000,0.0000,0.0000,0.6667,0.0556
90f5d1da-730b-4ec4-816f-47022d672a31,0c0f2152-377c-422f-8052-b0dc0153ae0a,0.0000,10.1780,1.0000,0.0000,0.0000,0.0000,0.0556
90f5d1da-730b-4ec4-816f-47022d672a31,f0fe03d1-14fe-4cd5-9497-d0c224b284cd,0.0000,10.6794,1.0000,0.0000,0.0000,0.6667,0.1667
90f5d1da-730b-4ec4-816f-47022d672a31,46b81f92-9499-424e-aa38-0af32369c9ab,2.0000,10.8672,0.5000,2.0000,2.0000,0.6667,0.2174
90f5d1da-730b-4ec4-816f-47022d672a31,74e1172e-bf77-4868-a39e-fd314e3df33b,0.0000,13.8434,1.0000,0.0000,0.0000,0.6667,0.0556
90f5d1da-730b-4ec4-816f-47022d672a31,b07b7f86-1bbf-4c6a-b8f2-d3a602704355,0.0000,13.3508,1.0000,0.0000,0.0000,0.6667,0.1000
90f5d1da-730b-4ec4-816f-47022d672a31,4da9a570-5edf-44bd-b262-3de1664706ea,0.0000,15.9032,1.0000,0.0000,0.0000,0.6667,0.1429
90f5d1da-730b-4ec4-816f-47022d672a31,7105fb47-b5e3-46e7-9197-d83c0f4526aa,0.0000,15.1297,1.0000,0.0000,0.0000,0.6667,0.0000
90f5d1da-730b-4ec4-816f-47022d672a31,cc43ad38-fb37-4584-b672-7e13df12000d,0.0000,8.9837,1.0000,0.0000,0.0000,0.0000,0.1111
90f5d1da-730b-4ec4-816f-47022d672a31,6f14499e-d0d7-4bef-a1f0-86d3cc46e4dc,0.0000,10.7157,1.0000,0.0000,0.0000,0.0000,0.1000
90f5d1da-730b-4ec4-816f-47022d672a31,0997d41c-6d90-4c74-9ca2-a03e0dfe6499,0.0000,15.5998,1.0000,0.0000,0.0000,0.6667,0.0000
90f5d1da-730b-4ec4-816f-47022d672a31,2e68bde0-2ec3-4d13-9c70-4a6edcc253f8,0.0000,5.1074,1.0000,0.0000,0.0000,0.0000,0.0000
90f5d1da-730b-4ec4-816f-47022d672a31,22c05025-cd65-4fd6-b42b-e1e1318adfe3,2.0000,7.8460,0.5000,2.0000,2.0000,0.0000,0.0556
90f5d1da-730b-4ec4-816f-47022d672a31,52690bf0-6649-4e43-81a1-f4d14d84c9bb,2.0000,9.7776,0.5000,2.0000,2.0000,0.0000,0.3077
90f5d1da-730b-4ec4-816f-47022d672a31,aa0e625f-0115-4592-a2d1-f12ab8f8fd07,0.0000,15.3546,1.0000,0.0000,0.0000,0.6667,0.0526
90f5d1da-730b-4ec4-816f-47022d672a31,a34b9a88-6139-4498-8cb4-7dc14826736b,0.0000,12.9022,1.0000,0.0000,0.0000,0.6667,0.2222
90f5d1da-730b-4ec4-816f-47022d672a31,fc38c551-9fce-4cb9-989c-e14a15ec343d,0.0000,12.8986,1.0000,0.0000,0.0000,0.6667,0.1000
90f5d1da-730b-4ec4-816f-47022d672a31,282804f0-eeaf-4337-b99e-edc8c825f36e,0.0000,9.8470,1.0000,0.0000,0.0000,0.0000,0.1111
90f5d1da-730b-4ec4-816f-47022d672a31,adc5de5d-5f7a-4315-ae7c-01194bb38567,0.0000,8.1301,1.0000,0.0000,0.0000,0.0000,0.1111
90f5d1da-730b-4ec4-816f-47022d672a31,1977a7f8-0fe7-41af-a87a-76cfb1713877,2.0000,10.0400,0.5000,2.0000,2.0000,0.6667,0.2500
90f5d1da-730b-4ec4-816f-47022d672a31,8a1e5a0f-87f3-4a3c-8afc-6d403b90401e,0.0000,12.1479,1.0000,0.0000,0.0000,0.6667,0.1111
90f5d1da-730b-4ec4-816f-47022d672a31,059ef947-4a12-4833-add6-17c6f7c41a05,0.0000,9.3195,1.0000,0.0000,0.0000,0.0000,0.0000
90f5d1da-730b-4ec4-816f-47022d672a31,fa8a729c-880c-4ec4-b231-decd82e1496a,2.0000,10.3615,0.5000,2.0000,2.0000,0.0000,0.1000
90f5d1da-730b-4ec4-816f-47022d672a31,1f060904-d763-45c4-adb3-0bcccf916f16,2.0000,8.9483,0.5000,2.0000,2.0000,0.0000,0.1000
90f5d1da-730b-4ec4-816f-47022d672a31,3525aec3-2b10-4958-977b-1d0db69061e1,2.0000,9.5054,0.5000,2.0000,2.0000,0.6667,0.1818
90f5d1da-730b-4ec4-816f-47022d672a31,4dc55917-1ad9-4f41-a4a5-efa709d235d9,2.0000,10.0343,0.5000,2.0000,2.0000,0.6667,0.1000
90f5d1da-730b-4ec4-816f-47022d672a31,b20b4a65-b7c6-4cea-b79f-6a6db36ffdb1,0.0000,7.8106,1.0000,0.0000,0.0000,0.0000,0.1111
90f5d1da-730b-4ec4-816f-47022d672a31,dfc01f3d-0bd7-4b56-aaac-87f7635b8f94,0.0000,6.5485,1.0000,0.0000,0.0000,0.0000,0.1667
90f5d1da-730b-4ec4-816f-47022d672a31,2a693e8a-5f1a-4c10-9dbe-32a95fdb6c21,0.0000,12.5286,1.0000,0.0000,0.0000,0.6667,0.0000
90f5d1da-730b-4ec4-816f-47022d672a31,afa62b93-9459-4a3d-b943-44e88f2ba832,0.0000,13.4425,1.0000,0.0000,0.0000,0.6667,0.0000
90f5d1da-730b-4ec4-816f-47022d672a31,6a574a63-684b-4e8e-86d8-56c4ef182e83,0.0000,14.6020,1.0000,0.0000,0.0000,0.6667,0.0556
90f5d1da-730b-4ec4-816f-47022d672a31,5fc2040b-5445-448e-bdf1-c32854189d53,0.0000,14.5992,1.0000,0.0000,0.0000,0.6667,0.0556
90f5d1da-730b-4ec4-816f-47022d672a31,2d8a413c-9727-4a6a-8fc0-42bb4d8573d2,0.0000,15.7512,1.0000,0.0000,0.0000,0.6667,0.1111
90f5d1da-730b-4ec4-816f-47022d672a31,61f121ba-cb60-465c-a2f5-9f2f14974ee8,2.0000,9.8709,0.5000,2.0000,2.0000,0.6667,0.0000
90f5d1da-730b-4ec4-816f-47022d672a31,905bd711-6c1a-4bb8-9c8d-808f8a4b9705,0.0000,10.4612,1.0000,0.0000,0.0000,0.6667,0.1818
90f5d1da-730b-4ec4-816f-47022d672a31,925fcff5-826c-4439-8315-4d6434f6f7db,0.0000,6.1130,1.0000,0.0000,0.0000,0.0000,0.0000
90f5d1da-730b-4ec4-816f-47022d672a31,fafe7552-d597-4e47-b1bb-0abd8cdcfe25,0.0000,13.4009,1.0000,0.0000,0.0000,0.6667,0.1111
90f5d1da-730b-4ec4-816f-47022d672a31,2be2d465-90ce-4beb-b5dc-6c92bdf23287,0.0000,13.5219,1.0000,0.0000,0.0000,0.6667,0.1000
90f5d1da-730b-4ec4-816f-47022d672a31,62694c2b-296e-4ea6-b29f-d6fce70f4ee0,0.0000,6.2434,1.0000,0.0000,0.0000,0.0000,0.0000
90f5d1da-730b-4ec4-816f-47022d672a31,4a9b7b3e-39f8-4542-b6a3-2cdddbc64b84,0.0000,6.5327,1.0000,0.0000,0.0000,0.0000,0.2222
90f5d1da-730b-4ec4-816f-47022d672a31,f2f08e2f-79b8-4a56-92e9-cfc0e2b94f70,2.0000,9.8380,0.5000,2.0000,2.0000,0.0000,0.2500
90f5d1da-730b-4ec4-816f-47022d672a31,5a3d63bf-344c-4e6e-bc93-50b3b9150d26,0.0000,14.7558,1.0000,0.0000,0.0000,0.6667,0.0556
90f5d1da-730b-4ec4-816f-47022d672a31,5c6cea65-33e0-4403-ac24-1f3e986820f5,2.0000,11.3762,0.5000,2.0000,2.0000,0.0000,0.1000
90f5d1da-730b-4ec4-816f-47022d672a31,ce289378-48db-4c5b-817b-85a3f7170b6d,2.0000,11.1904,0.5000,2.0000,2.0000,0.6667,0.3077
90f5d1da-730b-4ec4-816f-47022d672a31,8e122a6e-999f-4977-b4e1-21eb03cae87d,2.0000,12.3633,0.5000,2.0000,2.0000,0.0000,0.2174
90f5d1da-730b-4ec4-816f-47022d672a31,6a94bf0c-f443-448e-ba57-f3aa2805cb05,0.0000,14.0905,1.0000,0.0000,0.0000,0.6667,0.0526
90f5d1da-730b-4ec4-816f-47022d672a31,cfb5d567-1d11-4a1e-9030-f9ea119d29ab,0.0000,10.8893,1.0000,0.0000,0.0000,0.6667,0.1667
90f5d1da-730b-4ec4-816f-47022d672a31,bd111f97-40ec-48c2-9537-3f4585fd3c61,0.0000,12.3803,1.0000,0.0000,0.0000,0.6667,0.1667
90f5d1da-730b-4ec4-816f-47022d672a31,56043fae-9517-4a04-b8ca-05c203f26132,0.0000,14.1519,1.0000,0.0000,0.0000,0.6667,0.2778
90f5d1da-730b-4ec4-816f-47022d672a31,cf50eb11-df20-4705-8b1b-2d77ce2403ef,0.0000,6.0307,1.0000,0.0000,0.0000,0.0000,0.0556
90f5d1da-730b-4ec4-816f-47022d672a31,5de87467-8cbd-4a2d-90a3-7e283de285fa,0.0000,11.2814,1.0000,0.0000,0.0000,0.6667,0.0000
90f5d1da-730b-4ec4-816f-47022d672a31,dcf216e8-416d-44ea-80bf-2587651dfd37,0.0000,11.3958,1.0000,0.0000,0.0000,0.6667,0.0000
90f5d1da-730b-4ec4-816f-47022d672a31,e163b85d-9f81-4c13-8c8c-521c33484e74,2.0000,10.8428,0.5000,2.0000,2.0000,0.0000,0.2800
90f5d1da-730b-4ec4-816f-47022d672a31,0f5bc599-7a61-4792-8bf7-b9f78eec50fc,2.0000,7.7792,0.5000,2.0000,2.0000,0.6667,0.2174
90f5d1da-730b-4ec4-816f-47022d672a31,e5a14bb0-fea4-41eb-9bdd-aed3acec68b7,0.0000,8.5608,1.0000,0.0000,0.0000,0.0000,0.1111
90f5d1da-730b-4ec4-816f-47022d672a31,d5cb26d7-030e-4b27-a7fc-8913c4a80794,2.0000,13.4268,0.5000,2.0000,2.0000,0.0000,0.2174
90f5d1da-730b-4ec4-816f-47022d672a31,0f63c729-6dbc-48c2-9f43-89c37de9818f,0.0000,12.1655,1.0000,0.0000,0.0000,0.6667,0.0556
90f5d1da-730b-4ec4-816f-47022d672a31,d73b320a-790d-4a0e-b13f-02a09cbaf3bf,0.0000,13.3278,1.0000,0.0000,0.0000,0.6667,0.0526
90f5d1da-730b-4ec4-816f-47022d672a31,6f8acc59-cbf2-4b96-be3f-d5173828b422,0.0000,8.0168,1.0000,0.0000,0.0000,0.0000,0.1000
90f5d1da-730b-4ec4-816f-47022d672a31,a9bef44c-9e90-409b-9b07-93db1d3be774,2.0000,11.2849,0.5000,2.0000,2.0000,0.0000,0.2800
90f5d1da-730b-4ec4-816f-47022d672a31,62d0e0ab-0ed6-401f-b329-a12d20a79fb8,0.0000,13.0640,1.0000,0.0000,0.0000,0.6667,0.0526
90f5d1da-730b-4ec4-816f-47022d672a31,c8403da2-d968-494c-bbbe-bc7855b370ab,0.0000,7.5200,1.0000,0.0000,0.0000,0.0000,0.1667
90f5d1da-730b-4ec4-816f-47022d672a31,49e59cdd-4809-43f6-b618-1d0396a89857,2.0000,12.5863,0.5000,2.0000,2.0000,0.0000,0.3077
90f5d1da-730b-4ec4-816f-47022d672a31,ccfc5874-fe2c-4d37-ab22-2f8deae33eae,2.0000,12.0965,0.5000,2.0000,2.0000,0.6667,0.2174
90f5d1da-730b-4ec4-816f-47022d672a31,2b35aae8-7d5a-4e25-bd0b-8ae554405fa5,0.0000,8.5545,1.0000,0.0000,0.0000,0.0000,0.1667
90f5d1da-730b-4ec4-816f-47022d672a31,642ee07e-29b6-45a7-9826-aa2f8e6f6fda,2.0000,6.8941,0.5000,2.0000,2.0000,0.0000,0.2800
90f5d1da-730b-4ec4-816f-47022d672a31,18f05cad-c4a5-45a2-afda-2c6693684b81,0.0000,12.0719,1.0000,0.0000,0.0000,0.6667,0.1111
90f5d1da-730b-4ec4-816f-47022d672a31,6db16bc6-1a3a-47dc-9b2e-e489ff3a30d3,2.0000,13.9665,0.5000,2.0000,2.0000,0.6667,0.2174
90f5d1da-730b-4ec4-816f-47022d672a31,cf2e50ca-eb53-4a77-97c9-065f239b9c28,0.0000,12.0386,1.0000,0.0000,0.0000,0.6667,0.1667
90f5d1da-730b-4ec4-816f-47022d672a31,2003d6e5-1b34-47a0-80b4-f960cc4d1c06,0.0000,10.6774,1.0000,0.0000,0.0000,0.0000,0.0526
90f5d1da-730b-4ec4-816f-47022d672a31,692df9b4-47d2-48c1-8732-aa2dbd856038,0.0000,16.3752,1.0000,0.0000,0.0000,0.6667,0.1000
90f5d1da-730b-4ec4-816f-47022d672a31,853d8cdf-bbba-40fe-bc3c-9dbf4a72e3ba,0.0000,7.4836,1.0000,0.0000,0.0000,0.0000,0.0526
90f5d1da-730b-4ec4-816f-47022d672a31,2517b72c-41df-4f4a-a74f-4e6a4d8fb9a6,0.0000,7.3218,1.0000,0.0000,0.0000,0.0000,0.2174
90f5d1da-730b-4ec4-816f-47022d672a31,f761d41a-5220-42bf-872b-6a75cea6e24b,0.0000,12.6450,1.0000,0.0000,0.0000,0.6667,0.1111
90f5d1da-730b-4ec4-816f-47022d672a31,e8b9141c-9944-4c1d-beb1-2a3921ab8e1a,2.0000,11.1911,0.5000,2.0000,2.0000,0.0000,0.3333
90f5d1da-730b-4ec4-816f-47022d672a31,ff4975cc-52b8-41ed-8a6f-c69487eab5e8,0.0000,6.5164,1.0000,0.0000,0.0000,0.0000,0.0556
90f5d1da-730b-4ec4-816f-47022d672a31,22594200-2b3a-466f-9a4c-fc62849a043c,0.0000,9.5046,1.0000,0.0000,0.0000,0.0000,0.1000
90f5d1da-730b-4ec4-816f-47022d672a31,76a03818-1adc-4462-a8d3-fd5cc8cde7c3,2.0000,10.3437,0.5000,2.0000,2.0000,0.6667,0.0526
90f5d1da-730b-4ec4-816f-47022d672a31,14cbf3ff-91dd-4d34-92fe-f218d90b36a1,0.0000,11.5758,1.0000,0.0000,0.0000,0.6667,0.0556
46624bde-5aa1-497e-8cf3-3615e70bc3fa,3483eab6-2e3b-4326-b369-daa88b145f21,0.0000,11.8657,1.0000,0.0000,0.0000,0.6667,0.2778
46624bde-5aa1-497e-8cf3-3615e70bc3fa,61eebde7-4d44-4dd7-a41c-6373faa852aa,0.0000,11.2570,1.0000,0.0000,0.0000,0.6667,0.0000
46624bde-5aa1-497e-8cf3-3615e70bc3fa,997f6bd9-71cb-4181-9303-399913c68290,2.0000,7.8763,0.5000,2.0000,2.0000,0.6667,0.0000
46624bde-5aa1-497e-8cf3-3615e70bc3fa,4225df02-934f-4779-beef-3f883013d6d5,0.0000,14.0785,1.0000,0.0000,0.0000,0.6667,0.1818
46624bde-5aa1-497e-8cf3-3615e70bc3fa,7027df40-ab9c-4d2e-8129-75fd9ca3a371,2.0000,8.3334,0.5000,2.0000,2.0000,0.6667,0.2500
46624bde-5aa1-497e-8cf3-3615e70bc3fa,c81223c8-1271-4efe-9fee-7ad2daceec55,0.0000,4.3911,1.0000,0.0000,0.0000,0.0000,0.0000
46624bde-5aa1-497e-8cf3-3615e70bc3fa,3f55c60e-0aa5-4089-94f4-a7e685e1b692,2.0000,9.6493,0.5000,2.0000,2.0000,0.6667,0.2500
46624bde-5aa1-497e-8cf3-3615e70bc3fa,e25c21b8-6a65-4804-b483-494865ea5fe4,0.0000,6.3029,1.0000,0.0000,0.0000,0.0000,0.0000
46624bde-5aa1-497e-8cf3-3615e70bc3fa,8c1ea269-2643-4e1f-9c37-0b796361a792,0.0000,14.2156,1.0000,0.0000,0.0000,0.6667,0.2222
46624bde-5aa1-497e-8cf3-3615e70bc3fa,ceec740e-dd0f-4050-aaad-3bb7576df8ed,0.0000,16.5474,1.0000,0.0000,0.0000,0.6667,0.0000
46624bde-5aa1-497e-8cf3-3615e70bc3fa,a3f69495-a21b-448b-82c9-57efa81700cd,2.0000,10.1273,0.5000,2.0000,2.0000,0.6667,0.3571
46624bde-5aa1-497e-8cf3-3615e70bc3fa,c8f7e77f-612a-4780-9a35-fa8644e8ae5a,2.0000,6.8859,0.5000,2.0000,2.0000,0.6667,0.1000
46624bde-5aa1-497e-8cf3-3615e70bc3fa,e86e18ef-a902-4527-9be4-59d24519eed6,0.0000,14.6409,1.0000,0.0000,0.0000,0.6667,0.0556
46624bde-5aa1-497e-8cf3-3615e70bc3fa,0c0f2152-377c-422f-8052-b0dc0153ae0a,0.0000,3.6409,1.0000,0.0000,0.0000,0.0000,0.0556
46624bde-5aa1-497e-8cf3-3615e70bc3fa,f0fe03d1-14fe-4cd5-9497-d0c224b284cd,0.0000,9.0209,1.0000,0.0000,0.0000,0.6667,0.1667
46624bde-5aa1-497e-8cf3-3615e70bc3fa,46b81f92-9499-424e-aa38-0af32369c9ab,2.0000,8.7421,0.5000,2.0000,2.0000,0.6667,0.2174
46624bde-5aa1-497e-8cf3-3615e70bc3fa,74e1172e-bf77-4868-a39e-fd314e3df33b,0.0000,13.5082,1.0000,0.0000,0.0000,0.6667,0.0556
46624bde-5aa1-497e-8cf3-3615e70bc3fa,b07b7f86-1bbf-4c6a-b8f2-d3a602704355,0.0000,10.2127,1.0000,0.0000,0.0000,0.6667,0.1000
46624bde-5aa1-497e-8cf3-3615e70bc3fa,4da9a570-5edf-44bd-b262-3de1664706ea,0.0000,11.2163,1.0000,0.0000,0.0000,0.6667,0.1429
46624bde-5aa1-497e-8cf3-3615e70bc3fa,7105fb47-b5e3-46e7-9197-d83c0f4526aa,0.0000,9.7678,1.0000,0.0000,0.0000,0.6667,0.0000
46624bde-5aa1-497e-8cf3-3615e70bc3fa,cc43ad38-fb37-4584-b672-7e13df12000d,0.0000,5.9938,1.0000,0.0000,0.0000,0.0000,0.1111
46624bde-5aa1-497e-8cf3-3615e70bc3fa,6f14499e-d0d7-4bef-a1f0-86d3cc46e4dc,0.0000,10.7670,1.0000,0.0000,0.0000,0.0000,0.1000
46624bde-5aa1-497e-8cf3-3615e70bc3fa,0997d41c-6d90-4c74-9ca2-a03e0dfe6499,0.0000,10.2650,1.0000,0.0000,0.0000,0.6667,0.0000
46624bde-5aa1-497e-8cf3-3615e70bc3fa,2e68bde0-2ec3-4d13-9c70-4a6edcc253f8,0.0000,11.4818,1.0000,0.0000,0.0000,0.0000,0.0000
46624bde-5aa1-497e-8cf3-3615e70bc3fa,22c05025-cd65-4fd6-b42b-e1e1318adfe3,2.0000,5.8750,0.5000,2.0000,2.0000,0.0000,0.0556
46624bde-5aa1-497e-8cf3-3615e70bc3fa,52690bf0-6649-4e43-81a1-f4d14d84c9bb,2.0000,13.2087,0.5000,2.0000,2.0000,0.0000,0.3077
46624bde-5aa1-497e-8cf3-3615e70bc3fa,aa0e625f-0115-4592-a2d1-f12ab8f8fd07,0.0000,13.1370,1.0000,0.0000,0.0000,0.6667,0.0526
46624bde-5aa1-497e-8cf3-3615e70bc3fa,a34b9a88-6139-4498-8cb4-7dc14826736b,0.0000,9.7442,1.0000,0.0000,0.0000,0.6667,0.2222
46624bde-5aa1-497e-8cf3-3615e70bc3fa,fc38c551-9fce-4cb9-989c-e14a15ec343d,0.0000,11.7000,1.0000,0.0000,0.0000,0.6667,0.1000
46624bde-5aa1-497e-8cf3-3615e70bc3fa,282804f0-eeaf-4337-b99e-edc8c825f36e,0.0000,13.1934,1.0000,0.0000,0.0000,0.0000,0.1111
46624bde-5aa1-497e-8cf3-3615e70bc3fa,adc5de5d-5f7a-4315-ae7c-01194bb38567,0.0000,7.4073,1.0000,0.0000,0.0000,0.0000,0.1111
46624bde-5aa1-497e-8cf3-3615e70bc3fa,1977a7f8-0fe7-41af-a87a-76cfb1713877,2.0000,8.8523,0.5000,2.0000,2.0000,0.6667,0.2500
46624bde-5aa1-497e-8cf3-3615e70bc3fa,8a1e5a0f-87f3-4a3c-8afc-6d403b90401e,0.0000,11.6377,1.0000,0.0000,0.0000,0.6667,0.1111
46624bde-5aa1-497e-8cf3-3615e70bc3fa,059ef947-4a12-4833-add6-17c6f7c41a05,0.0000,9.6707,1.0000,0.0000,0.0000,0.0000,0.0000
46624bde-5aa1-497e-8cf3-3615e70bc3fa,fa8a729c-880c-4ec4-b231-decd82e1496a,2.0000,9.9353,0.5000,2.0000,2.0000,0.0000,0.1000
46624bde-5aa1-497e-8cf3-3615e70bc3fa,1f060904-d763-45c4-adb3-0bcccf916f16,2.0000,12.1159,0.5000,2.0000,2.0000,0.0000,0.1000
46624bde-5aa1-497e-8cf3-3615e70bc3fa,3525aec3-2b10-4958-977b-1d0db69061e1,2.0000,10.8645,0.5000,2.0000,2.0000,0.6667,0.1818
46624bde-5aa1-497e-8cf3-3615e70bc3fa,4dc55917-1ad9-4f41-a4a5-efa709d235d9,2.0000,7.8170,0.5000,2.0000,2.0000,0.6667,0.1000
46624bde-5aa1-497e-8cf3-3615e70bc3fa,b20b4a65-b7c6-4cea-b79f-6a6db36ffdb1,0.0000,9.7998,1.0000,0.0000,0.0000,0.0000,0.1111
46624bde-5aa1-497e-8cf3-3615e70bc3fa,dfc01f3d-0bd7-4b56-aaac-87f7635b8f94,0.0000,10.0868,1.0000,0.0000,0.0000,0.0000,0.1667
46624bde-5aa1-497e-8cf3-3615e70bc3fa,2a693e8a-5f1a-4c10-9dbe-32a95fdb6c21,0.0000,13.9898,1.0000,0.0000,0.0000,0.6667,0.0000
46624bde-5aa1-497e-8cf3-3615e70bc3fa,afa62b93-9459-4a3d-b943-44e88f2ba832,0.0000,15.1502,1.0000,0.0000,0.0000,0.6667,0.0000
46624bde-5aa1-497e-8cf3-3615e70bc3fa,6a574a63-684b-4e8e-86d8-56c4ef182e83,0.0000,12.9145,1.0000,0.0000,0.0000,0.6667,0.0556
46624bde-5aa1-497e-8cf3-3615e70bc3fa,5fc2040b-5445-448e-bdf1-c32854189d53,0.0000,15.5228,1.0000,0.0000,0.0000,0.6667,0.0556
46624bde-5aa1-497e-8cf3-3615e70bc3fa,2d8a413c-9727-4a6a-8fc0-42bb4d8573d2,0.0000,13.3769,1.0000,0.0000,0.0000,0.6667,0.1111
46624bde-5aa1-497e-8cf3-3615e70bc3fa,61f121ba-cb60-465c-a2f5-9f2f14974ee8,2.0000,6.8155,0.5000,2.0000,2.0000,0.6667,0.0000
46624bde-5aa1-497e-8cf3-3615e70bc3fa,905bd711-6c1a-4bb8-9c8d-808f8a4b9705,0.0000,10.9302,1.0000,0.0000,0.0000,0.6667,0.1818
46624bde-5aa1-497e-8cf3-3615e70bc3fa,925fcff5-826c-4439-8315-4d6434f6f7db,0.0000,10.1964,1.0000,0.0000,0.0000,0.0000,0.0000
46624bde-5aa1-497e-8cf3-3615e70bc3fa,fafe7552-d597-4e47-b1bb-0abd8cdcfe25,0.0000,14.5130,1.0000,0.0000,0.0000,0.6667,0.1111
46624bde-5aa1-497e-8cf3-3615e70bc3fa,2be2d465-90ce-4beb-b5dc-6c92bdf23287,0.0000,15.1550,1.0000,0.0000,0.0000,0.6667,0.1000
46624bde-5aa1-497e-8cf3-3615e70bc3fa,62694c2b-296e-4ea6-b29f-d6fce70f4ee0,0.0000,7.9391,1.0000,0.0000,0.0000,0.0000,0.0000
46624bde-5aa1-497e-8cf3-3615e70bc3fa,4a9b7b3e-39f8-4542-b6a3-2cdddbc64b84,0.0000,9.9088,1.0000,0.0000,0.0000,0.0000,0.2222
46624bde-5aa1-497e-8cf3-3615e70bc3fa,f2f08e2f-79b8-4a56-92e9-cfc0e2b94f70,2.0000,10.5415,0.5000,2.0000,2.0000,0.0000,0.2500
46624bde-5aa1-497e-8cf3-3615e70bc3fa,5a3d63bf-344c-4e6e-bc93-50b3b9150d26,0.0000,15.3739,1.0000,0.0000,0.0000,0.6667,0.0556
46624bde-5aa1-497e-8cf3-3615e70bc3fa,5c6cea65-33e0-4403-ac24-1f3e986820f5,2.0000,10.8355,0.5000,2.0000,2.0000,0.0000,0.1000
46624bde-5aa1-497e-8cf3-3615e70bc3fa,ce289378-48db-4c5b-817b-85a3f7170b6d,2.0000,11.1544,0.5000,2.0000,2.0000,0.6667,0.3077
46624bde-5aa1-497e-8cf3-3615e70bc3fa,8e122a6e-999f-4977-b4e1-21eb03cae87d,2.0000,8.7395,0.5000,2.0000,2.0000,0.0000,0.2174
46624bde-5aa1-497e-8cf3-3615e70bc3fa,6a94bf0c-f443-448e-ba57-f3aa2805cb05,0.0000,12.1694,1.0000,0.0000,0.0000,0.6667,0.0526
46624bde-5aa1-497e-8cf3-3615e70bc3fa,cfb5d567-1d11-4a1e-9030-f9ea119d29ab,0.0000,14.2010,1.0000,0.0000,0.0000,0.6667,0.1667
46624bde-5aa1-497e-8cf3-3615e70bc3fa,bd111f97-40ec-48c2-9537-3f4585fd3c61,0.0000,12.5731,1.0000,0.0000,0.0000,0.6667,0.1667
46624bde-5aa1-497e-8cf3-3615e70bc3fa,56043fae-9517-4a04-b8ca-05c203f26132,0.0000,14.4203,1.0000,0.0000,0.0000,0.6667,0.2778
46624bde-5aa1-497e-8cf3-3615e70bc3fa,cf50eb11-df20-4705-8b1b-2d77ce2403ef,0.0000,12.1838,1.0000,0.0000,0.0000,0.0000,0.0556
46624bde-5aa1-497e-8cf3-3615e70bc3fa,5de87467-8cbd-4a2d-90a3-7e283de285fa,0.0000,14.2475,1.0000,0.0000,0.0000,0.6667,0.0000
46624bde-5aa1-497e-8cf3-3615e70bc3fa,dcf216e8-416d-44ea-80bf-2587651dfd37,0.0000,14.6980,1.0000,0.0000,0.0000,0.6667,0.0000
46624bde-5aa1-497e-8cf3-3615e70bc3fa,e163b85d-9f81-4c13-8c8c-521c33484e74,2.0000,9.3224,0.5000,2.0000,2.0000,0.0000,0.2800
46624bde-5aa1-497e-8cf3-3615e70bc3fa,0f5bc599-7a61-4792-8bf7-b9f78eec50fc,2.0000,5.7952,0.5000,2.0000,2.0000,0.6667,0.2174
46624bde-5aa1-497e-8cf3-3615e70bc3fa,e5a14bb0-fea4-41eb-9bdd-aed3acec68b7,0.0000,8.4162,1.0000,0.0000,0.0000,0.0000,0.1111
46624bde-5aa1-497e-8cf3-3615e70bc3fa,d5cb26d7-030e-4b27-a7fc-8913c4a80794,2.0000,10.7622,0.5000,2.0000,2.0000,0.0000,0.2174
46624bde-5aa1-497e-8cf3-3615e70bc3fa,0f63c729-6dbc-48c2-9f43-89c37de9818f,0.0000,13.0682,1.0000,0.0000,0.0000,0.6667,0.0556
46624bde-5aa1-497e-8cf3-3615e70bc3fa,d73b320a-790d-4a0e-b13f-02a09cbaf3bf,0.0000,11.5011,1.0000,0.0000,0.0000,0.6667,0.0526
46624bde-5aa1-497e-8cf3-3615e70bc3fa,6f8acc59-cbf2-4b96-be3f-d5173828b422,0.0000,0.4488,1.0000,0.0000,0.0000,0.0000,0.1000
46624bde-5aa1-497e-8cf3-3615e70bc3fa,a9bef44c-9e90-409b-9b07-93db1d3be774,2.0000,8.9956,0.5000,2.0000,2.0000,0.0000,0.2800
46624bde-5aa1-497e-8cf3-3615e70bc3fa,62d0e0ab-0ed6-401f-b329-a12d20a79fb8,0.0000,10.1837,1.0000,0.0000,0.0000,0.6667,0.0526
46624bde-5aa1-497e-8cf3-3615e70bc3fa,c8403da2-d968-494c-bbbe-bc7855b370ab,0.0000,4.8244,1.0000,0.0000,0.0000,0.0000,0.1667
46624bde-5aa1-497e-8cf3-3615e70bc3fa,49e59cdd-4809-43f6-b618-1d0396a89857,2.0000,12.0049,0.5000,2.0000,2.0000,0.0000,0.3077
46624bde-5aa1-497e-8cf3-3615e70bc3fa,ccfc5874-fe2c-4d37-ab22-2f8deae33eae,2.0000,11.1701,0.5000,2.0000,2.0000,0.6667,0.2174
46624bde-5aa1-497e-8cf3-3615e70bc3fa,2b35aae8-7d5a-4e25-bd0b-8ae554405fa5,0.0000,7.0834,1.0000,0.0000,0.0000,0.0000,0.1667
46624bde-5aa1-497e-8cf3-3615e70bc3fa,642ee07e-29b6-45a7-9826-aa2f8e6f6fda,2.0000,4.6209,0.5000,2.0000,2.0000,0.0000,0.2800
46624bde-5aa1-497e-8cf3-3615e70bc3fa,18f05cad-c4a5-45a2-afda-2c6693684b81,0.0000,11.5179,1.0000,0.0000,0.0000,0.6667,0.1111
46624bde-5aa1-497e-8cf3-3615e70bc3fa,6db16bc6-1a3a-47dc-9b2e-e489ff3a30d3,2.0000,10.2534,0.5000,2.0000,2.0000,0.6667,0.2174
46624bde-5aa1-497e-8cf3-3615e70bc3fa,cf2e50ca-eb53-4a77-97c9-065f239b9c28,0.0000,13.2821,1.0000,0.0000,0.0000,0.6667,0.1667
46624bde-5aa1-497e-8cf3-3615e70bc3fa,2003d6e5-1b34-47a0-80b4-f960cc4d1c06,0.0000,11.5516,1.0000,0.0000,0.0000,0.0000,0.0526
46624bde-5aa1-497e-8cf3-3615e70bc3fa,692df9b4-47d2-48c1-8732-aa2dbd856038,0.0000,13.7700,1.0000,0.0000,0.0000,0.6667,0.1000
46624bde-5aa1-497e-8cf3-3615e70bc3fa,853d8cdf-bbba-40fe-bc3c-9dbf4a72e3ba,0.0000,11.0420,1.0000,0.0000,0.0000,0.0000,0.0526
46624bde-5aa1-497e-8cf3-3615e70bc3fa,2517b72c-41df-4f4a-a74f-4e6a4d8fb9a6,0.0000,10.9787,1.0000,0.0000,0.0000,0.0000,0.2174
46624bde-5aa1-497e-8cf3-3615e70bc3fa,f761d41a-5220-42bf-872b-6a75cea6e24b,0.0000,13.6015,1.0000,0.0000,0.0000,0.6667,0.1111
46624bde-5aa1-497e-8cf3-3615e70bc3fa,e8b9141c-9944-4c1d-beb1-2a3921ab8e1a,2.0000,10.6873,0.5000,2.0000,2.0000,0.0000,0.3333
46624bde-5aa1-497e-8cf3-3615e70bc3fa,ff4975cc-52b8-41ed-8a6f-c69487eab5e8,0.0000,8.8958,1.0000,0.0000,0.0000,0.0000,0.0556
46624bde-5aa1-497e-8cf3-3615e70bc3fa,22594200-2b3a-466f-9a4c-fc62849a043c,0.0000,9.8958,1.0000,0.0000,0.0000,0.0000,0.1000
46624bde-5aa1-497e-8cf3-3615e70bc3fa,76a03818-1adc-4462-a8d3-fd5cc8cde7c3,2.0000,7.8402,0.5000,2.0000,2.0000,0.6667,0.0526
46624bde-5aa1-497e-8cf3-3615e70bc3fa,14cbf3ff-91dd-4d34-92fe-f218d90b36a1,0.0000,9.3224,1.0000,0.0000,0.0000,0.6667,0.0556
3483eab6-2e3b-4326-b369-daa88b145f21,61eebde7-4d44-4dd7-a41c-6373faa852aa,0.0000,8.6433,1.0000,0.0000,0.0000,0.0000,0.2778
3483eab6-2e3b-4326-b369-daa88b145f21,997f6bd9-71cb-4181-9303-399913c68290,2.0000,12.5818,0.5000,2.0000,2.0000,0.6667,0.2778
3483eab6-2e3b-4326-b369-daa88b145f21,4225df02-934f-4779-beef-3f883013d6d5,0.0000,6.1812,1.0000,0.0000,0.0000,0.0000,0.4091
3483eab6-2e3b-4326-b369-daa88b145f21,7027df40-ab9c-4d2e-8129-75fd9ca3a371,2.0000,9.6406,0.5000,2.0000,2.0000,0.0000,0.4583
3483eab6-2e3b-4326-b369-daa88b145f21,c81223c8-1271-4efe-9fee-7ad2daceec55,0.0000,11.6247,1.0000,0.0000,0.0000,0.6667,0.2778
3483eab6-2e3b-4326-b369-daa88b145f21,3f55c60e-0aa5-4089-94f4-a7e685e1b692,2.0000,7.4078,0.5000,2.0000,2.0000,0.6667,0.4583
3483eab6-2e3b-4326-b369-daa88b145f21,e25c21b8-6a65-4804-b483-494865ea5fe4,0.0000,14.2271,1.0000,0.0000,0.0000,0.6667,0.2778
3483eab6-2e3b-4326-b369-daa88b145f21,8c1ea269-2643-4e1f-9c37-0b796361a792,0.0000,6.0139,1.0000,0.0000,0.0000,0.0000,0.0714
3483eab6-2e3b-4326-b369-daa88b145f21,ceec740e-dd0f-4050-aaad-3bb7576df8ed,0.0000,10.5328,1.0000,0.0000,0.0000,0.0000,0.2778
3483eab6-2e3b-4326-b369-daa88b145f21,a3f69495-a21b-448b-82c9-57efa81700cd,2.0000,8.7887,0.5000,2.0000,2.0000,0.0000,0.5357
3483eab6-2e3b-4326-b369-daa88b145f21,c8f7e77f-612a-4780-9a35-fa8644e8ae5a,2.0000,9.2145,0.5000,2.0000,2.0000,0.6667,0.3500
3483eab6-2e3b-4326-b369-daa88b145f21,e86e18ef-a902-4527-9be4-59d24519eed6,0.0000,10.4978,1.0000,0.0000,0.0000,0.0000,0.2353
3483eab6-2e3b-4326-b369-daa88b145f21,0c0f2152-377c-422f-8052-b0dc0153ae0a,0.0000,11.7990,1.0000,0.0000,0.0000,0.6667,0.2353
3483eab6-2e3b-4326-b369-daa88b145f21,f0fe03d1-14fe-4cd5-9497-d0c224b284cd,0.0000,16.3183,1.0000,0.0000,0.0000,0.6667,0.1333
3483eab6-2e3b-4326-b369-daa88b145f21,46b81f92-9499-424e-aa38-0af32369c9ab,2.0000,9.8713,0.5000,2.0000,2.0000,0.0000,0.4348
3483eab6-2e3b-4326-b369-daa88b145f21,74e1172e-bf77-4868-a39e-fd314e3df33b,0.0000,4.5685,1.0000,0.0000,0.0000,0.0000,0.2353
3483eab6-2e3b-4326-b369-daa88b145f21,b07b7f86-1bbf-4c6a-b8f2-d3a602704355,0.0000,2.4078,1.0000,0.0000,0.0000,0.0000,0.3500
3483eab6-2e3b-4326-b369-daa88b145f21,4da9a570-5edf-44bd-b262-3de1664706ea,0.0000,6.6960,1.0000,0.0000,0.0000,0.0000,0.3810
3483eab6-2e3b-4326-b369-daa88b145f21,7105fb47-b5e3-46e7-9197-d83c0f4526aa,0.0000,8.4241,1.0000,0.0000,0.0000,0.0000,0.2778
3483eab6-2e3b-4326-b369-daa88b145f21,cc43ad38-fb37-4584-b672-7e13df12000d,0.0000,11.9759,1.0000,0.0000,0.0000,0.6667,0.1875
3483eab6-2e3b-4326-b369-daa88b145f21,6f14499e-d0d7-4bef-a1f0-86d3cc46e4dc,0.0000,9.0715,1.0000,0.0000,0.0000,0.6667,0.3500
3483eab6-2e3b-4326-b369-daa88b145f21,0997d41c-6d90-4c74-9ca2-a03e0dfe6499,0.0000,8.4295,1.0000,0.0000,0.0000,0.0000,0.2778
3483eab6-2e3b-4326-b369-daa88b145f21,2e68bde0-2ec3-4d13-9c70-4a6edcc253f8,0.0000,12.1357,1.0000,0.0000,0.0000,0.6667,0.2778
3483eab6-2e3b-4326-b369-daa88b145f21,22c05025-cd65-4fd6-b42b-e1e1318adfe3,2.0000,10.3428,0.5000,2.0000,2.0000,0.6667,0.2353
3483eab6-2e3b-4326-b369-daa88b145f21,52690bf0-6649-4e43-81a1-f4d14d84c9bb,2.0000,9.3313,0.5000,2.0000,2.0000,0.6667,0.5000
3483eab6-2e3b-4326-b369-daa88b145f21,aa0e625f-0115-4592-a2d1-f12ab8f8fd07,0.0000,3.8015,1.0000,0.0000,0.0000,0.0000,0.3158
3483eab6-2e3b-4326-b369-daa88b145f21,a34b9a88-6139-4498-8cb4-7dc14826736b,0.0000,14.8974,1.0000,0.0000,0.0000,0.0000,0.0714
3483eab6-2e3b-4326-b369-daa88b145f21,fc38c551-9fce-4cb9-989c-e14a15ec343d,0.0000,7.1227,1.0000,0.0000,0.0000,0.0000,0.3500
3483eab6-2e3b-4326-b369-daa88b145f21,282804f0-eeaf-4337-b99e-edc8c825f36e,0.0000,11.1049,1.0000,0.0000,0.0000,0.6667,0.1875
3483eab6-2e3b-4326-b369-daa88b145f21,adc5de5d-5f7a-4315-ae7c-01194bb38567,0.0000,9.2494,1.0000,0.0000,0.0000,0.6667,0.1875
3483eab6-2e3b-4326-b369-daa88b145f21,1977a7f8-0fe7-41af-a87a-76cfb1713877,2.0000,6.9596,0.5000,2.0000,2.0000,0.6667,0.4583
3483eab6-2e3b-4326-b369-daa88b145f21,8a1e5a0f-87f3-4a3c-8afc-6d403b90401e,0.0000,10.8073,1.0000,0.0000,0.0000,0.6667,0.1875
3483eab6-2e3b-4326-b369-daa88b145f21,059ef947-4a12-4833-add6-17c6f7c41a05,0.0000,11.3628,1.0000,0.0000,0.0000,0.6667,0.2778
3483eab6-2e3b-4326-b369-daa88b145f21,fa8a729c-880c-4ec4-b231-decd82e1496a,2.0000,7.3523,0.5000,2.0000,2.0000,0.6667,0.3500
3483eab6-2e3b-4326-b369-daa88b145f21,1f060904-d763-45c4-adb3-0bcccf916f16,2.0000,7.3620,0.5000,2.0000,2.0000,0.6667,0.3500
3483eab6-2e3b-4326-b369-daa88b145f21,3525aec3-2b10-4958-977b-1d0db69061e1,2.0000,9.5675,0.5000,2.0000,2.0000,0.0000,0.4091
3483eab6-2e3b-4326-b369-daa88b145f21,4dc55917-1ad9-4f41-a4a5-efa709d235d9,2.0000,10.3310,0.5000,2.0000,2.0000,0.6667,0.3500
3483eab6-2e3b-4326-b369-daa88b145f21,b20b4a65-b7c6-4cea-b79f-6a6db36ffdb1,0.0000,10.8173,1.0000,0.0000,0.0000,0.6667,0.1875
3483eab6-2e3b-4326-b369-daa88b145f21,dfc01f3d-0bd7-4b56-aaac-87f7635b8f94,0.0000,13.0791,1.0000,0.0000,0.0000,0.6667,0.1333
3483eab6-2e3b-4326-b369-daa88b145f21,2a693e8a-5f1a-4c10-9dbe-32a95fdb6c21,0.0000,6.6370,1.0000,0.0000,0.0000,0.0000,0.2778
3483eab6-2e3b-4326-b369-daa88b145f21,afa62b93-9459-4a3d-b943-44e88f2ba832,0.0000,10.6761,1.0000,0.0000,0.0000,0.0000,0.2778
3483eab6-2e3b-4326-b369-daa88b145f21,6a574a63-684b-4e8e-86d8-56c4ef182e83,0.0000,10.9483,1.0000,0.0000,0.0000,0.0000,0.2353
3483eab6-2e3b-4326-b369-daa88b145f21,5fc2040b-5445-448e-bdf1-c32854189d53,0.0000,11.0732,1.0000,0.0000,0.0000,0.0000,0.2353
3483eab6-2e3b-4326-b369-daa88b145f21,2d8a413c-9727-4a6a-8fc0-42bb4d8573d2,0.0000,3.3246,1.0000,0.0000,0.0000,0.0000,0.1875
3483eab6-2e3b-4326-b369-daa88b145f21,61f121ba-cb60-465c-a2f5-9f2f14974ee8,2.0000,8.8060,0.5000,2.0000,2.0000,0.6667,0.2778
3483eab6-2e3b-4326-b369-daa88b145f21,905bd711-6c1a-4bb8-9c8d-808f8a4b9705,0.0000,10.7352,1.0000,0.0000,0.0000,0.0000,0.4091
3483eab6-2e3b-4326-b369-daa88b145f21,925fcff5-826c-4439-8315-4d6434f6f7db,0.0000,14.2975,1.0000,0.0000,0.0000,0.6667,0.2778
3483eab6-2e3b-4326-b369-daa88b145f21,fafe7552-d597-4e47-b1bb-0abd8cdcfe25,0.0000,5.7565,1.0000,0.0000,0.0000,0.0000,0.1875
3483eab6-2e3b-4326-b369-daa88b145f21,2be2d465-90ce-4beb-b5dc-6c92bdf23287,0.0000,10.7863,1.0000,0.0000,0.0000,0.0000,0.3500
3483eab6-2e3b-4326-b369-daa88b145f21,62694c2b-296e-4ea6-b29f-d6fce70f4ee0,0.0000,12.6376,1.0000,0.0000,0.0000,0.6667,0.2778
3483eab6-2e3b-4326-b369-daa88b145f21,4a9b7b3e-39f8-4542-b6a3-2cdddbc64b84,0.0000,12.9884,1.0000,0.0000,0.0000,0.6667,0.0714
3483eab6-2e3b-4326-b369-daa88b145f21,f2f08e2f-79b8-4a56-92e9-cfc0e2b94f70,2.0000,6.7773,0.5000,2.0000,2.0000,0.6667,0.4583
3483eab6-2e3b-4326-b369-daa88b145f21,5a3d63bf-344c-4e6e-bc93-50b3b9150d26,0.0000,8.6620,1.0000,0.0000,0.0000,0.0000,0.2353
3483eab6-2e3b-4326-b369-daa88b145f21,5c6cea65-33e0-4403-ac24-1f3e986820f5,2.0000,11.1582,0.5000,2.0000,2.0000,0.6667,0.3500
3483eab6-2e3b-4326-b369-daa88b145f21,ce289378-48db-4c5b-817b-85a3f7170b6d,2.0000,8.9053,0.5000,2.0000,2.0000,0.0000,0.5000
3483eab6-2e3b-4326-b369-daa88b145f21,8e122a6e-999f-4977-b4e1-21eb03cae87d,2.0000,4.8864,0.5000,2.0000,2.0000,0.6667,0.4348
3483eab6-2e3b-4326-b369-daa88b145f21,6a94bf0c-f443-448e-ba57-f3aa2805cb05,0.0000,11.2078,1.0000,0.0000,0.0000,0.0000,0.3158
3483eab6-2e3b-4326-b369-daa88b145f21,cfb5d567-1d11-4a1e-9030-f9ea119d29ab,0.0000,6.1310,1.0000,0.0000,0.0000,0.0000,0.1333
3483eab6-2e3b-4326-b369-daa88b145f21,bd111f97-40ec-48c2-9537-3f4585fd3c61,0.0000,9.8905,1.0000,0.0000,0.0000,0.0000,0.1333
3483eab6-2e3b-4326-b369-daa88b145f21,56043fae-9517-4a04-b8ca-05c203f26132,0.0000,3.4045,1.0000,0.0000,0.0000,0.0000,0.0000
3483eab6-2e3b-4326-b369-daa88b145f21,cf50eb11-df20-4705-8b1b-2d77ce2403ef,0.0000,12.3488,1.0000,0.0000,0.0000,0.6667,0.2353
3483eab6-2e3b-4326-b369-daa88b145f21,5de87467-8cbd-4a2d-90a3-7e283de285fa,0.0000,6.0390,1.0000,0.0000,0.0000,0.0000,0.2778
3483eab6-2e3b-4326-b369-daa88b145f21,dcf216e8-416d-44ea-80bf-2587651dfd37,0.0000,6.2973,1.0000,0.0000,0.0000,0.0000,0.2778
3483eab6-2e3b-4326-b369-daa88b145f21,e163b85d-9f81-4c13-8c8c-521c33484e74,2.0000,7.5500,0.5000,2.0000,2.0000,0.6667,0.4800
3483eab6-2e3b-4326-b369-daa88b145f21,0f5bc599-7a61-4792-8bf7-b9f78eec50fc,2.0000,11.1125,0.5000,2.0000,2.0000,0.0000,0.4348
3483eab6-2e3b-4326-b369-daa88b145f21,e5a14bb0-fea4-41eb-9bdd-aed3acec68b7,0.0000,8.8989,1.0000,0.0000,0.0000,0.6667,0.1875
3483eab6-2e3b-4326-b369-daa88b145f21,d5cb26d7-030e-4b27-a7fc-8913c4a80794,2.0000,2.9362,0.5000,2.0000,2.0000,0.6667,0.4348
3483eab6-2e3b-4326-b369-daa88b145f21,0f63c729-6dbc-48c2-9f43-89c37de9818f,0.0000,6.2594,1.0000,0.0000,0.0000,0.0000,0.2353
3483eab6-2e3b-4326-b369-daa88b145f21,d73b320a-790d-4a0e-b13f-02a09cbaf3bf,0.0000,10.9324,1.0000,0.0000,0.0000,0.0000,0.3158
3483eab6-2e3b-4326-b369-daa88b145f21,6f8acc59-cbf2-4b96-be3f-d5173828b422,0.0000,11.8004,1.0000,0.0000,0.0000,0.6667,0.3500
3483eab6-2e3b-4326-b369-daa88b145f21,a9bef44c-9e90-409b-9b07-93db1d3be774,2.0000,7.2928,0.5000,2.0000,2.0000,0.6667,0.4800
3483eab6-2e3b-4326-b369-daa88b145f21,62d0e0ab-0ed6-401f-b329-a12d20a79fb8,0.0000,15.4243,1.0000,0.0000,0.0000,0.0000,0.3158
3483eab6-2e3b-4326-b369-daa88b145f21,c8403da2-d968-494c-bbbe-bc7855b370ab,0.0000,10.6777,1.0000,0.0000,0.0000,0.6667,0.1333
3483eab6-2e3b-4326-b369-daa88b145f21,49e59cdd-4809-43f6-b618-1d0396a89857,2.0000,8.2811,0.5000,2.0000,2.0000,0.6667,0.5000
3483eab6-2e3b-4326-b369-daa88b145f21,ccfc5874-fe2c-4d37-ab22-2f8deae33eae,2.0000,7.6991,0.5000,2.0000,2.0000,0.0000,0.4348
3483eab6-2e3b-4326-b369-daa88b145f21,2b35aae8-7d5a-4e25-bd0b-8ae554405fa5,0.0000,14.1950,1.0000,0.0000,0.0000,0.6667,0.1333
3483eab6-2e3b-4326-b369-daa88b145f21,642ee07e-29b6-45a7-9826-aa2f8e6f6fda,2.0000,8.4578,0.5000,2.0000,2.0000,0.6667,0.4800
3483eab6-2e3b-4326-b369-daa88b145f21,18f05cad-c4a5-45a2-afda-2c6693684b81,0.0000,7.7115,1.0000,0.0000,0.0000,0.6667,0.1875
3483eab6-2e3b-4326-b369-daa88b145f21,6db16bc6-1a3a-47dc-9b2e-e489ff3a30d3,2.0000,3.3804,0.5000,2.0000,2.0000,0.6667,0.4348
3483eab6-2e3b-4326-b369-daa88b145f21,cf2e50ca-eb53-4a77-97c9-065f239b9c28,0.0000,9.0308,1.0000,0.0000,0.0000,0.6667,0.1333
3483eab6-2e3b-4326-b369-daa88b145f21,2003d6e5-1b34-47a0-80b4-f960cc4d1c06,0.0000,9.4967,1.0000,0.0000,0.0000,0.6667,0.3158
3483eab6-2e3b-4326-b369-daa88b145f21,692df9b4-47d2-48c1-8732-aa2dbd856038,0.0000,3.6950,1.0000,0.0000,0.0000,0.0000,0.3500
3483eab6-2e3b-4326-b369-daa88b145f21,853d8cdf-bbba-40fe-bc3c-9dbf4a72e3ba,0.0000,8.4400,1.0000,0.0000,0.0000,0.6667,0.3158
3483eab6-2e3b-4326-b369-daa88b145f21,2517b72c-41df-4f4a-a74f-4e6a4d8fb9a6,0.0000,12.1184,1.0000,0.0000,0.0000,0.6667,0.4348
3483eab6-2e3b-4326-b369-daa88b145f21,f761d41a-5220-42bf-872b-6a75cea6e24b,0.0000,6.4663,1.0000,0.0000,0.0000,0.0000,0.1875
3483eab6-2e3b-4326-b369-daa88b145f21,e8b9141c-9944-4c1d-beb1-2a3921ab8e1a,2.0000,8.2254,0.5000,2.0000,2.0000,0.6667,0.5185
3483eab6-2e3b-4326-b369-daa88b145f21,ff4975cc-52b8-41ed-8a6f-c69487eab5e8,0.0000,12.0098,1.0000,0.0000,0.0000,0.6667,0.2353
3483eab6-2e3b-4326-b369-daa88b145f21,22594200-2b3a-466f-9a4c-fc62849a043c,0.0000,6.1465,1.0000,0.0000,0.0000,0.6667,0.3500
3483eab6-2e3b-4326-b369-daa88b145f21,76a03818-1adc-4462-a8d3-fd5cc8cde7c3,2.0000,10.0736,0.5000,2.0000,2.0000,0.6667,0.3158
3483eab6-2e3b-4326-b369-daa88b145f21,14cbf3ff-91dd-4d34-92fe-f218d90b36a1,0.0000,10.8665,1.0000,0.0000,0.0000,0.0000,0.2353
61eebde7-4d44-4dd7-a41c-6373faa852aa,997f6bd9-71cb-4181-9303-399913c68290,2.0000,10.8235,0.5000,2.0000,2.0000,0.6667,0.0000
61eebde7-4d44-4dd7-a41c-6373faa852aa,4225df02-934f-4779-beef-3f883013d6d5,0.0000,9.9995,1.0000,0.0000,0.0000,0.0000,0.1818
61eebde7-4d44-4dd7-a41c-6373faa852aa,7027df40-ab9c-4d2e-8129-75fd9ca3a371,2.0000,8.3796,0.5000,2.0000,2.0000,0.0000,0.2500
61eebde7-4d44-4dd7-a41c-6373faa852aa,c81223c8-1271-4efe-9fee-7ad2daceec55,0.0000,10.9355,1.0000,0.0000,0.0000,0.6667,0.0000
61eebde7-4d44-4dd7-a41c-6373faa852aa,3f55c60e-0aa5-4089-94f4-a7e685e1b692,2.0000,12.5561,0.5000,2.0000,2.0000,0.6667,0.2500
61eebde7-4d44-4dd7-a41c-6373faa852aa,e25c21b8-6a65-4804-b483-494865ea5fe4,0.0000,11.3499,1.0000,0.0000,0.0000,0.6667,0.0000
61eebde7-4d44-4dd7-a41c-6373faa852aa,8c1ea269-2643-4e1f-9c37-0b796361a792,0.0000,9.6433,1.0000,0.0000,0.0000,0.0000,0.2222
61eebde7-4d44-4dd7-a41c-6373faa852aa,ceec740e-dd0f-4050-aaad-3bb7576df8ed,0.0000,14.8419,1.0000,0.0000,0.0000,0.0000,0.0000
61eebde7-4d44-4dd7-a41c-6373faa852aa,a3f69495-a21b-448b-82c9-57efa81700cd,2.0000,6.9614,0.5000,2.0000,2.0000,0.0000,0.3571
61eebde7-4d44-4dd7-a41c-6373faa852aa,c8f7e77f-612a-4780-9a35-fa8644e8ae5a,2.0000,10.2778,0.5000,2.0000,2.0000,0.6667,0.1000
61eebde7-4d44-4dd7-a41c-6373faa852aa,e86e18ef-a902-4527-9be4-59d24519eed6,0.0000,7.6240,1.0000,0.0000,0.0000,0.0000,0.0556
61eebde7-4d44-4dd7-a41c-6373faa852aa,0c0f2152-377c-422f-8052-b0dc0153ae0a,0.0000,10.4494,1.0000,0.0000,0.0000,0.6667,0.0556
61eebde7-4d44-4dd7-a41c-6373faa852aa,f0fe03d1-14fe-4cd5-9497-d0c224b284cd,0.0000,10.7159,1.0000,0.0000,0.0000,0.6667,0.1667
61eebde7-4d44-4dd7-a41c-6373faa852aa,46b81f92-9499-424e-aa38-0af32369c9ab,2.0000,9.7365,0.5000,2.0000,2.0000,0.0000,0.2174
61eebde7-4d44-4dd7-a41c-6373faa852aa,74e1172e-bf77-4868-a39e-fd314e3df33b,0.0000,12.4390,1.0000,0.0000,0.0000,0.0000,0.0556
61eebde7-4d44-4dd7-a41c-6373faa852aa,b07b7f86-1bbf-4c6a-b8f2-d3a602704355,0.0000,10.0893,1.0000,0.0000,0.0000,0.0000,0.1000
61eebde7-4d44-4dd7-a41c-6373faa852aa,4da9a570-5edf-44bd-b262-3de1664706ea,0.0000,8.0545,1.0000,0.0000,0.0000,0.0000,0.1429
61eebde7-4d44-4dd7-a41c-6373faa852aa,7105fb47-b5e3-46e7-9197-d83c0f4526aa,0.0000,4.5043,1.0000,0.0000,0.0000,0.0000,0.0000
61eebde7-4d44-4dd7-a41c-6373faa852aa,cc43ad38-fb37-4584-b672-7e13df12000d,0.0000,9.4071,1.0000,0.0000,0.0000,0.6667,0.1111
61eebde7-4d44-4dd7-a41c-6373faa852aa,6f14499e-d0d7-4bef-a1f0-86d3cc46e4dc,0.0000,13.2528,1.0000,0.0000,0.0000,0.6667,0.1000
61eebde7-4d44-4dd7-a41c-6373faa852aa,0997d41c-6d90-4c74-9ca2-a03e0dfe6499,0.0000,4.6038,1.0000,0.0000,0.0000,0.0000,0.0000
61eebde7-4d44-4dd7-a41c-6373faa852aa,2e68bde0-2ec3-4d13-9c70-4a6edcc253f8,0.0000,13.6327,1.0000,0.0000,0.0000,0.6667,0.0000
61eebde7-4d44-4dd7-a41c-6373faa852aa,22c05025-cd65-4fd6-b42b-e1e1318adfe3,2.0000,9.4276,0.5000,2.0000,2.0000,0.6667,0.0556
61eebde7-4d44-4dd7-a41c-6373faa852aa,52690bf0-6649-4e43-81a1-f4d14d84c9bb,2.0000,13.1449,0.5000,2.0000,2.0000,0.6667,0.3077
61eebde7-4d44-4dd7-a41c-6373faa852aa,aa0e625f-0115-4592-a2d1-f12ab8f8fd07,0.0000,10.7059,1.0000,0.0000,0.0000,0.0000,0.0526
61eebde7-4d44-4dd7-a41c-6373faa852aa,a34b9a88-6139-4498-8cb4-7dc14826736b,0.0000,9.4340,1.0000,0.0000,0.0000,0.0000,0.2222
61eebde7-4d44-4dd7-a41c-6373faa852aa,fc38c551-9fce-4cb9-989c-e14a15ec343d,0.0000,15.0283,1.0000,0.0000,0.0000,0.0000,0.1000
61eebde7-4d44-4dd7-a41c-6373faa852aa,282804f0-eeaf-4337-b99e-edc8c825f36e,0.0000,13.6875,1.0000,0.0000,0.0000,0.6667,0.1111
61eebde7-4d44-4dd7-a41c-6373faa852aa,adc5de5d-5f7a-4315-ae7c-01194bb38567,0.0000,14.1386,1.0000,0.0000,0.0000,0.6667,0.1111
61eebde7-4d44-4dd7-a41c-6373faa852aa,1977a7f8-0fe7-41af-a87a-76cfb1713877,2.0000,12.0962,0.5000,2.0000,2.0000,0.6667,0.2500
61eebde7-4d44-4dd7-a41c-6373faa852aa,8a1e5a0f-87f3-4a3c-8afc-6d403b90401e,0.0000,3.4763,1.0000,0.0000,0.0000,0.6667,0.1111
61eebde7-4d44-4dd7-a41c-6373faa852aa,059ef947-4a12-4833-add6-17c6f7c41a05,0.0000,13.6496,1.0000,0.0000,0.0000,0.6667,0.0000
61eebde7-4d44-4dd7-a41c-6373faa852aa,fa8a729c-880c-4ec4-b231-decd82e1496a,2.0000,6.8950,0.5000,2.0000,2.0000,0.6667,0.1000
61eebde7-4d44-4dd7-a41c-6373faa852aa,1f060904-d763-45c4-adb3-0bcccf916f16,2.0000,8.6729,0.5000,2.0000,2.0000,0.6667,0.1000
61eebde7-4d44-4dd7-a41c-6373faa852aa,3525aec3-2b10-4958-977b-1d0db69061e1,2.0000,7.7200,0.5000,2.0000,2.0000,0.0000,0.1818
61eebde7-4d44-4dd7-a41c-6373faa852aa,4dc55917-1ad9-4f41-a4a5-efa709d235d9,2.0000,8.5006,0.5000,2.0000,2.0000,0.6667,0.1000
61eebde7-4d44-4dd7-a41c-6373faa852aa,b20b4a65-b7c6-4cea-b79f-6a6db36ffdb1,0.0000,12.0025,1.0000,0.0000,0.0000,0.6667,0.1111
61eebde7-4d44-4dd7-a41c-6373faa852aa,dfc01f3d-0bd7-4b56-aaac-87f7635b8f94,0.0000,12.9787,1.0000,0.0000,0.0000,0.6667,0.1667
61eebde7-4d44-4dd7-a41c-6373faa852aa,2a693e8a-5f1a-4c10-9dbe-32a95fdb6c21,0.0000,14.6123,1.0000,0.0000,0.0000,0.0000,0.0000
61eebde7-4d44-4dd7-a41c-6373faa852aa,afa62b93-9459-4a3d-b943-44e88f2ba832,0.0000,7.7330,1.0000,0.0000,0.0000,0.0000,0.0000
61eebde7-4d44-4dd7-a41c-6373faa852aa,6a574a63-684b-4e8e-86d8-56c4ef182e83,0.0000,5.3348,1.0000,0.0000,0.0000,0.0000,0.0556
61eebde7-4d44-4dd7-a41c-6373faa852aa,5fc2040b-5445-448e-bdf1-c32854189d53,0.0000,9.9136,1.0000,0.0000,0.0000,0.0000,0.0556
61eebde7-4d44-4dd7-a41c-6373faa852aa,2d8a413c-9727-4a6a-8fc0-42bb4d8573d2,0.0000,10.5712,1.0000,0.0000,0.0000,0.0000,0.1111
61eebde7-4d44-4dd7-a41c-6373faa852aa,61f121ba-cb60-465c-a2f5-9f2f14974ee8,2.0000,8.9112,0.5000,2.0000,2.0000,0.6667,0.0000
61eebde7-4d44-4dd7-a41c-6373faa852aa,905bd711-6c1a-4bb8-9c8d-808f8a4b9705,0.0000,3.5605,1.0000,0.0000,0.0000,0.0000,0.1818
61eebde7-4d44-4dd7-a41c-6373faa852aa,925fcff5-826c-4439-8315-4d6434f6f7db,0.0000,16.2874,1.0000,0.0000,0.0000,0.6667,0.0000
61eebde7-4d44-4dd7-a41c-6373faa852aa,fafe7552-d597-4e47-b1bb-0abd8cdcfe25,0.0000,10.9957,1.0000,0.0000,0.0000,0.0000,0.1111
61eebde7-4d44-4dd7-a41c-6373faa852aa,2be2d465-90ce-4beb-b5dc-6c92bdf23287,0.0000,7.7024,1.0000,0.0000,0.0000,0.0000,0.1000
61eebde7-4d44-4dd7-a41c-6373faa852aa,62694c2b-296e-4ea6-b29f-d6fce70f4ee0,0.0000,13.9340,1.0000,0.0000,0.0000,0.6667,0.0000
61eebde7-4d44-4dd7-a41c-6373faa852aa,4a9b7b3e-39f8-4542-b6a3-2cdddbc64b84,0.0000,13.1153,1.0000,0.0000,0.0000,0.6667,0.2222
61eebde7-4d44-4dd7-a41c-6373faa852aa,f2f08e2f-79b8-4a56-92e9-cfc0e2b94f70,2.0000,11.1156,0.5000,2.0000,2.0000,0.6667,0.2500
61eebde7-4d44-4dd7-a41c-6373faa852aa,5a3d63bf-344c-4e6e-bc93-50b3b9150d26,0.0000,6.5745,1.0000,0.0000,0.0000,0.0000,0.0556
61eebde7-4d44-4dd7-a41c-6373faa852aa,5c6cea65-33e0-4403-ac24-1f3e986820f5,2.0000,9.0772,0.5000,2.0000,2.0000,0.6667,0.1000
61eebde7-4d44-4dd7-a41c-6373faa852aa,ce289378-48db-4c5b-817b-85a3f7170b6d,2.0000,6.1672,0.5000,2.0000,2.0000,0.0000,0.3077
61eebde7-4d44-4dd7-a41c-6373faa852aa,8e122a6e-999f-4977-b4e1-21eb03cae87d,2.0000,7.8029,0.5000,2.0000,2.0000,0.6667,0.2174
61eebde7-4d44-4dd7-a41c-6373faa852aa,6a94bf0c-f443-448e-ba57-f3aa2805cb05,0.0000,5.5326,1.0000,0.0000,0.0000,0.0000,0.0526
61eebde7-4d44-4dd7-a41c-6373faa852aa,cfb5d567-1d11-4a1e-9030-f9ea119d29ab,0.0000,9.5001,1.0000,0.0000,0.0000,0.0000,0.1667
61eebde7-4d44-4dd7-a41c-6373faa852aa,bd111f97-40ec-48c2-9537-3f4585fd3c61,0.0000,14.1385,1.0000,0.0000,0.0000,0.0000,0.1667
61eebde7-4d44-4dd7-a41c-6373faa852aa,56043fae-9517-4a04-b8ca-05c203f26132,0.0000,6.9462,1.0000,0.0000,0.0000,0.0000,0.2778
61eebde7-4d44-4dd7-a41c-6373faa852aa,cf50eb11-df20-4705-8b1b-2d77ce2403ef,0.0000,13.3584,1.0000,0.0000,0.0000,0.6667,0.0556
61eebde7-4d44-4dd7-a41c-6373faa852aa,5de87467-8cbd-4a2d-90a3-7e283de285fa,0.0000,9.6412,1.0000,0.0000,0.0000,0.0000,0.0000
61eebde7-4d44-4dd7-a41c-6373faa852aa,dcf216e8-416d-44ea-80bf-2587651dfd37,0.0000,9.9208,1.0000,0.0000,0.0000,0.0000,0.0000
61eebde7-4d44-4dd7-a41c-6373faa852aa,e163b85d-9f81-4c13-8c8c-521c33484e74,2.0000,10.0498,0.5000,2.0000,2.0000,0.6667,0.2800
61eebde7-4d44-4dd7-a41c-6373faa852aa,0f5bc599-7a61-4792-8bf7-b9f78eec50fc,2.0000,12.3621,0.5000,2.0000,2.0000,0.0000,0.2174
61eebde7-4d44-4dd7-a41c-6373faa852aa,e5a14bb0-fea4-41eb-9bdd-aed3acec68b7,0.0000,14.4648,1.0000,0.0000,0.0000,0.6667,0.1111
61eebde7-4d44-4dd7-a41c-6373faa852aa,d5cb26d7-030e-4b27-a7fc-8913c4a80794,2.0000,7.7872,0.5000,2.0000,2.0000,0.6667,0.2174
61eebde7-4d44-4dd7-a41c-6373faa852aa,0f63c729-6dbc-48c2-9f43-89c37de9818f,0.0000,13.1453,1.0000,0.0000,0.0000,0.0000,0.0556
61eebde7-4d44-4dd7-a41c-6373faa852aa,d73b320a-790d-4a0e-b13f-02a09cbaf3bf,0.0000,5.2380,1.0000,0.0000,0.0000,0.0000,0.0526
61eebde7-4d44-4dd7-a41c-6373faa852aa,6f8acc59-cbf2-4b96-be3f-d5173828b422,0.0000,11.1720,1.0000,0.0000,0.0000,0.6667,0.1000
61eebde7-4d44-4dd7-a41c-6373faa852aa,a9bef44c-9e90-409b-9b07-93db1d3be774,2.0000,8.2342,0.5000,2.0000,2.0000,0.6667,0.2800
61eebde7-4d44-4dd7-a41c-6373faa852aa,62d0e0ab-0ed6-401f-b329-a12d20a79fb8,0.0000,10.0530,1.0000,0.0000,0.0000,0.0000,0.0526
61eebde7-4d44-4dd7-a41c-6373faa852aa,c8403da2-d968-494c-bbbe-bc7855b370ab,0.0000,11.3635,1.0000,0.0000,0.0000,0.6667,0.1667
61eebde7-4d44-4dd7-a41c-6373faa852aa,49e59cdd-4809-43f6-b618-1d0396a89857,2.0000,10.5614,0.5000,2.0000,2.0000,0.6667,0.3077
61eebde7-4d44-4dd7-a41c-6373faa852aa,ccfc5874-fe2c-4d37-ab22-2f8deae33eae,2.0000,9.7368,0.5000,2.0000,2.0000,0.0000,0.2174
61eebde7-4d44-4dd7-a41c-6373faa852aa,2b35aae8-7d5a-4e25-bd0b-8ae554405fa5,0.0000,11.7528,1.0000,0.0000,0.0000,0.6667,0.1667
61eebde7-4d44-4dd7-a41c-6373faa852aa,642ee07e-29b6-45a7-9826-aa2f8e6f6fda,2.0000,11.2083,0.5000,2.0000,2.0000,0.6667,0.2800
61eebde7-4d44-4dd7-a41c-6373faa852aa,18f05cad-c4a5-45a2-afda-2c6693684b81,0.0000,15.1990,1.0000,0.0000,0.0000,0.6667,0.1111
61eebde7-4d44-4dd7-a41c-6373faa852aa,6db16bc6-1a3a-47dc-9b2e-e489ff3a30d3,2.0000,5.3622,0.5000,2.0000,2.0000,0.6667,0.2174
61eebde7-4d44-4dd7-a41c-6373faa852aa,cf2e50ca-eb53-4a77-97c9-065f239b9c28,0.0000,12.8647,1.0000,0.0000,0.0000,0.6667,0.1667
61eebde7-4d44-4dd7-a41c-6373faa852aa,2003d6e5-1b34-47a0-80b4-f960cc4d1c06,0.0000,13.8161,1.0000,0.0000,0.0000,0.6667,0.0526
61eebde7-4d44-4dd7-a41c-6373faa852aa,692df9b4-47d2-48c1-8732-aa2dbd856038,0.0000,10.7318,1.0000,0.0000,0.0000,0.0000,0.1000
61eebde7-4d44-4dd7-a41c-6373faa852aa,853d8cdf-bbba-40fe-bc3c-9dbf4a72e3ba,0.0000,10.5975,1.0000,0.0000,0.0000,0.6667,0.0526
61eebde7-4d44-4dd7-a41c-6373faa852aa,2517b72c-41df-4f4a-a74f-4e6a4d8fb9a6,0.0000,16.2187,1.0000,0.0000,0.0000,0.6667,0.2174
61eebde7-4d44-4dd7-a41c-6373faa852aa,f761d41a-5220-42bf-872b-6a75cea6e24b,0.0000,13.4699,1.0000,0.0000,0.0000,0.0000,0.1111
61eebde7-4d44-4dd7-a41c-6373faa852aa,e8b9141c-9944-4c1d-beb1-2a3921ab8e1a,2.0000,8.3220,0.5000,2.0000,2.0000,0.6667,0.3333
61eebde7-4d44-4dd7-a41c-6373faa852aa,ff4975cc-52b8-41ed-8a6f-c69487eab5e8,0.0000,13.8953,1.0000,0.0000,0.0000,0.6667,0.0556
61eebde7-4d44-4dd7-a41c-6373faa852aa,22594200-2b3a-466f-9a4c-fc62849a043c,0.0000,11.4261,1.0000,0.0000,0.0000,0.6667,0.1000
61eebde7-4d44-4dd7-a41c-6373faa852aa,76a03818-1adc-4462-a8d3-fd5cc8cde7c3,2.0000,13.6737,0.5000,2.0000,2.0000,0.6667,0.0526
61eebde7-4d44-4dd7-a41c-6373faa852aa,14cbf3ff-91dd-4d34-92fe-f218d90b36a1,0.0000,7.0326,1.0000,0.0000,0.0000,0.0000,0.0556
997f6bd9-71cb-4181-9303-399913c68290,4225df02-934f-4779-beef-3f883013d6d5,2.0000,8.2716,0.5000,2.0000,2.0000,0.6667,0.1818
997f6bd9-71cb-4181-9303-399913c68290,7027df40-ab9c-4d2e-8129-75fd9ca3a371,0.0000,6.7146,1.0000,0.0000,0.0000,0.6667,0.2500
997f6bd9-71cb-4181-9303-399913c68290,c81223c8-1271-4efe-9fee-7ad2daceec55,2.0000,8.9922,0.5000,2.0000,2.0000,0.6667,0.0000
997f6bd9-71cb-4181-9303-399913c68290,3f55c60e-0aa5-4089-94f4-a7e685e1b692,0.0000,10.6285,1.0000,0.0000,0.0000,0.0000,0.2500
997f6bd9-71cb-4181-9303-399913c68290,e25c21b8-6a65-4804-b483-494865ea5fe4,2.0000,8.5829,0.5000,2.0000,2.0000,0.6667,0.0000
997f6bd9-71cb-4181-9303-399913c68290,8c1ea269-2643-4e1f-9c37-0b796361a792,2.0000,8.0359,0.5000,2.0000,2.0000,0.6667,0.2222
997f6bd9-71cb-4181-9303-399913c68290,ceec740e-dd0f-4050-aaad-3bb7576df8ed,2.0000,11.9162,0.5000,2.0000,2.0000,0.6667,0.0000
997f6bd9-71cb-4181-9303-399913c68290,a3f69495-a21b-448b-82c9-57efa81700cd,0.0000,8.0439,1.0000,0.0000,0.0000,0.6667,0.3571
997f6bd9-71cb-4181-9303-399913c68290,c8f7e77f-612a-4780-9a35-fa8644e8ae5a,0.0000,6.4072,1.0000,0.0000,0.0000,0.0000,0.1000
997f6bd9-71cb-4181-9303-399913c68290,e86e18ef-a902-4527-9be4-59d24519eed6,2.0000,9.6654,0.5000,2.0000,2.0000,0.6667,0.0556
997f6bd9-71cb-4181-9303-399913c68290,0c0f2152-377c-422f-8052-b0dc0153ae0a,2.0000,9.7955,0.5000,2.0000,2.0000,0.6667,0.0556
997f6bd9-71cb-4181-9303-399913c68290,f0fe03d1-14fe-4cd5-9497-d0c224b284cd,2.0000,9.4884,0.5000,2.0000,2.0000,0.0000,0.1667
997f6bd9-71cb-4181-9303-399913c68290,46b81f92-9499-424e-aa38-0af32369c9ab,0.0000,9.0019,1.0000,0.0000,0.0000,0.6667,0.2174
997f6bd9-71cb-4181-9303-399913c68290,74e1172e-bf77-4868-a39e-fd314e3df33b,2.0000,13.1028,0.5000,2.0000,2.0000,0.6667,0.0556
997f6bd9-71cb-4181-9303-399913c68290,b07b7f86-1bbf-4c6a-b8f2-d3a602704355,2.0000,11.4149,0.5000,2.0000,2.0000,0.6667,0.1000
997f6bd9-71cb-4181-9303-399913c68290,4da9a570-5edf-44bd-b262-3de1664706ea,2.0000,13.7771,0.5000,2.0000,2.0000,0.6667,0.1429
997f6bd9-71cb-4181-9303-399913c68290,7105fb47-b5e3-46e7-9197-d83c0f4526aa,2.0000,13.1094,0.5000,2.0000,2.0000,0.6667,0.0000
997f6bd9-71cb-4181-9303-399913c68290,cc43ad38-fb37-4584-b672-7e13df12000d,2.0000,8.1078,0.5000,2.0000,2.0000,0.6667,0.1111
997f6bd9-71cb-4181-9303-399913c68290,6f14499e-d0d7-4bef-a1f0-86d3cc46e4dc,2.0000,10.3681,0.5000,2.0000,2.0000,0.6667,0.1000
997f6bd9-71cb-4181-9303-399913c68290,0997d41c-6d90-4c74-9ca2-a03e0dfe6499,2.0000,13.5456,0.5000,2.0000,2.0000,0.6667,0.0000
997f6bd9-71cb-4181-9303-399913c68290,2e68bde0-2ec3-4d13-9c70-4a6edcc253f8,2.0000,4.6689,0.5000,2.0000,2.0000,0.6667,0.0000
997f6bd9-71cb-4181-9303-399913c68290,22c05025-cd65-4fd6-b42b-e1e1318adfe3,0.0000,6.5719,1.0000,0.0000,0.0000,0.6667,0.0556
997f6bd9-71cb-4181-9303-399913c68290,52690bf0-6649-4e43-81a1-f4d14d84c9bb,0.0000,8.0047,1.0000,0.0000,0.0000,0.6667,0.3077
997f6bd9-71cb-4181-9303-399913c68290,aa0e625f-0115-4592-a2d1-f12ab8f8fd07,2.0000,13.5690,0.5000,2.0000,2.0000,0.6667,0.0526
997f6bd9-71cb-4181-9303-399913c68290,a34b9a88-6139-4498-8cb4-7dc14826736b,2.0000,11.7025,0.5000,2.0000,2.0000,0.6667,0.2222
997f6bd9-71cb-4181-9303-399913c68290,fc38c551-9fce-4cb9-989c-e14a15ec343d,2.0000,11.7081,0.5000,2.0000,2.0000,0.6667,0.1000
997f6bd9-71cb-4181-9303-399913c68290,282804f0-eeaf-4337-b99e-edc8c825f36e,2.0000,9.0138,0.5000,2.0000,2.0000,0.6667,0.1111
997f6bd9-71cb-4181-9303-399913c68290,adc5de5d-5f7a-4315-ae7c-01194bb38567,2.0000,7.6938,0.5000,2.0000,2.0000,0.6667,0.1111
997f6bd9-71cb-4181-9303-399913c68290,1977a7f8-0fe7-41af-a87a-76cfb1713877,0.0000,8.4974,1.0000,0.0000,0.0000,0.0000,0.2500
997f6bd9-71cb-4181-9303-399913c68290,8a1e5a0f-87f3-4a3c-8afc-6d403b90401e,2.0000,9.4056,0.5000,2.0000,2.0000,0.0000,0.1111
997f6bd9-71cb-4181-9303-399913c68290,059ef947-4a12-4833-add6-17c6f7c41a05,2.0000,7.9433,0.5000,2.0000,2.0000,0.6667,0.0000
997f6bd9-71cb-4181-9303-399913c68290,fa8a729c-880c-4ec4-b231-decd82e1496a,0.0000,7.2893,1.0000,0.0000,0.0000,0.6667,0.1000
997f6bd9-71cb-4181-9303-399913c68290,1f060904-d763-45c4-adb3-0bcccf916f16,0.0000,6.2343,1.0000,0.0000,0.0000,0.6667,0.1000
997f6bd9-71cb-4181-9303-399913c68290,3525aec3-2b10-4958-977b-1d0db69061e1,0.0000,7.2782,1.0000,0.0000,0.0000,0.6667,0.1818
997f6bd9-71cb-4181-9303-399913c68290,4dc55917-1ad9-4f41-a4a5-efa709d235d9,0.0000,8.4584,1.0000,0.0000,0.0000,0.0000,0.1000
997f6bd9-71cb-4181-9303-399913c68290,b20b4a65-b7c6-4cea-b79f-6a6db36ffdb1,2.0000,6.1532,0.5000,2.0000,2.0000,0.6667,0.1111
997f6bd9-71cb-4181-9303-399913c68290,dfc01f3d-0bd7-4b56-aaac-87f7635b8f94,2.0000,8.9840,0.5000,2.0000,2.0000,0.6667,0.1667
997f6bd9-71cb-4181-9303-399913c68290,2a693e8a-5f1a-4c10-9dbe-32a95fdb6c21,2.0000,12.0222,0.5000,2.0000,2.0000,0.6667,0.0000
997f6bd9-71cb-4181-9303-399913c68290,afa62b93-9459-4a3d-b943-44e88f2ba832,2.0000,10.1158,0.5000,2.0000,2.0000,0.6667,0.0000
997f6bd9-71cb-4181-9303-399913c68290,6a574a63-684b-4e8e-86d8-56c4ef182e83,2.0000,12.2663,0.5000,2.0000,2.0000,0.6667,0.0556
997f6bd9-71cb-4181-9303-399913c68290,5fc2040b-5445-448e-bdf1-c32854189d53,2.0000,11.9132,0.5000,2.0000,2.0000,0.6667,0.0556
997f6bd9-71cb-4181-9303-399913c68290,2d8a413c-9727-4a6a-8fc0-42bb4d8573d2,2.0000,13.9731,0.5000,2.0000,2.0000,0.6667,0.1111
997f6bd9-71cb-4181-9303-399913c68290,61f121ba-cb60-465c-a2f5-9f2f14974ee8,0.0000,8.0985,1.0000,0.0000,0.0000,0.0000,0.0000
997f6bd9-71cb-4181-9303-399913c68290,905bd711-6c1a-4bb8-9c8d-808f8a4b9705,2.0000,7.7034,0.5000,2.0000,2.0000,0.6667,0.1818
997f6bd9-71cb-4181-9303-399913c68290,925fcff5-826c-4439-8315-4d6434f6f7db,2.0000,9.4291,0.5000,2.0000,2.0000,0.6667,0.0000
997f6bd9-71cb-4181-9303-399913c68290,fafe7552-d597-4e47-b1bb-0abd8cdcfe25,2.0000,11.2416,0.5000,2.0000,2.0000,0.6667,0.1111
997f6bd9-71cb-4181-9303-399913c68290,2be2d465-90ce-4beb-b5dc-6c92bdf23287,2.0000,10.2139,0.5000,2.0000,2.0000,0.6667,0.1000
997f6bd9-71cb-4181-9303-399913c68290,62694c2b-296e-4ea6-b29f-d6fce70f4ee0,2.0000,9.5816,0.5000,2.0000,2.0000,0.6667,0.0000
997f6bd9-71cb-4181-9303-399913c68290,4a9b7b3e-39f8-4542-b6a3-2cdddbc64b84,2.0000,9.1089,0.5000,2.0000,2.0000,0.6667,0.2222
997f6bd9-71cb-4181-9303-399913c68290,f2f08e2f-79b8-4a56-92e9-cfc0e2b94f70,0.0000,8.6084,1.0000,0.0000,0.0000,0.6667,0.2500
997f6bd9-71cb-4181-9303-399913c68290,5a3d63bf-344c-4e6e-bc93-50b3b9150d26,2.0000,11.9052,0.5000,2.0000,2.0000,0.6667,0.0556
997f6bd9-71cb-4181-9303-399913c68290,5c6cea65-33e0-4403-ac24-1f3e986820f5,0.0000,9.2273,1.0000,0.0000,0.0000,0.6667,0.1000
997f6bd9-71cb-4181-9303-399913c68290,ce289378-48db-4c5b-817b-85a3f7170b6d,0.0000,8.7675,1.0000,0.0000,0.0000,0.6667,0.3077
997f6bd9-71cb-4181-9303-399913c68290,8e122a6e-999f-4977-b4e1-21eb03cae87d,0.0000,11.0854,1.0000,0.0000,0.0000,0.6667,0.2174
997f6bd9-71cb-4181-9303-399913c68290,6a94bf0c-f443-448e-ba57-f3aa2805cb05,2.0000,11.8145,0.5000,2.0000,2.0000,0.6667,0.0526
997f6bd9-71cb-4181-9303-399913c68290,cfb5d567-1d11-4a1e-9030-f9ea119d29ab,2.0000,8.0406,0.5000,2.0000,2.0000,0.6667,0.1667
997f6bd9-71cb-4181-9303-399913c68290,bd111f97-40ec-48c2-9537-3f4585fd3c61,2.0000,10.7077,0.5000,2.0000,2.0000,0.6667,0.1667
997f6bd9-71cb-4181-9303-399913c68290,56043fae-9517-4a04-b8ca-05c203f26132,2.0000,11.2529,0.5000,2.0000,2.0000,0.6667,0.2778
997f6bd9-71cb-4181-9303-399913c68290,cf50eb11-df20-4705-8b1b-2d77ce2403ef,2.0000,4.3708,0.5000,2.0000,2.0000,0.6667,0.0556
997f6bd9-71cb-4181-9303-399913c68290,5de87467-8cbd-4a2d-90a3-7e283de285fa,2.0000,8.6714,0.5000,2.0000,2.0000,0.6667,0.0000
997f6bd9-71cb-4181-9303-399913c68290,dcf216e8-416d-44ea-80bf-2587651dfd37,2.0000,8.7834,0.5000,2.0000,2.0000,0.6667,0.0000
997f6bd9-71cb-4181-9303-399913c68290,e163b85d-9f81-4c13-8c8c-521c33484e74,0.0000,9.9660,1.0000,0.0000,0.0000,0.6667,0.2800
997f6bd9-71cb-4181-9303-399913c68290,0f5bc599-7a61-4792-8bf7-b9f78eec50fc,0.0000,5.5106,1.0000,0.0000,0.0000,0.6667,0.2174
997f6bd9-71cb-4181-9303-399913c68290,e5a14bb0-fea4-41eb-9bdd-aed3acec68b7,2.0000,8.0742,0.5000,2.0000,2.0000,0.6667,0.1111
997f6bd9-71cb-4181-9303-399913c68290,d5cb26d7-030e-4b27-a7fc-8913c4a80794,0.0000,11.8475,1.0000,0.0000,0.0000,0.6667,0.2174
997f6bd9-71cb-4181-9303-399913c68290,0f63c729-6dbc-48c2-9f43-89c37de9818f,2.0000,10.4810,0.5000,2.0000,2.0000,0.6667,0.0556
997f6bd9-71cb-4181-9303-399913c68290,d73b320a-790d-4a0e-b13f-02a09cbaf3bf,2.0000,11.0450,0.5000,2.0000,2.0000,0.6667,0.0526
997f6bd9-71cb-4181-9303-399913c68290,6f8acc59-cbf2-4b96-be3f-d5173828b422,2.0000,7.6349,0.5000,2.0000,2.0000,0.6667,0.1000
997f6bd9-71cb-4181-9303-399913c68290,a9bef44c-9e90-409b-9b07-93db1d3be774,0.0000,9.9019,1.0000,0.0000,0.0000,0.6667,0.2800
997f6bd9-71cb-4181-9303-399913c68290,62d0e0ab-0ed6-401f-b329-a12d20a79fb8,2.0000,11.8792,0.5000,2.0000,2.0000,0.6667,0.0526
997f6bd9-71cb-4181-9303-399913c68290,c8403da2-d968-494c-bbbe-bc7855b370ab,2.0000,7.3564,0.5000,2.0000,2.0000,0.6667,0.1667
997f6bd9-71cb-4181-9303-399913c68290,49e59cdd-4809-43f6-b618-1d0396a89857,0.0000,10.3858,1.0000,0.0000,0.0000,0.6667,0.3077
997f6bd9-71cb-4181-9303-399913c68290,ccfc5874-fe2c-4d37-ab22-2f8deae33eae,0.0000,10.1917,1.0000,0.0000,0.0000,0.6667,0.2174
997f6bd9-71cb-4181-9303-399913c68290,2b35aae8-7d5a-4e25-bd0b-8ae554405fa5,2.0000,8.2115,0.5000,2.0000,2.0000,0.6667,0.1667
997f6bd9-71cb-4181-9303-399913c68290,642ee07e-29b6-45a7-9826-aa2f8e6f6fda,0.0000,4.8716,1.0000,0.0000,0.0000,0.6667,0.2800
997f6bd9-71cb-4181-9303-399913c68290,18f05cad-c4a5-45a2-afda-2c6693684b81,2.0000,11.1357,0.5000,2.0000,2.0000,0.0000,0.1111
997f6bd9-71cb-4181-9303-399913c68290,6db16bc6-1a3a-47dc-9b2e-e489ff3a30d3,0.0000,12.0794,1.0000,0.0000,0.0000,0.0000,0.2174
997f6bd9-71cb-4181-9303-399913c68290,cf2e50ca-eb53-4a77-97c9-065f239b9c28,2.0000,10.2957,0.5000,2.0000,2.0000,0.0000,0.1667
997f6bd9-71cb-4181-9303-399913c68290,2003d6e5-1b34-47a0-80b4-f960cc4d1c06,2.0000,10.7300,0.5000,2.0000,2.0000,0.6667,0.0526
997f6bd9-71cb-4181-9303-399913c68290,692df9b4-47d2-48c1-8732-aa2dbd856038,2.0000,14.5535,0.5000,2.0000,2.0000,0.6667,0.1000
997f6bd9-71cb-4181-9303-399913c68290,853d8cdf-bbba-40fe-bc3c-9dbf4a72e3ba,2.0000,7.7487,0.5000,2.0000,2.0000,0.6667,0.0526
997f6bd9-71cb-4181-9303-399913c68290,2517b72c-41df-4f4a-a74f-4e6a4d8fb9a6,2.0000,7.3365,0.5000,2.0000,2.0000,0.6667,0.2174
997f6bd9-71cb-4181-9303-399913c68290,f761d41a-5220-42bf-872b-6a75cea6e24b,2.0000,11.0014,0.5000,2.0000,2.0000,0.6667,0.1111
997f6bd9-71cb-4181-9303-399913c68290,e8b9141c-9944-4c1d-beb1-2a3921ab8e1a,0.0000,8.7477,1.0000,0.0000,0.0000,0.6667,0.3333
997f6bd9-71cb-4181-9303-399913c68290,ff4975cc-52b8-41ed-8a6f-c69487eab5e8,2.0000,9.4635,0.5000,2.0000,2.0000,0.6667,0.0556
997f6bd9-71cb-4181-9303-399913c68290,22594200-2b3a-466f-9a4c-fc62849a043c,2.0000,9.2634,0.5000,2.0000,2.0000,0.6667,0.1000
997f6bd9-71cb-4181-9303-399913c68290,76a03818-1adc-4462-a8d3-fd5cc8cde7c3,0.0000,8.2896,1.0000,0.0000,0.0000,0.0000,0.0526
997f6bd9-71cb-4181-9303-399913c68290,14cbf3ff-91dd-4d34-92fe-f218d90b36a1,2.0000,9.9155,0.5000,2.0000,2.0000,0.6667,0.0556
4225df02-934f-4779-beef-3f883013d6d5,7027df40-ab9c-4d2e-8129-75fd9ca3a371,2.0000,8.1576,0.5000,2.0000,2.0000,0.0000,0.0833
4225df02-934f-4779-beef-3f883013d6d5,c81223c8-1271-4efe-9fee-7ad2daceec55,0.0000,15.2277,1.0000,0.0000,0.0000,0.6667,0.1818
4225df02-934f-4779-beef-3f883013d6d5,3f55c60e-0aa5-4089-94f4-a7e685e1b692,2.0000,8.6217,0.5000,2.0000,2.0000,0.6667,0.0833
4225df02-934f-4779-beef-3f883013d6d5,e25c21b8-6a65-4804-b483-494865ea5fe4,0.0000,14.5356,1.0000,0.0000,0.0000,0.6667,0.1818
4225df02-934f-4779-beef-3f883013d6d5,8c1ea269-2643-4e1f-9c37-0b796361a792,0.0000,1.7626,1.0000,0.0000,0.0000,0.0000,0.3636
4225df02-934f-4779-beef-3f883013d6d5,ceec740e-dd0f-4050-aaad-3bb7576df8ed,0.0000,8.7060,1.0000,0.0000,0.0000,0.0000,0.1818
4225df02-934f-4779-beef-3f883013d6d5,a3f69495-a21b-448b-82c9-57efa81700cd,2.0000,8.0434,0.5000,2.0000,2.0000,0.0000,0.2143
4225df02-934f-4779-beef-3f883013d6d5,c8f7e77f-612a-4780-9a35-fa8644e8ae5a,2.0000,11.5721,0.5000,2.0000,2.0000,0.6667,0.0909
4225df02-934f-4779-beef-3f883013d6d5,e86e18ef-a902-4527-9be4-59d24519eed6,0.0000,6.1886,1.0000,0.0000,0.0000,0.0000,0.2273
4225df02-934f-4779-beef-3f883013d6d5,0c0f2152-377c-422f-8052-b0dc0153ae0a,0.0000,15.6808,1.0000,0.0000,0.0000,0.6667,0.2273
4225df02-934f-4779-beef-3f883013d6d5,f0fe03d1-14fe-4cd5-9497-d0c224b284cd,0.0000,13.6274,1.0000,0.0000,0.0000,0.6667,0.3182
4225df02-934f-4779-beef-3f883013d6d5,46b81f92-9499-424e-aa38-0af32369c9ab,2.0000,9.1230,0.5000,2.0000,2.0000,0.0000,0.0435
4225df02-934f-4779-beef-3f883013d6d5,74e1172e-bf77-4868-a39e-fd314e3df33b,0.0000,8.7708,1.0000,0.0000,0.0000,0.0000,0.2273
4225df02-934f-4779-beef-3f883013d6d5,b07b7f86-1bbf-4c6a-b8f2-d3a602704355,0.0000,5.0308,1.0000,0.0000,0.0000,0.0000,0.0909
4225df02-934f-4779-beef-3f883013d6d5,4da9a570-5edf-44bd-b262-3de1664706ea,0.0000,9.2418,1.0000,0.0000,0.0000,0.0000,0.0455
4225df02-934f-4779-beef-3f883013d6d5,7105fb47-b5e3-46e7-9197-d83c0f4526aa,0.0000,12.4393,1.0000,0.0000,0.0000,0.0000,0.1818
4225df02-934f-4779-beef-3f883013d6d5,cc43ad38-fb37-4584-b672-7e13df12000d,0.0000,14.2578,1.0000,0.0000,0.0000,0.6667,0.2727
4225df02-934f-4779-beef-3f883013d6d5,6f14499e-d0d7-4bef-a1f0-86d3cc46e4dc,0.0000,12.2418,1.0000,0.0000,0.0000,0.6667,0.0909
4225df02-934f-4779-beef-3f883013d6d5,0997d41c-6d90-4c74-9ca2-a03e0dfe6499,0.0000,12.6522,1.0000,0.0000,0.0000,0.0000,0.1818
4225df02-934f-4779-beef-3f883013d6d5,2e68bde0-2ec3-4d13-9c70-4a6edcc253f8,0.0000,7.8725,1.0000,0.0000,0.0000,0.6667,0.1818
4225df02-934f-4779-beef-3f883013d6d5,22c05025-cd65-4fd6-b42b-e1e1318adfe3,2.0000,10.6335,0.5000,2.0000,2.0000,0.6667,0.2273
4225df02-934f-4779-beef-3f883013d6d5,52690bf0-6649-4e43-81a1-f4d14d84c9bb,2.0000,5.4987,0.5000,2.0000,2.0000,0.6667,0.1538
4225df02-934f-4779-beef-3f883013d6d5,aa0e625f-0115-4592-a2d1-f12ab8f8fd07,0.0000,6.0222,1.0000,0.0000,0.0000,0.0000,0.1364
4225df02-934f-4779-beef-3f883013d6d5,a34b9a88-6139-4498-8cb4-7dc14826736b,0.0000,15.2907,1.0000,0.0000,0.0000,0.0000,0.3636
4225df02-934f-4779-beef-3f883013d6d5,fc38c551-9fce-4cb9-989c-e14a15ec343d,0.0000,7.8388,1.0000,0.0000,0.0000,0.0000,0.0909
4225df02-934f-4779-beef-3f883013d6d5,282804f0-eeaf-4337-b99e-edc8c825f36e,0.0000,10.7323,1.0000,0.0000,0.0000,0.6667,0.2727
4225df02-934f-4779-beef-3f883013d6d5,adc5de5d-5f7a-4315-ae7c-01194bb38567,0.0000,11.1053,1.0000,0.0000,0.0000,0.6667,0.2727
4225df02-934f-4779-beef-3f883013d6d5,1977a7f8-0fe7-41af-a87a-76cfb1713877,2.0000,7.5009,0.5000,2.0000,2.0000,0.6667,0.0833
4225df02-934f-4779-beef-3f883013d6d5,8a1e5a0f-87f3-4a3c-8afc-6d403b90401e,0.0000,9.3056,1.0000,0.0000,0.0000,0.6667,0.2727
4225df02-934f-4779-beef-3f883013d6d5,059ef947-4a12-4833-add6-17c6f7c41a05,0.0000,10.0999,1.0000,0.0000,0.0000,0.6667,0.1818
4225df02-934f-4779-beef-3f883013d6d5,fa8a729c-880c-4ec4-b231-decd82e1496a,2.0000,5.6156,0.5000,2.0000,2.0000,0.6667,0.0909
4225df02-934f-4779-beef-3f883013d6d5,1f060904-d763-45c4-adb3-0bcccf916f16,2.0000,3.4257,0.5000,2.0000,2.0000,0.6667,0.0909
4225df02-934f-4779-beef-3f883013d6d5,3525aec3-2b10-4958-977b-1d0db69061e1,2.0000,7.0789,0.5000,2.0000,2.0000,0.0000,0.0000
4225df02-934f-4779-beef-3f883013d6d5,4dc55917-1ad9-4f41-a4a5-efa709d235d9,2.0000,12.5092,0.5000,2.0000,2.0000,0.6667,0.0909
4225df02-934f-4779-beef-3f883013d6d5,b20b4a65-b7c6-4cea-b79f-6a6db36ffdb1,0.0000,8.1340,1.0000,0.0000,0.0000,0.6667,0.2727
4225df02-934f-4779-beef-3f883013d6d5,dfc01f3d-0bd7-4b56-aaac-87f7635b8f94,0.0000,15.0258,1.0000,0.0000,0.0000,0.6667,0.3182
4225df02-934f-4779-beef-3f883013d6d5,2a693e8a-5f1a-4c10-9dbe-32a95fdb6c21,0.0000,8.5357,1.0000,0.0000,0.0000,0.0000,0.1818
4225df02-934f-4779-beef-3f883013d6d5,afa62b93-9459-4a3d-b943-44e88f2ba832,0.0000,6.2394,1.0000,0.0000,0.0000,0.0000,0.1818
4225df02-934f-4779-beef-3f883013d6d5,6a574a63-684b-4e8e-86d8-56c4ef182e83,0.0000,11.2315,1.0000,0.0000,0.0000,0.0000,0.2273
4225df02-934f-4779-beef-3f883013d6d5,5fc2040b-5445-448e-bdf1-c32854189d53,0.0000,7.4603,1.0000,0.0000,0.0000,0.0000,0.2273
4225df02-934f-4779-beef-3f883013d6d5,2d8a413c-9727-4a6a-8fc0-42bb4d8573d2,0.0000,7.1260,1.0000,0.0000,0.0000,0.0000,0.2727
4225df02-934f-4779-beef-3f883013d6d5,61f121ba-cb60-465c-a2f5-9f2f14974ee8,2.0000,13.0722,0.5000,2.0000,2.0000,0.6667,0.1818
4225df02-934f-4779-beef-3f883013d6d5,905bd711-6c1a-4bb8-9c8d-808f8a4b9705,0.0000,6.9742,1.0000,0.0000,0.0000,0.0000,0.0000
4225df02-934f-4779-beef-3f883013d6d5,925fcff5-826c-4439-8315-4d6434f6f7db,0.0000,15.5455,1.0000,0.0000,0.0000,0.6667,0.1818
4225df02-934f-4779-beef-3f883013d6d5,fafe7552-d597-4e47-b1bb-0abd8cdcfe25,0.0000,4.7261,1.0000,0.0000,0.0000,0.0000,0.2727
4225df02-934f-4779-beef-3f883013d6d5,2be2d465-90ce-4beb-b5dc-6c92bdf23287,0.0000,6.4351,1.0000,0.0000,0.0000,0.0000,0.0909
4225df02-934f-4779-beef-3f883013d6d5,62694c2b-296e-4ea6-b29f-d6fce70f4ee0,0.0000,16.2567,1.0000,0.0000,0.0000,0.6667,0.1818
4225df02-934f-4779-beef-3f883013d6d5,4a9b7b3e-39f8-4542-b6a3-2cdddbc64b84,0.0000,15.4996,1.0000,0.0000,0.0000,0.6667,0.3636
4225df02-934f-4779-beef-3f883013d6d5,f2f08e2f-79b8-4a56-92e9-cfc0e2b94f70,2.0000,6.7889,0.5000,2.0000,2.0000,0.6667,0.0833
4225df02-934f-4779-beef-3f883013d6d5,5a3d63bf-344c-4e6e-bc93-50b3b9150d26,0.0000,7.0314,1.0000,0.0000,0.0000,0.0000,0.2273
4225df02-934f-4779-beef-3f883013d6d5,5c6cea65-33e0-4403-ac24-1f3e986820f5,2.0000,8.8133,0.5000,2.0000,2.0000,0.6667,0.0909
4225df02-934f-4779-beef-3f883013d6d5,ce289378-48db-4c5b-817b-85a3f7170b6d,2.0000,8.6186,0.5000,2.0000,2.0000,0.0000,0.1538
4225df02-934f-4779-beef-3f883013d6d5,8e122a6e-999f-4977-b4e1-21eb03cae87d,2.0000,10.1941,0.5000,2.0000,2.0000,0.6667,0.0435
4225df02-934f-4779-beef-3f883013d6d5,6a94bf0c-f443-448e-ba57-f3aa2805cb05,0.0000,11.5737,1.0000,0.0000,0.0000,0.0000,0.1364
4225df02-934f-4779-beef-3f883013d6d5,cfb5d567-1d11-4a1e-9030-f9ea119d29ab,0.0000,2.0174,1.0000,0.0000,0.0000,0.0000,0.3182
4225df02-934f-4779-beef-3f883013d6d5,bd111f97-40ec-48c2-9537-3f4585fd3c61,0.0000,7.9108,1.0000,0.0000,0.0000,0.0000,0.3182
4225df02-934f-4779-beef-3f883013d6d5,56043fae-9517-4a04-b8ca-05c203f26132,0.0000,3.5642,1.0000,0.0000,0.0000,0.0000,0.4091
4225df02-934f-4779-beef-3f883013d6d5,cf50eb11-df20-4705-8b1b-2d77ce2403ef,0.0000,7.4228,1.0000,0.0000,0.0000,0.6667,0.2273
4225df02-934f-4779-beef-3f883013d6d5,5de87467-8cbd-4a2d-90a3-7e283de285fa,0.0000,1.0250,1.0000,0.0000,0.0000,0.0000,0.1818
4225df02-934f-4779-beef-3f883013d6d5,dcf216e8-416d-44ea-80bf-2587651dfd37,0.0000,1.3569,1.0000,0.0000,0.0000,0.0000,0.1818
4225df02-934f-4779-beef-3f883013d6d5,e163b85d-9f81-4c13-8c8c-521c33484e74,2.0000,10.4570,0.5000,2.0000,2.0000,0.6667,0.1200
4225df02-934f-4779-beef-3f883013d6d5,0f5bc599-7a61-4792-8bf7-b9f78eec50fc,2.0000,11.5344,0.5000,2.0000,2.0000,0.0000,0.0435
4225df02-934f-4779-beef-3f883013d6d5,e5a14bb0-fea4-41eb-9bdd-aed3acec68b7,0.0000,10.2654,1.0000,0.0000,0.0000,0.6667,0.2727
4225df02-934f-4779-beef-3f883013d6d5,d5cb26d7-030e-4b27-a7fc-8913c4a80794,2.0000,8.0453,0.5000,2.0000,2.0000,0.6667,0.0435
4225df02-934f-4779-beef-3f883013d6d5,0f63c729-6dbc-48c2-9f43-89c37de9818f,0.0000,4.2468,1.0000,0.0000,0.0000,0.0000,0.2273
4225df02-934f-4779-beef-3f883013d6d5,d73b320a-790d-4a0e-b13f-02a09cbaf3bf,0.0000,10.7997,1.0000,0.0000,0.0000,0.0000,0.1364
4225df02-934f-4779-beef-3f883013d6d5,6f8acc59-cbf2-4b96-be3f-d5173828b422,0.0000,13.9125,1.0000,0.0000,0.0000,0.6667,0.0909
4225df02-934f-4779-beef-3f883013d6d5,a9bef44c-9e90-409b-9b07-93db1d3be774,2.0000,9.7449,0.5000,2.0000,2.0000,0.6667,0.1200
4225df02-934f-4779-beef-3f883013d6d5,62d0e0ab-0ed6-401f-b329-a12d20a79fb8,0.0000,15.5108,1.0000,0.0000,0.0000,0.0000,0.1364
4225df02-934f-4779-beef-3f883013d6d5,c8403da2-d968-494c-bbbe-bc7855b370ab,0.0000,13.5657,1.0000,0.0000,0.0000,0.6667,0.3182
4225df02-934f-4779-beef-3f883013d6d5,49e59cdd-4809-43f6-b618-1d0396a89857,2.0000,7.4693,0.5000,2.0000,2.0000,0.6667,0.1538
4225df02-934f-4779-beef-3f883013d6d5,ccfc5874-fe2c-4d37-ab22-2f8deae33eae,2.0000,7.3890,0.5000,2.0000,2.0000,0.0000,0.0435
4225df02-934f-4779-beef-3f883013d6d5,2b35aae8-7d5a-4e25-bd0b-8ae554405fa5,0.0000,14.3905,1.0000,0.0000,0.0000,0.6667,0.3182
4225df02-934f-4779-beef-3f883013d6d5,642ee07e-29b6-45a7-9826-aa2f8e6f6fda,2.0000,11.1176,0.5000,2.0000,2.0000,0.6667,0.1200
4225df02-934f-4779-beef-3f883013d6d5,18f05cad-c4a5-45a2-afda-2c6693684b81,0.0000,8.3944,1.0000,0.0000,0.0000,0.6667,0.2727
4225df02-934f-4779-beef-3f883013d6d5,6db16bc6-1a3a-47dc-9b2e-e489ff3a30d3,2.0000,9.0797,0.5000,2.0000,2.0000,0.6667,0.0435
4225df02-934f-4779-beef-3f883013d6d5,cf2e50ca-eb53-4a77-97c9-065f239b9c28,0.0000,6.2338,1.0000,0.0000,0.0000,0.6667,0.3182
4225df02-934f-4779-beef-3f883013d6d5,2003d6e5-1b34-47a0-80b4-f960cc4d1c06,0.0000,13.1550,1.0000,0.0000,0.0000,0.6667,0.1364
4225df02-934f-4779-beef-3f883013d6d5,692df9b4-47d2-48c1-8732-aa2dbd856038,0.0000,6.5545,1.0000,0.0000,0.0000,0.0000,0.0909
4225df02-934f-4779-beef-3f883013d6d5,853d8cdf-bbba-40fe-bc3c-9dbf4a72e3ba,0.0000,10.3763,1.0000,0.0000,0.0000,0.6667,0.1364
4225df02-934f-4779-beef-3f883013d6d5,2517b72c-41df-4f4a-a74f-4e6a4d8fb9a6,0.0000,10.5364,1.0000,0.0000,0.0000,0.6667,0.0435
4225df02-934f-4779-beef-3f883013d6d5,f761d41a-5220-42bf-872b-6a75cea6e24b,0.0000,3.7920,1.0000,0.0000,0.0000,0.0000,0.2727
4225df02-934f-4779-beef-3f883013d6d5,e8b9141c-9944-4c1d-beb1-2a3921ab8e1a,2.0000,10.6128,0.5000,2.0000,2.0000,0.6667,0.1852
4225df02-934f-4779-beef-3f883013d6d5,ff4975cc-52b8-41ed-8a6f-c69487eab5e8,0.0000,15.7587,1.0000,0.0000,0.0000,0.6667,0.2273
4225df02-934f-4779-beef-3f883013d6d5,22594200-2b3a-466f-9a4c-fc62849a043c,0.0000,10.9930,1.0000,0.0000,0.0000,0.6667,0.0909
4225df02-934f-4779-beef-3f883013d6d5,76a03818-1adc-4462-a8d3-fd5cc8cde7c3,2.0000,10.6229,0.5000,2.0000,2.0000,0.6667,0.1364
4225df02-934f-4779-beef-3f883013d6d5,14cbf3ff-91dd-4d34-92fe-f218d90b36a1,0.0000,10.2554,1.0000,0.0000,0.0000,0.0000,0.2273
7027df40-ab9c-4d2e-8129-75fd9ca3a371,c81223c8-1271-4efe-9fee-7ad2daceec55,2.0000,10.8613,0.5000,2.0000,2.0000,0.6667,0.2500
7027df40-ab9c-4d2e-8129-75fd9ca3a371,3f55c60e-0aa5-4089-94f4-a7e685e1b692,0.0000,8.9604,1.0000,0.0000,0.0000,0.6667,0.0000
7027df40-ab9c-4d2e-8129-75fd9ca3a371,e25c21b8-6a65-4804-b483-494865ea5fe4,2.0000,11.9710,0.5000,2.0000,2.0000,0.6667,0.2500
7027df40-ab9c-4d2e-8129-75fd9ca3a371,8c1ea269-2643-4e1f-9c37-0b796361a792,2.0000,8.5772,0.5000,2.0000,2.0000,0.0000,0.4167
7027df40-ab9c-4d2e-8129-75fd9ca3a371,ceec740e-dd0f-4050-aaad-3bb7576df8ed,2.0000,12.7036,0.5000,2.0000,2.0000,0.0000,0.2500
7027df40-ab9c-4d2e-8129-75fd9ca3a371,a3f69495-a21b-448b-82c9-57efa81700cd,0.0000,6.4310,1.0000,0.0000,0.0000,0.0000,0.1429
7027df40-ab9c-4d2e-8129-75fd9ca3a371,c8f7e77f-612a-4780-9a35-fa8644e8ae5a,0.0000,10.9116,1.0000,0.0000,0.0000,0.6667,0.1667
7027df40-ab9c-4d2e-8129-75fd9ca3a371,e86e18ef-a902-4527-9be4-59d24519eed6,2.0000,9.4173,0.5000,2.0000,2.0000,0.0000,0.2917
7027df40-ab9c-4d2e-8129-75fd9ca3a371,0c0f2152-377c-422f-8052-b0dc0153ae0a,2.0000,11.2848,0.5000,2.0000,2.0000,0.6667,0.2917
7027df40-ab9c-4d2e-8129-75fd9ca3a371,f0fe03d1-14fe-4cd5-9497-d0c224b284cd,2.0000,12.4723,0.5000,2.0000,2.0000,0.6667,0.3750
7027df40-ab9c-4d2e-8129-75fd9ca3a371,46b81f92-9499-424e-aa38-0af32369c9ab,0.0000,8.0301,1.0000,0.0000,0.0000,0.0000,0.0417
7027df40-ab9c-4d2e-8129-75fd9ca3a371,74e1172e-bf77-4868-a39e-fd314e3df33b,2.0000,11.8955,0.5000,2.0000,2.0000,0.0000,0.2917
7027df40-ab9c-4d2e-8129-75fd9ca3a371,b07b7f86-1bbf-4c6a-b8f2-d3a602704355,2.0000,7.9597,0.5000,2.0000,2.0000,0.0000,0.1667
7027df40-ab9c-4d2e-8129-75fd9ca3a371,4da9a570-5edf-44bd-b262-3de1664706ea,2.0000,9.2344,0.5000,2.0000,2.0000,0.0000,0.1250
7027df40-ab9c-4d2e-8129-75fd9ca3a371,7105fb47-b5e3-46e7-9197-d83c0f4526aa,2.0000,10.5788,0.5000,2.0000,2.0000,0.0000,0.2500
7027df40-ab9c-4d2e-8129-75fd9ca3a371,cc43ad38-fb37-4584-b672-7e13df12000d,2.0000,9.9562,0.5000,2.0000,2.0000,0.6667,0.3333
7027df40-ab9c-4d2e-8129-75fd9ca3a371,6f14499e-d0d7-4bef-a1f0-86d3cc46e4dc,2.0000,11.1411,0.5000,2.0000,2.0000,0.6667,0.1667
7027df40-ab9c-4d2e-8129-75fd9ca3a371,0997d41c-6d90-4c74-9ca2-a03e0dfe6499,2.0000,10.8176,0.5000,2.0000,2.0000,0.0000,0.2500
7027df40-ab9c-4d2e-8129-75fd9ca3a371,2e68bde0-2ec3-4d13-9c70-4a6edcc253f8,2.0000,8.8320,0.5000,2.0000,2.0000,0.6667,0.2500
7027df40-ab9c-4d2e-8129-75fd9ca3a371,22c05025-cd65-4fd6-b42b-e1e1318adfe3,0.0000,9.0604,1.0000,0.0000,0.0000,0.6667,0.2917
7027df40-ab9c-4d2e-8129-75fd9ca3a371,52690bf0-6649-4e43-81a1-f4d14d84c9bb,0.0000,10.1157,1.0000,0.0000,0.0000,0.6667,0.0769
7027df40-ab9c-4d2e-8129-75fd9ca3a371,aa0e625f-0115-4592-a2d1-f12ab8f8fd07,2.0000,10.8989,0.5000,2.0000,2.0000,0.0000,0.2083
7027df40-ab9c-4d2e-8129-75fd9ca3a371,a34b9a88-6139-4498-8cb4-7dc14826736b,2.0000,13.1452,0.5000,2.0000,2.0000,0.0000,0.4167
7027df40-ab9c-4d2e-8129-75fd9ca3a371,fc38c551-9fce-4cb9-989c-e14a15ec343d,2.0000,10.2036,0.5000,2.0000,2.0000,0.0000,0.1667
7027df40-ab9c-4d2e-8129-75fd9ca3a371,282804f0-eeaf-4337-b99e-edc8c825f36e,2.0000,11.6592,0.5000,2.0000,2.0000,0.6667,0.3333
7027df40-ab9c-4d2e-8129-75fd9ca3a371,adc5de5d-5f7a-4315-ae7c-01194bb38567,2.0000,7.6156,0.5000,2.0000,2.0000,0.6667,0.3333
7027df40-ab9c-4d2e-8129-75fd9ca3a371,1977a7f8-0fe7-41af-a87a-76cfb1713877,0.0000,6.5813,1.0000,0.0000,0.0000,0.6667,0.0000
7027df40-ab9c-4d2e-8129-75fd9ca3a371,8a1e5a0f-87f3-4a3c-8afc-6d403b90401e,2.0000,8.9017,0.5000,2.0000,2.0000,0.6667,0.3333
7027df40-ab9c-4d2e-8129-75fd9ca3a371,059ef947-4a12-4833-add6-17c6f7c41a05,2.0000,8.1236,0.5000,2.0000,2.0000,0.6667,0.2500
7027df40-ab9c-4d2e-8129-75fd9ca3a371,fa8a729c-880c-4ec4-b231-decd82e1496a,0.0000,6.5576,1.0000,0.0000,0.0000,0.6667,0.1667
7027df40-ab9c-4d2e-8129-75fd9ca3a371,1f060904-d763-45c4-adb3-0bcccf916f16,0.0000,8.2116,1.0000,0.0000,0.0000,0.6667,0.1667
7027df40-ab9c-4d2e-8129-75fd9ca3a371,3525aec3-2b10-4958-977b-1d0db69061e1,0.0000,8.0119,1.0000,0.0000,0.0000,0.0000,0.0833
7027df40-ab9c-4d2e-8129-75fd9ca3a371,4dc55917-1ad9-4f41-a4a5-efa709d235d9,0.0000,7.1516,1.0000,0.0000,0.0000,0.6667,0.1667
7027df40-ab9c-4d2e-8129-75fd9ca3a371,b20b4a65-b7c6-4cea-b79f-6a6db36ffdb1,2.0000,6.3797,0.5000,2.0000,2.0000,0.6667,0.3333
7027df40-ab9c-4d2e-8129-75fd9ca3a371,dfc01f3d-0bd7-4b56-aaac-87f7635b8f94,2.0000,11.3966,0.5000,2.0000,2.0000,0.6667,0.3750
7027df40-ab9c-4d2e-8129-75fd9ca3a371,2a693e8a-5f1a-4c10-9dbe-32a95fdb6c21,2.0000,12.3091,0.5000,2.0000,2.0000,0.0000,0.2500
7027df40-ab9c-4d2e-8129-75fd9ca3a371,afa62b93-9459-4a3d-b943-44e88f2ba832,2.0000,9.6456,0.5000,2.0000,2.0000,0.0000,0.2500
7027df40-ab9c-4d2e-8129-75fd9ca3a371,6a574a63-684b-4e8e-86d8-56c4ef182e83,2.0000,11.5172,0.5000,2.0000,2.0000,0.0000,0.2917
7027df40-ab9c-4d2e-8129-75fd9ca3a371,5fc2040b-5445-448e-bdf1-c32854189d53,2.0000,11.2998,0.5000,2.0000,2.0000,0.0000,0.2917
7027df40-ab9c-4d2e-8129-75fd9ca3a371,2d8a413c-9727-4a6a-8fc0-42bb4d8573d2,2.0000,11.2299,0.5000,2.0000,2.0000,0.0000,0.3333
7027df40-ab9c-4d2e-8129-75fd9ca3a371,61f121ba-cb60-465c-a2f5-9f2f14974ee8,0.0000,11.4513,1.0000,0.0000,0.0000,0.6667,0.2500
7027df40-ab9c-4d2e-8129-75fd9ca3a371,905bd711-6c1a-4bb8-9c8d-808f8a4b9705,2.0000,7.8165,0.5000,2.0000,2.0000,0.0000,0.0833
7027df40-ab9c-4d2e-8129-75fd9ca3a371,925fcff5-826c-4439-8315-4d6434f6f7db,2.0000,13.4338,0.5000,2.0000,2.0000,0.6667,0.2500
7027df40-ab9c-4d2e-8129-75fd9ca3a371,fafe7552-d597-4e47-b1bb-0abd8cdcfe25,2.0000,10.5026,0.5000,2.0000,2.0000,0.0000,0.3333
7027df40-ab9c-4d2e-8129-75fd9ca3a371,2be2d465-90ce-4beb-b5dc-6c92bdf23287,2.0000,9.6961,0.5000,2.0000,2.0000,0.0000,0.1667
7027df40-ab9c-4d2e-8129-75fd9ca3a371,62694c2b-296e-4ea6-b29f-d6fce70f4ee0,2.0000,11.8864,0.5000,2.0000,2.0000,0.6667,0.2500
7027df40-ab9c-4d2e-8129-75fd9ca3a371,4a9b7b3e-39f8-4542-b6a3-2cdddbc64b84,2.0000,11.7022,0.5000,2.0000,2.0000,0.6667,0.4167
7027df40-ab9c-4d2e-8129-75fd9ca3a371,f2f08e2f-79b8-4a56-92e9-cfc0e2b94f70,0.0000,7.0013,1.0000,0.0000,0.0000,0.6667,0.0000
7027df40-ab9c-4d2e-8129-75fd9ca3a371,5a3d63bf-344c-4e6e-bc93-50b3b9150d26,2.0000,9.9116,0.5000,2.0000,2.0000,0.0000,0.2917
7027df40-ab9c-4d2e-8129-75fd9ca3a371,5c6cea65-33e0-4403-ac24-1f3e986820f5,0.0000,11.2397,1.0000,0.0000,0.0000,0.6667,0.1667
7027df40-ab9c-4d2e-8129-75fd9ca3a371,ce289378-48db-4c5b-817b-85a3f7170b6d,0.0000,5.8996,1.0000,0.0000,0.0000,0.0000,0.0769
7027df40-ab9c-4d2e-8129-75fd9ca3a371,8e122a6e-999f-4977-b4e1-21eb03cae87d,0.0000,9.7561,1.0000,0.0000,0.0000,0.6667,0.0417
7027df40-ab9c-4d2e-8129-75fd9ca3a371,6a94bf0c-f443-448e-ba57-f3aa2805cb05,2.0000,11.0543,0.5000,2.0000,2.0000,0.0000,0.2083
7027df40-ab9c-4d2e-8129-75fd9ca3a371,cfb5d567-1d11-4a1e-9030-f9ea119d29ab,2.0000,8.4062,0.5000,2.0000,2.0000,0.0000,0.3750
7027df40-ab9c-4d2e-8129-75fd9ca3a371,bd111f97-40ec-48c2-9537-3f4585fd3c61,2.0000,8.9470,0.5000,2.0000,2.0000,0.0000,0.3750
7027df40-ab9c-4d2e-8129-75fd9ca3a371,56043fae-9517-4a04-b8ca-05c203f26132,2.0000,8.6716,0.5000,2.0000,2.0000,0.0000,0.4583
7027df40-ab9c-4d2e-8129-75fd9ca3a371,cf50eb11-df20-4705-8b1b-2d77ce2403ef,2.0000,8.6375,0.5000,2.0000,2.0000,0.6667,0.2917
7027df40-ab9c-4d2e-8129-75fd9ca3a371,5de87467-8cbd-4a2d-90a3-7e283de285fa,2.0000,8.5389,0.5000,2.0000,2.0000,0.0000,0.2500
7027df40-ab9c-4d2e-8129-75fd9ca3a371,dcf216e8-416d-44ea-80bf-2587651dfd37,2.0000,8.9833,0.5000,2.0000,2.0000,0.0000,0.2500
7027df40-ab9c-4d2e-8129-75fd9ca3a371,e163b85d-9f81-4c13-8c8c-521c33484e74,0.0000,9.9839,1.0000,0.0000,0.0000,0.6667,0.0400
7027df40-ab9c-4d2e-8129-75fd9ca3a371,0f5bc599-7a61-4792-8bf7-b9f78eec50fc,0.0000,7.2930,1.0000,0.0000,0.0000,0.0000,0.0417
7027df40-ab9c-4d2e-8129-75fd9ca3a371,e5a14bb0-fea4-41eb-9bdd-aed3acec68b7,2.0000,8.4381,0.5000,2.0000,2.0000,0.6667,0.3333
7027df40-ab9c-4d2e-8129-75fd9ca3a371,d5cb26d7-030e-4b27-a7fc-8913c4a80794,0.0000,7.3637,1.0000,0.0000,0.0000,0.6667,0.0417
7027df40-ab9c-4d2e-8129-75fd9ca3a371,0f63c729-6dbc-48c2-9f43-89c37de9818f,2.0000,10.7804,0.5000,2.0000,2.0000,0.0000,0.2917
7027df40-ab9c-4d2e-8129-75fd9ca3a371,d73b320a-790d-4a0e-b13f-02a09cbaf3bf,2.0000,10.4432,0.5000,2.0000,2.0000,0.0000,0.2083
7027df40-ab9c-4d2e-8129-75fd9ca3a371,6f8acc59-cbf2-4b96-be3f-d5173828b422,2.0000,8.1222,0.5000,2.0000,2.0000,0.6667,0.1667
7027df40-ab9c-4d2e-8129-75fd9ca3a371,a9bef44c-9e90-409b-9b07-93db1d3be774,0.0000,11.0217,1.0000,0.0000,0.0000,0.6667,0.0400
7027df40-ab9c-4d2e-8129-75fd9ca3a371,62d0e0ab-0ed6-401f-b329-a12d20a79fb8,2.0000,13.6116,0.5000,2.0000,2.0000,0.0000,0.2083
7027df40-ab9c-4d2e-8129-75fd9ca3a371,c8403da2-d968-494c-bbbe-bc7855b370ab,2.0000,10.5496,0.5000,2.0000,2.0000,0.6667,0.3750
7027df40-ab9c-4d2e-8129-75fd9ca3a371,49e59cdd-4809-43f6-b618-1d0396a89857,0.0000,9.7787,1.0000,0.0000,0.0000,0.6667,0.0769
7027df40-ab9c-4d2e-8129-75fd9ca3a371,ccfc5874-fe2c-4d37-ab22-2f8deae33eae,0.0000,8.9143,1.0000,0.0000,0.0000,0.0000,0.0417
7027df40-ab9c-4d2e-8129-75fd9ca3a371,2b35aae8-7d5a-4e25-bd0b-8ae554405fa5,2.0000,11.5504,0.5000,2.0000,2.0000,0.6667,0.3750
7027df40-ab9c-4d2e-8129-75fd9ca3a371,642ee07e-29b6-45a7-9826-aa2f8e6f6fda,0.0000,6.7130,1.0000,0.0000,0.0000,0.6667,0.0400
7027df40-ab9c-4d2e-8129-75fd9ca3a371,18f05cad-c4a5-45a2-afda-2c6693684b81,2.0000,9.6933,0.5000,2.0000,2.0000,0.6667,0.3333
7027df40-ab9c-4d2e-8129-75fd9ca3a371,6db16bc6-1a3a-47dc-9b2e-e489ff3a30d3,0.0000,8.0519,1.0000,0.0000,0.0000,0.6667,0.0417
7027df40-ab9c-4d2e-8129-75fd9ca3a371,cf2e50ca-eb53-4a77-97c9-065f239b9c28,2.0000,8.0364,0.5000,2.0000,2.0000,0.6667,0.3750
7027df40-ab9c-4d2e-8129-75fd9ca3a371,2003d6e5-1b34-47a0-80b4-f960cc4d1c06,2.0000,11.8389,0.5000,2.0000,2.0000,0.6667,0.2083
7027df40-ab9c-4d2e-8129-75fd9ca3a371,692df9b4-47d2-48c1-8732-aa2dbd856038,2.0000,11.6539,0.5000,2.0000,2.0000,0.0000,0.1667
7027df40-ab9c-4d2e-8129-75fd9ca3a371,853d8cdf-bbba-40fe-bc3c-9dbf4a72e3ba,2.0000,8.5405,0.5000,2.0000,2.0000,0.6667,0.2083
7027df40-ab9c-4d2e-8129-75fd9ca3a371,2517b72c-41df-4f4a-a74f-4e6a4d8fb9a6,2.0000,11.2670,0.5000,2.0000,2.0000,0.6667,0.0417
7027df40-ab9c-4d2e-8129-75fd9ca3a371,f761d41a-5220-42bf-872b-6a75cea6e24b,2.0000,11.3437,0.5000,2.0000,2.0000,0.0000,0.3333
7027df40-ab9c-4d2e-8129-75fd9ca3a371,e8b9141c-9944-4c1d-beb1-2a3921ab8e1a,0.0000,11.9577,1.0000,0.0000,0.0000,0.6667,0.1111
7027df40-ab9c-4d2e-8129-75fd9ca3a371,ff4975cc-52b8-41ed-8a6f-c69487eab5e8,2.0000,12.1231,0.5000,2.0000,2.0000,0.6667,0.2917
7027df40-ab9c-4d2e-8129-75fd9ca3a371,22594200-2b3a-466f-9a4c-fc62849a043c,2.0000,9.9210,0.5000,2.0000,2.0000,0.6667,0.1667
7027df40-ab9c-4d2e-8129-75fd9ca3a371,76a03818-1adc-4462-a8d3-fd5cc8cde7c3,0.0000,10.1229,1.0000,0.0000,0.0000,0.6667,0.2083
7027df40-ab9c-4d2e-8129-75fd9ca3a371,14cbf3ff-91dd-4d34-92fe-f218d90b36a1,2.0000,10.3614,0.5000,2.0000,2.0000,0.0000,0.2917
c81223c8-1271-4efe-9fee-7ad2daceec55,3f55c60e-0aa5-4089-94f4-a7e685e1b692,2.0000,9.6036,0.5000,2.0000,2.0000,0.6667,0.2500
c81223c8-1271-4efe-9fee-7ad2daceec55,e25c21b8-6a65-4804-b483-494865ea5fe4,0.0000,4.7379,1.0000,0.0000,0.0000,0.0000,0.0000
c81223c8-1271-4efe-9fee-7ad2daceec55,8c1ea269-2643-4e1f-9c37-0b796361a792,0.0000,15.1910,1.0000,0.0000,0.0000,0.6667,0.2222
c81223c8-1271-4efe-9fee-7ad2daceec55,ceec740e-dd0f-4050-aaad-3bb7576df8ed,0.0000,14.4783,1.0000,0.0000,0.0000,0.6667,0.0000
c81223c8-1271-4efe-9fee-7ad2daceec55,a3f69495-a21b-448b-82c9-57efa81700cd,2.0000,10.6635,0.5000,2.0000,2.0000,0.6667,0.3571
c81223c8-1271-4efe-9fee-7ad2daceec55,c8f7e77f-612a-4780-9a35-fa8644e8ae5a,2.0000,7.9084,0.5000,2.0000,2.0000,0.6667,0.1000
c81223c8-1271-4efe-9fee-7ad2daceec55,e86e18ef-a902-4527-9be4-59d24519eed6,0.0000,16.4013,1.0000,0.0000,0.0000,0.6667,0.0556
c81223c8-1271-4efe-9fee-7ad2daceec55,0c0f2152-377c-422f-8052-b0dc0153ae0a,0.0000,1.5191,1.0000,0.0000,0.0000,0.0000,0.0556
c81223c8-1271-4efe-9fee-7ad2daceec55,f0fe03d1-14fe-4cd5-9497-d0c224b284cd,0.0000,9.6727,1.0000,0.0000,0.0000,0.6667,0.1667
c81223c8-1271-4efe-9fee-7ad2daceec55,46b81f92-9499-424e-aa38-0af32369c9ab,2.0000,8.0577,0.5000,2.0000,2.0000,0.6667,0.2174
c81223c8-1271-4efe-9fee-7ad2daceec55,74e1172e-bf77-4868-a39e-fd314e3df33b,0.0000,12.9258,1.0000,0.0000,0.0000,0.6667,0.0556
c81223c8-1271-4efe-9fee-7ad2daceec55,b07b7f86-1bbf-4c6a-b8f2-d3a602704355,0.0000,12.8948,1.0000,0.0000,0.0000,0.6667,0.1000
c81223c8-1271-4efe-9fee-7ad2daceec55,4da9a570-5edf-44bd-b262-3de1664706ea,0.0000,14.2266,1.0000,0.0000,0.0000,0.6667,0.1429
c81223c8-1271-4efe-9fee-7ad2daceec55,7105fb47-b5e3-46e7-9197-d83c0f4526aa,0.0000,7.3645,1.0000,0.0000,0.0000,0.6667,0.0000
c81223c8-1271-4efe-9fee-7ad2daceec55,cc43ad38-fb37-4584-b672-7e13df12000d,0.0000,3.2506,1.0000,0.0000,0.0000,0.0000,0.1111
c81223c8-1271-4efe-9fee-7ad2daceec55,6f14499e-d0d7-4bef-a1f0-86d3cc46e4dc,0.0000,7.3395,1.0000,0.0000,0.0000,0.0000,0.1000
c81223c8-1271-4efe-9fee-7ad2daceec55,0997d41c-6d90-4c74-9ca2-a03e0dfe6499,0.0000,7.8575,1.0000,0.0000,0.0000,0.6667,0.0000
c81223c8-1271-4efe-9fee-7ad2daceec55,2e68bde0-2ec3-4d13-9c70-4a6edcc253f8,0.0000,11.9138,1.0000,0.0000,0.0000,0.0000,0.0000
c81223c8-1271-4efe-9fee-7ad2daceec55,22c05025-cd65-4fd6-b42b-e1e1318adfe3,2.0000,8.2694,0.5000,2.0000,2.0000,0.0000,0.0556
c81223c8-1271-4efe-9fee-7ad2daceec55,52690bf0-6649-4e43-81a1-f4d14d84c9bb,2.0000,12.8478,0.5000,2.0000,2.0000,0.0000,0.3077
c81223c8-1271-4efe-9fee-7ad2daceec55,aa0e625f-0115-4592-a2d1-f12ab8f8fd07,0.0000,9.6158,1.0000,0.0000,0.0000,0.6667,0.0526
c81223c8-1271-4efe-9fee-7ad2daceec55,a34b9a88-6139-4498-8cb4-7dc14826736b,0.0000,8.5675,1.0000,0.0000,0.0000,0.6667,0.2222
c81223c8-1271-4efe-9fee-7ad2daceec55,fc38c551-9fce-4cb9-989c-e14a15ec343d,0.0000,14.7765,1.0000,0.0000,0.0000,0.6667,0.1000
c81223c8-1271-4efe-9fee-7ad2daceec55,282804f0-eeaf-4337-b99e-edc8c825f36e,0.0000,10.6699,1.0000,0.0000,0.0000,0.0000,0.1111
c81223c8-1271-4efe-9fee-7ad2daceec55,adc5de5d-5f7a-4315-ae7c-01194bb38567,0.0000,10.3695,1.0000,0.0000,0.0000,0.0000,0.1111
c81223c8-1271-4efe-9fee-7ad2daceec55,1977a7f8-0fe7-41af-a87a-76cfb1713877,2.0000,11.8946,0.5000,2.0000,2.0000,0.6667,0.2500
c81223c8-1271-4efe-9fee-7ad2daceec55,8a1e5a0f-87f3-4a3c-8afc-6d403b90401e,0.0000,11.7367,1.0000,0.0000,0.0000,0.6667,0.1111
c81223c8-1271-4efe-9fee-7ad2daceec55,059ef947-4a12-4833-add6-17c6f7c41a05,0.0000,10.6327,1.0000,0.0000,0.0000,0.0000,0.0000
c81223c8-1271-4efe-9fee-7ad2daceec55,fa8a729c-880c-4ec4-b231-decd82e1496a,2.0000,12.1591,0.5000,2.0000,2.0000,0.0000,0.1000
c81223c8-1271-4efe-9fee-7ad2daceec55,1f060904-d763-45c4-adb3-0bcccf916f16,2.0000,13.2087,0.5000,2.0000,2.0000,0.0000,0.1000
c81223c8-1271-4efe-9fee-7ad2daceec55,3525aec3-2b10-4958-977b-1d0db69061e1,2.0000,10.4574,0.5000,2.0000,2.0000,0.6667,0.1818
c81223c8-1271-4efe-9fee-7ad2daceec55,4dc55917-1ad9-4f41-a4a5-efa709d235d9,2.0000,5.3658,0.5000,2.0000,2.0000,0.6667,0.1000
c81223c8-1271-4efe-9fee-7ad2daceec55,b20b4a65-b7c6-4cea-b79f-6a6db36ffdb1,0.0000,11.9412,1.0000,0.0000,0.0000,0.0000,0.1111
c81223c8-1271-4efe-9fee-7ad2daceec55,dfc01f3d-0bd7-4b56-aaac-87f7635b8f94,0.0000,6.9660,1.0000,0.0000,0.0000,0.0000,0.1667
c81223c8-1271-4efe-9fee-7ad2daceec55,2a693e8a-5f1a-4c10-9dbe-32a95fdb6c21,0.0000,13.9509,1.0000,0.0000,0.0000,0.6667,0.0000
c81223c8-1271-4efe-9fee-7ad2daceec55,afa62b93-9459-4a3d-b943-44e88f2ba832,0.0000,16.8830,1.0000,0.0000,0.0000,0.6667,0.0000
c81223c8-1271-4efe-9fee-7ad2daceec55,6a574a63-684b-4e8e-86d8-56c4ef182e83,0.0000,11.3908,1.0000,0.0000,0.0000,0.6667,0.0556
c81223c8-1271-4efe-9fee-7ad2daceec55,5fc2040b-5445-448e-bdf1-c32854189d53,0.0000,15.8883,1.0000,0.0000,0.0000,0.6667,0.0556
c81223c8-1271-4efe-9fee-7ad2daceec55,2d8a413c-9727-4a6a-8fc0-42bb4d8573d2,0.0000,10.0462,1.0000,0.0000,0.0000,0.6667,0.1111
c81223c8-1271-4efe-9fee-7ad2daceec55,61f121ba-cb60-465c-a2f5-9f2f14974ee8,2.0000,4.8692,0.5000,2.0000,2.0000,0.6667,0.0000
c81223c8-1271-4efe-9fee-7ad2daceec55,905bd711-6c1a-4bb8-9c8d-808f8a4b9705,0.0000,12.4286,1.0000,0.0000,0.0000,0.6667,0.1818
c81223c8-1271-4efe-9fee-7ad2daceec55,925fcff5-826c-4439-8315-4d6434f6f7db,0.0000,6.6002,1.0000,0.0000,0.0000,0.0000,0.0000
c81223c8-1271-4efe-9fee-7ad2daceec55,fafe7552-d597-4e47-b1bb-0abd8cdcfe25,0.0000,12.9273,1.0000,0.0000,0.0000,0.6667,0.1111
c81223c8-1271-4efe-9fee-7ad2daceec55,2be2d465-90ce-4beb-b5dc-6c92bdf23287,0.0000,16.9692,1.0000,0.0000,0.0000,0.6667,0.1000
c81223c8-1271-4efe-9fee-7ad2daceec55,62694c2b-296e-4ea6-b29f-d6fce70f4ee0,0.0000,4.2202,1.0000,0.0000,0.0000,0.0000,0.0000
c81223c8-1271-4efe-9fee-7ad2daceec55,4a9b7b3e-39f8-4542-b6a3-2cdddbc64b84,0.0000,6.4499,1.0000,0.0000,0.0000,0.0000,0.2222
c81223c8-1271-4efe-9fee-7ad2daceec55,f2f08e2f-79b8-4a56-92e9-cfc0e2b94f70,2.0000,11.9173,0.5000,2.0000,2.0000,0.0000,0.2500
c81223c8-1271-4efe-9fee-7ad2daceec55,5a3d63bf-344c-4e6e-bc93-50b3b9150d26,0.0000,15.2851,1.0000,0.0000,0.0000,0.6667,0.0556
c81223c8-1271-4efe-9fee-7ad2daceec55,5c6cea65-33e0-4403-ac24-1f3e986820f5,2.0000,10.3870,0.5000,2.0000,2.0000,0.0000,0.1000
c81223c8-1271-4efe-9fee-7ad2daceec55,ce289378-48db-4c5b-817b-85a3f7170b6d,2.0000,11.2050,0.5000,2.0000,2.0000,0.6667,0.3077
c81223c8-1271-4efe-9fee-7ad2daceec55,8e122a6e-999f-4977-b4e1-21eb03cae87d,2.0000,8.3505,0.5000,2.0000,2.0000,0.0000,0.2174
c81223c8-1271-4efe-9fee-7ad2daceec55,6a94bf0c-f443-448e-ba57-f3aa2805cb05,0.0000,10.7085,1.0000,0.0000,0.0000,0.6667,0.0526
c81223c8-1271-4efe-9fee-7ad2daceec55,cfb5d567-1d11-4a1e-9030-f9ea119d29ab,0.0000,15.2479,1.0000,0.0000,0.0000,0.6667,0.1667
c81223c8-1271-4efe-9fee-7ad2daceec55,bd111f97-40ec-48c2-9537-3f4585fd3c61,0.0000,13.9258,1.0000,0.0000,0.0000,0.6667,0.1667
c81223c8-1271-4efe-9fee-7ad2daceec55,56043fae-9517-4a04-b8ca-05c203f26132,0.0000,13.4667,1.0000,0.0000,0.0000,0.6667,0.2778
c81223c8-1271-4efe-9fee-7ad2daceec55,cf50eb11-df20-4705-8b1b-2d77ce2403ef,0.0000,13.0903,1.0000,0.0000,0.0000,0.0000,0.0556
c81223c8-1271-4efe-9fee-7ad2daceec55,5de87467-8cbd-4a2d-90a3-7e283de285fa,0.0000,15.2785,1.0000,0.0000,0.0000,0.6667,0.0000
c81223c8-1271-4efe-9fee-7ad2daceec55,dcf216e8-416d-44ea-80bf-2587651dfd37,0.0000,15.5830,1.0000,0.0000,0.0000,0.6667,0.0000
c81223c8-1271-4efe-9fee-7ad2daceec55,e163b85d-9f81-4c13-8c8c-521c33484e74,2.0000,9.1130,0.5000,2.0000,2.0000,0.0000,0.2800
c81223c8-1271-4efe-9fee-7ad2daceec55,0f5bc599-7a61-4792-8bf7-b9f78eec50fc,2.0000,6.0801,0.5000,2.0000,2.0000,0.6667,0.2174
c81223c8-1271-4efe-9fee-7ad2daceec55,e5a14bb0-fea4-41eb-9bdd-aed3acec68b7,0.0000,11.1542,1.0000,0.0000,0.0000,0.0000,0.1111
c81223c8-1271-4efe-9fee-7ad2daceec55,d5cb26d7-030e-4b27-a7fc-8913c4a80794,2.0000,10.3902,0.5000,2.0000,2.0000,0.0000,0.2174
c81223c8-1271-4efe-9fee-7ad2daceec55,0f63c729-6dbc-48c2-9f43-89c37de9818f,0.0000,11.9499,1.0000,0.0000,0.0000,0.6667,0.0556
c81223c8-1271-4efe-9fee-7ad2daceec55,d73b320a-790d-4a0e-b13f-02a09cbaf3bf,0.0000,10.3361,1.0000,0.0000,0.0000,0.6667,0.0526
c81223c8-1271-4efe-9fee-7ad2daceec55,6f8acc59-cbf2-4b96-be3f-d5173828b422,0.0000,4.4678,1.0000,0.0000,0.0000,0.0000,0.1000
c81223c8-1271-4efe-9fee-7ad2daceec55,a9bef44c-9e90-409b-9b07-93db1d3be774,2.0000,9.8196,0.5000,2.0000,2.0000,0.0000,0.2800
c81223c8-1271-4efe-9fee-7ad2daceec55,62d0e0ab-0ed6-401f-b329-a12d20a79fb8,0.0000,9.0481,1.0000,0.0000,0.0000,0.6667,0.0526
c81223c8-1271-4efe-9fee-7ad2daceec55,c8403da2-d968-494c-bbbe-bc7855b370ab,0.0000,4.7835,1.0000,0.0000,0.0000,0.0000,0.1667
c81223c8-1271-4efe-9fee-7ad2daceec55,49e59cdd-4809-43f6-b618-1d0396a89857,2.0000,11.1341,0.5000,2.0000,2.0000,0.0000,0.3077
c81223c8-1271-4efe-9fee-7ad2daceec55,ccfc5874-fe2c-4d37-ab22-2f8deae33eae,2.0000,9.7660,0.5000,2.0000,2.0000,0.6667,0.2174
c81223c8-1271-4efe-9fee-7ad2daceec55,2b35aae8-7d5a-4e25-bd0b-8ae554405fa5,0.0000,4.3992,1.0000,0.0000,0.0000,0.0000,0.1667
c81223c8-1271-4efe-9fee-7ad2daceec55,642ee07e-29b6-45a7-9826-aa2f8e6f6fda,2.0000,6.9105,0.5000,2.0000,2.0000,0.0000,0.2800
c81223c8-1271-4efe-9fee-7ad2daceec55,18f05cad-c4a5-45a2-afda-2c6693684b81,0.0000,14.4082,1.0000,0.0000,0.0000,0.6667,0.1111
c81223c8-1271-4efe-9fee-7ad2daceec55,6db16bc6-1a3a-47dc-9b2e-e489ff3a30d3,2.0000,10.3201,0.5000,2.0000,2.0000,0.6667,0.2174
c81223c8-1271-4efe-9fee-7ad2daceec55,cf2e50ca-eb53-4a77-97c9-065f239b9c28,0.0000,15.7314,1.0000,0.0000,0.0000,0.6667,0.1667
c81223c8-1271-4efe-9fee-7ad2daceec55,2003d6e5-1b34-47a0-80b4-f960cc4d1c06,0.0000,7.4538,1.0000,0.0000,0.0000,0.0000,0.0526
c81223c8-1271-4efe-9fee-7ad2daceec55,692df9b4-47d2-48c1-8732-aa2dbd856038,0.0000,10.6783,1.0000,0.0000,0.0000,0.6667,0.1000
c81223c8-1271-4efe-9fee-7ad2daceec55,853d8cdf-bbba-40fe-bc3c-9dbf4a72e3ba,0.0000,9.5658,1.0000,0.0000,0.0000,0.0000,0.0526
c81223c8-1271-4efe-9fee-7ad2daceec55,2517b72c-41df-4f4a-a74f-4e6a4d8fb9a6,0.0000,9.2084,1.0000,0.0000,0.0000,0.0000,0.2174
c81223c8-1271-4efe-9fee-7ad2daceec55,f761d41a-5220-42bf-872b-6a75cea6e24b,0.0000,12.4613,1.0000,0.0000,0.0000,0.6667,0.1111
c81223c8-1271-4efe-9fee-7ad2daceec55,e8b9141c-9944-4c1d-beb1-2a3921ab8e1a,2.0000,8.4107,0.5000,2.0000,2.0000,0.0000,0.3333
c81223c8-1271-4efe-9fee-7ad2daceec55,ff4975cc-52b8-41ed-8a6f-c69487eab5e8,0.0000,4.5677,1.0000,0.0000,0.0000,0.0000,0.0556
c81223c8-1271-4efe-9fee-7ad2daceec55,22594200-2b3a-466f-9a4c-fc62849a043c,0.0000,9.2003,1.0000,0.0000,0.0000,0.0000,0.1000
c81223c8-1271-4efe-9fee-7ad2daceec55,76a03818-1adc-4462-a8d3-fd5cc8cde7c3,2.0000,8.2988,0.5000,2.0000,2.0000,0.6667,0.0526
c81223c8-1271-4efe-9fee-7ad2daceec55,14cbf3ff-91dd-4d34-92fe-f218d90b36a1,0.0000,9.8125,1.0000,0.0000,0.0000,0.6667,0.0556
3f55c60e-0aa5-4089-94f4-a7e685e1b692,e25c21b8-6a65-4804-b483-494865ea5fe4,2.0000,13.3764,0.5000,2.0000,2.0000,0.6667,0.2500
3f55c60e-0aa5-4089-94f4-a7e685e1b692,8c1ea269-2643-4e1f-9c37-0b796361a792,2.0000,9.3022,0.5000,2.0000,2.0000,0.6667,0.4167
3f55c60e-0aa5-4089-94f4-a7e685e1b692,ceec740e-dd0f-4050-aaad-3bb7576df8ed,2.0000,9.6970,0.5000,2.0000,2.0000,0.6667,0.2500
3f55c60e-0aa5-4089-94f4-a7e685e1b692,a3f69495-a21b-448b-82c9-57efa81700cd,0.0000,11.6258,1.0000,0.0000,0.0000,0.6667,0.1429
3f55c60e-0aa5-4089-94f4-a7e685e1b692,c8f7e77f-612a-4780-9a35-fa8644e8ae5a,0.0000,11.0248,1.0000,0.0000,0.0000,0.0000,0.1667
3f55c60e-0aa5-4089-94f4-a7e685e1b692,e86e18ef-a902-4527-9be4-59d24519eed6,2.0000,12.9461,0.5000,2.0000,2.0000,0.6667,0.2917
3f55c60e-0aa5-4089-94f4-a7e685e1b692,0c0f2152-377c-422f-8052-b0dc0153ae0a,2.0000,9.4959,0.5000,2.0000,2.0000,0.6667,0.2917
3f55c60e-0aa5-4089-94f4-a7e685e1b692,f0fe03d1-14fe-4cd5-9497-d0c224b284cd,2.0000,14.5552,0.5000,2.0000,2.0000,0.0000,0.3750
3f55c60e-0aa5-4089-94f4-a7e685e1b692,46b81f92-9499-424e-aa38-0af32369c9ab,0.0000,8.0587,1.0000,0.0000,0.0000,0.6667,0.0417
3f55c60e-0aa5-4089-94f4-a7e685e1b692,74e1172e-bf77-4868-a39e-fd314e3df33b,2.0000,8.0211,0.5000,2.0000,2.0000,0.6667,0.2917
3f55c60e-0aa5-4089-94f4-a7e685e1b692,b07b7f86-1bbf-4c6a-b8f2-d3a602704355,2.0000,6.2497,0.5000,2.0000,2.0000,0.6667,0.1667
3f55c60e-0aa5-4089-94f4-a7e685e1b692,4da9a570-5edf-44bd-b262-3de1664706ea,2.0000,10.2052,0.5000,2.0000,2.0000,0.6667,0.1250
3f55c60e-0aa5-4089-94f4-a7e685e1b692,7105fb47-b5e3-46e7-9197-d83c0f4526aa,2.0000,8.3690,0.5000,2.0000,2.0000,0.6667,0.2500
3f55c60e-0aa5-4089-94f4-a7e685e1b692,cc43ad38-fb37-4584-b672-7e13df12000d,2.0000,11.4603,0.5000,2.0000,2.0000,0.6667,0.3333
3f55c60e-0aa5-4089-94f4-a7e685e1b692,6f14499e-d0d7-4bef-a1f0-86d3cc46e4dc,2.0000,5.5722,0.5000,2.0000,2.0000,0.6667,0.1667
3f55c60e-0aa5-4089-94f4-a7e685e1b692,0997d41c-6d90-4c74-9ca2-a03e0dfe6499,2.0000,8.5085,0.5000,2.0000,2.0000,0.6667,0.2500
3f55c60e-0aa5-4089-94f4-a7e685e1b692,2e68bde0-2ec3-4d13-9c70-4a6edcc253f8,2.0000,9.6702,0.5000,2.0000,2.0000,0.6667,0.2500
3f55c60e-0aa5-4089-94f4-a7e685e1b692,22c05025-cd65-4fd6-b42b-e1e1318adfe3,0.0000,11.5124,1.0000,0.0000,0.0000,0.6667,0.2917
3f55c60e-0aa5-4089-94f4-a7e685e1b692,52690bf0-6649-4e43-81a1-f4d14d84c9bb,0.0000,5.9746,1.0000,0.0000,0.0000,0.6667,0.0769
3f55c60e-0aa5-4089-94f4-a7e685e1b692,aa0e625f-0115-4592-a2d1-f12ab8f8fd07,2.0000,5.1540,0.5000,2.0000,2.0000,0.6667,0.2083
3f55c60e-0aa5-4089-94f4-a7e685e1b692,a34b9a88-6139-4498-8cb4-7dc14826736b,2.0000,15.1093,0.5000,2.0000,2.0000,0.6667,0.4167
3f55c60e-0aa5-4089-94f4-a7e685e1b692,fc38c551-9fce-4cb9-989c-e14a15ec343d,2.0000,6.5332,0.5000,2.0000,2.0000,0.6667,0.1667
3f55c60e-0aa5-4089-94f4-a7e685e1b692,282804f0-eeaf-4337-b99e-edc8c825f36e,2.0000,9.0766,0.5000,2.0000,2.0000,0.6667,0.3333
3f55c60e-0aa5-4089-94f4-a7e685e1b692,adc5de5d-5f7a-4315-ae7c-01194bb38567,2.0000,6.4631,0.5000,2.0000,2.0000,0.6667,0.3333
3f55c60e-0aa5-4089-94f4-a7e685e1b692,1977a7f8-0fe7-41af-a87a-76cfb1713877,0.0000,4.0458,1.0000,0.0000,0.0000,0.0000,0.0000
3f55c60e-0aa5-4089-94f4-a7e685e1b692,8a1e5a0f-87f3-4a3c-8afc-6d403b90401e,2.0000,13.6922,0.5000,2.0000,2.0000,0.0000,0.3333
3f55c60e-0aa5-4089-94f4-a7e685e1b692,059ef947-4a12-4833-add6-17c6f7c41a05,2.0000,5.8087,0.5000,2.0000,2.0000,0.6667,0.2500
3f55c60e-0aa5-4089-94f4-a7e685e1b692,fa8a729c-880c-4ec4-b231-decd82e1496a,0.0000,6.4958,1.0000,0.0000,0.0000,0.6667,0.1667
3f55c60e-0aa5-4089-94f4-a7e685e1b692,1f060904-d763-45c4-adb3-0bcccf916f16,0.0000,7.4936,1.0000,0.0000,0.0000,0.6667,0.1667
3f55c60e-0aa5-4089-94f4-a7e685e1b692,3525aec3-2b10-4958-977b-1d0db69061e1,0.0000,10.1077,1.0000,0.0000,0.0000,0.6667,0.0833
3f55c60e-0aa5-4089-94f4-a7e685e1b692,4dc55917-1ad9-4f41-a4a5-efa709d235d9,0.0000,9.1248,1.0000,0.0000,0.0000,0.0000,0.1667
3f55c60e-0aa5-4089-94f4-a7e685e1b692,b20b4a65-b7c6-4cea-b79f-6a6db36ffdb1,2.0000,7.2409,0.5000,2.0000,2.0000,0.6667,0.3333
3f55c60e-0aa5-4089-94f4-a7e685e1b692,dfc01f3d-0bd7-4b56-aaac-87f7635b8f94,2.0000,11.5606,0.5000,2.0000,2.0000,0.6667,0.3750
3f55c60e-0aa5-4089-94f4-a7e685e1b692,2a693e8a-5f1a-4c10-9dbe-32a95fdb6c21,2.0000,9.0987,0.5000,2.0000,2.0000,0.6667,0.2500
3f55c60e-0aa5-4089-94f4-a7e685e1b692,afa62b93-9459-4a3d-b943-44e88f2ba832,2.0000,13.3601,0.5000,2.0000,2.0000,0.6667,0.2500
3f55c60e-0aa5-4089-94f4-a7e685e1b692,6a574a63-684b-4e8e-86d8-56c4ef182e83,2.0000,12.4995,0.5000,2.0000,2.0000,0.6667,0.2917
3f55c60e-0aa5-4089-94f4-a7e685e1b692,5fc2040b-5445-448e-bdf1-c32854189d53,2.0000,12.0247,0.5000,2.0000,2.0000,0.6667,0.2917
3f55c60e-0aa5-4089-94f4-a7e685e1b692,2d8a413c-9727-4a6a-8fc0-42bb4d8573d2,2.0000,5.3105,0.5000,2.0000,2.0000,0.6667,0.3333
3f55c60e-0aa5-4089-94f4-a7e685e1b692,61f121ba-cb60-465c-a2f5-9f2f14974ee8,0.0000,8.5526,1.0000,0.0000,0.0000,0.0000,0.2500
3f55c60e-0aa5-4089-94f4-a7e685e1b692,905bd711-6c1a-4bb8-9c8d-808f8a4b9705,2.0000,12.3080,0.5000,2.0000,2.0000,0.6667,0.0833
3f55c60e-0aa5-4089-94f4-a7e685e1b692,925fcff5-826c-4439-8315-4d6434f6f7db,2.0000,11.1375,0.5000,2.0000,2.0000,0.6667,0.2500
3f55c60e-0aa5-4089-94f4-a7e685e1b692,fafe7552-d597-4e47-b1bb-0abd8cdcfe25,2.0000,7.7626,0.5000,2.0000,2.0000,0.6667,0.3333
3f55c60e-0aa5-4089-94f4-a7e685e1b692,2be2d465-90ce-4beb-b5dc-6c92bdf23287,2.0000,13.4599,0.5000,2.0000,2.0000,0.6667,0.1667
3f55c60e-0aa5-4089-94f4-a7e685e1b692,62694c2b-296e-4ea6-b29f-d6fce70f4ee0,2.0000,9.4824,0.5000,2.0000,2.0000,0.6667,0.2500
3f55c60e-0aa5-4089-94f4-a7e685e1b692,4a9b7b3e-39f8-4542-b6a3-2cdddbc64b84,2.0000,11.5458,0.5000,2.0000,2.0000,0.6667,0.4167
3f55c60e-0aa5-4089-94f4-a7e685e1b692,f2f08e2f-79b8-4a56-92e9-cfc0e2b94f70,0.0000,8.4700,1.0000,0.0000,0.0000,0.6667,0.0000
3f55c60e-0aa5-4089-94f4-a7e685e1b692,5a3d63bf-344c-4e6e-bc93-50b3b9150d26,2.0000,13.1920,0.5000,2.0000,2.0000,0.6667,0.2917
3f55c60e-0aa5-4089-94f4-a7e685e1b692,5c6cea65-33e0-4403-ac24-1f3e986820f5,0.0000,9.8954,1.0000,0.0000,0.0000,0.6667,0.1667
3f55c60e-0aa5-4089-94f4-a7e685e1b692,ce289378-48db-4c5b-817b-85a3f7170b6d,0.0000,12.4607,1.0000,0.0000,0.0000,0.6667,0.0769
3f55c60e-0aa5-4089-94f4-a7e685e1b692,8e122a6e-999f-4977-b4e1-21eb03cae87d,0.0000,8.0834,1.0000,0.0000,0.0000,0.6667,0.0417
3f55c60e-0aa5-4089-94f4-a7e685e1b692,6a94bf0c-f443-448e-ba57-f3aa2805cb05,2.0000,12.5363,0.5000,2.0000,2.0000,0.6667,0.2083
3f55c60e-0aa5-4089-94f4-a7e685e1b692,cfb5d567-1d11-4a1e-9030-f9ea119d29ab,2.0000,9.4884,0.5000,2.0000,2.0000,0.6667,0.3750
3f55c60e-0aa5-4089-94f4-a7e685e1b692,bd111f97-40ec-48c2-9537-3f4585fd3c61,2.0000,6.1629,0.5000,2.0000,2.0000,0.6667,0.3750
3f55c60e-0aa5-4089-94f4-a7e685e1b692,56043fae-9517-4a04-b8ca-05c203f26132,2.0000,8.8832,0.5000,2.0000,2.0000,0.6667,0.4583
3f55c60e-0aa5-4089-94f4-a7e685e1b692,cf50eb11-df20-4705-8b1b-2d77ce2403ef,2.0000,9.9638,0.5000,2.0000,2.0000,0.6667,0.2917
3f55c60e-0aa5-4089-94f4-a7e685e1b692,5de87467-8cbd-4a2d-90a3-7e283de285fa,2.0000,9.1360,0.5000,2.0000,2.0000,0.6667,0.2500
3f55c60e-0aa5-4089-94f4-a7e685e1b692,dcf216e8-416d-44ea-80bf-2587651dfd37,2.0000,9.5558,0.5000,2.0000,2.0000,0.6667,0.2500
3f55c60e-0aa5-4089-94f4-a7e685e1b692,e163b85d-9f81-4c13-8c8c-521c33484e74,0.0000,9.9472,1.0000,0.0000,0.0000,0.6667,0.0400
3f55c60e-0aa5-4089-94f4-a7e685e1b692,0f5bc599-7a61-4792-8bf7-b9f78eec50fc,0.0000,5.4637,1.0000,0.0000,0.0000,0.6667,0.0417
3f55c60e-0aa5-4089-94f4-a7e685e1b692,e5a14bb0-fea4-41eb-9bdd-aed3acec68b7,2.0000,6.7640,0.5000,2.0000,2.0000,0.6667,0.3333
3f55c60e-0aa5-4089-94f4-a7e685e1b692,d5cb26d7-030e-4b27-a7fc-8913c4a80794,0.0000,7.1383,1.0000,0.0000,0.0000,0.6667,0.0417
3f55c60e-0aa5-4089-94f4-a7e685e1b692,0f63c729-6dbc-48c2-9f43-89c37de9818f,2.0000,5.2307,0.5000,2.0000,2.0000,0.6667,0.2917
3f55c60e-0aa5-4089-94f4-a7e685e1b692,d73b320a-790d-4a0e-b13f-02a09cbaf3bf,2.0000,11.9093,0.5000,2.0000,2.0000,0.6667,0.2083
3f55c60e-0aa5-4089-94f4-a7e685e1b692,6f8acc59-cbf2-4b96-be3f-d5173828b422,2.0000,9.8890,0.5000,2.0000,2.0000,0.6667,0.1667
3f55c60e-0aa5-4089-94f4-a7e685e1b692,a9bef44c-9e90-409b-9b07-93db1d3be774,0.0000,10.6825,1.0000,0.0000,0.0000,0.6667,0.0400
3f55c60e-0aa5-4089-94f4-a7e685e1b692,62d0e0ab-0ed6-401f-b329-a12d20a79fb8,2.0000,15.4723,0.5000,2.0000,2.0000,0.6667,0.2083
3f55c60e-0aa5-4089-94f4-a7e685e1b692,c8403da2-d968-494c-bbbe-bc7855b370ab,2.0000,12.6023,0.5000,2.0000,2.0000,0.6667,0.3750
3f55c60e-0aa5-4089-94f4-a7e685e1b692,49e59cdd-4809-43f6-b618-1d0396a89857,0.0000,7.4525,1.0000,0.0000,0.0000,0.6667,0.0769
3f55c60e-0aa5-4089-94f4-a7e685e1b692,ccfc5874-fe2c-4d37-ab22-2f8deae33eae,0.0000,6.7400,1.0000,0.0000,0.0000,0.6667,0.0417
3f55c60e-0aa5-4089-94f4-a7e685e1b692,2b35aae8-7d5a-4e25-bd0b-8ae554405fa5,2.0000,13.2587,0.5000,2.0000,2.0000,0.6667,0.3750
3f55c60e-0aa5-4089-94f4-a7e685e1b692,642ee07e-29b6-45a7-9826-aa2f8e6f6fda,0.0000,7.5834,1.0000,0.0000,0.0000,0.6667,0.0400
3f55c60e-0aa5-4089-94f4-a7e685e1b692,18f05cad-c4a5-45a2-afda-2c6693684b81,2.0000,6.8886,0.5000,2.0000,2.0000,0.0000,0.3333
3f55c60e-0aa5-4089-94f4-a7e685e1b692,6db16bc6-1a3a-47dc-9b2e-e489ff3a30d3,0.0000,9.2242,1.0000,0.0000,0.0000,0.0000,0.0417
3f55c60e-0aa5-4089-94f4-a7e685e1b692,cf2e50ca-eb53-4a77-97c9-065f239b9c28,2.0000,7.6274,0.5000,2.0000,2.0000,0.0000,0.3750
3f55c60e-0aa5-4089-94f4-a7e685e1b692,2003d6e5-1b34-47a0-80b4-f960cc4d1c06,2.0000,6.9851,0.5000,2.0000,2.0000,0.6667,0.2083
3f55c60e-0aa5-4089-94f4-a7e685e1b692,692df9b4-47d2-48c1-8732-aa2dbd856038,2.0000,5.6962,0.5000,2.0000,2.0000,0.6667,0.1667
3f55c60e-0aa5-4089-94f4-a7e685e1b692,853d8cdf-bbba-40fe-bc3c-9dbf4a72e3ba,2.0000,9.2109,0.5000,2.0000,2.0000,0.6667,0.2083
3f55c60e-0aa5-4089-94f4-a7e685e1b692,2517b72c-41df-4f4a-a74f-4e6a4d8fb9a6,2.0000,7.0306,0.5000,2.0000,2.0000,0.6667,0.0417
3f55c60e-0aa5-4089-94f4-a7e685e1b692,f761d41a-5220-42bf-872b-6a75cea6e24b,2.0000,5.7941,0.5000,2.0000,2.0000,0.6667,0.3333
3f55c60e-0aa5-4089-94f4-a7e685e1b692,e8b9141c-9944-4c1d-beb1-2a3921ab8e1a,0.0000,8.7771,1.0000,0.0000,0.0000,0.6667,0.1111
3f55c60e-0aa5-4089-94f4-a7e685e1b692,ff4975cc-52b8-41ed-8a6f-c69487eab5e8,2.0000,9.6550,0.5000,2.0000,2.0000,0.6667,0.2917
3f55c60e-0aa5-4089-94f4-a7e685e1b692,22594200-2b3a-466f-9a4c-fc62849a043c,2.0000,7.7797,0.5000,2.0000,2.0000,0.6667,0.1667
3f55c60e-0aa5-4089-94f4-a7e685e1b692,76a03818-1adc-4462-a8d3-fd5cc8cde7c3,0.0000,4.1732,1.0000,0.0000,0.0000,0.0000,0.2083
3f55c60e-0aa5-4089-94f4-a7e685e1b692,14cbf3ff-91dd-4d34-92fe-f218d90b36a1,2.0000,10.2127,0.5000,2.0000,2.0000,0.6667,0.2917
e25c21b8-6a65-4804-b483-494865ea5fe4,8c1ea269-2643-4e1f-9c37-0b796361a792,0.0000,13.8554,1.0000,0.0000,0.0000,0.6667,0.2222
e25c21b8-6a65-4804-b483-494865ea5fe4,ceec740e-dd0f-4050-aaad-3bb7576df8ed,0.0000,11.1526,1.0000,0.0000,0.0000,0.6667,0.0000
e25c21b8-6a65-4804-b483-494865ea5fe4,a3f69495-a21b-448b-82c9-57efa81700cd,2.0000,8.7157,0.5000,2.0000,2.0000,0.6667,0.3571
e25c21b8-6a65-4804-b483-494865ea5fe4,c8f7e77f-612a-4780-9a35-fa8644e8ae5a,2.0000,7.3373,0.5000,2.0000,2.0000,0.6667,0.1000
e25c21b8-6a65-4804-b483-494865ea5fe4,e86e18ef-a902-4527-9be4-59d24519eed6,0.0000,15.1238,1.0000,0.0000,0.0000,0.6667,0.0556
e25c21b8-6a65-4804-b483-494865ea5fe4,0c0f2152-377c-422f-8052-b0dc0153ae0a,0.0000,4.7347,1.0000,0.0000,0.0000,0.0000,0.0556
e25c21b8-6a65-4804-b483-494865ea5fe4,f0fe03d1-14fe-4cd5-9497-d0c224b284cd,0.0000,6.7203,1.0000,0.0000,0.0000,0.6667,0.1667
e25c21b8-6a65-4804-b483-494865ea5fe4,46b81f92-9499-424e-aa38-0af32369c9ab,2.0000,9.9701,0.5000,2.0000,2.0000,0.6667,0.2174
e25c21b8-6a65-4804-b483-494865ea5fe4,74e1172e-bf77-4868-a39e-fd314e3df33b,0.0000,15.6774,1.0000,0.0000,0.0000,0.6667,0.0556
e25c21b8-6a65-4804-b483-494865ea5fe4,b07b7f86-1bbf-4c6a-b8f2-d3a602704355,0.0000,15.2178,1.0000,0.0000,0.0000,0.6667,0.1000
e25c21b8-6a65-4804-b483-494865ea5fe4,4da9a570-5edf-44bd-b262-3de1664706ea,0.0000,16.2533,1.0000,0.0000,0.0000,0.6667,0.1429
e25c21b8-6a65-4804-b483-494865ea5fe4,7105fb47-b5e3-46e7-9197-d83c0f4526aa,0.0000,11.0605,1.0000,0.0000,0.0000,0.6667,0.0000
e25c21b8-6a65-4804-b483-494865ea5fe4,cc43ad38-fb37-4584-b672-7e13df12000d,0.0000,3.0857,1.0000,0.0000,0.0000,0.0000,0.1111
e25c21b8-6a65-4804-b483-494865ea5fe4,6f14499e-d0d7-4bef-a1f0-86d3cc46e4dc,0.0000,11.7483,1.0000,0.0000,0.0000,0.0000,0.1000
e25c21b8-6a65-4804-b483-494865ea5fe4,0997d41c-6d90-4c74-9ca2-a03e0dfe6499,0.0000,11.3326,1.0000,0.0000,0.0000,0.6667,0.0000
e25c21b8-6a65-4804-b483-494865ea5fe4,2e68bde0-2ec3-4d13-9c70-4a6edcc253f8,0.0000,11.4532,1.0000,0.0000,0.0000,0.0000,0.0000
e25c21b8-6a65-4804-b483-494865ea5fe4,22c05025-cd65-4fd6-b42b-e1e1318adfe3,2.0000,8.7286,0.5000,2.0000,2.0000,0.0000,0.0556
e25c21b8-6a65-4804-b483-494865ea5fe4,52690bf0-6649-4e43-81a1-f4d14d84c9bb,2.0000,10.8270,0.5000,2.0000,2.0000,0.0000,0.3077
e25c21b8-6a65-4804-b483-494865ea5fe4,aa0e625f-0115-4592-a2d1-f12ab8f8fd07,0.0000,13.7801,1.0000,0.0000,0.0000,0.6667,0.0526
e25c21b8-6a65-4804-b483-494865ea5fe4,a34b9a88-6139-4498-8cb4-7dc14826736b,0.0000,3.9416,1.0000,0.0000,0.0000,0.6667,0.2222
e25c21b8-6a65-4804-b483-494865ea5fe4,fc38c551-9fce-4cb9-989c-e14a15ec343d,0.0000,17.3240,1.0000,0.0000,0.0000,0.6667,0.1000
e25c21b8-6a65-4804-b483-494865ea5fe4,282804f0-eeaf-4337-b99e-edc8c825f36e,0.0000,7.1553,1.0000,0.0000,0.0000,0.0000,0.1111
e25c21b8-6a65-4804-b483-494865ea5fe4,adc5de5d-5f7a-4315-ae7c-01194bb38567,0.0000,13.2481,1.0000,0.0000,0.0000,0.0000,0.1111
e25c21b8-6a65-4804-b483-494865ea5fe4,1977a7f8-0fe7-41af-a87a-76cfb1713877,2.0000,14.0675,0.5000,2.0000,2.0000,0.6667,0.2500
e25c21b8-6a65-4804-b483-494865ea5fe4,8a1e5a0f-87f3-4a3c-8afc-6d403b90401e,0.0000,8.8670,1.0000,0.0000,0.0000,0.6667,0.1111
e25c21b8-6a65-4804-b483-494865ea5fe4,059ef947-4a12-4833-add6-17c6f7c41a05,0.0000,10.1895,1.0000,0.0000,0.0000,0.0000,0.0000
e25c21b8-6a65-4804-b483-494865ea5fe4,fa8a729c-880c-4ec4-b231-decd82e1496a,2.0000,12.3731,0.5000,2.0000,2.0000,0.0000,0.1000
e25c21b8-6a65-4804-b483-494865ea5fe4,1f060904-d763-45c4-adb3-0bcccf916f16,2.0000,12.1519,0.5000,2.0000,2.0000,0.0000,0.1000
e25c21b8-6a65-4804-b483-494865ea5fe4,3525aec3-2b10-4958-977b-1d0db69061e1,2.0000,8.8883,0.5000,2.0000,2.0000,0.6667,0.1818
e25c21b8-6a65-4804-b483-494865ea5fe4,4dc55917-1ad9-4f41-a4a5-efa709d235d9,2.0000,6.6048,0.5000,2.0000,2.0000,0.6667,0.1000
e25c21b8-6a65-4804-b483-494865ea5fe4,b20b4a65-b7c6-4cea-b79f-6a6db36ffdb1,0.0000,12.8475,1.0000,0.0000,0.0000,0.0000,0.1111
e25c21b8-6a65-4804-b483-494865ea5fe4,dfc01f3d-0bd7-4b56-aaac-87f7635b8f94,0.0000,7.0380,1.0000,0.0000,0.0000,0.0000,0.1667
e25c21b8-6a65-4804-b483-494865ea5fe4,2a693e8a-5f1a-4c10-9dbe-32a95fdb6c21,0.0000,13.8662,1.0000,0.0000,0.0000,0.6667,0.0000
e25c21b8-6a65-4804-b483-494865ea5fe4,afa62b93-9459-4a3d-b943-44e88f2ba832,0.0000,15.5030,1.0000,0.0000,0.0000,0.6667,0.0000
e25c21b8-6a65-4804-b483-494865ea5fe4,6a574a63-684b-4e8e-86d8-56c4ef182e83,0.0000,7.1234,1.0000,0.0000,0.0000,0.6667,0.0556
e25c21b8-6a65-4804-b483-494865ea5fe4,5fc2040b-5445-448e-bdf1-c32854189d53,0.0000,13.3737,1.0000,0.0000,0.0000,0.6667,0.0556
e25c21b8-6a65-4804-b483-494865ea5fe4,2d8a413c-9727-4a6a-8fc0-42bb4d8573d2,0.0000,13.7343,1.0000,0.0000,0.0000,0.6667,0.1111
e25c21b8-6a65-4804-b483-494865ea5fe4,61f121ba-cb60-465c-a2f5-9f2f14974ee8,2.0000,7.3114,0.5000,2.0000,2.0000,0.6667,0.0000
e25c21b8-6a65-4804-b483-494865ea5fe4,905bd711-6c1a-4bb8-9c8d-808f8a4b9705,0.0000,11.1701,1.0000,0.0000,0.0000,0.6667,0.1818
e25c21b8-6a65-4804-b483-494865ea5fe4,925fcff5-826c-4439-8315-4d6434f6f7db,0.0000,7.8645,1.0000,0.0000,0.0000,0.0000,0.0000
e25c21b8-6a65-4804-b483-494865ea5fe4,fafe7552-d597-4e47-b1bb-0abd8cdcfe25,0.0000,9.8305,1.0000,0.0000,0.0000,0.6667,0.1111
e25c21b8-6a65-4804-b483-494865ea5fe4,2be2d465-90ce-4beb-b5dc-6c92bdf23287,0.0000,15.6868,1.0000,0.0000,0.0000,0.6667,0.1000
e25c21b8-6a65-4804-b483-494865ea5fe4,62694c2b-296e-4ea6-b29f-d6fce70f4ee0,0.0000,8.8668,1.0000,0.0000,0.0000,0.0000,0.0000
e25c21b8-6a65-4804-b483-494865ea5fe4,4a9b7b3e-39f8-4542-b6a3-2cdddbc64b84,0.0000,6.8943,1.0000,0.0000,0.0000,0.0000,0.2222
e25c21b8-6a65-4804-b483-494865ea5fe4,f2f08e2f-79b8-4a56-92e9-cfc0e2b94f70,2.0000,12.8481,0.5000,2.0000,2.0000,0.0000,0.2500
e25c21b8-6a65-4804-b483-494865ea5fe4,5a3d63bf-344c-4e6e-bc93-50b3b9150d26,0.0000,12.7909,1.0000,0.0000,0.0000,0.6667,0.0556
e25c21b8-6a65-4804-b483-494865ea5fe4,5c6cea65-33e0-4403-ac24-1f3e986820f5,2.0000,8.3764,0.5000,2.0000,2.0000,0.0000,0.1000
e25c21b8-6a65-4804-b483-494865ea5fe4,ce289378-48db-4c5b-817b-85a3f7170b6d,2.0000,8.4249,0.5000,2.0000,2.0000,0.6667,0.3077
e25c21b8-6a65-4804-b483-494865ea5fe4,8e122a6e-999f-4977-b4e1-21eb03cae87d,2.0000,11.2270,0.5000,2.0000,2.0000,0.0000,0.2174
e25c21b8-6a65-4804-b483-494865ea5fe4,6a94bf0c-f443-448e-ba57-f3aa2805cb05,0.0000,6.3707,1.0000,0.0000,0.0000,0.6667,0.0526
e25c21b8-6a65-4804-b483-494865ea5fe4,cfb5d567-1d11-4a1e-9030-f9ea119d29ab,0.0000,13.9716,1.0000,0.0000,0.0000,0.6667,0.1667
e25c21b8-6a65-4804-b483-494865ea5fe4,bd111f97-40ec-48c2-9537-3f4585fd3c61,0.0000,13.9623,1.0000,0.0000,0.0000,0.6667,0.1667
e25c21b8-6a65-4804-b483-494865ea5fe4,56043fae-9517-4a04-b8ca-05c203f26132,0.0000,14.1468,1.0000,0.0000,0.0000,0.6667,0.2778
e25c21b8-6a65-4804-b483-494865ea5fe4,cf50eb11-df20-4705-8b1b-2d77ce2403ef,0.0000,12.6314,1.0000,0.0000,0.0000,0.0000,0.0556
e25c21b8-6a65-4804-b483-494865ea5fe4,5de87467-8cbd-4a2d-90a3-7e283de285fa,0.0000,14.4174,1.0000,0.0000,0.0000,0.6667,0.0000
e25c21b8-6a65-4804-b483-494865ea5fe4,dcf216e8-416d-44ea-80bf-2587651dfd37,0.0000,14.4067,1.0000,0.0000,0.0000,0.6667,0.0000
e25c21b8-6a65-4804-b483-494865ea5fe4,e163b85d-9f81-4c13-8c8c-521c33484e74,2.0000,8.8617,0.5000,2.0000,2.0000,0.0000,0.2800
e25c21b8-6a65-4804-b483-494865ea5fe4,0f5bc599-7a61-4792-8bf7-b9f78eec50fc,2.0000,8.6890,0.5000,2.0000,2.0000,0.6667,0.2174
e25c21b8-6a65-4804-b483-494865ea5fe4,e5a14bb0-fea4-41eb-9bdd-aed3acec68b7,0.0000,13.8304,1.0000,0.0000,0.0000,0.0000,0.1111
e25c21b8-6a65-4804-b483-494865ea5fe4,d5cb26d7-030e-4b27-a7fc-8913c4a80794,2.0000,13.1173,0.5000,2.0000,2.0000,0.0000,0.2174
e25c21b8-6a65-4804-b483-494865ea5fe4,0f63c729-6dbc-48c2-9f43-89c37de9818f,0.0000,14.0104,1.0000,0.0000,0.0000,0.6667,0.0556
e25c21b8-6a65-4804-b483-494865ea5fe4,d73b320a-790d-4a0e-b13f-02a09cbaf3bf,0.0000,6.8425,1.0000,0.0000,0.0000,0.6667,0.0526
e25c21b8-6a65-4804-b483-494865ea5fe4,6f8acc59-cbf2-4b96-be3f-d5173828b422,0.0000,6.1060,1.0000,0.0000,0.0000,0.0000,0.1000
e25c21b8-6a65-4804-b483-494865ea5fe4,a9bef44c-9e90-409b-9b07-93db1d3be774,2.0000,9.4781,0.5000,2.0000,2.0000,0.0000,0.2800
e25c21b8-6a65-4804-b483-494865ea5fe4,62d0e0ab-0ed6-401f-b329-a12d20a79fb8,0.0000,4.4750,1.0000,0.0000,0.0000,0.6667,0.0526
e25c21b8-6a65-4804-b483-494865ea5fe4,c8403da2-d968-494c-bbbe-bc7855b370ab,0.0000,4.5142,1.0000,0.0000,0.0000,0.0000,0.1667
e25c21b8-6a65-4804-b483-494865ea5fe4,49e59cdd-4809-43f6-b618-1d0396a89857,2.0000,12.9548,0.5000,2.0000,2.0000,0.0000,0.3077
e25c21b8-6a65-4804-b483-494865ea5fe4,ccfc5874-fe2c-4d37-ab22-2f8deae33eae,2.0000,11.4917,0.5000,2.0000,2.0000,0.6667,0.2174
e25c21b8-6a65-4804-b483-494865ea5fe4,2b35aae8-7d5a-4e25-bd0b-8ae554405fa5,0.0000,0.9384,1.0000,0.0000,0.0000,0.0000,0.1667
e25c21b8-6a65-4804-b483-494865ea5fe4,642ee07e-29b6-45a7-9826-aa2f8e6f6fda,2.0000,9.5756,0.5000,2.0000,2.0000,0.0000,0.2800
e25c21b8-6a65-4804-b483-494865ea5fe4,18f05cad-c4a5-45a2-afda-2c6693684b81,0.0000,16.8765,1.0000,0.0000,0.0000,0.6667,0.1111
e25c21b8-6a65-4804-b483-494865ea5fe4,6db16bc6-1a3a-47dc-9b2e-e489ff3a30d3,2.0000,12.7176,0.5000,2.0000,2.0000,0.6667,0.2174
e25c21b8-6a65-4804-b483-494865ea5fe4,cf2e50ca-eb53-4a77-97c9-065f239b9c28,0.0000,16.7337,1.0000,0.0000,0.0000,0.6667,0.1667
e25c21b8-6a65-4804-b483-494865ea5fe4,2003d6e5-1b34-47a0-80b4-f960cc4d1c06,0.0000,11.0820,1.0000,0.0000,0.0000,0.0000,0.0526
e25c21b8-6a65-4804-b483-494865ea5fe4,692df9b4-47d2-48c1-8732-aa2dbd856038,0.0000,14.5687,1.0000,0.0000,0.0000,0.6667,0.1000
e25c21b8-6a65-4804-b483-494865ea5fe4,853d8cdf-bbba-40fe-bc3c-9dbf4a72e3ba,0.0000,11.2529,1.0000,0.0000,0.0000,0.0000,0.0526
e25c21b8-6a65-4804-b483-494865ea5fe4,2517b72c-41df-4f4a-a74f-4e6a4d8fb9a6,0.0000,11.8120,1.0000,0.0000,0.0000,0.0000,0.2174
e25c21b8-6a65-4804-b483-494865ea5fe4,f761d41a-5220-42bf-872b-6a75cea6e24b,0.0000,14.5210,1.0000,0.0000,0.0000,0.6667,0.1111
e25c21b8-6a65-4804-b483-494865ea5fe4,e8b9141c-9944-4c1d-beb1-2a3921ab8e1a,2.0000,7.2563,0.5000,2.0000,2.0000,0.0000,0.3333
e25c21b8-6a65-4804-b483-494865ea5fe4,ff4975cc-52b8-41ed-8a6f-c69487eab5e8,0.0000,8.3732,1.0000,0.0000,0.0000,0.0000,0.0556
e25c21b8-6a65-4804-b483-494865ea5fe4,22594200-2b3a-466f-9a4c-fc62849a043c,0.0000,12.2080,1.0000,0.0000,0.0000,0.0000,0.1000
e25c21b8-6a65-4804-b483-494865ea5fe4,76a03818-1adc-4462-a8d3-fd5cc8cde7c3,2.0000,11.9701,0.5000,2.0000,2.0000,0.6667,0.0526
e25c21b8-6a65-4804-b483-494865ea5fe4,14cbf3ff-91dd-4d34-92fe-f218d90b36a1,0.0000,11.0982,1.0000,0.0000,0.0000,0.6667,0.0556
8c1ea269-2643-4e1f-9c37-0b796361a792,ceec740e-dd0f-4050-aaad-3bb7576df8ed,0.0000,9.0474,1.0000,0.0000,0.0000,0.0000,0.2222
8c1ea269-2643-4e1f-9c37-0b796361a792,a3f69495-a21b-448b-82c9-57efa81700cd,2.0000,7.1020,0.5000,2.0000,2.0000,0.0000,0.5000
8c1ea269-2643-4e1f-9c37-0b796361a792,c8f7e77f-612a-4780-9a35-fa8644e8ae5a,2.0000,10.6111,0.5000,2.0000,2.0000,0.6667,0.3000
8c1ea269-2643-4e1f-9c37-0b796361a792,e86e18ef-a902-4527-9be4-59d24519eed6,0.0000,5.2430,1.0000,0.0000,0.0000,0.0000,0.1765
8c1ea269-2643-4e1f-9c37-0b796361a792,0c0f2152-377c-422f-8052-b0dc0153ae0a,0.0000,15.6207,1.0000,0.0000,0.0000,0.6667,0.1765
8c1ea269-2643-4e1f-9c37-0b796361a792,f0fe03d1-14fe-4cd5-9497-d0c224b284cd,0.0000,12.6240,1.0000,0.0000,0.0000,0.6667,0.0667
8c1ea269-2643-4e1f-9c37-0b796361a792,46b81f92-9499-424e-aa38-0af32369c9ab,2.0000,8.9813,0.5000,2.0000,2.0000,0.0000,0.3913
8c1ea269-2643-4e1f-9c37-0b796361a792,74e1172e-bf77-4868-a39e-fd314e3df33b,0.0000,9.9796,1.0000,0.0000,0.0000,0.0000,0.1765
8c1ea269-2643-4e1f-9c37-0b796361a792,b07b7f86-1bbf-4c6a-b8f2-d3a602704355,0.0000,5.0312,1.0000,0.0000,0.0000,0.0000,0.3000
8c1ea269-2643-4e1f-9c37-0b796361a792,4da9a570-5edf-44bd-b262-3de1664706ea,0.0000,9.3576,1.0000,0.0000,0.0000,0.0000,0.3333
8c1ea269-2643-4e1f-9c37-0b796361a792,7105fb47-b5e3-46e7-9197-d83c0f4526aa,0.0000,12.1652,1.0000,0.0000,0.0000,0.0000,0.2222
8c1ea269-2643-4e1f-9c37-0b796361a792,cc43ad38-fb37-4584-b672-7e13df12000d,0.0000,14.2023,1.0000,0.0000,0.0000,0.6667,0.1250
8c1ea269-2643-4e1f-9c37-0b796361a792,6f14499e-d0d7-4bef-a1f0-86d3cc46e4dc,0.0000,12.9658,1.0000,0.0000,0.0000,0.6667,0.3000
8c1ea269-2643-4e1f-9c37-0b796361a792,0997d41c-6d90-4c74-9ca2-a03e0dfe6499,0.0000,12.3681,1.0000,0.0000,0.0000,0.0000,0.2222
8c1ea269-2643-4e1f-9c37-0b796361a792,2e68bde0-2ec3-4d13-9c70-4a6edcc253f8,0.0000,7.8547,1.0000,0.0000,0.0000,0.6667,0.2222
8c1ea269-2643-4e1f-9c37-0b796361a792,22c05025-cd65-4fd6-b42b-e1e1318adfe3,2.0000,9.7160,0.5000,2.0000,2.0000,0.6667,0.1765
8c1ea269-2643-4e1f-9c37-0b796361a792,52690bf0-6649-4e43-81a1-f4d14d84c9bb,2.0000,5.6534,0.5000,2.0000,2.0000,0.6667,0.4615
8c1ea269-2643-4e1f-9c37-0b796361a792,aa0e625f-0115-4592-a2d1-f12ab8f8fd07,0.0000,7.2667,1.0000,0.0000,0.0000,0.0000,0.2632
8c1ea269-2643-4e1f-9c37-0b796361a792,a34b9a88-6139-4498-8cb4-7dc14826736b,0.0000,14.4602,1.0000,0.0000,0.0000,0.0000,0.0000
8c1ea269-2643-4e1f-9c37-0b796361a792,fc38c551-9fce-4cb9-989c-e14a15ec343d,0.0000,9.3376,1.0000,0.0000,0.0000,0.0000,0.3000
8c1ea269-2643-4e1f-9c37-0b796361a792,282804f0-eeaf-4337-b99e-edc8c825f36e,0.0000,10.6900,1.0000,0.0000,0.0000,0.6667,0.1250
8c1ea269-2643-4e1f-9c37-0b796361a792,adc5de5d-5f7a-4315-ae7c-01194bb38567,0.0000,11.7939,1.0000,0.0000,0.0000,0.6667,0.1250
8c1ea269-2643-4e1f-9c37-0b796361a792,1977a7f8-0fe7-41af-a87a-76cfb1713877,2.0000,8.3243,0.5000,2.0000,2.0000,0.6667,0.4167
8c1ea269-2643-4e1f-9c37-0b796361a792,8a1e5a0f-87f3-4a3c-8afc-6d403b90401e,0.0000,8.2640,1.0000,0.0000,0.0000,0.6667,0.1250
8c1ea269-2643-4e1f-9c37-0b796361a792,059ef947-4a12-4833-add6-17c6f7c41a05,0.0000,10.8723,1.0000,0.0000,0.0000,0.6667,0.2222
8c1ea269-2643-4e1f-9c37-0b796361a792,fa8a729c-880c-4ec4-b231-decd82e1496a,2.0000,5.5114,0.5000,2.0000,2.0000,0.6667,0.3000
8c1ea269-2643-4e1f-9c37-0b796361a792,1f060904-d763-45c4-adb3-0bcccf916f16,2.0000,2.8290,0.5000,2.0000,2.0000,0.6667,0.3000
8c1ea269-2643-4e1f-9c37-0b796361a792,3525aec3-2b10-4958-977b-1d0db69061e1,2.0000,7.1035,0.5000,2.0000,2.0000,0.0000,0.3636
8c1ea269-2643-4e1f-9c37-0b796361a792,4dc55917-1ad9-4f41-a4a5-efa709d235d9,2.0000,12.7243,0.5000,2.0000,2.0000,0.6667,0.3000
8c1ea269-2643-4e1f-9c37-0b796361a792,b20b4a65-b7c6-4cea-b79f-6a6db36ffdb1,0.0000,9.0686,1.0000,0.0000,0.0000,0.6667,0.1250
8c1ea269-2643-4e1f-9c37-0b796361a792,dfc01f3d-0bd7-4b56-aaac-87f7635b8f94,0.0000,15.3215,1.0000,0.0000,0.0000,0.6667,0.0667
8c1ea269-2643-4e1f-9c37-0b796361a792,2a693e8a-5f1a-4c10-9dbe-32a95fdb6c21,0.0000,8.9367,1.0000,0.0000,0.0000,0.0000,0.2222
8c1ea269-2643-4e1f-9c37-0b796361a792,afa62b93-9459-4a3d-b943-44e88f2ba832,0.0000,5.1966,1.0000,0.0000,0.0000,0.0000,0.2222
8c1ea269-2643-4e1f-9c37-0b796361a792,6a574a63-684b-4e8e-86d8-56c4ef182e83,0.0000,10.2675,1.0000,0.0000,0.0000,0.0000,0.1765
8c1ea269-2643-4e1f-9c37-0b796361a792,5fc2040b-5445-448e-bdf1-c32854189d53,0.0000,6.7999,1.0000,0.0000,0.0000,0.0000,0.1765
8c1ea269-2643-4e1f-9c37-0b796361a792,2d8a413c-9727-4a6a-8fc0-42bb4d8573d2,0.0000,7.7597,1.0000,0.0000,0.0000,0.0000,0.1250
8c1ea269-2643-4e1f-9c37-0b796361a792,61f121ba-cb60-465c-a2f5-9f2f14974ee8,2.0000,12.6907,0.5000,2.0000,2.0000,0.6667,0.2222
8c1ea269-2643-4e1f-9c37-0b796361a792,905bd711-6c1a-4bb8-9c8d-808f8a4b9705,0.0000,6.4034,1.0000,0.0000,0.0000,0.0000,0.3636
8c1ea269-2643-4e1f-9c37-0b796361a792,925fcff5-826c-4439-8315-4d6434f6f7db,0.0000,15.2391,1.0000,0.0000,0.0000,0.6667,0.2222
8c1ea269-2643-4e1f-9c37-0b796361a792,fafe7552-d597-4e47-b1bb-0abd8cdcfe25,0.0000,4.4574,1.0000,0.0000,0.0000,0.0000,0.1250
8c1ea269-2643-4e1f-9c37-0b796361a792,2be2d465-90ce-4beb-b5dc-6c92bdf23287,0.0000,5.4903,1.0000,0.0000,0.0000,0.0000,0.3000
8c1ea269-2643-4e1f-9c37-0b796361a792,62694c2b-296e-4ea6-b29f-d6fce70f4ee0,0.0000,16.5061,1.0000,0.0000,0.0000,0.6667,0.2222
8c1ea269-2643-4e1f-9c37-0b796361a792,4a9b7b3e-39f8-4542-b6a3-2cdddbc64b84,0.0000,15.6686,1.0000,0.0000,0.0000,0.6667,0.0000
8c1ea269-2643-4e1f-9c37-0b796361a792,f2f08e2f-79b8-4a56-92e9-cfc0e2b94f70,2.0000,6.2359,0.5000,2.0000,2.0000,0.6667,0.4167
8c1ea269-2643-4e1f-9c37-0b796361a792,5a3d63bf-344c-4e6e-bc93-50b3b9150d26,0.0000,6.2646,1.0000,0.0000,0.0000,0.0000,0.1765
8c1ea269-2643-4e1f-9c37-0b796361a792,5c6cea65-33e0-4403-ac24-1f3e986820f5,2.0000,8.0852,0.5000,2.0000,2.0000,0.6667,0.3000
8c1ea269-2643-4e1f-9c37-0b796361a792,ce289378-48db-4c5b-817b-85a3f7170b6d,2.0000,7.8027,0.5000,2.0000,2.0000,0.0000,0.4615
8c1ea269-2643-4e1f-9c37-0b796361a792,8e122a6e-999f-4977-b4e1-21eb03cae87d,2.0000,10.7956,0.5000,2.0000,2.0000,0.6667,0.3913
8c1ea269-2643-4e1f-9c37-0b796361a792,6a94bf0c-f443-448e-ba57-f3aa2805cb05,0.0000,10.6495,1.0000,0.0000,0.0000,0.0000,0.2632
8c1ea269-2643-4e1f-9c37-0b796361a792,cfb5d567-1d11-4a1e-9030-f9ea119d29ab,0.0000,0.4272,1.0000,0.0000,0.0000,0.0000,0.0667
8c1ea269-2643-4e1f-9c37-0b796361a792,bd111f97-40ec-48c2-9537-3f4585fd3c61,0.0000,9.1283,1.0000,0.0000,0.0000,0.0000,0.0667
8c1ea269-2643-4e1f-9c37-0b796361a792,56043fae-9517-4a04-b8ca-05c203f26132,0.0000,4.1739,1.0000,0.0000,0.0000,0.0000,0.0714
8c1ea269-2643-4e1f-9c37-0b796361a792,cf50eb11-df20-4705-8b1b-2d77ce2403ef,0.0000,7.4196,1.0000,0.0000,0.0000,0.6667,0.1765
8c1ea269-2643-4e1f-9c37-0b796361a792,5de87467-8cbd-4a2d-90a3-7e283de285fa,0.0000,1.6358,1.0000,0.0000,0.0000,0.0000,0.2222
8c1ea269-2643-4e1f-9c37-0b796361a792,dcf216e8-416d-44ea-80bf-2587651dfd37,0.0000,1.2205,1.0000,0.0000,0.0000,0.0000,0.2222
8c1ea269-2643-4e1f-9c37-0b796361a792,e163b85d-9f81-4c13-8c8c-521c33484e74,2.0000,10.5618,0.5000,2.0000,2.0000,0.6667,0.4400
8c1ea269-2643-4e1f-9c37-0b796361a792,0f5bc599-7a61-4792-8bf7-b9f78eec50fc,2.0000,11.9134,0.5000,2.0000,2.0000,0.0000,0.3913
8c1ea269-2643-4e1f-9c37-0b796361a792,e5a14bb0-fea4-41eb-9bdd-aed3acec68b7,0.0000,11.1843,1.0000,0.0000,0.0000,0.6667,0.1250
8c1ea269-2643-4e1f-9c37-0b796361a792,d5cb26d7-030e-4b27-a7fc-8913c4a80794,2.0000,8.6315,0.5000,2.0000,2.0000,0.6667,0.3913
8c1ea269-2643-4e1f-9c37-0b796361a792,0f63c729-6dbc-48c2-9f43-89c37de9818f,0.0000,4.6368,1.0000,0.0000,0.0000,0.0000,0.1765
8c1ea269-2643-4e1f-9c37-0b796361a792,d73b320a-790d-4a0e-b13f-02a09cbaf3bf,0.0000,9.9613,1.0000,0.0000,0.0000,0.0000,0.2632
8c1ea269-2643-4e1f-9c37-0b796361a792,6f8acc59-cbf2-4b96-be3f-d5173828b422,0.0000,14.0635,1.0000,0.0000,0.0000,0.6667,0.3000
8c1ea269-2643-4e1f-9c37-0b796361a792,a9bef44c-9e90-409b-9b07-93db1d3be774,2.0000,8.6616,0.5000,2.0000,2.0000,0.6667,0.4400
8c1ea269-2643-4e1f-9c37-0b796361a792,62d0e0ab-0ed6-401f-b329-a12d20a79fb8,0.0000,14.5050,1.0000,0.0000,0.0000,0.0000,0.2632
8c1ea269-2643-4e1f-9c37-0b796361a792,c8403da2-d968-494c-bbbe-bc7855b370ab,0.0000,12.8904,1.0000,0.0000,0.0000,0.6667,0.0667
8c1ea269-2643-4e1f-9c37-0b796361a792,49e59cdd-4809-43f6-b618-1d0396a89857,2.0000,6.0911,0.5000,2.0000,2.0000,0.6667,0.4615
8c1ea269-2643-4e1f-9c37-0b796361a792,ccfc5874-fe2c-4d37-ab22-2f8deae33eae,2.0000,6.4460,0.5000,2.0000,2.0000,0.0000,0.3913
8c1ea269-2643-4e1f-9c37-0b796361a792,2b35aae8-7d5a-4e25-bd0b-8ae554405fa5,0.0000,13.7530,1.0000,0.0000,0.0000,0.6667,0.0667
8c1ea269-2643-4e1f-9c37-0b796361a792,642ee07e-29b6-45a7-9826-aa2f8e6f6fda,2.0000,11.4367,0.5000,2.0000,2.0000,0.6667,0.4400
8c1ea269-2643-4e1f-9c37-0b796361a792,18f05cad-c4a5-45a2-afda-2c6693684b81,0.0000,9.7324,1.0000,0.0000,0.0000,0.6667,0.1250
8c1ea269-2643-4e1f-9c37-0b796361a792,6db16bc6-1a3a-47dc-9b2e-e489ff3a30d3,2.0000,8.7350,0.5000,2.0000,2.0000,0.6667,0.3913
8c1ea269-2643-4e1f-9c37-0b796361a792,cf2e50ca-eb53-4a77-97c9-065f239b9c28,0.0000,7.7592,1.0000,0.0000,0.0000,0.6667,0.0667
8c1ea269-2643-4e1f-9c37-0b796361a792,2003d6e5-1b34-47a0-80b4-f960cc4d1c06,0.0000,13.6138,1.0000,0.0000,0.0000,0.6667,0.2632
8c1ea269-2643-4e1f-9c37-0b796361a792,692df9b4-47d2-48c1-8732-aa2dbd856038,0.0000,7.8837,1.0000,0.0000,0.0000,0.0000,0.3000
8c1ea269-2643-4e1f-9c37-0b796361a792,853d8cdf-bbba-40fe-bc3c-9dbf4a72e3ba,0.0000,10.9224,1.0000,0.0000,0.0000,0.6667,0.2632
8c1ea269-2643-4e1f-9c37-0b796361a792,2517b72c-41df-4f4a-a74f-4e6a4d8fb9a6,0.0000,10.3915,1.0000,0.0000,0.0000,0.6667,0.3913
8c1ea269-2643-4e1f-9c37-0b796361a792,f761d41a-5220-42bf-872b-6a75cea6e24b,0.0000,4.5420,1.0000,0.0000,0.0000,0.0000,0.1250
8c1ea269-2643-4e1f-9c37-0b796361a792,e8b9141c-9944-4c1d-beb1-2a3921ab8e1a,2.0000,10.1129,0.5000,2.0000,2.0000,0.6667,0.4815
8c1ea269-2643-4e1f-9c37-0b796361a792,ff4975cc-52b8-41ed-8a6f-c69487eab5e8,0.0000,15.8967,1.0000,0.0000,0.0000,0.6667,0.1765
8c1ea269-2643-4e1f-9c37-0b796361a792,22594200-2b3a-466f-9a4c-fc62849a043c,0.0000,11.6064,1.0000,0.0000,0.0000,0.6667,0.3000
8c1ea269-2643-4e1f-9c37-0b796361a792,76a03818-1adc-4462-a8d3-fd5cc8cde7c3,2.0000,11.4092,0.5000,2.0000,2.0000,0.6667,0.2632
8c1ea269-2643-4e1f-9c37-0b796361a792,14cbf3ff-91dd-4d34-92fe-f218d90b36a1,0.0000,9.4395,1.0000,0.0000,0.0000,0.0000,0.1765
ceec740e-dd0f-4050-aaad-3bb7576df8ed,a3f69495-a21b-448b-82c9-57efa81700cd,2.0000,10.9214,0.5000,2.0000,2.0000,0.0000,0.3571
ceec740e-dd0f-4050-aaad-3bb7576df8ed,c8f7e77f-612a-4780-9a35-fa8644e8ae5a,2.0000,12.0880,0.5000,2.0000,2.0000,0.6667,0.1000
ceec740e-dd0f-4050-aaad-3bb7576df8ed,e86e18ef-a902-4527-9be4-59d24519eed6,0.0000,14.0543,1.0000,0.0000,0.0000,0.0000,0.0556
ceec740e-dd0f-4050-aaad-3bb7576df8ed,0c0f2152-377c-422f-8052-b0dc0153ae0a,0.0000,15.3727,1.0000,0.0000,0.0000,0.6667,0.0556
ceec740e-dd0f-4050-aaad-3bb7576df8ed,f0fe03d1-14fe-4cd5-9497-d0c224b284cd,0.0000,15.4091,1.0000,0.0000,0.0000,0.6667,0.1667
ceec740e-dd0f-4050-aaad-3bb7576df8ed,46b81f92-9499-424e-aa38-0af32369c9ab,2.0000,12.9293,0.5000,2.0000,2.0000,0.0000,0.2174
ceec740e-dd0f-4050-aaad-3bb7576df8ed,74e1172e-bf77-4868-a39e-fd314e3df33b,0.0000,6.7118,1.0000,0.0000,0.0000,0.0000,0.0556
ceec740e-dd0f-4050-aaad-3bb7576df8ed,b07b7f86-1bbf-4c6a-b8f2-d3a602704355,0.0000,11.3668,1.0000,0.0000,0.0000,0.0000,0.1000
ceec740e-dd0f-4050-aaad-3bb7576df8ed,4da9a570-5edf-44bd-b262-3de1664706ea,0.0000,15.7152,1.0000,0.0000,0.0000,0.0000,0.1429
ceec740e-dd0f-4050-aaad-3bb7576df8ed,7105fb47-b5e3-46e7-9197-d83c0f4526aa,0.0000,14.8014,1.0000,0.0000,0.0000,0.0000,0.0000
ceec740e-dd0f-4050-aaad-3bb7576df8ed,cc43ad38-fb37-4584-b672-7e13df12000d,0.0000,12.1001,1.0000,0.0000,0.0000,0.6667,0.1111
ceec740e-dd0f-4050-aaad-3bb7576df8ed,6f14499e-d0d7-4bef-a1f0-86d3cc46e4dc,0.0000,9.0137,1.0000,0.0000,0.0000,0.6667,0.1000
ceec740e-dd0f-4050-aaad-3bb7576df8ed,0997d41c-6d90-4c74-9ca2-a03e0dfe6499,0.0000,14.8979,1.0000,0.0000,0.0000,0.0000,0.0000
ceec740e-dd0f-4050-aaad-3bb7576df8ed,2e68bde0-2ec3-4d13-9c70-4a6edcc253f8,0.0000,8.5243,1.0000,0.0000,0.0000,0.6667,0.0000
ceec740e-dd0f-4050-aaad-3bb7576df8ed,22c05025-cd65-4fd6-b42b-e1e1318adfe3,2.0000,14.9848,0.5000,2.0000,2.0000,0.6667,0.0556
ceec740e-dd0f-4050-aaad-3bb7576df8ed,52690bf0-6649-4e43-81a1-f4d14d84c9bb,2.0000,5.2765,0.5000,2.0000,2.0000,0.6667,0.3077
ceec740e-dd0f-4050-aaad-3bb7576df8ed,aa0e625f-0115-4592-a2d1-f12ab8f8fd07,0.0000,9.1782,1.0000,0.0000,0.0000,0.0000,0.0526
ceec740e-dd0f-4050-aaad-3bb7576df8ed,a34b9a88-6139-4498-8cb4-7dc14826736b,0.0000,13.2853,1.0000,0.0000,0.0000,0.0000,0.2222
ceec740e-dd0f-4050-aaad-3bb7576df8ed,fc38c551-9fce-4cb9-989c-e14a15ec343d,0.0000,8.0751,1.0000,0.0000,0.0000,0.0000,0.1000
ceec740e-dd0f-4050-aaad-3bb7576df8ed,282804f0-eeaf-4337-b99e-edc8c825f36e,0.0000,4.7308,1.0000,0.0000,0.0000,0.6667,0.1111
ceec740e-dd0f-4050-aaad-3bb7576df8ed,adc5de5d-5f7a-4315-ae7c-01194bb38567,0.0000,11.5524,1.0000,0.0000,0.0000,0.6667,0.1111
ceec740e-dd0f-4050-aaad-3bb7576df8ed,1977a7f8-0fe7-41af-a87a-76cfb1713877,2.0000,9.4219,0.5000,2.0000,2.0000,0.6667,0.2500
ceec740e-dd0f-4050-aaad-3bb7576df8ed,8a1e5a0f-87f3-4a3c-8afc-6d403b90401e,0.0000,12.2641,1.0000,0.0000,0.0000,0.6667,0.1111
ceec740e-dd0f-4050-aaad-3bb7576df8ed,059ef947-4a12-4833-add6-17c6f7c41a05,0.0000,7.5281,1.0000,0.0000,0.0000,0.6667,0.0000
ceec740e-dd0f-4050-aaad-3bb7576df8ed,fa8a729c-880c-4ec4-b231-decd82e1496a,2.0000,10.4074,0.5000,2.0000,2.0000,0.6667,0.1000
ceec740e-dd0f-4050-aaad-3bb7576df8ed,1f060904-d763-45c4-adb3-0bcccf916f16,2.0000,8.7626,0.5000,2.0000,2.0000,0.6667,0.1000
ceec740e-dd0f-4050-aaad-3bb7576df8ed,3525aec3-2b10-4958-977b-1d0db69061e1,2.0000,8.8043,0.5000,2.0000,2.0000,0.0000,0.1818
ceec740e-dd0f-4050-aaad-3bb7576df8ed,4dc55917-1ad9-4f41-a4a5-efa709d235d9,2.0000,11.5108,0.5000,2.0000,2.0000,0.6667,0.1000
ceec740e-dd0f-4050-aaad-3bb7576df8ed,b20b4a65-b7c6-4cea-b79f-6a6db36ffdb1,0.0000,8.9802,1.0000,0.0000,0.0000,0.6667,0.1111
ceec740e-dd0f-4050-aaad-3bb7576df8ed,dfc01f3d-0bd7-4b56-aaac-87f7635b8f94,0.0000,11.0272,1.0000,0.0000,0.0000,0.6667,0.1667
ceec740e-dd0f-4050-aaad-3bb7576df8ed,2a693e8a-5f1a-4c10-9dbe-32a95fdb6c21,0.0000,4.2504,1.0000,0.0000,0.0000,0.0000,0.0000
ceec740e-dd0f-4050-aaad-3bb7576df8ed,afa62b93-9459-4a3d-b943-44e88f2ba832,0.0000,14.2165,1.0000,0.0000,0.0000,0.0000,0.0000
ceec740e-dd0f-4050-aaad-3bb7576df8ed,6a574a63-684b-4e8e-86d8-56c4ef182e83,0.0000,10.4714,1.0000,0.0000,0.0000,0.0000,0.0556
ceec740e-dd0f-4050-aaad-3bb7576df8ed,5fc2040b-5445-448e-bdf1-c32854189d53,0.0000,11.0220,1.0000,0.0000,0.0000,0.0000,0.0556
ceec740e-dd0f-4050-aaad-3bb7576df8ed,2d8a413c-9727-4a6a-8fc0-42bb4d8573d2,0.0000,9.4935,1.0000,0.0000,0.0000,0.0000,0.1111
ceec740e-dd0f-4050-aaad-3bb7576df8ed,61f121ba-cb60-465c-a2f5-9f2f14974ee8,2.0000,12.7618,0.5000,2.0000,2.0000,0.6667,0.0000
ceec740e-dd0f-4050-aaad-3bb7576df8ed,905bd711-6c1a-4bb8-9c8d-808f8a4b9705,0.0000,13.8068,1.0000,0.0000,0.0000,0.0000,0.1818
ceec740e-dd0f-4050-aaad-3bb7576df8ed,925fcff5-826c-4439-8315-4d6434f6f7db,0.0000,11.2395,1.0000,0.0000,0.0000,0.6667,0.0000
ceec740e-dd0f-4050-aaad-3bb7576df8ed,fafe7552-d597-4e47-b1bb-0abd8cdcfe25,0.0000,5.2463,1.0000,0.0000,0.0000,0.0000,0.1111
ceec740e-dd0f-4050-aaad-3bb7576df8ed,2be2d465-90ce-4beb-b5dc-6c92bdf23287,0.0000,14.4874,1.0000,0.0000,0.0000,0.0000,0.1000
ceec740e-dd0f-4050-aaad-3bb7576df8ed,62694c2b-296e-4ea6-b29f-d6fce70f4ee0,0.0000,14.1100,1.0000,0.0000,0.0000,0.6667,0.0000
ceec740e-dd0f-4050-aaad-3bb7576df8ed,4a9b7b3e-39f8-4542-b6a3-2cdddbc64b84,0.0000,11.3953,1.0000,0.0000,0.0000,0.6667,0.2222
ceec740e-dd0f-4050-aaad-3bb7576df8ed,f2f08e2f-79b8-4a56-92e9-cfc0e2b94f70,2.0000,10.1988,0.5000,2.0000,2.0000,0.6667,0.2500
ceec740e-dd0f-4050-aaad-3bb7576df8ed,5a3d63bf-344c-4e6e-bc93-50b3b9150d26,0.0000,11.2312,1.0000,0.0000,0.0000,0.0000,0.0556
ceec740e-dd0f-4050-aaad-3bb7576df8ed,5c6cea65-33e0-4403-ac24-1f3e986820f5,2.0000,10.8703,0.5000,2.0000,2.0000,0.6667,0.1000
ceec740e-dd0f-4050-aaad-3bb7576df8ed,ce289378-48db-4c5b-817b-85a3f7170b6d,2.0000,11.1796,0.5000,2.0000,2.0000,0.0000,0.3077
ceec740e-dd0f-4050-aaad-3bb7576df8ed,8e122a6e-999f-4977-b4e1-21eb03cae87d,2.0000,12.1952,0.5000,2.0000,2.0000,0.6667,0.2174
ceec740e-dd0f-4050-aaad-3bb7576df8ed,6a94bf0c-f443-448e-ba57-f3aa2805cb05,0.0000,10.6150,1.0000,0.0000,0.0000,0.0000,0.0526
ceec740e-dd0f-4050-aaad-3bb7576df8ed,cfb5d567-1d11-4a1e-9030-f9ea119d29ab,0.0000,9.4213,1.0000,0.0000,0.0000,0.0000,0.1667
ceec740e-dd0f-4050-aaad-3bb7576df8ed,bd111f97-40ec-48c2-9537-3f4585fd3c61,0.0000,4.1071,1.0000,0.0000,0.0000,0.0000,0.1667
ceec740e-dd0f-4050-aaad-3bb7576df8ed,56043fae-9517-4a04-b8ca-05c203f26132,0.0000,9.4821,1.0000,0.0000,0.0000,0.0000,0.2778
ceec740e-dd0f-4050-aaad-3bb7576df8ed,cf50eb11-df20-4705-8b1b-2d77ce2403ef,0.0000,8.9031,1.0000,0.0000,0.0000,0.6667,0.0556
ceec740e-dd0f-4050-aaad-3bb7576df8ed,5de87467-8cbd-4a2d-90a3-7e283de285fa,0.0000,9.1191,1.0000,0.0000,0.0000,0.0000,0.0000
ceec740e-dd0f-4050-aaad-3bb7576df8ed,dcf216e8-416d-44ea-80bf-2587651dfd37,0.0000,9.0039,1.0000,0.0000,0.0000,0.0000,0.0000
ceec740e-dd0f-4050-aaad-3bb7576df8ed,e163b85d-9f81-4c13-8c8c-521c33484e74,2.0000,9.9310,0.5000,2.0000,2.0000,0.6667,0.2800
ceec740e-dd0f-4050-aaad-3bb7576df8ed,0f5bc599-7a61-4792-8bf7-b9f78eec50fc,2.0000,11.7000,0.5000,2.0000,2.0000,0.0000,0.2174
ceec740e-dd0f-4050-aaad-3bb7576df8ed,e5a14bb0-fea4-41eb-9bdd-aed3acec68b7,0.0000,10.4867,1.0000,0.0000,0.0000,0.6667,0.1111
ceec740e-dd0f-4050-aaad-3bb7576df8ed,d5cb26d7-030e-4b27-a7fc-8913c4a80794,2.0000,10.7707,0.5000,2.0000,2.0000,0.6667,0.2174
ceec740e-dd0f-4050-aaad-3bb7576df8ed,0f63c729-6dbc-48c2-9f43-89c37de9818f,0.0000,9.0840,1.0000,0.0000,0.0000,0.0000,0.0556
ceec740e-dd0f-4050-aaad-3bb7576df8ed,d73b320a-790d-4a0e-b13f-02a09cbaf3bf,0.0000,10.5369,1.0000,0.0000,0.0000,0.0000,0.0526
ceec740e-dd0f-4050-aaad-3bb7576df8ed,6f8acc59-cbf2-4b96-be3f-d5173828b422,0.0000,16.4599,1.0000,0.0000,0.0000,0.6667,0.1000
ceec740e-dd0f-4050-aaad-3bb7576df8ed,a9bef44c-9e90-409b-9b07-93db1d3be774,2.0000,12.2295,0.5000,2.0000,2.0000,0.6667,0.2800
ceec740e-dd0f-4050-aaad-3bb7576df8ed,62d0e0ab-0ed6-401f-b329-a12d20a79fb8,0.0000,13.3790,1.0000,0.0000,0.0000,0.0000,0.0526
ceec740e-dd0f-4050-aaad-3bb7576df8ed,c8403da2-d968-494c-bbbe-bc7855b370ab,0.0000,12.8773,1.0000,0.0000,0.0000,0.6667,0.1667
ceec740e-dd0f-4050-aaad-3bb7576df8ed,49e59cdd-4809-43f6-b618-1d0396a89857,2.0000,12.1288,0.5000,2.0000,2.0000,0.6667,0.3077
ceec740e-dd0f-4050-aaad-3bb7576df8ed,ccfc5874-fe2c-4d37-ab22-2f8deae33eae,2.0000,11.0563,0.5000,2.0000,2.0000,0.0000,0.2174
ceec740e-dd0f-4050-aaad-3bb7576df8ed,2b35aae8-7d5a-4e25-bd0b-8ae554405fa5,0.0000,10.6473,1.0000,0.0000,0.0000,0.6667,0.1667
ceec740e-dd0f-4050-aaad-3bb7576df8ed,642ee07e-29b6-45a7-9826-aa2f8e6f6fda,2.0000,13.0481,0.5000,2.0000,2.0000,0.6667,0.2800
ceec740e-dd0f-4050-aaad-3bb7576df8ed,18f05cad-c4a5-45a2-afda-2c6693684b81,0.0000,7.3161,1.0000,0.0000,0.0000,0.6667,0.1111
ceec740e-dd0f-4050-aaad-3bb7576df8ed,6db16bc6-1a3a-47dc-9b2e-e489ff3a30d3,2.0000,13.2121,0.5000,2.0000,2.0000,0.6667,0.2174
ceec740e-dd0f-4050-aaad-3bb7576df8ed,cf2e50ca-eb53-4a77-97c9-065f239b9c28,0.0000,6.9575,1.0000,0.0000,0.0000,0.6667,0.1667
ceec740e-dd0f-4050-aaad-3bb7576df8ed,2003d6e5-1b34-47a0-80b4-f960cc4d1c06,0.0000,9.1082,1.0000,0.0000,0.0000,0.6667,0.0526
ceec740e-dd0f-4050-aaad-3bb7576df8ed,692df9b4-47d2-48c1-8732-aa2dbd856038,0.0000,10.0151,1.0000,0.0000,0.0000,0.0000,0.1000
ceec740e-dd0f-4050-aaad-3bb7576df8ed,853d8cdf-bbba-40fe-bc3c-9dbf4a72e3ba,0.0000,9.0267,1.0000,0.0000,0.0000,0.6667,0.0526
ceec740e-dd0f-4050-aaad-3bb7576df8ed,2517b72c-41df-4f4a-a74f-4e6a4d8fb9a6,0.0000,9.3720,1.0000,0.0000,0.0000,0.6667,0.2174
ceec740e-dd0f-4050-aaad-3bb7576df8ed,f761d41a-5220-42bf-872b-6a75cea6e24b,0.0000,9.1765,1.0000,0.0000,0.0000,0.0000,0.1111
ceec740e-dd0f-4050-aaad-3bb7576df8ed,e8b9141c-9944-4c1d-beb1-2a3921ab8e1a,2.0000,9.5592,0.5000,2.0000,2.0000,0.6667,0.3333
ceec740e-dd0f-4050-aaad-3bb7576df8ed,ff4975cc-52b8-41ed-8a6f-c69487eab5e8,0.0000,12.7705,1.0000,0.0000,0.0000,0.6667,0.0556
ceec740e-dd0f-4050-aaad-3bb7576df8ed,22594200-2b3a-466f-9a4c-fc62849a043c,0.0000,9.4117,1.0000,0.0000,0.0000,0.6667,0.1000
ceec740e-dd0f-4050-aaad-3bb7576df8ed,76a03818-1adc-4462-a8d3-fd5cc8cde7c3,2.0000,11.7516,0.5000,2.0000,2.0000,0.6667,0.0526
ceec740e-dd0f-4050-aaad-3bb7576df8ed,14cbf3ff-91dd-4d34-92fe-f218d90b36a1,0.0000,14.8965,1.0000,0.0000,0.0000,0.0000,0.0556
a3f69495-a21b-448b-82c9-57efa81700cd,c8f7e77f-612a-4780-9a35-fa8644e8ae5a,0.0000,4.9099,1.0000,0.0000,0.0000,0.6667,0.2857
a3f69495-a21b-448b-82c9-57efa81700cd,e86e18ef-a902-4527-9be4-59d24519eed6,2.0000,7.4926,0.5000,2.0000,2.0000,0.0000,0.3929
a3f69495-a21b-448b-82c9-57efa81700cd,0c0f2152-377c-422f-8052-b0dc0153ae0a,2.0000,10.7925,0.5000,2.0000,2.0000,0.6667,0.3929
a3f69495-a21b-448b-82c9-57efa81700cd,f0fe03d1-14fe-4cd5-9497-d0c224b284cd,2.0000,9.5677,0.5000,2.0000,2.0000,0.6667,0.4643
a3f69495-a21b-448b-82c9-57efa81700cd,46b81f92-9499-424e-aa38-0af32369c9ab,0.0000,4.6750,1.0000,0.0000,0.0000,0.0000,0.1786
a3f69495-a21b-448b-82c9-57efa81700cd,74e1172e-bf77-4868-a39e-fd314e3df33b,2.0000,12.1949,0.5000,2.0000,2.0000,0.0000,0.3929
a3f69495-a21b-448b-82c9-57efa81700cd,b07b7f86-1bbf-4c6a-b8f2-d3a602704355,2.0000,8.9806,0.5000,2.0000,2.0000,0.0000,0.2857
a3f69495-a21b-448b-82c9-57efa81700cd,4da9a570-5edf-44bd-b262-3de1664706ea,2.0000,9.2344,0.5000,2.0000,2.0000,0.0000,0.2500
a3f69495-a21b-448b-82c9-57efa81700cd,7105fb47-b5e3-46e7-9197-d83c0f4526aa,2.0000,8.8614,0.5000,2.0000,2.0000,0.0000,0.3571
a3f69495-a21b-448b-82c9-57efa81700cd,cc43ad38-fb37-4584-b672-7e13df12000d,2.0000,10.3713,0.5000,2.0000,2.0000,0.6667,0.4286
a3f69495-a21b-448b-82c9-57efa81700cd,6f14499e-d0d7-4bef-a1f0-86d3cc46e4dc,2.0000,12.9611,0.5000,2.0000,2.0000,0.6667,0.2857
a3f69495-a21b-448b-82c9-57efa81700cd,0997d41c-6d90-4c74-9ca2-a03e0dfe6499,2.0000,9.0935,0.5000,2.0000,2.0000,0.0000,0.3571
a3f69495-a21b-448b-82c9-57efa81700cd,2e68bde0-2ec3-4d13-9c70-4a6edcc253f8,2.0000,9.9612,0.5000,2.0000,2.0000,0.6667,0.3571
a3f69495-a21b-448b-82c9-57efa81700cd,22c05025-cd65-4fd6-b42b-e1e1318adfe3,0.0000,6.2108,1.0000,0.0000,0.0000,0.6667,0.3929
a3f69495-a21b-448b-82c9-57efa81700cd,52690bf0-6649-4e43-81a1-f4d14d84c9bb,0.0000,9.8111,1.0000,0.0000,0.0000,0.6667,0.0714
a3f69495-a21b-448b-82c9-57efa81700cd,aa0e625f-0115-4592-a2d1-f12ab8f8fd07,2.0000,10.3423,0.5000,2.0000,2.0000,0.0000,0.3214
a3f69495-a21b-448b-82c9-57efa81700cd,a34b9a88-6139-4498-8cb4-7dc14826736b,2.0000,8.5454,0.5000,2.0000,2.0000,0.0000,0.5000
a3f69495-a21b-448b-82c9-57efa81700cd,fc38c551-9fce-4cb9-989c-e14a15ec343d,2.0000,13.0486,0.5000,2.0000,2.0000,0.0000,0.2857
a3f69495-a21b-448b-82c9-57efa81700cd,282804f0-eeaf-4337-b99e-edc8c825f36e,2.0000,10.3051,0.5000,2.0000,2.0000,0.6667,0.4286
a3f69495-a21b-448b-82c9-57efa81700cd,adc5de5d-5f7a-4315-ae7c-01194bb38567,2.0000,11.9761,0.5000,2.0000,2.0000,0.6667,0.4286
a3f69495-a21b-448b-82c9-57efa81700cd,1977a7f8-0fe7-41af-a87a-76cfb1713877,0.0000,10.0550,1.0000,0.0000,0.0000,0.6667,0.1429
a3f69495-a21b-448b-82c9-57efa81700cd,8a1e5a0f-87f3-4a3c-8afc-6d403b90401e,2.0000,4.1755,0.5000,2.0000,2.0000,0.6667,0.4286
a3f69495-a21b-448b-82c9-57efa81700cd,059ef947-4a12-4833-add6-17c6f7c41a05,2.0000,12.3957,0.5000,2.0000,2.0000,0.6667,0.3571
a3f69495-a21b-448b-82c9-57efa81700cd,fa8a729c-880c-4ec4-b231-decd82e1496a,0.0000,7.3715,1.0000,0.0000,0.0000,0.6667,0.2857
a3f69495-a21b-448b-82c9-57efa81700cd,1f060904-d763-45c4-adb3-0bcccf916f16,0.0000,6.9349,1.0000,0.0000,0.0000,0.6667,0.2857
a3f69495-a21b-448b-82c9-57efa81700cd,3525aec3-2b10-4958-977b-1d0db69061e1,0.0000,6.6393,1.0000,0.0000,0.0000,0.0000,0.2143
a3f69495-a21b-448b-82c9-57efa81700cd,4dc55917-1ad9-4f41-a4a5-efa709d235d9,0.0000,9.6137,1.0000,0.0000,0.0000,0.6667,0.2857
a3f69495-a21b-448b-82c9-57efa81700cd,b20b4a65-b7c6-4cea-b79f-6a6db36ffdb1,2.0000,11.1894,0.5000,2.0000,2.0000,0.6667,0.4286
a3f69495-a21b-448b-82c9-57efa81700cd,dfc01f3d-0bd7-4b56-aaac-87f7635b8f94,2.0000,13.3616,0.5000,2.0000,2.0000,0.6667,0.4643
a3f69495-a21b-448b-82c9-57efa81700cd,2a693e8a-5f1a-4c10-9dbe-32a95fdb6c21,2.0000,9.9407,0.5000,2.0000,2.0000,0.0000,0.3571
a3f69495-a21b-448b-82c9-57efa81700cd,afa62b93-9459-4a3d-b943-44e88f2ba832,2.0000,7.7223,0.5000,2.0000,2.0000,0.0000,0.3571
a3f69495-a21b-448b-82c9-57efa81700cd,6a574a63-684b-4e8e-86d8-56c4ef182e83,2.0000,6.8177,0.5000,2.0000,2.0000,0.0000,0.3929
a3f69495-a21b-448b-82c9-57efa81700cd,5fc2040b-5445-448e-bdf1-c32854189d53,2.0000,9.3264,0.5000,2.0000,2.0000,0.0000,0.3929
a3f69495-a21b-448b-82c9-57efa81700cd,2d8a413c-9727-4a6a-8fc0-42bb4d8573d2,2.0000,10.5556,0.5000,2.0000,2.0000,0.0000,0.4286
a3f69495-a21b-448b-82c9-57efa81700cd,61f121ba-cb60-465c-a2f5-9f2f14974ee8,0.0000,7.9029,1.0000,0.0000,0.0000,0.6667,0.3571
a3f69495-a21b-448b-82c9-57efa81700cd,905bd711-6c1a-4bb8-9c8d-808f8a4b9705,2.0000,5.6667,0.5000,2.0000,2.0000,0.0000,0.2143
a3f69495-a21b-448b-82c9-57efa81700cd,925fcff5-826c-4439-8315-4d6434f6f7db,2.0000,11.8973,0.5000,2.0000,2.0000,0.6667,0.3571
a3f69495-a21b-448b-82c9-57efa81700cd,fafe7552-d597-4e47-b1bb-0abd8cdcfe25,2.0000,7.5147,0.5000,2.0000,2.0000,0.0000,0.4286
a3f69495-a21b-448b-82c9-57efa81700cd,2be2d465-90ce-4beb-b5dc-6c92bdf23287,2.0000,7.8647,0.5000,2.0000,2.0000,0.0000,0.2857
a3f69495-a21b-448b-82c9-57efa81700cd,62694c2b-296e-4ea6-b29f-d6fce70f4ee0,2.0000,13.5556,0.5000,2.0000,2.0000,0.6667,0.3571
a3f69495-a21b-448b-82c9-57efa81700cd,4a9b7b3e-39f8-4542-b6a3-2cdddbc64b84,2.0000,13.2809,0.5000,2.0000,2.0000,0.6667,0.5000
a3f69495-a21b-448b-82c9-57efa81700cd,f2f08e2f-79b8-4a56-92e9-cfc0e2b94f70,0.0000,6.3455,1.0000,0.0000,0.0000,0.6667,0.1429
a3f69495-a21b-448b-82c9-57efa81700cd,5a3d63bf-344c-4e6e-bc93-50b3b9150d26,2.0000,5.8815,0.5000,2.0000,2.0000,0.0000,0.3929
a3f69495-a21b-448b-82c9-57efa81700cd,5c6cea65-33e0-4403-ac24-1f3e986820f5,0.0000,9.0865,1.0000,0.0000,0.0000,0.6667,0.2857
a3f69495-a21b-448b-82c9-57efa81700cd,ce289378-48db-4c5b-817b-85a3f7170b6d,0.0000,2.1032,1.0000,0.0000,0.0000,0.0000,0.0714
a3f69495-a21b-448b-82c9-57efa81700cd,8e122a6e-999f-4977-b4e1-21eb03cae87d,0.0000,10.0059,1.0000,0.0000,0.0000,0.6667,0.1786
a3f69495-a21b-448b-82c9-57efa81700cd,6a94bf0c-f443-448e-ba57-f3aa2805cb05,2.0000,6.1344,0.5000,2.0000,2.0000,0.0000,0.3214
a3f69495-a21b-448b-82c9-57efa81700cd,cfb5d567-1d11-4a1e-9030-f9ea119d29ab,2.0000,6.9139,0.5000,2.0000,2.0000,0.0000,0.4643
a3f69495-a21b-448b-82c9-57efa81700cd,bd111f97-40ec-48c2-9537-3f4585fd3c61,2.0000,12.7570,0.5000,2.0000,2.0000,0.0000,0.4643
a3f69495-a21b-448b-82c9-57efa81700cd,56043fae-9517-4a04-b8ca-05c203f26132,2.0000,8.6110,0.5000,2.0000,2.0000,0.0000,0.5357
a3f69495-a21b-448b-82c9-57efa81700cd,cf50eb11-df20-4705-8b1b-2d77ce2403ef,2.0000,10.4263,0.5000,2.0000,2.0000,0.6667,0.3929
a3f69495-a21b-448b-82c9-57efa81700cd,5de87467-8cbd-4a2d-90a3-7e283de285fa,2.0000,7.5485,0.5000,2.0000,2.0000,0.0000,0.3571
a3f69495-a21b-448b-82c9-57efa81700cd,dcf216e8-416d-44ea-80bf-2587651dfd37,2.0000,7.4609,0.5000,2.0000,2.0000,0.0000,0.3571
a3f69495-a21b-448b-82c9-57efa81700cd,e163b85d-9f81-4c13-8c8c-521c33484e74,0.0000,8.3177,1.0000,0.0000,0.0000,0.6667,0.1071
a3f69495-a21b-448b-82c9-57efa81700cd,0f5bc599-7a61-4792-8bf7-b9f78eec50fc,0.0000,10.8004,1.0000,0.0000,0.0000,0.0000,0.1786
a3f69495-a21b-448b-82c9-57efa81700cd,e5a14bb0-fea4-41eb-9bdd-aed3acec68b7,2.0000,12.1540,0.5000,2.0000,2.0000,0.6667,0.4286
a3f69495-a21b-448b-82c9-57efa81700cd,d5cb26d7-030e-4b27-a7fc-8913c4a80794,0.0000,7.4554,1.0000,0.0000,0.0000,0.6667,0.1786
a3f69495-a21b-448b-82c9-57efa81700cd,0f63c729-6dbc-48c2-9f43-89c37de9818f,2.0000,9.6618,0.5000,2.0000,2.0000,0.0000,0.3929
a3f69495-a21b-448b-82c9-57efa81700cd,d73b320a-790d-4a0e-b13f-02a09cbaf3bf,2.0000,5.8751,0.5000,2.0000,2.0000,0.0000,0.3214
a3f69495-a21b-448b-82c9-57efa81700cd,6f8acc59-cbf2-4b96-be3f-d5173828b422,2.0000,10.0014,0.5000,2.0000,2.0000,0.6667,0.2857
a3f69495-a21b-448b-82c9-57efa81700cd,a9bef44c-9e90-409b-9b07-93db1d3be774,0.0000,6.3755,1.0000,0.0000,0.0000,0.6667,0.1071
a3f69495-a21b-448b-82c9-57efa81700cd,62d0e0ab-0ed6-401f-b329-a12d20a79fb8,2.0000,8.4841,0.5000,2.0000,2.0000,0.0000,0.3214
a3f69495-a21b-448b-82c9-57efa81700cd,c8403da2-d968-494c-bbbe-bc7855b370ab,2.0000,7.3853,0.5000,2.0000,2.0000,0.6667,0.4643
a3f69495-a21b-448b-82c9-57efa81700cd,49e59cdd-4809-43f6-b618-1d0396a89857,0.0000,7.5039,1.0000,0.0000,0.0000,0.6667,0.0714
a3f69495-a21b-448b-82c9-57efa81700cd,ccfc5874-fe2c-4d37-ab22-2f8deae33eae,0.0000,6.1719,1.0000,0.0000,0.0000,0.0000,0.1786
a3f69495-a21b-448b-82c9-57efa81700cd,2b35aae8-7d5a-4e25-bd0b-8ae554405fa5,2.0000,8.9576,0.5000,2.0000,2.0000,0.6667,0.4643
a3f69495-a21b-448b-82c9-57efa81700cd,642ee07e-29b6-45a7-9826-aa2f8e6f6fda,0.0000,9.3651,1.0000,0.0000,0.0000,0.6667,0.1071
a3f69495-a21b-448b-82c9-57efa81700cd,18f05cad-c4a5-45a2-afda-2c6693684b81,2.0000,12.8394,0.5000,2.0000,2.0000,0.6667,0.4286
a3f69495-a21b-448b-82c9-57efa81700cd,6db16bc6-1a3a-47dc-9b2e-e489ff3a30d3,0.0000,6.1714,1.0000,0.0000,0.0000,0.6667,0.1786
a3f69495-a21b-448b-82c9-57efa81700cd,cf2e50ca-eb53-4a77-97c9-065f239b9c28,2.0000,12.0151,0.5000,2.0000,2.0000,0.6667,0.4643
a3f69495-a21b-448b-82c9-57efa81700cd,2003d6e5-1b34-47a0-80b4-f960cc4d1c06,2.0000,12.7812,0.5000,2.0000,2.0000,0.6667,0.3214
a3f69495-a21b-448b-82c9-57efa81700cd,692df9b4-47d2-48c1-8732-aa2dbd856038,2.0000,11.2413,0.5000,2.0000,2.0000,0.0000,0.2857
a3f69495-a21b-448b-82c9-57efa81700cd,853d8cdf-bbba-40fe-bc3c-9dbf4a72e3ba,2.0000,9.9324,0.5000,2.0000,2.0000,0.6667,0.3214
a3f69495-a21b-448b-82c9-57efa81700cd,2517b72c-41df-4f4a-a74f-4e6a4d8fb9a6,2.0000,11.9183,0.5000,2.0000,2.0000,0.6667,0.1786
a3f69495-a21b-448b-82c9-57efa81700cd,f761d41a-5220-42bf-872b-6a75cea6e24b,2.0000,10.0410,0.5000,2.0000,2.0000,0.0000,0.4286
a3f69495-a21b-448b-82c9-57efa81700cd,e8b9141c-9944-4c1d-beb1-2a3921ab8e1a,0.0000,10.2028,1.0000,0.0000,0.0000,0.6667,0.0357
a3f69495-a21b-448b-82c9-57efa81700cd,ff4975cc-52b8-41ed-8a6f-c69487eab5e8,2.0000,12.9620,0.5000,2.0000,2.0000,0.6667,0.3929
a3f69495-a21b-448b-82c9-57efa81700cd,22594200-2b3a-466f-9a4c-fc62849a043c,2.0000,11.2270,0.5000,2.0000,2.0000,0.6667,0.2857
a3f69495-a21b-448b-82c9-57efa81700cd,76a03818-1adc-4462-a8d3-fd5cc8cde7c3,0.0000,12.8059,1.0000,0.0000,0.0000,0.6667,0.3214
a3f69495-a21b-448b-82c9-57efa81700cd,14cbf3ff-91dd-4d34-92fe-f218d90b36a1,2.0000,6.9816,0.5000,2.0000,2.0000,0.0000,0.3929
c8f7e77f-612a-4780-9a35-fa8644e8ae5a,e86e18ef-a902-4527-9be4-59d24519eed6,2.0000,12.3000,0.5000,2.0000,2.0000,0.6667,0.1500
c8f7e77f-612a-4780-9a35-fa8644e8ae5a,0c0f2152-377c-422f-8052-b0dc0153ae0a,2.0000,8.1880,0.5000,2.0000,2.0000,0.6667,0.1500
c8f7e77f-612a-4780-9a35-fa8644e8ae5a,f0fe03d1-14fe-4cd5-9497-d0c224b284cd,2.0000,10.1881,0.5000,2.0000,2.0000,0.0000,0.2500
c8f7e77f-612a-4780-9a35-fa8644e8ae5a,46b81f92-9499-424e-aa38-0af32369c9ab,0.0000,7.2161,1.0000,0.0000,0.0000,0.6667,0.1304
c8f7e77f-612a-4780-9a35-fa8644e8ae5a,74e1172e-bf77-4868-a39e-fd314e3df33b,2.0000,10.7560,0.5000,2.0000,2.0000,0.6667,0.1500
c8f7e77f-612a-4780-9a35-fa8644e8ae5a,b07b7f86-1bbf-4c6a-b8f2-d3a602704355,2.0000,9.5099,0.5000,2.0000,2.0000,0.6667,0.0000
c8f7e77f-612a-4780-9a35-fa8644e8ae5a,4da9a570-5edf-44bd-b262-3de1664706ea,2.0000,10.9357,0.5000,2.0000,2.0000,0.6667,0.0476
c8f7e77f-612a-4780-9a35-fa8644e8ae5a,7105fb47-b5e3-46e7-9197-d83c0f4526aa,2.0000,10.0577,0.5000,2.0000,2.0000,0.6667,0.1000
c8f7e77f-612a-4780-9a35-fa8644e8ae5a,cc43ad38-fb37-4584-b672-7e13df12000d,2.0000,9.0494,0.5000,2.0000,2.0000,0.6667,0.2000
c8f7e77f-612a-4780-9a35-fa8644e8ae5a,6f14499e-d0d7-4bef-a1f0-86d3cc46e4dc,2.0000,10.4150,0.5000,2.0000,2.0000,0.6667,0.0000
c8f7e77f-612a-4780-9a35-fa8644e8ae5a,0997d41c-6d90-4c74-9ca2-a03e0dfe6499,2.0000,10.4840,0.5000,2.0000,2.0000,0.6667,0.1000
c8f7e77f-612a-4780-9a35-fa8644e8ae5a,2e68bde0-2ec3-4d13-9c70-4a6edcc253f8,2.0000,9.3611,0.5000,2.0000,2.0000,0.6667,0.1000
c8f7e77f-612a-4780-9a35-fa8644e8ae5a,22c05025-cd65-4fd6-b42b-e1e1318adfe3,0.0000,4.4727,1.0000,0.0000,0.0000,0.6667,0.1500
c8f7e77f-612a-4780-9a35-fa8644e8ae5a,52690bf0-6649-4e43-81a1-f4d14d84c9bb,0.0000,10.7959,1.0000,0.0000,0.0000,0.6667,0.2308
c8f7e77f-612a-4780-9a35-fa8644e8ae5a,aa0e625f-0115-4592-a2d1-f12ab8f8fd07,2.0000,11.8869,0.5000,2.0000,2.0000,0.6667,0.0500
c8f7e77f-612a-4780-9a35-fa8644e8ae5a,a34b9a88-6139-4498-8cb4-7dc14826736b,2.0000,9.1648,0.5000,2.0000,2.0000,0.6667,0.3000
c8f7e77f-612a-4780-9a35-fa8644e8ae5a,fc38c551-9fce-4cb9-989c-e14a15ec343d,2.0000,11.5498,0.5000,2.0000,2.0000,0.6667,0.0000
c8f7e77f-612a-4780-9a35-fa8644e8ae5a,282804f0-eeaf-4337-b99e-edc8c825f36e,2.0000,9.1364,0.5000,2.0000,2.0000,0.6667,0.2000
c8f7e77f-612a-4780-9a35-fa8644e8ae5a,adc5de5d-5f7a-4315-ae7c-01194bb38567,2.0000,8.4377,0.5000,2.0000,2.0000,0.6667,0.2000
c8f7e77f-612a-4780-9a35-fa8644e8ae5a,1977a7f8-0fe7-41af-a87a-76cfb1713877,0.0000,9.5639,1.0000,0.0000,0.0000,0.0000,0.1667
c8f7e77f-612a-4780-9a35-fa8644e8ae5a,8a1e5a0f-87f3-4a3c-8afc-6d403b90401e,2.0000,7.5845,0.5000,2.0000,2.0000,0.0000,0.2000
c8f7e77f-612a-4780-9a35-fa8644e8ae5a,059ef947-4a12-4833-add6-17c6f7c41a05,2.0000,11.2015,0.5000,2.0000,2.0000,0.6667,0.1000
c8f7e77f-612a-4780-9a35-fa8644e8ae5a,fa8a729c-880c-4ec4-b231-decd82e1496a,0.0000,9.0921,1.0000,0.0000,0.0000,0.6667,0.0000
c8f7e77f-612a-4780-9a35-fa8644e8ae5a,1f060904-d763-45c4-adb3-0bcccf916f16,0.0000,8.6173,1.0000,0.0000,0.0000,0.6667,0.0000
c8f7e77f-612a-4780-9a35-fa8644e8ae5a,3525aec3-2b10-4958-977b-1d0db69061e1,0.0000,8.0290,1.0000,0.0000,0.0000,0.6667,0.0909
c8f7e77f-612a-4780-9a35-fa8644e8ae5a,4dc55917-1ad9-4f41-a4a5-efa709d235d9,0.0000,9.8918,1.0000,0.0000,0.0000,0.0000,0.0000
c8f7e77f-612a-4780-9a35-fa8644e8ae5a,b20b4a65-b7c6-4cea-b79f-6a6db36ffdb1,2.0000,10.7968,0.5000,2.0000,2.0000,0.6667,0.2000
c8f7e77f-612a-4780-9a35-fa8644e8ae5a,dfc01f3d-0bd7-4b56-aaac-87f7635b8f94,2.0000,10.8480,0.5000,2.0000,2.0000,0.6667,0.2500
c8f7e77f-612a-4780-9a35-fa8644e8ae5a,2a693e8a-5f1a-4c10-9dbe-32a95fdb6c21,2.0000,8.5303,0.5000,2.0000,2.0000,0.6667,0.1000
c8f7e77f-612a-4780-9a35-fa8644e8ae5a,afa62b93-9459-4a3d-b943-44e88f2ba832,2.0000,12.5435,0.5000,2.0000,2.0000,0.6667,0.1000
c8f7e77f-612a-4780-9a35-fa8644e8ae5a,6a574a63-684b-4e8e-86d8-56c4ef182e83,2.0000,9.5169,0.5000,2.0000,2.0000,0.6667,0.1500
c8f7e77f-612a-4780-9a35-fa8644e8ae5a,5fc2040b-5445-448e-bdf1-c32854189d53,2.0000,13.6021,0.5000,2.0000,2.0000,0.6667,0.1500
c8f7e77f-612a-4780-9a35-fa8644e8ae5a,2d8a413c-9727-4a6a-8fc0-42bb4d8573d2,2.0000,12.0099,0.5000,2.0000,2.0000,0.6667,0.2000
c8f7e77f-612a-4780-9a35-fa8644e8ae5a,61f121ba-cb60-465c-a2f5-9f2f14974ee8,0.0000,4.0442,1.0000,0.0000,0.0000,0.0000,0.1000
c8f7e77f-612a-4780-9a35-fa8644e8ae5a,905bd711-6c1a-4bb8-9c8d-808f8a4b9705,2.0000,8.9538,0.5000,2.0000,2.0000,0.6667,0.0909
c8f7e77f-612a-4780-9a35-fa8644e8ae5a,925fcff5-826c-4439-8315-4d6434f6f7db,2.0000,8.0904,0.5000,2.0000,2.0000,0.6667,0.1000
c8f7e77f-612a-4780-9a35-fa8644e8ae5a,fafe7552-d597-4e47-b1bb-0abd8cdcfe25,2.0000,10.2832,0.5000,2.0000,2.0000,0.6667,0.2000
c8f7e77f-612a-4780-9a35-fa8644e8ae5a,2be2d465-90ce-4beb-b5dc-6c92bdf23287,2.0000,12.6733,0.5000,2.0000,2.0000,0.6667,0.0000
c8f7e77f-612a-4780-9a35-fa8644e8ae5a,62694c2b-296e-4ea6-b29f-d6fce70f4ee0,2.0000,9.7127,0.5000,2.0000,2.0000,0.6667,0.1000
c8f7e77f-612a-4780-9a35-fa8644e8ae5a,4a9b7b3e-39f8-4542-b6a3-2cdddbc64b84,2.0000,10.6150,0.5000,2.0000,2.0000,0.6667,0.3000
c8f7e77f-612a-4780-9a35-fa8644e8ae5a,f2f08e2f-79b8-4a56-92e9-cfc0e2b94f70,0.0000,7.7830,1.0000,0.0000,0.0000,0.6667,0.1667
c8f7e77f-612a-4780-9a35-fa8644e8ae5a,5a3d63bf-344c-4e6e-bc93-50b3b9150d26,2.0000,10.7000,0.5000,2.0000,2.0000,0.6667,0.1500
c8f7e77f-612a-4780-9a35-fa8644e8ae5a,5c6cea65-33e0-4403-ac24-1f3e986820f5,0.0000,9.6240,1.0000,0.0000,0.0000,0.6667,0.0000
c8f7e77f-612a-4780-9a35-fa8644e8ae5a,ce289378-48db-4c5b-817b-85a3f7170b6d,0.0000,6.4736,1.0000,0.0000,0.0000,0.6667,0.2308
c8f7e77f-612a-4780-9a35-fa8644e8ae5a,8e122a6e-999f-4977-b4e1-21eb03cae87d,0.0000,8.2092,1.0000,0.0000,0.0000,0.6667,0.1304
c8f7e77f-612a-4780-9a35-fa8644e8ae5a,6a94bf0c-f443-448e-ba57-f3aa2805cb05,2.0000,8.8747,0.5000,2.0000,2.0000,0.6667,0.0500
c8f7e77f-612a-4780-9a35-fa8644e8ae5a,cfb5d567-1d11-4a1e-9030-f9ea119d29ab,2.0000,10.6701,0.5000,2.0000,2.0000,0.6667,0.2500
c8f7e77f-612a-4780-9a35-fa8644e8ae5a,bd111f97-40ec-48c2-9537-3f4585fd3c61,2.0000,13.7862,0.5000,2.0000,2.0000,0.6667,0.2500
c8f7e77f-612a-4780-9a35-fa8644e8ae5a,56043fae-9517-4a04-b8ca-05c203f26132,2.0000,12.2784,0.5000,2.0000,2.0000,0.6667,0.3500
c8f7e77f-612a-4780-9a35-fa8644e8ae5a,cf50eb11-df20-4705-8b1b-2d77ce2403ef,2.0000,10.0094,0.5000,2.0000,2.0000,0.6667,0.1500
c8f7e77f-612a-4780-9a35-fa8644e8ae5a,5de87467-8cbd-4a2d-90a3-7e283de285fa,2.0000,11.2257,0.5000,2.0000,2.0000,0.6667,0.1000
c8f7e77f-612a-4780-9a35-fa8644e8ae5a,dcf216e8-416d-44ea-80bf-2587651dfd37,2.0000,11.0862,0.5000,2.0000,2.0000,0.6667,0.1000
c8f7e77f-612a-4780-9a35-fa8644e8ae5a,e163b85d-9f81-4c13-8c8c-521c33484e74,0.0000,6.4240,1.0000,0.0000,0.0000,0.6667,0.2000
c8f7e77f-612a-4780-9a35-fa8644e8ae5a,0f5bc599-7a61-4792-8bf7-b9f78eec50fc,0.0000,7.3939,1.0000,0.0000,0.0000,0.6667,0.1304
c8f7e77f-612a-4780-9a35-fa8644e8ae5a,e5a14bb0-fea4-41eb-9bdd-aed3acec68b7,2.0000,8.6757,0.5000,2.0000,2.0000,0.6667,0.2000
c8f7e77f-612a-4780-9a35-fa8644e8ae5a,d5cb26d7-030e-4b27-a7fc-8913c4a80794,0.0000,9.0949,1.0000,0.0000,0.0000,0.6667,0.1304
c8f7e77f-612a-4780-9a35-fa8644e8ae5a,0f63c729-6dbc-48c2-9f43-89c37de9818f,2.0000,11.1944,0.5000,2.0000,2.0000,0.6667,0.1500
c8f7e77f-612a-4780-9a35-fa8644e8ae5a,d73b320a-790d-4a0e-b13f-02a09cbaf3bf,2.0000,8.4833,0.5000,2.0000,2.0000,0.6667,0.0500
c8f7e77f-612a-4780-9a35-fa8644e8ae5a,6f8acc59-cbf2-4b96-be3f-d5173828b422,2.0000,6.7986,0.5000,2.0000,2.0000,0.6667,0.0000
c8f7e77f-612a-4780-9a35-fa8644e8ae5a,a9bef44c-9e90-409b-9b07-93db1d3be774,0.0000,4.5442,1.0000,0.0000,0.0000,0.6667,0.2000
c8f7e77f-612a-4780-9a35-fa8644e8ae5a,62d0e0ab-0ed6-401f-b329-a12d20a79fb8,2.0000,9.0870,0.5000,2.0000,2.0000,0.6667,0.0500
c8f7e77f-612a-4780-9a35-fa8644e8ae5a,c8403da2-d968-494c-bbbe-bc7855b370ab,2.0000,3.6234,0.5000,2.0000,2.0000,0.6667,0.2500
c8f7e77f-612a-4780-9a35-fa8644e8ae5a,49e59cdd-4809-43f6-b618-1d0396a89857,0.0000,10.0470,1.0000,0.0000,0.0000,0.6667,0.2308
c8f7e77f-612a-4780-9a35-fa8644e8ae5a,ccfc5874-fe2c-4d37-ab22-2f8deae33eae,0.0000,8.8014,1.0000,0.0000,0.0000,0.6667,0.1304
c8f7e77f-612a-4780-9a35-fa8644e8ae5a,2b35aae8-7d5a-4e25-bd0b-8ae554405fa5,2.0000,7.5970,0.5000,2.0000,2.0000,0.6667,0.2500
c8f7e77f-612a-4780-9a35-fa8644e8ae5a,642ee07e-29b6-45a7-9826-aa2f8e6f6fda,0.0000,4.5999,1.0000,0.0000,0.0000,0.6667,0.2000
c8f7e77f-612a-4780-9a35-fa8644e8ae5a,18f05cad-c4a5-45a2-afda-2c6693684b81,2.0000,11.3043,0.5000,2.0000,2.0000,0.0000,0.2000
c8f7e77f-612a-4780-9a35-fa8644e8ae5a,6db16bc6-1a3a-47dc-9b2e-e489ff3a30d3,0.0000,7.8903,1.0000,0.0000,0.0000,0.0000,0.1304
c8f7e77f-612a-4780-9a35-fa8644e8ae5a,cf2e50ca-eb53-4a77-97c9-065f239b9c28,2.0000,13.5006,0.5000,2.0000,2.0000,0.0000,0.2500
c8f7e77f-612a-4780-9a35-fa8644e8ae5a,2003d6e5-1b34-47a0-80b4-f960cc4d1c06,2.0000,10.3387,0.5000,2.0000,2.0000,0.6667,0.0500
c8f7e77f-612a-4780-9a35-fa8644e8ae5a,692df9b4-47d2-48c1-8732-aa2dbd856038,2.0000,12.7091,0.5000,2.0000,2.0000,0.6667,0.0000
c8f7e77f-612a-4780-9a35-fa8644e8ae5a,853d8cdf-bbba-40fe-bc3c-9dbf4a72e3ba,2.0000,9.4646,0.5000,2.0000,2.0000,0.6667,0.0500
c8f7e77f-612a-4780-9a35-fa8644e8ae5a,2517b72c-41df-4f4a-a74f-4e6a4d8fb9a6,2.0000,9.4656,0.5000,2.0000,2.0000,0.6667,0.1304
c8f7e77f-612a-4780-9a35-fa8644e8ae5a,f761d41a-5220-42bf-872b-6a75cea6e24b,2.0000,11.5375,0.5000,2.0000,2.0000,0.6667,0.2000
c8f7e77f-612a-4780-9a35-fa8644e8ae5a,e8b9141c-9944-4c1d-beb1-2a3921ab8e1a,0.0000,7.7267,1.0000,0.0000,0.0000,0.6667,0.2593
c8f7e77f-612a-4780-9a35-fa8644e8ae5a,ff4975cc-52b8-41ed-8a6f-c69487eab5e8,2.0000,9.1360,0.5000,2.0000,2.0000,0.6667,0.1500
c8f7e77f-612a-4780-9a35-fa8644e8ae5a,22594200-2b3a-466f-9a4c-fc62849a043c,2.0000,7.6516,0.5000,2.0000,2.0000,0.6667,0.0000
c8f7e77f-612a-4780-9a35-fa8644e8ae5a,76a03818-1adc-4462-a8d3-fd5cc8cde7c3,0.0000,8.7530,1.0000,0.0000,0.0000,0.0000,0.0500
c8f7e77f-612a-4780-9a35-fa8644e8ae5a,14cbf3ff-91dd-4d34-92fe-f218d90b36a1,2.0000,8.2800,0.5000,2.0000,2.0000,0.6667,0.1500
e86e18ef-a902-4527-9be4-59d24519eed6,0c0f2152-377c-422f-8052-b0dc0153ae0a,0.0000,16.4348,1.0000,0.0000,0.0000,0.6667,0.0000
e86e18ef-a902-4527-9be4-59d24519eed6,f0fe03d1-14fe-4cd5-9497-d0c224b284cd,0.0000,11.4618,1.0000,0.0000,0.0000,0.6667,0.1176
e86e18ef-a902-4527-9be4-59d24519eed6,46b81f92-9499-424e-aa38-0af32369c9ab,2.0000,8.7745,0.5000,2.0000,2.0000,0.0000,0.2609
e86e18ef-a902-4527-9be4-59d24519eed6,74e1172e-bf77-4868-a39e-fd314e3df33b,0.0000,14.6818,1.0000,0.0000,0.0000,0.0000,0.0000
e86e18ef-a902-4527-9be4-59d24519eed6,b07b7f86-1bbf-4c6a-b8f2-d3a602704355,0.0000,8.9096,1.0000,0.0000,0.0000,0.0000,0.1500
e86e18ef-a902-4527-9be4-59d24519eed6,4da9a570-5edf-44bd-b262-3de1664706ea,0.0000,5.2214,1.0000,0.0000,0.0000,0.0000,0.1905
e86e18ef-a902-4527-9be4-59d24519eed6,7105fb47-b5e3-46e7-9197-d83c0f4526aa,0.0000,10.4713,1.0000,0.0000,0.0000,0.0000,0.0556
e86e18ef-a902-4527-9be4-59d24519eed6,cc43ad38-fb37-4584-b672-7e13df12000d,0.0000,15.5350,1.0000,0.0000,0.0000,0.6667,0.0588
e86e18ef-a902-4527-9be4-59d24519eed6,6f14499e-d0d7-4bef-a1f0-86d3cc46e4dc,0.0000,16.8092,1.0000,0.0000,0.0000,0.6667,0.1500
e86e18ef-a902-4527-9be4-59d24519eed6,0997d41c-6d90-4c74-9ca2-a03e0dfe6499,0.0000,10.5854,1.0000,0.0000,0.0000,0.0000,0.0556
e86e18ef-a902-4527-9be4-59d24519eed6,2e68bde0-2ec3-4d13-9c70-4a6edcc253f8,0.0000,11.3196,1.0000,0.0000,0.0000,0.6667,0.0556
e86e18ef-a902-4527-9be4-59d24519eed6,22c05025-cd65-4fd6-b42b-e1e1318adfe3,2.0000,9.6231,0.5000,2.0000,2.0000,0.6667,0.0000
e86e18ef-a902-4527-9be4-59d24519eed6,52690bf0-6649-4e43-81a1-f4d14d84c9bb,2.0000,9.8332,0.5000,2.0000,2.0000,0.6667,0.3462
e86e18ef-a902-4527-9be4-59d24519eed6,aa0e625f-0115-4592-a2d1-f12ab8f8fd07,0.0000,11.5497,1.0000,0.0000,0.0000,0.0000,0.1053
e86e18ef-a902-4527-9be4-59d24519eed6,a34b9a88-6139-4498-8cb4-7dc14826736b,0.0000,13.8928,1.0000,0.0000,0.0000,0.0000,0.1765
e86e18ef-a902-4527-9be4-59d24519eed6,fc38c551-9fce-4cb9-989c-e14a15ec343d,0.0000,13.4680,1.0000,0.0000,0.0000,0.0000,0.1500
e86e18ef-a902-4527-9be4-59d24519eed6,282804f0-eeaf-4337-b99e-edc8c825f36e,0.0000,14.9111,1.0000,0.0000,0.0000,0.6667,0.0588
e86e18ef-a902-4527-9be4-59d24519eed6,adc5de5d-5f7a-4315-ae7c-01194bb38567,0.0000,14.9238,1.0000,0.0000,0.0000,0.6667,0.0588
e86e18ef-a902-4527-9be4-59d24519eed6,1977a7f8-0fe7-41af-a87a-76cfb1713877,2.0000,11.8942,0.5000,2.0000,2.0000,0.6667,0.2917
e86e18ef-a902-4527-9be4-59d24519eed6,8a1e5a0f-87f3-4a3c-8afc-6d403b90401e,0.0000,7.1202,1.0000,0.0000,0.0000,0.6667,0.0588
e86e18ef-a902-4527-9be4-59d24519eed6,059ef947-4a12-4833-add6-17c6f7c41a05,0.0000,14.3395,1.0000,0.0000,0.0000,0.6667,0.0556
e86e18ef-a902-4527-9be4-59d24519eed6,fa8a729c-880c-4ec4-b231-decd82e1496a,2.0000,7.3597,0.5000,2.0000,2.0000,0.6667,0.1500
e86e18ef-a902-4527-9be4-59d24519eed6,1f060904-d763-45c4-adb3-0bcccf916f16,2.0000,6.2522,0.5000,2.0000,2.0000,0.6667,0.1500
e86e18ef-a902-4527-9be4-59d24519eed6,3525aec3-2b10-4958-977b-1d0db69061e1,2.0000,9.4465,0.5000,2.0000,2.0000,0.0000,0.2273
e86e18ef-a902-4527-9be4-59d24519eed6,4dc55917-1ad9-4f41-a4a5-efa709d235d9,2.0000,13.8570,0.5000,2.0000,2.0000,0.6667,0.1500
e86e18ef-a902-4527-9be4-59d24519eed6,b20b4a65-b7c6-4cea-b79f-6a6db36ffdb1,0.0000,12.6598,1.0000,0.0000,0.0000,0.6667,0.0588
e86e18ef-a902-4527-9be4-59d24519eed6,dfc01f3d-0bd7-4b56-aaac-87f7635b8f94,0.0000,18.1866,1.0000,0.0000,0.0000,0.6667,0.1176
e86e18ef-a902-4527-9be4-59d24519eed6,2a693e8a-5f1a-4c10-9dbe-32a95fdb6c21,0.0000,13.8713,1.0000,0.0000,0.0000,0.0000,0.0556
e86e18ef-a902-4527-9be4-59d24519eed6,afa62b93-9459-4a3d-b943-44e88f2ba832,0.0000,0.9287,1.0000,0.0000,0.0000,0.0000,0.0556
e86e18ef-a902-4527-9be4-59d24519eed6,6a574a63-684b-4e8e-86d8-56c4ef182e83,0.0000,8.8341,1.0000,0.0000,0.0000,0.0000,0.0000
e86e18ef-a902-4527-9be4-59d24519eed6,5fc2040b-5445-448e-bdf1-c32854189d53,0.0000,3.2878,1.0000,0.0000,0.0000,0.0000,0.0000
e86e18ef-a902-4527-9be4-59d24519eed6,2d8a413c-9727-4a6a-8fc0-42bb4d8573d2,0.0000,12.3038,1.0000,0.0000,0.0000,0.0000,0.0588
e86e18ef-a902-4527-9be4-59d24519eed6,61f121ba-cb60-465c-a2f5-9f2f14974ee8,2.0000,14.0676,0.5000,2.0000,2.0000,0.6667,0.0556
e86e18ef-a902-4527-9be4-59d24519eed6,905bd711-6c1a-4bb8-9c8d-808f8a4b9705,0.0000,4.8079,1.0000,0.0000,0.0000,0.0000,0.2273
e86e18ef-a902-4527-9be4-59d24519eed6,925fcff5-826c-4439-8315-4d6434f6f7db,0.0000,18.3601,1.0000,0.0000,0.0000,0.6667,0.0556
e86e18ef-a902-4527-9be4-59d24519eed6,fafe7552-d597-4e47-b1bb-0abd8cdcfe25,0.0000,9.3762,1.0000,0.0000,0.0000,0.0000,0.0588
e86e18ef-a902-4527-9be4-59d24519eed6,2be2d465-90ce-4beb-b5dc-6c92bdf23287,0.0000,0.7820,1.0000,0.0000,0.0000,0.0000,0.1500
e86e18ef-a902-4527-9be4-59d24519eed6,62694c2b-296e-4ea6-b29f-d6fce70f4ee0,0.0000,18.9794,1.0000,0.0000,0.0000,0.6667,0.0556
e86e18ef-a902-4527-9be4-59d24519eed6,4a9b7b3e-39f8-4542-b6a3-2cdddbc64b84,0.0000,18.4032,1.0000,0.0000,0.0000,0.6667,0.1765
e86e18ef-a902-4527-9be4-59d24519eed6,f2f08e2f-79b8-4a56-92e9-cfc0e2b94f70,2.0000,8.4766,0.5000,2.0000,2.0000,0.6667,0.2917
e86e18ef-a902-4527-9be4-59d24519eed6,5a3d63bf-344c-4e6e-bc93-50b3b9150d26,0.0000,3.1468,1.0000,0.0000,0.0000,0.0000,0.0000
e86e18ef-a902-4527-9be4-59d24519eed6,5c6cea65-33e0-4403-ac24-1f3e986820f5,2.0000,8.5804,0.5000,2.0000,2.0000,0.6667,0.1500
e86e18ef-a902-4527-9be4-59d24519eed6,ce289378-48db-4c5b-817b-85a3f7170b6d,2.0000,8.3991,0.5000,2.0000,2.0000,0.0000,0.3462
e86e18ef-a902-4527-9be4-59d24519eed6,8e122a6e-999f-4977-b4e1-21eb03cae87d,2.0000,12.8479,0.5000,2.0000,2.0000,0.6667,0.2609
e86e18ef-a902-4527-9be4-59d24519eed6,6a94bf0c-f443-448e-ba57-f3aa2805cb05,0.0000,9.4179,1.0000,0.0000,0.0000,0.0000,0.1053
e86e18ef-a902-4527-9be4-59d24519eed6,cfb5d567-1d11-4a1e-9030-f9ea119d29ab,0.0000,4.9256,1.0000,0.0000,0.0000,0.0000,0.1176
e86e18ef-a902-4527-9be4-59d24519eed6,bd111f97-40ec-48c2-9537-3f4585fd3c61,0.0000,13.3902,1.0000,0.0000,0.0000,0.0000,0.1176
e86e18ef-a902-4527-9be4-59d24519eed6,56043fae-9517-4a04-b8ca-05c203f26132,0.0000,8.3557,1.0000,0.0000,0.0000,0.0000,0.2353
e86e18ef-a902-4527-9be4-59d24519eed6,cf50eb11-df20-4705-8b1b-2d77ce2403ef,0.0000,10.4598,1.0000,0.0000,0.0000,0.6667,0.0000
e86e18ef-a902-4527-9be4-59d24519eed6,5de87467-8cbd-4a2d-90a3-7e283de285fa,0.0000,5.6229,1.0000,0.0000,0.0000,0.0000,0.0556
e86e18ef-a902-4527-9be4-59d24519eed6,dcf216e8-416d-44ea-80bf-2587651dfd37,0.0000,5.6061,1.0000,0.0000,0.0000,0.0000,0.0556
e86e18ef-a902-4527-9be4-59d24519eed6,e163b85d-9f81-4c13-8c8c-521c33484e74,2.0000,12.7755,0.5000,2.0000,2.0000,0.6667,0.3200
e86e18ef-a902-4527-9be4-59d24519eed6,0f5bc599-7a61-4792-8bf7-b9f78eec50fc,2.0000,14.0209,0.5000,2.0000,2.0000,0.0000,0.2609
e86e18ef-a902-4527-9be4-59d24519eed6,e5a14bb0-fea4-41eb-9bdd-aed3acec68b7,0.0000,14.5842,1.0000,0.0000,0.0000,0.6667,0.0588
e86e18ef-a902-4527-9be4-59d24519eed6,d5cb26d7-030e-4b27-a7fc-8913c4a80794,2.0000,10.6897,0.5000,2.0000,2.0000,0.6667,0.2609
e86e18ef-a902-4527-9be4-59d24519eed6,0f63c729-6dbc-48c2-9f43-89c37de9818f,0.0000,8.7449,1.0000,0.0000,0.0000,0.0000,0.0000
e86e18ef-a902-4527-9be4-59d24519eed6,d73b320a-790d-4a0e-b13f-02a09cbaf3bf,0.0000,8.7581,1.0000,0.0000,0.0000,0.0000,0.1053
e86e18ef-a902-4527-9be4-59d24519eed6,6f8acc59-cbf2-4b96-be3f-d5173828b422,0.0000,14.5391,1.0000,0.0000,0.0000,0.6667,0.1500
e86e18ef-a902-4527-9be4-59d24519eed6,a9bef44c-9e90-409b-9b07-93db1d3be774,2.0000,9.5059,0.5000,2.0000,2.0000,0.6667,0.3200
e86e18ef-a902-4527-9be4-59d24519eed6,62d0e0ab-0ed6-401f-b329-a12d20a79fb8,0.0000,13.9851,1.0000,0.0000,0.0000,0.0000,0.1053
e86e18ef-a902-4527-9be4-59d24519eed6,c8403da2-d968-494c-bbbe-bc7855b370ab,0.0000,14.4493,1.0000,0.0000,0.0000,0.6667,0.1176
e86e18ef-a902-4527-9be4-59d24519eed6,49e59cdd-4809-43f6-b618-1d0396a89857,2.0000,6.3625,0.5000,2.0000,2.0000,0.6667,0.3462
e86e18ef-a902-4527-9be4-59d24519eed6,ccfc5874-fe2c-4d37-ab22-2f8deae33eae,2.0000,7.4609,0.5000,2.0000,2.0000,0.0000,0.2609
e86e18ef-a902-4527-9be4-59d24519eed6,2b35aae8-7d5a-4e25-bd0b-8ae554405fa5,0.0000,15.3118,1.0000,0.0000,0.0000,0.6667,0.1176
e86e18ef-a902-4527-9be4-59d24519eed6,642ee07e-29b6-45a7-9826-aa2f8e6f6fda,2.0000,13.4790,0.5000,2.0000,2.0000,0.6667,0.3200
e86e18ef-a902-4527-9be4-59d24519eed6,18f05cad-c4a5-45a2-afda-2c6693684b81,0.0000,13.8564,1.0000,0.0000,0.0000,0.6667,0.0588
e86e18ef-a902-4527-9be4-59d24519eed6,6db16bc6-1a3a-47dc-9b2e-e489ff3a30d3,2.0000,8.4156,0.5000,2.0000,2.0000,0.6667,0.2609
e86e18ef-a902-4527-9be4-59d24519eed6,cf2e50ca-eb53-4a77-97c9-065f239b9c28,0.0000,12.1030,1.0000,0.0000,0.0000,0.6667,0.1176
e86e18ef-a902-4527-9be4-59d24519eed6,2003d6e5-1b34-47a0-80b4-f960cc4d1c06,0.0000,17.5326,1.0000,0.0000,0.0000,0.6667,0.1053
e86e18ef-a902-4527-9be4-59d24519eed6,692df9b4-47d2-48c1-8732-aa2dbd856038,0.0000,12.2582,1.0000,0.0000,0.0000,0.0000,0.1500
e86e18ef-a902-4527-9be4-59d24519eed6,853d8cdf-bbba-40fe-bc3c-9dbf4a72e3ba,0.0000,14.7448,1.0000,0.0000,0.0000,0.6667,0.1053
e86e18ef-a902-4527-9be4-59d24519eed6,2517b72c-41df-4f4a-a74f-4e6a4d8fb9a6,0.0000,13.8413,1.0000,0.0000,0.0000,0.6667,0.2609
e86e18ef-a902-4527-9be4-59d24519eed6,f761d41a-5220-42bf-872b-6a75cea6e24b,0.0000,8.7853,1.0000,0.0000,0.0000,0.0000,0.0588
e86e18ef-a902-4527-9be4-59d24519eed6,e8b9141c-9944-4c1d-beb1-2a3921ab8e1a,2.0000,12.1285,0.5000,2.0000,2.0000,0.6667,0.3704
e86e18ef-a902-4527-9be4-59d24519eed6,ff4975cc-52b8-41ed-8a6f-c69487eab5e8,0.0000,18.6886,1.0000,0.0000,0.0000,0.6667,0.0000
e86e18ef-a902-4527-9be4-59d24519eed6,22594200-2b3a-466f-9a4c-fc62849a043c,0.0000,15.4986,1.0000,0.0000,0.0000,0.6667,0.1500
e86e18ef-a902-4527-9be4-59d24519eed6,76a03818-1adc-4462-a8d3-fd5cc8cde7c3,2.0000,14.1267,0.5000,2.0000,2.0000,0.6667,0.1053
e86e18ef-a902-4527-9be4-59d24519eed6,14cbf3ff-91dd-4d34-92fe-f218d90b36a1,0.0000,7.4575,1.0000,0.0000,0.0000,0.0000,0.0000
0c0f2152-377c-422f-8052-b0dc0153ae0a,f0fe03d1-14fe-4cd5-9497-d0c224b284cd,0.0000,9.2083,1.0000,0.0000,0.0000,0.6667,0.1176
0c0f2152-377c-422f-8052-b0dc0153ae0a,46b81f92-9499-424e-aa38-0af32369c9ab,2.0000,7.9077,0.5000,2.0000,2.0000,0.6667,0.2609
0c0f2152-377c-422f-8052-b0dc0153ae0a,74e1172e-bf77-4868-a39e-fd314e3df33b,0.0000,13.4292,1.0000,0.0000,0.0000,0.6667,0.0000
0c0f2152-377c-422f-8052-b0dc0153ae0a,b07b7f86-1bbf-4c6a-b8f2-d3a602704355,0.0000,12.9564,1.0000,0.0000,0.0000,0.6667,0.1500
0c0f2152-377c-422f-8052-b0dc0153ae0a,4da9a570-5edf-44bd-b262-3de1664706ea,0.0000,13.9510,1.0000,0.0000,0.0000,0.6667,0.1905
0c0f2152-377c-422f-8052-b0dc0153ae0a,7105fb47-b5e3-46e7-9197-d83c0f4526aa,0.0000,6.4059,1.0000,0.0000,0.0000,0.6667,0.0556
0c0f2152-377c-422f-8052-b0dc0153ae0a,cc43ad38-fb37-4584-b672-7e13df12000d,0.0000,3.7038,1.0000,0.0000,0.0000,0.0000,0.0588
0c0f2152-377c-422f-8052-b0dc0153ae0a,6f14499e-d0d7-4bef-a1f0-86d3cc46e4dc,0.0000,7.3603,1.0000,0.0000,0.0000,0.0000,0.1500
0c0f2152-377c-422f-8052-b0dc0153ae0a,0997d41c-6d90-4c74-9ca2-a03e0dfe6499,0.0000,6.8348,1.0000,0.0000,0.0000,0.6667,0.0556
0c0f2152-377c-422f-8052-b0dc0153ae0a,2e68bde0-2ec3-4d13-9c70-4a6edcc253f8,0.0000,12.9489,1.0000,0.0000,0.0000,0.0000,0.0556
0c0f2152-377c-422f-8052-b0dc0153ae0a,22c05025-cd65-4fd6-b42b-e1e1318adfe3,2.0000,8.3122,0.5000,2.0000,2.0000,0.0000,0.0000
0c0f2152-377c-422f-8052-b0dc0153ae0a,52690bf0-6649-4e43-81a1-f4d14d84c9bb,2.0000,13.4499,0.5000,2.0000,2.0000,0.0000,0.3462
0c0f2152-377c-422f-8052-b0dc0153ae0a,aa0e625f-0115-4592-a2d1-f12ab8f8fd07,0.0000,10.1502,1.0000,0.0000,0.0000,0.6667,0.1053
0c0f2152-377c-422f-8052-b0dc0153ae0a,a34b9a88-6139-4498-8cb4-7dc14826736b,0.0000,8.2558,1.0000,0.0000,0.0000,0.6667,0.1765
0c0f2152-377c-422f-8052-b0dc0153ae0a,fc38c551-9fce-4cb9-989c-e14a15ec343d,0.0000,15.1825,1.0000,0.0000,0.0000,0.6667,0.1500
0c0f2152-377c-422f-8052-b0dc0153ae0a,282804f0-eeaf-4337-b99e-edc8c825f36e,0.0000,11.6473,1.0000,0.0000,0.0000,0.0000,0.0588
0c0f2152-377c-422f-8052-b0dc0153ae0a,adc5de5d-5f7a-4315-ae7c-01194bb38567,0.0000,10.9392,1.0000,0.0000,0.0000,0.0000,0.0588
0c0f2152-377c-422f-8052-b0dc0153ae0a,1977a7f8-0fe7-41af-a87a-76cfb1713877,2.0000,12.2209,0.5000,2.0000,2.0000,0.6667,0.2917
0c0f2152-377c-422f-8052-b0dc0153ae0a,8a1e5a0f-87f3-4a3c-8afc-6d403b90401e,0.0000,11.7870,1.0000,0.0000,0.0000,0.6667,0.0588
0c0f2152-377c-422f-8052-b0dc0153ae0a,059ef947-4a12-4833-add6-17c6f7c41a05,0.0000,11.0056,1.0000,0.0000,0.0000,0.0000,0.0556
0c0f2152-377c-422f-8052-b0dc0153ae0a,fa8a729c-880c-4ec4-b231-decd82e1496a,2.0000,11.9985,0.5000,2.0000,2.0000,0.0000,0.1500
0c0f2152-377c-422f-8052-b0dc0153ae0a,1f060904-d763-45c4-adb3-0bcccf916f16,2.0000,13.5577,0.5000,2.0000,2.0000,0.0000,0.1500
0c0f2152-377c-422f-8052-b0dc0153ae0a,3525aec3-2b10-4958-977b-1d0db69061e1,2.0000,11.2517,0.5000,2.0000,2.0000,0.6667,0.2273
0c0f2152-377c-422f-8052-b0dc0153ae0a,4dc55917-1ad9-4f41-a4a5-efa709d235d9,2.0000,5.3192,0.5000,2.0000,2.0000,0.6667,0.1500
0c0f2152-377c-422f-8052-b0dc0153ae0a,b20b4a65-b7c6-4cea-b79f-6a6db36ffdb1,0.0000,12.4799,1.0000,0.0000,0.0000,0.0000,0.0588
0c0f2152-377c-422f-8052-b0dc0153ae0a,dfc01f3d-0bd7-4b56-aaac-87f7635b8f94,0.0000,7.7451,1.0000,0.0000,0.0000,0.0000,0.1176
0c0f2152-377c-422f-8052-b0dc0153ae0a,2a693e8a-5f1a-4c10-9dbe-32a95fdb6c21,0.0000,14.9551,1.0000,0.0000,0.0000,0.6667,0.0556
0c0f2152-377c-422f-8052-b0dc0153ae0a,afa62b93-9459-4a3d-b943-44e88f2ba832,0.0000,16.9202,1.0000,0.0000,0.0000,0.6667,0.0556
0c0f2152-377c-422f-8052-b0dc0153ae0a,6a574a63-684b-4e8e-86d8-56c4ef182e83,0.0000,11.4230,1.0000,0.0000,0.0000,0.6667,0.0000
0c0f2152-377c-422f-8052-b0dc0153ae0a,5fc2040b-5445-448e-bdf1-c32854189d53,0.0000,15.9009,1.0000,0.0000,0.0000,0.6667,0.0000
0c0f2152-377c-422f-8052-b0dc0153ae0a,2d8a413c-9727-4a6a-8fc0-42bb4d8573d2,0.0000,10.1076,1.0000,0.0000,0.0000,0.6667,0.0588
0c0f2152-377c-422f-8052-b0dc0153ae0a,61f121ba-cb60-465c-a2f5-9f2f14974ee8,2.0000,4.9519,0.5000,2.0000,2.0000,0.6667,0.0556
0c0f2152-377c-422f-8052-b0dc0153ae0a,905bd711-6c1a-4bb8-9c8d-808f8a4b9705,0.0000,12.4260,1.0000,0.0000,0.0000,0.6667,0.2273
0c0f2152-377c-422f-8052-b0dc0153ae0a,925fcff5-826c-4439-8315-4d6434f6f7db,0.0000,8.0252,1.0000,0.0000,0.0000,0.0000,0.0556
0c0f2152-377c-422f-8052-b0dc0153ae0a,fafe7552-d597-4e47-b1bb-0abd8cdcfe25,0.0000,13.4664,1.0000,0.0000,0.0000,0.6667,0.0588
0c0f2152-377c-422f-8052-b0dc0153ae0a,2be2d465-90ce-4beb-b5dc-6c92bdf23287,0.0000,16.9970,1.0000,0.0000,0.0000,0.6667,0.1500
0c0f2152-377c-422f-8052-b0dc0153ae0a,62694c2b-296e-4ea6-b29f-d6fce70f4ee0,0.0000,4.5754,1.0000,0.0000,0.0000,0.0000,0.0556
0c0f2152-377c-422f-8052-b0dc0153ae0a,4a9b7b3e-39f8-4542-b6a3-2cdddbc64b84,0.0000,7.2792,1.0000,0.0000,0.0000,0.0000,0.1765
0c0f2152-377c-422f-8052-b0dc0153ae0a,f2f08e2f-79b8-4a56-92e9-cfc0e2b94f70,2.0000,12.7114,0.5000,2.0000,2.0000,0.0000,0.2917
0c0f2152-377c-422f-8052-b0dc0153ae0a,5a3d63bf-344c-4e6e-bc93-50b3b9150d26,0.0000,15.5643,1.0000,0.0000,0.0000,0.6667,0.0000
0c0f2152-377c-422f-8052-b0dc0153ae0a,5c6cea65-33e0-4403-ac24-1f3e986820f5,2.0000,10.4834,0.5000,2.0000,2.0000,0.0000,0.1500
0c0f2152-377c-422f-8052-b0dc0153ae0a,ce289378-48db-4c5b-817b-85a3f7170b6d,2.0000,11.3222,0.5000,2.0000,2.0000,0.6667,0.3462
0c0f2152-377c-422f-8052-b0dc0153ae0a,8e122a6e-999f-4977-b4e1-21eb03cae87d,2.0000,8.6205,0.5000,2.0000,2.0000,0.0000,0.2609
0c0f2152-377c-422f-8052-b0dc0153ae0a,6a94bf0c-f443-448e-ba57-f3aa2805cb05,0.0000,10.6777,1.0000,0.0000,0.0000,0.6667,0.1053
0c0f2152-377c-422f-8052-b0dc0153ae0a,cfb5d567-1d11-4a1e-9030-f9ea119d29ab,0.0000,15.6745,1.0000,0.0000,0.0000,0.6667,0.1176
0c0f2152-377c-422f-8052-b0dc0153ae0a,bd111f97-40ec-48c2-9537-3f4585fd3c61,0.0000,14.2412,1.0000,0.0000,0.0000,0.6667,0.1176
0c0f2152-377c-422f-8052-b0dc0153ae0a,56043fae-9517-4a04-b8ca-05c203f26132,0.0000,13.4713,1.0000,0.0000,0.0000,0.6667,0.2353
0c0f2152-377c-422f-8052-b0dc0153ae0a,cf50eb11-df20-4705-8b1b-2d77ce2403ef,0.0000,14.0571,1.0000,0.0000,0.0000,0.0000,0.0000
0c0f2152-377c-422f-8052-b0dc0153ae0a,5de87467-8cbd-4a2d-90a3-7e283de285fa,0.0000,15.7048,1.0000,0.0000,0.0000,0.6667,0.0556
0c0f2152-377c-422f-8052-b0dc0153ae0a,dcf216e8-416d-44ea-80bf-2587651dfd37,0.0000,16.0484,1.0000,0.0000,0.0000,0.6667,0.0556
0c0f2152-377c-422f-8052-b0dc0153ae0a,e163b85d-9f81-4c13-8c8c-521c33484e74,2.0000,10.0212,0.5000,2.0000,2.0000,0.0000,0.3200
0c0f2152-377c-422f-8052-b0dc0153ae0a,0f5bc599-7a61-4792-8bf7-b9f78eec50fc,2.0000,6.4093,0.5000,2.0000,2.0000,0.6667,0.2609
0c0f2152-377c-422f-8052-b0dc0153ae0a,e5a14bb0-fea4-41eb-9bdd-aed3acec68b7,0.0000,11.8277,1.0000,0.0000,0.0000,0.0000,0.0588
0c0f2152-377c-422f-8052-b0dc0153ae0a,d5cb26d7-030e-4b27-a7fc-8913c4a80794,2.0000,10.6397,0.5000,2.0000,2.0000,0.0000,0.2609
0c0f2152-377c-422f-8052-b0dc0153ae0a,0f63c729-6dbc-48c2-9f43-89c37de9818f,0.0000,12.3167,1.0000,0.0000,0.0000,0.6667,0.0000
0c0f2152-377c-422f-8052-b0dc0153ae0a,d73b320a-790d-4a0e-b13f-02a09cbaf3bf,0.0000,10.3626,1.0000,0.0000,0.0000,0.6667,0.1053
0c0f2152-377c-422f-8052-b0dc0153ae0a,6f8acc59-cbf2-4b96-be3f-d5173828b422,0.0000,3.8258,1.0000,0.0000,0.0000,0.0000,0.1500
0c0f2152-377c-422f-8052-b0dc0153ae0a,a9bef44c-9e90-409b-9b07-93db1d3be774,2.0000,10.2425,0.5000,2.0000,2.0000,0.0000,0.3200
0c0f2152-377c-422f-8052-b0dc0153ae0a,62d0e0ab-0ed6-401f-b329-a12d20a79fb8,0.0000,8.7374,1.0000,0.0000,0.0000,0.6667,0.1053
0c0f2152-377c-422f-8052-b0dc0153ae0a,c8403da2-d968-494c-bbbe-bc7855b370ab,0.0000,5.7852,1.0000,0.0000,0.0000,0.0000,0.1176
0c0f2152-377c-422f-8052-b0dc0153ae0a,49e59cdd-4809-43f6-b618-1d0396a89857,2.0000,11.4573,0.5000,2.0000,2.0000,0.0000,0.3462
0c0f2152-377c-422f-8052-b0dc0153ae0a,ccfc5874-fe2c-4d37-ab22-2f8deae33eae,2.0000,10.0315,0.5000,2.0000,2.0000,0.6667,0.2609
0c0f2152-377c-422f-8052-b0dc0153ae0a,2b35aae8-7d5a-4e25-bd0b-8ae554405fa5,0.0000,5.5171,1.0000,0.0000,0.0000,0.0000,0.1176
0c0f2152-377c-422f-8052-b0dc0153ae0a,642ee07e-29b6-45a7-9826-aa2f8e6f6fda,2.0000,7.3981,0.5000,2.0000,2.0000,0.0000,0.3200
0c0f2152-377c-422f-8052-b0dc0153ae0a,18f05cad-c4a5-45a2-afda-2c6693684b81,0.0000,14.9352,1.0000,0.0000,0.0000,0.6667,0.0588
0c0f2152-377c-422f-8052-b0dc0153ae0a,6db16bc6-1a3a-47dc-9b2e-e489ff3a30d3,2.0000,10.2357,0.5000,2.0000,2.0000,0.6667,0.2609
0c0f2152-377c-422f-8052-b0dc0153ae0a,cf2e50ca-eb53-4a77-97c9-065f239b9c28,0.0000,16.0810,1.0000,0.0000,0.0000,0.6667,0.1176
0c0f2152-377c-422f-8052-b0dc0153ae0a,2003d6e5-1b34-47a0-80b4-f960cc4d1c06,0.0000,8.0920,1.0000,0.0000,0.0000,0.0000,0.1053
0c0f2152-377c-422f-8052-b0dc0153ae0a,692df9b4-47d2-48c1-8732-aa2dbd856038,0.0000,10.5716,1.0000,0.0000,0.0000,0.6667,0.1500
0c0f2152-377c-422f-8052-b0dc0153ae0a,853d8cdf-bbba-40fe-bc3c-9dbf4a72e3ba,0.0000,10.3341,1.0000,0.0000,0.0000,0.0000,0.1053
0c0f2152-377c-422f-8052-b0dc0153ae0a,2517b72c-41df-4f4a-a74f-4e6a4d8fb9a6,0.0000,10.2664,1.0000,0.0000,0.0000,0.0000,0.2609
0c0f2152-377c-422f-8052-b0dc0153ae0a,f761d41a-5220-42bf-872b-6a75cea6e24b,0.0000,12.9009,1.0000,0.0000,0.0000,0.6667,0.0588
0c0f2152-377c-422f-8052-b0dc0153ae0a,e8b9141c-9944-4c1d-beb1-2a3921ab8e1a,2.0000,8.5403,0.5000,2.0000,2.0000,0.0000,0.3704
0c0f2152-377c-422f-8052-b0dc0153ae0a,ff4975cc-52b8-41ed-8a6f-c69487eab5e8,0.0000,5.5970,1.0000,0.0000,0.0000,0.0000,0.0000
0c0f2152-377c-422f-8052-b0dc0153ae0a,22594200-2b3a-466f-9a4c-fc62849a043c,0.0000,9.7859,1.0000,0.0000,0.0000,0.0000,0.1500
0c0f2152-377c-422f-8052-b0dc0153ae0a,76a03818-1adc-4462-a8d3-fd5cc8cde7c3,2.0000,8.5427,0.5000,2.0000,2.0000,0.6667,0.1053
0c0f2152-377c-422f-8052-b0dc0153ae0a,14cbf3ff-91dd-4d34-92fe-f218d90b36a1,0.0000,9.7382,1.0000,0.0000,0.0000,0.6667,0.0000
f0fe03d1-14fe-4cd5-9497-d0c224b284cd,46b81f92-9499-424e-aa38-0af32369c9ab,2.0000,8.0246,0.5000,2.0000,2.0000,0.6667,0.3478
f0fe03d1-14fe-4cd5-9497-d0c224b284cd,74e1172e-bf77-4868-a39e-fd314e3df33b,0.0000,19.1045,1.0000,0.0000,0.0000,0.6667,0.1176
f0fe03d1-14fe-4cd5-9497-d0c224b284cd,b07b7f86-1bbf-4c6a-b8f2-d3a602704355,0.0000,15.2366,1.0000,0.0000,0.0000,0.6667,0.2500
f0fe03d1-14fe-4cd5-9497-d0c224b284cd,4da9a570-5edf-44bd-b262-3de1664706ea,0.0000,14.4366,1.0000,0.0000,0.0000,0.6667,0.2857
f0fe03d1-14fe-4cd5-9497-d0c224b284cd,7105fb47-b5e3-46e7-9197-d83c0f4526aa,0.0000,10.3773,1.0000,0.0000,0.0000,0.6667,0.1667
f0fe03d1-14fe-4cd5-9497-d0c224b284cd,cc43ad38-fb37-4584-b672-7e13df12000d,0.0000,8.1795,1.0000,0.0000,0.0000,0.6667,0.0625
f0fe03d1-14fe-4cd5-9497-d0c224b284cd,6f14499e-d0d7-4bef-a1f0-86d3cc46e4dc,0.0000,15.7534,1.0000,0.0000,0.0000,0.6667,0.2500
f0fe03d1-14fe-4cd5-9497-d0c224b284cd,0997d41c-6d90-4c74-9ca2-a03e0dfe6499,0.0000,10.8181,1.0000,0.0000,0.0000,0.6667,0.1667
f0fe03d1-14fe-4cd5-9497-d0c224b284cd,2e68bde0-2ec3-4d13-9c70-4a6edcc253f8,0.0000,12.2493,1.0000,0.0000,0.0000,0.6667,0.1667
f0fe03d1-14fe-4cd5-9497-d0c224b284cd,22c05025-cd65-4fd6-b42b-e1e1318adfe3,2.0000,6.4225,0.5000,2.0000,2.0000,0.6667,0.1176
f0fe03d1-14fe-4cd5-9497-d0c224b284cd,52690bf0-6649-4e43-81a1-f4d14d84c9bb,2.0000,10.4655,0.5000,2.0000,2.0000,0.6667,0.4231
f0fe03d1-14fe-4cd5-9497-d0c224b284cd,aa0e625f-0115-4592-a2d1-f12ab8f8fd07,0.0000,15.6639,1.0000,0.0000,0.0000,0.6667,0.2105
f0fe03d1-14fe-4cd5-9497-d0c224b284cd,a34b9a88-6139-4498-8cb4-7dc14826736b,0.0000,2.8844,1.0000,0.0000,0.0000,0.6667,0.0667
f0fe03d1-14fe-4cd5-9497-d0c224b284cd,fc38c551-9fce-4cb9-989c-e14a15ec343d,0.0000,18.1519,1.0000,0.0000,0.0000,0.6667,0.2500
f0fe03d1-14fe-4cd5-9497-d0c224b284cd,282804f0-eeaf-4337-b99e-edc8c825f36e,0.0000,12.8265,1.0000,0.0000,0.0000,0.6667,0.0625
f0fe03d1-14fe-4cd5-9497-d0c224b284cd,adc5de5d-5f7a-4315-ae7c-01194bb38567,0.0000,15.3432,1.0000,0.0000,0.0000,0.6667,0.0625
f0fe03d1-14fe-4cd5-9497-d0c224b284cd,1977a7f8-0fe7-41af-a87a-76cfb1713877,2.0000,15.1145,0.5000,2.0000,2.0000,0.0000,0.3750
f0fe03d1-14fe-4cd5-9497-d0c224b284cd,8a1e5a0f-87f3-4a3c-8afc-6d403b90401e,0.0000,8.9584,1.0000,0.0000,0.0000,0.0000,0.0625
f0fe03d1-14fe-4cd5-9497-d0c224b284cd,059ef947-4a12-4833-add6-17c6f7c41a05,0.0000,12.4788,1.0000,0.0000,0.0000,0.6667,0.1667
f0fe03d1-14fe-4cd5-9497-d0c224b284cd,fa8a729c-880c-4ec4-b231-decd82e1496a,2.0000,12.6611,0.5000,2.0000,2.0000,0.6667,0.2500
f0fe03d1-14fe-4cd5-9497-d0c224b284cd,1f060904-d763-45c4-adb3-0bcccf916f16,2.0000,11.7325,0.5000,2.0000,2.0000,0.6667,0.2500
f0fe03d1-14fe-4cd5-9497-d0c224b284cd,3525aec3-2b10-4958-977b-1d0db69061e1,2.0000,10.6562,0.5000,2.0000,2.0000,0.6667,0.3182
f0fe03d1-14fe-4cd5-9497-d0c224b284cd,4dc55917-1ad9-4f41-a4a5-efa709d235d9,2.0000,8.7207,0.5000,2.0000,2.0000,0.0000,0.2500
f0fe03d1-14fe-4cd5-9497-d0c224b284cd,b20b4a65-b7c6-4cea-b79f-6a6db36ffdb1,0.0000,15.0978,1.0000,0.0000,0.0000,0.6667,0.0625
f0fe03d1-14fe-4cd5-9497-d0c224b284cd,dfc01f3d-0bd7-4b56-aaac-87f7635b8f94,0.0000,12.2906,1.0000,0.0000,0.0000,0.6667,0.0000
f0fe03d1-14fe-4cd5-9497-d0c224b284cd,2a693e8a-5f1a-4c10-9dbe-32a95fdb6c21,0.0000,17.8227,1.0000,0.0000,0.0000,0.6667,0.1667
f0fe03d1-14fe-4cd5-9497-d0c224b284cd,afa62b93-9459-4a3d-b943-44e88f2ba832,0.0000,11.8952,1.0000,0.0000,0.0000,0.6667,0.1667
f0fe03d1-14fe-4cd5-9497-d0c224b284cd,6a574a63-684b-4e8e-86d8-56c4ef182e83,0.0000,8.2521,1.0000,0.0000,0.0000,0.6667,0.1176
f0fe03d1-14fe-4cd5-9497-d0c224b284cd,5fc2040b-5445-448e-bdf1-c32854189d53,0.0000,10.0861,1.0000,0.0000,0.0000,0.6667,0.1176
f0fe03d1-14fe-4cd5-9497-d0c224b284cd,2d8a413c-9727-4a6a-8fc0-42bb4d8573d2,0.0000,16.1840,1.0000,0.0000,0.0000,0.6667,0.0625
f0fe03d1-14fe-4cd5-9497-d0c224b284cd,61f121ba-cb60-465c-a2f5-9f2f14974ee8,2.0000,10.5876,0.5000,2.0000,2.0000,0.0000,0.1667
f0fe03d1-14fe-4cd5-9497-d0c224b284cd,905bd711-6c1a-4bb8-9c8d-808f8a4b9705,0.0000,7.9270,1.0000,0.0000,0.0000,0.6667,0.3182
f0fe03d1-14fe-4cd5-9497-d0c224b284cd,925fcff5-826c-4439-8315-4d6434f6f7db,0.0000,13.5887,1.0000,0.0000,0.0000,0.6667,0.1667
f0fe03d1-14fe-4cd5-9497-d0c224b284cd,fafe7552-d597-4e47-b1bb-0abd8cdcfe25,0.0000,12.0182,1.0000,0.0000,0.0000,0.6667,0.0625
f0fe03d1-14fe-4cd5-9497-d0c224b284cd,2be2d465-90ce-4beb-b5dc-6c92bdf23287,0.0000,11.9785,1.0000,0.0000,0.0000,0.6667,0.2500
f0fe03d1-14fe-4cd5-9497-d0c224b284cd,62694c2b-296e-4ea6-b29f-d6fce70f4ee0,0.0000,13.6838,1.0000,0.0000,0.0000,0.6667,0.1667
f0fe03d1-14fe-4cd5-9497-d0c224b284cd,4a9b7b3e-39f8-4542-b6a3-2cdddbc64b84,0.0000,12.2318,1.0000,0.0000,0.0000,0.6667,0.0667
f0fe03d1-14fe-4cd5-9497-d0c224b284cd,f2f08e2f-79b8-4a56-92e9-cfc0e2b94f70,2.0000,11.8865,0.5000,2.0000,2.0000,0.6667,0.3750
f0fe03d1-14fe-4cd5-9497-d0c224b284cd,5a3d63bf-344c-4e6e-bc93-50b3b9150d26,0.0000,13.5581,1.0000,0.0000,0.0000,0.6667,0.1176
f0fe03d1-14fe-4cd5-9497-d0c224b284cd,5c6cea65-33e0-4403-ac24-1f3e986820f5,2.0000,6.6745,0.5000,2.0000,2.0000,0.6667,0.2500
f0fe03d1-14fe-4cd5-9497-d0c224b284cd,ce289378-48db-4c5b-817b-85a3f7170b6d,2.0000,10.8890,0.5000,2.0000,2.0000,0.6667,0.4231
f0fe03d1-14fe-4cd5-9497-d0c224b284cd,8e122a6e-999f-4977-b4e1-21eb03cae87d,2.0000,13.0707,0.5000,2.0000,2.0000,0.6667,0.3478
f0fe03d1-14fe-4cd5-9497-d0c224b284cd,6a94bf0c-f443-448e-ba57-f3aa2805cb05,0.0000,7.4823,1.0000,0.0000,0.0000,0.6667,0.2105
f0fe03d1-14fe-4cd5-9497-d0c224b284cd,cfb5d567-1d11-4a1e-9030-f9ea119d29ab,0.0000,12.5689,1.0000,0.0000,0.0000,0.6667,0.0000
f0fe03d1-14fe-4cd5-9497-d0c224b284cd,bd111f97-40ec-48c2-9537-3f4585fd3c61,0.0000,15.5199,1.0000,0.0000,0.0000,0.6667,0.0000
f0fe03d1-14fe-4cd5-9497-d0c224b284cd,56043fae-9517-4a04-b8ca-05c203f26132,0.0000,16.1273,1.0000,0.0000,0.0000,0.6667,0.1333
f0fe03d1-14fe-4cd5-9497-d0c224b284cd,cf50eb11-df20-4705-8b1b-2d77ce2403ef,0.0000,13.2857,1.0000,0.0000,0.0000,0.6667,0.1176
f0fe03d1-14fe-4cd5-9497-d0c224b284cd,5de87467-8cbd-4a2d-90a3-7e283de285fa,0.0000,13.4053,1.0000,0.0000,0.0000,0.6667,0.1667
f0fe03d1-14fe-4cd5-9497-d0c224b284cd,dcf216e8-416d-44ea-80bf-2587651dfd37,0.0000,13.4128,1.0000,0.0000,0.0000,0.6667,0.1667
f0fe03d1-14fe-4cd5-9497-d0c224b284cd,e163b85d-9f81-4c13-8c8c-521c33484e74,2.0000,12.2423,0.5000,2.0000,2.0000,0.6667,0.4000
f0fe03d1-14fe-4cd5-9497-d0c224b284cd,0f5bc599-7a61-4792-8bf7-b9f78eec50fc,2.0000,10.8639,0.5000,2.0000,2.0000,0.6667,0.3478
f0fe03d1-14fe-4cd5-9497-d0c224b284cd,e5a14bb0-fea4-41eb-9bdd-aed3acec68b7,0.0000,15.6700,1.0000,0.0000,0.0000,0.6667,0.0625
f0fe03d1-14fe-4cd5-9497-d0c224b284cd,d5cb26d7-030e-4b27-a7fc-8913c4a80794,2.0000,15.0292,0.5000,2.0000,2.0000,0.6667,0.3478
f0fe03d1-14fe-4cd5-9497-d0c224b284cd,0f63c729-6dbc-48c2-9f43-89c37de9818f,0.0000,12.5658,1.0000,0.0000,0.0000,0.6667,0.1176
f0fe03d1-14fe-4cd5-9497-d0c224b284cd,d73b320a-790d-4a0e-b13f-02a09cbaf3bf,0.0000,6.8654,1.0000,0.0000,0.0000,0.6667,0.2105
f0fe03d1-14fe-4cd5-9497-d0c224b284cd,6f8acc59-cbf2-4b96-be3f-d5173828b422,0.0000,9.0846,1.0000,0.0000,0.0000,0.6667,0.2500
f0fe03d1-14fe-4cd5-9497-d0c224b284cd,a9bef44c-9e90-409b-9b07-93db1d3be774,2.0000,10.3916,0.5000,2.0000,2.0000,0.6667,0.4000
f0fe03d1-14fe-4cd5-9497-d0c224b284cd,62d0e0ab-0ed6-401f-b329-a12d20a79fb8,0.0000,3.0627,1.0000,0.0000,0.0000,0.6667,0.2105
f0fe03d1-14fe-4cd5-9497-d0c224b284cd,c8403da2-d968-494c-bbbe-bc7855b370ab,0.0000,10.0207,1.0000,0.0000,0.0000,0.6667,0.0000
f0fe03d1-14fe-4cd5-9497-d0c224b284cd,49e59cdd-4809-43f6-b618-1d0396a89857,2.0000,10.4562,0.5000,2.0000,2.0000,0.6667,0.4231
f0fe03d1-14fe-4cd5-9497-d0c224b284cd,ccfc5874-fe2c-4d37-ab22-2f8deae33eae,2.0000,10.1400,0.5000,2.0000,2.0000,0.6667,0.3478
f0fe03d1-14fe-4cd5-9497-d0c224b284cd,2b35aae8-7d5a-4e25-bd0b-8ae554405fa5,0.0000,7.5043,1.0000,0.0000,0.0000,0.6667,0.0000
f0fe03d1-14fe-4cd5-9497-d0c224b284cd,642ee07e-29b6-45a7-9826-aa2f8e6f6fda,2.0000,12.0033,0.5000,2.0000,2.0000,0.6667,0.4000
f0fe03d1-14fe-4cd5-9497-d0c224b284cd,18f05cad-c4a5-45a2-afda-2c6693684b81,0.0000,17.9680,1.0000,0.0000,0.0000,0.0000,0.0625
f0fe03d1-14fe-4cd5-9497-d0c224b284cd,6db16bc6-1a3a-47dc-9b2e-e489ff3a30d3,2.0000,13.5863,0.5000,2.0000,2.0000,0.0000,0.3478
f0fe03d1-14fe-4cd5-9497-d0c224b284cd,cf2e50ca-eb53-4a77-97c9-065f239b9c28,0.0000,18.0355,1.0000,0.0000,0.0000,0.0000,0.0000
f0fe03d1-14fe-4cd5-9497-d0c224b284cd,2003d6e5-1b34-47a0-80b4-f960cc4d1c06,0.0000,15.9671,1.0000,0.0000,0.0000,0.6667,0.2105
f0fe03d1-14fe-4cd5-9497-d0c224b284cd,692df9b4-47d2-48c1-8732-aa2dbd856038,0.0000,16.6803,1.0000,0.0000,0.0000,0.6667,0.2500
f0fe03d1-14fe-4cd5-9497-d0c224b284cd,853d8cdf-bbba-40fe-bc3c-9dbf4a72e3ba,0.0000,15.8388,1.0000,0.0000,0.0000,0.6667,0.2105
f0fe03d1-14fe-4cd5-9497-d0c224b284cd,2517b72c-41df-4f4a-a74f-4e6a4d8fb9a6,0.0000,12.4926,1.0000,0.0000,0.0000,0.6667,0.3478
f0fe03d1-14fe-4cd5-9497-d0c224b284cd,f761d41a-5220-42bf-872b-6a75cea6e24b,0.0000,12.9607,1.0000,0.0000,0.0000,0.6667,0.0625
f0fe03d1-14fe-4cd5-9497-d0c224b284cd,e8b9141c-9944-4c1d-beb1-2a3921ab8e1a,2.0000,10.8784,0.5000,2.0000,2.0000,0.6667,0.4444
f0fe03d1-14fe-4cd5-9497-d0c224b284cd,ff4975cc-52b8-41ed-8a6f-c69487eab5e8,0.0000,13.8521,1.0000,0.0000,0.0000,0.6667,0.1176
f0fe03d1-14fe-4cd5-9497-d0c224b284cd,22594200-2b3a-466f-9a4c-fc62849a043c,0.0000,16.4443,1.0000,0.0000,0.0000,0.6667,0.2500
f0fe03d1-14fe-4cd5-9497-d0c224b284cd,76a03818-1adc-4462-a8d3-fd5cc8cde7c3,2.0000,13.4040,0.5000,2.0000,2.0000,0.0000,0.2105
f0fe03d1-14fe-4cd5-9497-d0c224b284cd,14cbf3ff-91dd-4d34-92fe-f218d90b36a1,0.0000,6.9990,1.0000,0.0000,0.0000,0.6667,0.1176
46b81f92-9499-424e-aa38-0af32369c9ab,74e1172e-bf77-4868-a39e-fd314e3df33b,2.0000,13.3346,0.5000,2.0000,2.0000,0.0000,0.2609
46b81f92-9499-424e-aa38-0af32369c9ab,b07b7f86-1bbf-4c6a-b8f2-d3a602704355,2.0000,8.8221,0.5000,2.0000,2.0000,0.0000,0.1304
46b81f92-9499-424e-aa38-0af32369c9ab,4da9a570-5edf-44bd-b262-3de1664706ea,2.0000,9.0264,0.5000,2.0000,2.0000,0.0000,0.0870
46b81f92-9499-424e-aa38-0af32369c9ab,7105fb47-b5e3-46e7-9197-d83c0f4526aa,2.0000,5.9902,0.5000,2.0000,2.0000,0.0000,0.2174
46b81f92-9499-424e-aa38-0af32369c9ab,cc43ad38-fb37-4584-b672-7e13df12000d,2.0000,10.5639,0.5000,2.0000,2.0000,0.6667,0.3043
46b81f92-9499-424e-aa38-0af32369c9ab,6f14499e-d0d7-4bef-a1f0-86d3cc46e4dc,2.0000,10.3142,0.5000,2.0000,2.0000,0.6667,0.1304
46b81f92-9499-424e-aa38-0af32369c9ab,0997d41c-6d90-4c74-9ca2-a03e0dfe6499,2.0000,6.3187,0.5000,2.0000,2.0000,0.0000,0.2174
46b81f92-9499-424e-aa38-0af32369c9ab,2e68bde0-2ec3-4d13-9c70-4a6edcc253f8,2.0000,10.7896,0.5000,2.0000,2.0000,0.6667,0.2174
46b81f92-9499-424e-aa38-0af32369c9ab,22c05025-cd65-4fd6-b42b-e1e1318adfe3,0.0000,5.4822,1.0000,0.0000,0.0000,0.6667,0.2609
46b81f92-9499-424e-aa38-0af32369c9ab,52690bf0-6649-4e43-81a1-f4d14d84c9bb,0.0000,8.6569,1.0000,0.0000,0.0000,0.6667,0.1154
46b81f92-9499-424e-aa38-0af32369c9ab,aa0e625f-0115-4592-a2d1-f12ab8f8fd07,2.0000,7.8374,0.5000,2.0000,2.0000,0.0000,0.1739
46b81f92-9499-424e-aa38-0af32369c9ab,a34b9a88-6139-4498-8cb4-7dc14826736b,2.0000,9.7885,0.5000,2.0000,2.0000,0.0000,0.3913
46b81f92-9499-424e-aa38-0af32369c9ab,fc38c551-9fce-4cb9-989c-e14a15ec343d,2.0000,12.3190,0.5000,2.0000,2.0000,0.0000,0.1304
46b81f92-9499-424e-aa38-0af32369c9ab,282804f0-eeaf-4337-b99e-edc8c825f36e,2.0000,11.7865,0.5000,2.0000,2.0000,0.6667,0.3043
46b81f92-9499-424e-aa38-0af32369c9ab,adc5de5d-5f7a-4315-ae7c-01194bb38567,2.0000,11.1931,0.5000,2.0000,2.0000,0.6667,0.3043
46b81f92-9499-424e-aa38-0af32369c9ab,1977a7f8-0fe7-41af-a87a-76cfb1713877,0.0000,10.1785,1.0000,0.0000,0.0000,0.6667,0.0417
46b81f92-9499-424e-aa38-0af32369c9ab,8a1e5a0f-87f3-4a3c-8afc-6d403b90401e,2.0000,8.1893,0.5000,2.0000,2.0000,0.6667,0.3043
46b81f92-9499-424e-aa38-0af32369c9ab,059ef947-4a12-4833-add6-17c6f7c41a05,2.0000,11.2609,0.5000,2.0000,2.0000,0.6667,0.2174
46b81f92-9499-424e-aa38-0af32369c9ab,fa8a729c-880c-4ec4-b231-decd82e1496a,0.0000,9.0982,1.0000,0.0000,0.0000,0.6667,0.1304
46b81f92-9499-424e-aa38-0af32369c9ab,1f060904-d763-45c4-adb3-0bcccf916f16,0.0000,8.3068,1.0000,0.0000,0.0000,0.6667,0.1304
46b81f92-9499-424e-aa38-0af32369c9ab,3525aec3-2b10-4958-977b-1d0db69061e1,0.0000,10.3459,1.0000,0.0000,0.0000,0.0000,0.0435
46b81f92-9499-424e-aa38-0af32369c9ab,4dc55917-1ad9-4f41-a4a5-efa709d235d9,0.0000,8.8843,1.0000,0.0000,0.0000,0.6667,0.1304
46b81f92-9499-424e-aa38-0af32369c9ab,b20b4a65-b7c6-4cea-b79f-6a6db36ffdb1,2.0000,12.6571,0.5000,2.0000,2.0000,0.6667,0.3043
46b81f92-9499-424e-aa38-0af32369c9ab,dfc01f3d-0bd7-4b56-aaac-87f7635b8f94,2.0000,13.4632,0.5000,2.0000,2.0000,0.6667,0.3478
46b81f92-9499-424e-aa38-0af32369c9ab,2a693e8a-5f1a-4c10-9dbe-32a95fdb6c21,2.0000,12.1986,0.5000,2.0000,2.0000,0.0000,0.2174
46b81f92-9499-424e-aa38-0af32369c9ab,afa62b93-9459-4a3d-b943-44e88f2ba832,2.0000,9.2025,0.5000,2.0000,2.0000,0.0000,0.2174
46b81f92-9499-424e-aa38-0af32369c9ab,6a574a63-684b-4e8e-86d8-56c4ef182e83,2.0000,8.2588,0.5000,2.0000,2.0000,0.0000,0.2609
46b81f92-9499-424e-aa38-0af32369c9ab,5fc2040b-5445-448e-bdf1-c32854189d53,2.0000,8.3062,0.5000,2.0000,2.0000,0.0000,0.2609
46b81f92-9499-424e-aa38-0af32369c9ab,2d8a413c-9727-4a6a-8fc0-42bb4d8573d2,2.0000,8.4158,0.5000,2.0000,2.0000,0.0000,0.3043
46b81f92-9499-424e-aa38-0af32369c9ab,61f121ba-cb60-465c-a2f5-9f2f14974ee8,0.0000,6.6729,1.0000,0.0000,0.0000,0.6667,0.2174
46b81f92-9499-424e-aa38-0af32369c9ab,905bd711-6c1a-4bb8-9c8d-808f8a4b9705,2.0000,6.8508,0.5000,2.0000,2.0000,0.0000,0.0435
46b81f92-9499-424e-aa38-0af32369c9ab,925fcff5-826c-4439-8315-4d6434f6f7db,2.0000,10.8499,0.5000,2.0000,2.0000,0.6667,0.2174
46b81f92-9499-424e-aa38-0af32369c9ab,fafe7552-d597-4e47-b1bb-0abd8cdcfe25,2.0000,8.8927,0.5000,2.0000,2.0000,0.0000,0.3043
46b81f92-9499-424e-aa38-0af32369c9ab,2be2d465-90ce-4beb-b5dc-6c92bdf23287,2.0000,9.3137,0.5000,2.0000,2.0000,0.0000,0.1304
46b81f92-9499-424e-aa38-0af32369c9ab,62694c2b-296e-4ea6-b29f-d6fce70f4ee0,2.0000,10.7258,0.5000,2.0000,2.0000,0.6667,0.2174
46b81f92-9499-424e-aa38-0af32369c9ab,4a9b7b3e-39f8-4542-b6a3-2cdddbc64b84,2.0000,12.9917,0.5000,2.0000,2.0000,0.6667,0.3913
46b81f92-9499-424e-aa38-0af32369c9ab,f2f08e2f-79b8-4a56-92e9-cfc0e2b94f70,0.0000,6.1097,1.0000,0.0000,0.0000,0.6667,0.0417
46b81f92-9499-424e-aa38-0af32369c9ab,5a3d63bf-344c-4e6e-bc93-50b3b9150d26,2.0000,10.0942,0.5000,2.0000,2.0000,0.0000,0.2609
46b81f92-9499-424e-aa38-0af32369c9ab,5c6cea65-33e0-4403-ac24-1f3e986820f5,0.0000,7.2454,1.0000,0.0000,0.0000,0.6667,0.1304
46b81f92-9499-424e-aa38-0af32369c9ab,ce289378-48db-4c5b-817b-85a3f7170b6d,0.0000,6.3987,1.0000,0.0000,0.0000,0.0000,0.1154
46b81f92-9499-424e-aa38-0af32369c9ab,8e122a6e-999f-4977-b4e1-21eb03cae87d,0.0000,10.6363,1.0000,0.0000,0.0000,0.6667,0.0000
46b81f92-9499-424e-aa38-0af32369c9ab,6a94bf0c-f443-448e-ba57-f3aa2805cb05,2.0000,7.4919,0.5000,2.0000,2.0000,0.0000,0.1739
46b81f92-9499-424e-aa38-0af32369c9ab,cfb5d567-1d11-4a1e-9030-f9ea119d29ab,2.0000,8.8432,0.5000,2.0000,2.0000,0.0000,0.3478
46b81f92-9499-424e-aa38-0af32369c9ab,bd111f97-40ec-48c2-9537-3f4585fd3c61,2.0000,12.4186,0.5000,2.0000,2.0000,0.0000,0.3478
46b81f92-9499-424e-aa38-0af32369c9ab,56043fae-9517-4a04-b8ca-05c203f26132,2.0000,11.6105,0.5000,2.0000,2.0000,0.0000,0.4348
46b81f92-9499-424e-aa38-0af32369c9ab,cf50eb11-df20-4705-8b1b-2d77ce2403ef,2.0000,11.6934,0.5000,2.0000,2.0000,0.6667,0.2609
46b81f92-9499-424e-aa38-0af32369c9ab,5de87467-8cbd-4a2d-90a3-7e283de285fa,2.0000,8.9643,0.5000,2.0000,2.0000,0.0000,0.2174
46b81f92-9499-424e-aa38-0af32369c9ab,dcf216e8-416d-44ea-80bf-2587651dfd37,2.0000,9.4296,0.5000,2.0000,2.0000,0.0000,0.2174
46b81f92-9499-424e-aa38-0af32369c9ab,e163b85d-9f81-4c13-8c8c-521c33484e74,0.0000,10.2190,1.0000,0.0000,0.0000,0.6667,0.0800
46b81f92-9499-424e-aa38-0af32369c9ab,0f5bc599-7a61-4792-8bf7-b9f78eec50fc,0.0000,7.7744,1.0000,0.0000,0.0000,0.0000,0.0000
46b81f92-9499-424e-aa38-0af32369c9ab,e5a14bb0-fea4-41eb-9bdd-aed3acec68b7,2.0000,11.3516,0.5000,2.0000,2.0000,0.6667,0.3043
46b81f92-9499-424e-aa38-0af32369c9ab,d5cb26d7-030e-4b27-a7fc-8913c4a80794,0.0000,8.4312,1.0000,0.0000,0.0000,0.6667,0.0000
46b81f92-9499-424e-aa38-0af32369c9ab,0f63c729-6dbc-48c2-9f43-89c37de9818f,2.0000,5.7850,0.5000,2.0000,2.0000,0.0000,0.2609
46b81f92-9499-424e-aa38-0af32369c9ab,d73b320a-790d-4a0e-b13f-02a09cbaf3bf,2.0000,6.9984,0.5000,2.0000,2.0000,0.0000,0.1739
46b81f92-9499-424e-aa38-0af32369c9ab,6f8acc59-cbf2-4b96-be3f-d5173828b422,2.0000,9.0048,0.5000,2.0000,2.0000,0.6667,0.1304
46b81f92-9499-424e-aa38-0af32369c9ab,a9bef44c-9e90-409b-9b07-93db1d3be774,0.0000,8.5109,1.0000,0.0000,0.0000,0.6667,0.0800
46b81f92-9499-424e-aa38-0af32369c9ab,62d0e0ab-0ed6-401f-b329-a12d20a79fb8,2.0000,9.8373,0.5000,2.0000,2.0000,0.0000,0.1739
46b81f92-9499-424e-aa38-0af32369c9ab,c8403da2-d968-494c-bbbe-bc7855b370ab,2.0000,9.3921,0.5000,2.0000,2.0000,0.6667,0.3478
46b81f92-9499-424e-aa38-0af32369c9ab,49e59cdd-4809-43f6-b618-1d0396a89857,0.0000,3.7888,1.0000,0.0000,0.0000,0.6667,0.1154
46b81f92-9499-424e-aa38-0af32369c9ab,ccfc5874-fe2c-4d37-ab22-2f8deae33eae,0.0000,2.8661,1.0000,0.0000,0.0000,0.0000,0.0000
46b81f92-9499-424e-aa38-0af32369c9ab,2b35aae8-7d5a-4e25-bd0b-8ae554405fa5,2.0000,10.3317,0.5000,2.0000,2.0000,0.6667,0.3478
46b81f92-9499-424e-aa38-0af32369c9ab,642ee07e-29b6-45a7-9826-aa2f8e6f6fda,0.0000,8.8078,1.0000,0.0000,0.0000,0.6667,0.0800
46b81f92-9499-424e-aa38-0af32369c9ab,18f05cad-c4a5-45a2-afda-2c6693684b81,2.0000,12.3421,0.5000,2.0000,2.0000,0.6667,0.3043
46b81f92-9499-424e-aa38-0af32369c9ab,6db16bc6-1a3a-47dc-9b2e-e489ff3a30d3,0.0000,7.2977,1.0000,0.0000,0.0000,0.6667,0.0000
46b81f92-9499-424e-aa38-0af32369c9ab,cf2e50ca-eb53-4a77-97c9-065f239b9c28,2.0000,13.8207,0.5000,2.0000,2.0000,0.6667,0.3478
46b81f92-9499-424e-aa38-0af32369c9ab,2003d6e5-1b34-47a0-80b4-f960cc4d1c06,2.0000,10.6142,0.5000,2.0000,2.0000,0.6667,0.1739
46b81f92-9499-424e-aa38-0af32369c9ab,692df9b4-47d2-48c1-8732-aa2dbd856038,2.0000,9.0439,0.5000,2.0000,2.0000,0.0000,0.1304
46b81f92-9499-424e-aa38-0af32369c9ab,853d8cdf-bbba-40fe-bc3c-9dbf4a72e3ba,2.0000,13.0786,0.5000,2.0000,2.0000,0.6667,0.1739
46b81f92-9499-424e-aa38-0af32369c9ab,2517b72c-41df-4f4a-a74f-4e6a4d8fb9a6,2.0000,7.9592,0.5000,2.0000,2.0000,0.6667,0.0000
46b81f92-9499-424e-aa38-0af32369c9ab,f761d41a-5220-42bf-872b-6a75cea6e24b,2.0000,6.2862,0.5000,2.0000,2.0000,0.0000,0.3043
46b81f92-9499-424e-aa38-0af32369c9ab,e8b9141c-9944-4c1d-beb1-2a3921ab8e1a,0.0000,10.7292,1.0000,0.0000,0.0000,0.6667,0.1481
46b81f92-9499-424e-aa38-0af32369c9ab,ff4975cc-52b8-41ed-8a6f-c69487eab5e8,2.0000,10.6824,0.5000,2.0000,2.0000,0.6667,0.2609
46b81f92-9499-424e-aa38-0af32369c9ab,22594200-2b3a-466f-9a4c-fc62849a043c,2.0000,12.2185,0.5000,2.0000,2.0000,0.6667,0.1304
46b81f92-9499-424e-aa38-0af32369c9ab,76a03818-1adc-4462-a8d3-fd5cc8cde7c3,0.0000,8.7493,1.0000,0.0000,0.0000,0.6667,0.1739
46b81f92-9499-424e-aa38-0af32369c9ab,14cbf3ff-91dd-4d34-92fe-f218d90b36a1,2.0000,3.7157,0.5000,2.0000,2.0000,0.0000,0.2609
74e1172e-bf77-4868-a39e-fd314e3df33b,b07b7f86-1bbf-4c6a-b8f2-d3a602704355,0.0000,6.7027,1.0000,0.0000,0.0000,0.0000,0.1500
74e1172e-bf77-4868-a39e-fd314e3df33b,4da9a570-5edf-44bd-b262-3de1664706ea,0.0000,11.0556,1.0000,0.0000,0.0000,0.0000,0.1905
74e1172e-bf77-4868-a39e-fd314e3df33b,7105fb47-b5e3-46e7-9197-d83c0f4526aa,0.0000,12.2364,1.0000,0.0000,0.0000,0.0000,0.0556
74e1172e-bf77-4868-a39e-fd314e3df33b,cc43ad38-fb37-4584-b672-7e13df12000d,0.0000,13.2102,1.0000,0.0000,0.0000,0.6667,0.0588
74e1172e-bf77-4868-a39e-fd314e3df33b,6f14499e-d0d7-4bef-a1f0-86d3cc46e4dc,0.0000,7.3257,1.0000,0.0000,0.0000,0.6667,0.1500
74e1172e-bf77-4868-a39e-fd314e3df33b,0997d41c-6d90-4c74-9ca2-a03e0dfe6499,0.0000,12.2866,1.0000,0.0000,0.0000,0.0000,0.0556
74e1172e-bf77-4868-a39e-fd314e3df33b,2e68bde0-2ec3-4d13-9c70-4a6edcc253f8,0.0000,10.3857,1.0000,0.0000,0.0000,0.6667,0.0556
74e1172e-bf77-4868-a39e-fd314e3df33b,22c05025-cd65-4fd6-b42b-e1e1318adfe3,2.0000,12.8585,0.5000,2.0000,2.0000,0.6667,0.0000
74e1172e-bf77-4868-a39e-fd314e3df33b,52690bf0-6649-4e43-81a1-f4d14d84c9bb,2.0000,8.8063,0.5000,2.0000,2.0000,0.6667,0.3462
74e1172e-bf77-4868-a39e-fd314e3df33b,aa0e625f-0115-4592-a2d1-f12ab8f8fd07,0.0000,6.5048,1.0000,0.0000,0.0000,0.0000,0.1053
74e1172e-bf77-4868-a39e-fd314e3df33b,a34b9a88-6139-4498-8cb4-7dc14826736b,0.0000,17.6445,1.0000,0.0000,0.0000,0.0000,0.1765
74e1172e-bf77-4868-a39e-fd314e3df33b,fc38c551-9fce-4cb9-989c-e14a15ec343d,0.0000,3.1281,1.0000,0.0000,0.0000,0.0000,0.1500
74e1172e-bf77-4868-a39e-fd314e3df33b,282804f0-eeaf-4337-b99e-edc8c825f36e,0.0000,9.5563,1.0000,0.0000,0.0000,0.6667,0.0588
74e1172e-bf77-4868-a39e-fd314e3df33b,adc5de5d-5f7a-4315-ae7c-01194bb38567,0.0000,8.0621,1.0000,0.0000,0.0000,0.6667,0.0588
74e1172e-bf77-4868-a39e-fd314e3df33b,1977a7f8-0fe7-41af-a87a-76cfb1713877,2.0000,6.5139,0.5000,2.0000,2.0000,0.6667,0.2917
74e1172e-bf77-4868-a39e-fd314e3df33b,8a1e5a0f-87f3-4a3c-8afc-6d403b90401e,0.0000,14.4553,1.0000,0.0000,0.0000,0.6667,0.0588
74e1172e-bf77-4868-a39e-fd314e3df33b,059ef947-4a12-4833-add6-17c6f7c41a05,0.0000,9.8942,1.0000,0.0000,0.0000,0.6667,0.0556
74e1172e-bf77-4868-a39e-fd314e3df33b,fa8a729c-880c-4ec4-b231-decd82e1496a,2.0000,9.4058,0.5000,2.0000,2.0000,0.6667,0.1500
74e1172e-bf77-4868-a39e-fd314e3df33b,1f060904-d763-45c4-adb3-0bcccf916f16,2.0000,9.4236,0.5000,2.0000,2.0000,0.6667,0.1500
74e1172e-bf77-4868-a39e-fd314e3df33b,3525aec3-2b10-4958-977b-1d0db69061e1,2.0000,10.5800,0.5000,2.0000,2.0000,0.0000,0.2273
74e1172e-bf77-4868-a39e-fd314e3df33b,4dc55917-1ad9-4f41-a4a5-efa709d235d9,2.0000,11.8367,0.5000,2.0000,2.0000,0.6667,0.1500
74e1172e-bf77-4868-a39e-fd314e3df33b,b20b4a65-b7c6-4cea-b79f-6a6db36ffdb1,0.0000,8.8996,1.0000,0.0000,0.0000,0.6667,0.0588
74e1172e-bf77-4868-a39e-fd314e3df33b,dfc01f3d-0bd7-4b56-aaac-87f7635b8f94,0.0000,12.2979,1.0000,0.0000,0.0000,0.6667,0.1176
74e1172e-bf77-4868-a39e-fd314e3df33b,2a693e8a-5f1a-4c10-9dbe-32a95fdb6c21,0.0000,3.2760,1.0000,0.0000,0.0000,0.0000,0.0556
74e1172e-bf77-4868-a39e-fd314e3df33b,afa62b93-9459-4a3d-b943-44e88f2ba832,0.0000,14.8214,1.0000,0.0000,0.0000,0.0000,0.0556
74e1172e-bf77-4868-a39e-fd314e3df33b,6a574a63-684b-4e8e-86d8-56c4ef182e83,0.0000,14.7118,1.0000,0.0000,0.0000,0.0000,0.0000
74e1172e-bf77-4868-a39e-fd314e3df33b,5fc2040b-5445-448e-bdf1-c32854189d53,0.0000,15.1944,1.0000,0.0000,0.0000,0.0000,0.0000
74e1172e-bf77-4868-a39e-fd314e3df33b,2d8a413c-9727-4a6a-8fc0-42bb4d8573d2,0.0000,6.4131,1.0000,0.0000,0.0000,0.0000,0.0588
74e1172e-bf77-4868-a39e-fd314e3df33b,61f121ba-cb60-465c-a2f5-9f2f14974ee8,2.0000,10.3790,0.5000,2.0000,2.0000,0.6667,0.0556
74e1172e-bf77-4868-a39e-fd314e3df33b,905bd711-6c1a-4bb8-9c8d-808f8a4b9705,0.0000,14.4785,1.0000,0.0000,0.0000,0.0000,0.2273
74e1172e-bf77-4868-a39e-fd314e3df33b,925fcff5-826c-4439-8315-4d6434f6f7db,0.0000,13.5174,1.0000,0.0000,0.0000,0.6667,0.0556
74e1172e-bf77-4868-a39e-fd314e3df33b,fafe7552-d597-4e47-b1bb-0abd8cdcfe25,0.0000,9.1198,1.0000,0.0000,0.0000,0.0000,0.0588
74e1172e-bf77-4868-a39e-fd314e3df33b,2be2d465-90ce-4beb-b5dc-6c92bdf23287,0.0000,14.9275,1.0000,0.0000,0.0000,0.0000,0.1500
74e1172e-bf77-4868-a39e-fd314e3df33b,62694c2b-296e-4ea6-b29f-d6fce70f4ee0,0.0000,12.2953,1.0000,0.0000,0.0000,0.6667,0.0556
74e1172e-bf77-4868-a39e-fd314e3df33b,4a9b7b3e-39f8-4542-b6a3-2cdddbc64b84,0.0000,12.4714,1.0000,0.0000,0.0000,0.6667,0.1765
74e1172e-bf77-4868-a39e-fd314e3df33b,f2f08e2f-79b8-4a56-92e9-cfc0e2b94f70,2.0000,8.4948,0.5000,2.0000,2.0000,0.6667,0.2917
74e1172e-bf77-4868-a39e-fd314e3df33b,5a3d63bf-344c-4e6e-bc93-50b3b9150d26,0.0000,12.8076,1.0000,0.0000,0.0000,0.0000,0.0000
74e1172e-bf77-4868-a39e-fd314e3df33b,5c6cea65-33e0-4403-ac24-1f3e986820f5,2.0000,14.3934,0.5000,2.0000,2.0000,0.6667,0.1500
74e1172e-bf77-4868-a39e-fd314e3df33b,ce289378-48db-4c5b-817b-85a3f7170b6d,2.0000,12.3311,0.5000,2.0000,2.0000,0.0000,0.3462
74e1172e-bf77-4868-a39e-fd314e3df33b,8e122a6e-999f-4977-b4e1-21eb03cae87d,2.0000,6.5211,0.5000,2.0000,2.0000,0.6667,0.2609
74e1172e-bf77-4868-a39e-fd314e3df33b,6a94bf0c-f443-448e-ba57-f3aa2805cb05,0.0000,14.8549,1.0000,0.0000,0.0000,0.0000,0.1053
74e1172e-bf77-4868-a39e-fd314e3df33b,cfb5d567-1d11-4a1e-9030-f9ea119d29ab,0.0000,10.2286,1.0000,0.0000,0.0000,0.0000,0.1176
74e1172e-bf77-4868-a39e-fd314e3df33b,bd111f97-40ec-48c2-9537-3f4585fd3c61,0.0000,5.9224,1.0000,0.0000,0.0000,0.0000,0.1176
74e1172e-bf77-4868-a39e-fd314e3df33b,56043fae-9517-4a04-b8ca-05c203f26132,0.0000,6.7799,1.0000,0.0000,0.0000,0.0000,0.2353
74e1172e-bf77-4868-a39e-fd314e3df33b,cf50eb11-df20-4705-8b1b-2d77ce2403ef,0.0000,10.5269,1.0000,0.0000,0.0000,0.6667,0.0000
74e1172e-bf77-4868-a39e-fd314e3df33b,5de87467-8cbd-4a2d-90a3-7e283de285fa,0.0000,9.2640,1.0000,0.0000,0.0000,0.0000,0.0556
74e1172e-bf77-4868-a39e-fd314e3df33b,dcf216e8-416d-44ea-80bf-2587651dfd37,0.0000,9.4934,1.0000,0.0000,0.0000,0.0000,0.0556
74e1172e-bf77-4868-a39e-fd314e3df33b,e163b85d-9f81-4c13-8c8c-521c33484e74,2.0000,8.3926,0.5000,2.0000,2.0000,0.6667,0.3200
74e1172e-bf77-4868-a39e-fd314e3df33b,0f5bc599-7a61-4792-8bf7-b9f78eec50fc,2.0000,11.6078,0.5000,2.0000,2.0000,0.0000,0.2609
74e1172e-bf77-4868-a39e-fd314e3df33b,e5a14bb0-fea4-41eb-9bdd-aed3acec68b7,0.0000,7.3183,1.0000,0.0000,0.0000,0.6667,0.0588
74e1172e-bf77-4868-a39e-fd314e3df33b,d5cb26d7-030e-4b27-a7fc-8913c4a80794,2.0000,5.1351,0.5000,2.0000,2.0000,0.6667,0.2609
74e1172e-bf77-4868-a39e-fd314e3df33b,0f63c729-6dbc-48c2-9f43-89c37de9818f,0.0000,9.1261,1.0000,0.0000,0.0000,0.0000,0.0000
74e1172e-bf77-4868-a39e-fd314e3df33b,d73b320a-790d-4a0e-b13f-02a09cbaf3bf,0.0000,14.5606,1.0000,0.0000,0.0000,0.0000,0.1053
74e1172e-bf77-4868-a39e-fd314e3df33b,6f8acc59-cbf2-4b96-be3f-d5173828b422,0.0000,13.3429,1.0000,0.0000,0.0000,0.6667,0.1500
74e1172e-bf77-4868-a39e-fd314e3df33b,a9bef44c-9e90-409b-9b07-93db1d3be774,2.0000,10.5502,0.5000,2.0000,2.0000,0.6667,0.3200
74e1172e-bf77-4868-a39e-fd314e3df33b,62d0e0ab-0ed6-401f-b329-a12d20a79fb8,0.0000,18.1742,1.0000,0.0000,0.0000,0.0000,0.1053
74e1172e-bf77-4868-a39e-fd314e3df33b,c8403da2-d968-494c-bbbe-bc7855b370ab,0.0000,12.0569,1.0000,0.0000,0.0000,0.6667,0.1176
74e1172e-bf77-4868-a39e-fd314e3df33b,49e59cdd-4809-43f6-b618-1d0396a89857,2.0000,12.3627,0.5000,2.0000,2.0000,0.6667,0.3462
74e1172e-bf77-4868-a39e-fd314e3df33b,ccfc5874-fe2c-4d37-ab22-2f8deae33eae,2.0000,11.5840,0.5000,2.0000,2.0000,0.0000,0.2609
74e1172e-bf77-4868-a39e-fd314e3df33b,2b35aae8-7d5a-4e25-bd0b-8ae554405fa5,0.0000,15.4147,1.0000,0.0000,0.0000,0.6667,0.1176
74e1172e-bf77-4868-a39e-fd314e3df33b,642ee07e-29b6-45a7-9826-aa2f8e6f6fda,2.0000,9.3670,0.5000,2.0000,2.0000,0.6667,0.3200
74e1172e-bf77-4868-a39e-fd314e3df33b,18f05cad-c4a5-45a2-afda-2c6693684b81,0.0000,3.7354,1.0000,0.0000,0.0000,0.6667,0.0588
74e1172e-bf77-4868-a39e-fd314e3df33b,6db16bc6-1a3a-47dc-9b2e-e489ff3a30d3,2.0000,7.5836,0.5000,2.0000,2.0000,0.6667,0.2609
74e1172e-bf77-4868-a39e-fd314e3df33b,cf2e50ca-eb53-4a77-97c9-065f239b9c28,0.0000,4.5452,1.0000,0.0000,0.0000,0.6667,0.1176
74e1172e-bf77-4868-a39e-fd314e3df33b,2003d6e5-1b34-47a0-80b4-f960cc4d1c06,0.0000,7.7913,1.0000,0.0000,0.0000,0.6667,0.1053
74e1172e-bf77-4868-a39e-fd314e3df33b,692df9b4-47d2-48c1-8732-aa2dbd856038,0.0000,6.5558,1.0000,0.0000,0.0000,0.0000,0.1500
74e1172e-bf77-4868-a39e-fd314e3df33b,853d8cdf-bbba-40fe-bc3c-9dbf4a72e3ba,0.0000,6.7271,1.0000,0.0000,0.0000,0.6667,0.1053
74e1172e-bf77-4868-a39e-fd314e3df33b,2517b72c-41df-4f4a-a74f-4e6a4d8fb9a6,0.0000,10.5416,1.0000,0.0000,0.0000,0.6667,0.2609
74e1172e-bf77-4868-a39e-fd314e3df33b,f761d41a-5220-42bf-872b-6a75cea6e24b,0.0000,9.0345,1.0000,0.0000,0.0000,0.0000,0.0588
74e1172e-bf77-4868-a39e-fd314e3df33b,e8b9141c-9944-4c1d-beb1-2a3921ab8e1a,2.0000,10.1552,0.5000,2.0000,2.0000,0.6667,0.3704
74e1172e-bf77-4868-a39e-fd314e3df33b,ff4975cc-52b8-41ed-8a6f-c69487eab5e8,0.0000,11.5180,1.0000,0.0000,0.0000,0.6667,0.0000
74e1172e-bf77-4868-a39e-fd314e3df33b,22594200-2b3a-466f-9a4c-fc62849a043c,0.0000,4.5663,1.0000,0.0000,0.0000,0.6667,0.1500
74e1172e-bf77-4868-a39e-fd314e3df33b,76a03818-1adc-4462-a8d3-fd5cc8cde7c3,2.0000,10.2383,0.5000,2.0000,2.0000,0.6667,0.1053
74e1172e-bf77-4868-a39e-fd314e3df33b,14cbf3ff-91dd-4d34-92fe-f218d90b36a1,0.0000,14.6362,1.0000,0.0000,0.0000,0.0000,0.0000
b07b7f86-1bbf-4c6a-b8f2-d3a602704355,4da9a570-5edf-44bd-b262-3de1664706ea,0.0000,4.4251,1.0000,0.0000,0.0000,0.0000,0.0476
b07b7f86-1bbf-4c6a-b8f2-d3a602704355,7105fb47-b5e3-46e7-9197-d83c0f4526aa,0.0000,9.3246,1.0000,0.0000,0.0000,0.0000,0.1000
b07b7f86-1bbf-4c6a-b8f2-d3a602704355,cc43ad38-fb37-4584-b672-7e13df12000d,0.0000,13.8056,1.0000,0.0000,0.0000,0.6667,0.2000
b07b7f86-1bbf-4c6a-b8f2-d3a602704355,6f14499e-d0d7-4bef-a1f0-86d3cc46e4dc,0.0000,10.4584,1.0000,0.0000,0.0000,0.6667,0.0000
b07b7f86-1bbf-4c6a-b8f2-d3a602704355,0997d41c-6d90-4c74-9ca2-a03e0dfe6499,0.0000,9.5671,1.0000,0.0000,0.0000,0.0000,0.1000
b07b7f86-1bbf-4c6a-b8f2-d3a602704355,2e68bde0-2ec3-4d13-9c70-4a6edcc253f8,0.0000,11.2985,1.0000,0.0000,0.0000,0.6667,0.1000
b07b7f86-1bbf-4c6a-b8f2-d3a602704355,22c05025-cd65-4fd6-b42b-e1e1318adfe3,2.0000,9.3111,0.5000,2.0000,2.0000,0.6667,0.1500
b07b7f86-1bbf-4c6a-b8f2-d3a602704355,52690bf0-6649-4e43-81a1-f4d14d84c9bb,2.0000,8.5221,0.5000,2.0000,2.0000,0.6667,0.2308
b07b7f86-1bbf-4c6a-b8f2-d3a602704355,aa0e625f-0115-4592-a2d1-f12ab8f8fd07,0.0000,4.7962,1.0000,0.0000,0.0000,0.0000,0.0500
b07b7f86-1bbf-4c6a-b8f2-d3a602704355,a34b9a88-6139-4498-8cb4-7dc14826736b,0.0000,15.7488,1.0000,0.0000,0.0000,0.0000,0.3000
b07b7f86-1bbf-4c6a-b8f2-d3a602704355,fc38c551-9fce-4cb9-989c-e14a15ec343d,0.0000,5.5025,1.0000,0.0000,0.0000,0.0000,0.0000
b07b7f86-1bbf-4c6a-b8f2-d3a602704355,282804f0-eeaf-4337-b99e-edc8c825f36e,0.0000,12.2928,1.0000,0.0000,0.0000,0.6667,0.2000
b07b7f86-1bbf-4c6a-b8f2-d3a602704355,adc5de5d-5f7a-4315-ae7c-01194bb38567,0.0000,7.7540,1.0000,0.0000,0.0000,0.6667,0.2000
b07b7f86-1bbf-4c6a-b8f2-d3a602704355,1977a7f8-0fe7-41af-a87a-76cfb1713877,2.0000,5.4168,0.5000,2.0000,2.0000,0.6667,0.1667
b07b7f86-1bbf-4c6a-b8f2-d3a602704355,8a1e5a0f-87f3-4a3c-8afc-6d403b90401e,0.0000,11.2402,1.0000,0.0000,0.0000,0.6667,0.2000
b07b7f86-1bbf-4c6a-b8f2-d3a602704355,059ef947-4a12-4833-add6-17c6f7c41a05,0.0000,9.8299,1.0000,0.0000,0.0000,0.6667,0.1000
b07b7f86-1bbf-4c6a-b8f2-d3a602704355,fa8a729c-880c-4ec4-b231-decd82e1496a,2.0000,5.4610,0.5000,2.0000,2.0000,0.6667,0.0000
b07b7f86-1bbf-4c6a-b8f2-d3a602704355,1f060904-d763-45c4-adb3-0bcccf916f16,2.0000,6.4579,0.5000,2.0000,2.0000,0.6667,0.0000
b07b7f86-1bbf-4c6a-b8f2-d3a602704355,3525aec3-2b10-4958-977b-1d0db69061e1,2.0000,9.9634,0.5000,2.0000,2.0000,0.0000,0.0909
b07b7f86-1bbf-4c6a-b8f2-d3a602704355,4dc55917-1ad9-4f41-a4a5-efa709d235d9,2.0000,11.4521,0.5000,2.0000,2.0000,0.6667,0.0000
b07b7f86-1bbf-4c6a-b8f2-d3a602704355,b20b4a65-b7c6-4cea-b79f-6a6db36ffdb1,0.0000,9.2423,1.0000,0.0000,0.0000,0.6667,0.2000
b07b7f86-1bbf-4c6a-b8f2-d3a602704355,dfc01f3d-0bd7-4b56-aaac-87f7635b8f94,0.0000,14.9304,1.0000,0.0000,0.0000,0.6667,0.2500
b07b7f86-1bbf-4c6a-b8f2-d3a602704355,2a693e8a-5f1a-4c10-9dbe-32a95fdb6c21,0.0000,7.5612,1.0000,0.0000,0.0000,0.0000,0.1000
b07b7f86-1bbf-4c6a-b8f2-d3a602704355,afa62b93-9459-4a3d-b943-44e88f2ba832,0.0000,9.1237,1.0000,0.0000,0.0000,0.0000,0.1000
b07b7f86-1bbf-4c6a-b8f2-d3a602704355,6a574a63-684b-4e8e-86d8-56c4ef182e83,0.0000,11.6744,1.0000,0.0000,0.0000,0.0000,0.1500
b07b7f86-1bbf-4c6a-b8f2-d3a602704355,5fc2040b-5445-448e-bdf1-c32854189d53,0.0000,9.5220,1.0000,0.0000,0.0000,0.0000,0.1500
b07b7f86-1bbf-4c6a-b8f2-d3a602704355,2d8a413c-9727-4a6a-8fc0-42bb4d8573d2,0.0000,5.4436,1.0000,0.0000,0.0000,0.0000,0.2000
b07b7f86-1bbf-4c6a-b8f2-d3a602704355,61f121ba-cb60-465c-a2f5-9f2f14974ee8,2.0000,10.5399,0.5000,2.0000,2.0000,0.6667,0.1000
b07b7f86-1bbf-4c6a-b8f2-d3a602704355,905bd711-6c1a-4bb8-9c8d-808f8a4b9705,0.0000,9.6103,1.0000,0.0000,0.0000,0.0000,0.0909
b07b7f86-1bbf-4c6a-b8f2-d3a602704355,925fcff5-826c-4439-8315-4d6434f6f7db,0.0000,15.1482,1.0000,0.0000,0.0000,0.6667,0.1000
b07b7f86-1bbf-4c6a-b8f2-d3a602704355,fafe7552-d597-4e47-b1bb-0abd8cdcfe25,0.0000,6.3406,1.0000,0.0000,0.0000,0.0000,0.2000
b07b7f86-1bbf-4c6a-b8f2-d3a602704355,2be2d465-90ce-4beb-b5dc-6c92bdf23287,0.0000,9.1917,1.0000,0.0000,0.0000,0.0000,0.0000
b07b7f86-1bbf-4c6a-b8f2-d3a602704355,62694c2b-296e-4ea6-b29f-d6fce70f4ee0,0.0000,13.8976,1.0000,0.0000,0.0000,0.6667,0.1000
b07b7f86-1bbf-4c6a-b8f2-d3a602704355,4a9b7b3e-39f8-4542-b6a3-2cdddbc64b84,0.0000,15.1639,1.0000,0.0000,0.0000,0.6667,0.3000
b07b7f86-1bbf-4c6a-b8f2-d3a602704355,f2f08e2f-79b8-4a56-92e9-cfc0e2b94f70,2.0000,6.0774,0.5000,2.0000,2.0000,0.6667,0.1667
b07b7f86-1bbf-4c6a-b8f2-d3a602704355,5a3d63bf-344c-4e6e-bc93-50b3b9150d26,0.0000,8.8210,1.0000,0.0000,0.0000,0.0000,0.1500
b07b7f86-1bbf-4c6a-b8f2-d3a602704355,5c6cea65-33e0-4403-ac24-1f3e986820f5,2.0000,10.1323,0.5000,2.0000,2.0000,0.6667,0.0000
b07b7f86-1bbf-4c6a-b8f2-d3a602704355,ce289378-48db-4c5b-817b-85a3f7170b6d,2.0000,9.7682,0.5000,2.0000,2.0000,0.0000,0.2308
b07b7f86-1bbf-4c6a-b8f2-d3a602704355,8e122a6e-999f-4977-b4e1-21eb03cae87d,2.0000,6.9897,0.5000,2.0000,2.0000,0.6667,0.1304
b07b7f86-1bbf-4c6a-b8f2-d3a602704355,6a94bf0c-f443-448e-ba57-f3aa2805cb05,0.0000,11.9804,1.0000,0.0000,0.0000,0.0000,0.0500
b07b7f86-1bbf-4c6a-b8f2-d3a602704355,cfb5d567-1d11-4a1e-9030-f9ea119d29ab,0.0000,4.9407,1.0000,0.0000,0.0000,0.0000,0.2500
b07b7f86-1bbf-4c6a-b8f2-d3a602704355,bd111f97-40ec-48c2-9537-3f4585fd3c61,0.0000,8.3489,1.0000,0.0000,0.0000,0.0000,0.2500
b07b7f86-1bbf-4c6a-b8f2-d3a602704355,56043fae-9517-4a04-b8ca-05c203f26132,0.0000,4.9582,1.0000,0.0000,0.0000,0.0000,0.3500
b07b7f86-1bbf-4c6a-b8f2-d3a602704355,cf50eb11-df20-4705-8b1b-2d77ce2403ef,0.0000,11.3414,1.0000,0.0000,0.0000,0.6667,0.1500
b07b7f86-1bbf-4c6a-b8f2-d3a602704355,5de87467-8cbd-4a2d-90a3-7e283de285fa,0.0000,4.8215,1.0000,0.0000,0.0000,0.0000,0.1000
b07b7f86-1bbf-4c6a-b8f2-d3a602704355,dcf216e8-416d-44ea-80bf-2587651dfd37,0.0000,5.2737,1.0000,0.0000,0.0000,0.0000,0.1000
b07b7f86-1bbf-4c6a-b8f2-d3a602704355,e163b85d-9f81-4c13-8c8c-521c33484e74,2.0000,8.5596,0.5000,2.0000,2.0000,0.6667,0.2000
b07b7f86-1bbf-4c6a-b8f2-d3a602704355,0f5bc599-7a61-4792-8bf7-b9f78eec50fc,2.0000,9.4661,0.5000,2.0000,2.0000,0.0000,0.1304
b07b7f86-1bbf-4c6a-b8f2-d3a602704355,e5a14bb0-fea4-41eb-9bdd-aed3acec68b7,0.0000,7.3309,1.0000,0.0000,0.0000,0.6667,0.2000
b07b7f86-1bbf-4c6a-b8f2-d3a602704355,d5cb26d7-030e-4b27-a7fc-8913c4a80794,2.0000,4.9359,0.5000,2.0000,2.0000,0.6667,0.1304
b07b7f86-1bbf-4c6a-b8f2-d3a602704355,0f63c729-6dbc-48c2-9f43-89c37de9818f,0.0000,5.2833,1.0000,0.0000,0.0000,0.0000,0.1500
b07b7f86-1bbf-4c6a-b8f2-d3a602704355,d73b320a-790d-4a0e-b13f-02a09cbaf3bf,0.0000,11.2900,1.0000,0.0000,0.0000,0.0000,0.0500
b07b7f86-1bbf-4c6a-b8f2-d3a602704355,6f8acc59-cbf2-4b96-be3f-d5173828b422,0.0000,10.1208,1.0000,0.0000,0.0000,0.6667,0.0000
b07b7f86-1bbf-4c6a-b8f2-d3a602704355,a9bef44c-9e90-409b-9b07-93db1d3be774,2.0000,7.4248,0.5000,2.0000,2.0000,0.6667,0.2000
b07b7f86-1bbf-4c6a-b8f2-d3a602704355,62d0e0ab-0ed6-401f-b329-a12d20a79fb8,0.0000,16.1692,1.0000,0.0000,0.0000,0.0000,0.0500
b07b7f86-1bbf-4c6a-b8f2-d3a602704355,c8403da2-d968-494c-bbbe-bc7855b370ab,0.0000,11.4236,1.0000,0.0000,0.0000,0.6667,0.2500
b07b7f86-1bbf-4c6a-b8f2-d3a602704355,49e59cdd-4809-43f6-b618-1d0396a89857,2.0000,7.0528,0.5000,2.0000,2.0000,0.6667,0.2308
b07b7f86-1bbf-4c6a-b8f2-d3a602704355,ccfc5874-fe2c-4d37-ab22-2f8deae33eae,2.0000,6.9601,0.5000,2.0000,2.0000,0.0000,0.1304
b07b7f86-1bbf-4c6a-b8f2-d3a602704355,2b35aae8-7d5a-4e25-bd0b-8ae554405fa5,0.0000,15.2423,1.0000,0.0000,0.0000,0.6667,0.2500
b07b7f86-1bbf-4c6a-b8f2-d3a602704355,642ee07e-29b6-45a7-9826-aa2f8e6f6fda,2.0000,6.8428,0.5000,2.0000,2.0000,0.6667,0.2000
b07b7f86-1bbf-4c6a-b8f2-d3a602704355,18f05cad-c4a5-45a2-afda-2c6693684b81,0.0000,6.0536,1.0000,0.0000,0.0000,0.6667,0.2000
b07b7f86-1bbf-4c6a-b8f2-d3a602704355,6db16bc6-1a3a-47dc-9b2e-e489ff3a30d3,2.0000,4.8911,0.5000,2.0000,2.0000,0.6667,0.1304
b07b7f86-1bbf-4c6a-b8f2-d3a602704355,cf2e50ca-eb53-4a77-97c9-065f239b9c28,0.0000,7.3343,1.0000,0.0000,0.0000,0.6667,0.2500
b07b7f86-1bbf-4c6a-b8f2-d3a602704355,2003d6e5-1b34-47a0-80b4-f960cc4d1c06,0.0000,11.7290,1.0000,0.0000,0.0000,0.6667,0.0500
b07b7f86-1bbf-4c6a-b8f2-d3a602704355,692df9b4-47d2-48c1-8732-aa2dbd856038,0.0000,5.3426,1.0000,0.0000,0.0000,0.0000,0.0000
b07b7f86-1bbf-4c6a-b8f2-d3a602704355,853d8cdf-bbba-40fe-bc3c-9dbf4a72e3ba,0.0000,10.6194,1.0000,0.0000,0.0000,0.6667,0.0500
b07b7f86-1bbf-4c6a-b8f2-d3a602704355,2517b72c-41df-4f4a-a74f-4e6a4d8fb9a6,0.0000,11.3442,1.0000,0.0000,0.0000,0.6667,0.1304
b07b7f86-1bbf-4c6a-b8f2-d3a602704355,f761d41a-5220-42bf-872b-6a75cea6e24b,0.0000,5.4553,1.0000,0.0000,0.0000,0.0000,0.2000
b07b7f86-1bbf-4c6a-b8f2-d3a602704355,e8b9141c-9944-4c1d-beb1-2a3921ab8e1a,2.0000,10.0166,0.5000,2.0000,2.0000,0.6667,0.2593
b07b7f86-1bbf-4c6a-b8f2-d3a602704355,ff4975cc-52b8-41ed-8a6f-c69487eab5e8,0.0000,14.0087,1.0000,0.0000,0.0000,0.6667,0.1500
b07b7f86-1bbf-4c6a-b8f2-d3a602704355,22594200-2b3a-466f-9a4c-fc62849a043c,0.0000,8.1364,1.0000,0.0000,0.0000,0.6667,0.0000
b07b7f86-1bbf-4c6a-b8f2-d3a602704355,76a03818-1adc-4462-a8d3-fd5cc8cde7c3,2.0000,8.4432,0.5000,2.0000,2.0000,0.6667,0.0500
b07b7f86-1bbf-4c6a-b8f2-d3a602704355,14cbf3ff-91dd-4d34-92fe-f218d90b36a1,0.0000,9.6815,1.0000,0.0000,0.0000,0.0000,0.1500
4da9a570-5edf-44bd-b262-3de1664706ea,7105fb47-b5e3-46e7-9197-d83c0f4526aa,0.0000,7.9866,1.0000,0.0000,0.0000,0.0000,0.1429
4da9a570-5edf-44bd-b262-3de1664706ea,cc43ad38-fb37-4584-b672-7e13df12000d,0.0000,15.1666,1.0000,0.0000,0.0000,0.6667,0.2381
4da9a570-5edf-44bd-b262-3de1664706ea,6f14499e-d0d7-4bef-a1f0-86d3cc46e4dc,0.0000,14.2543,1.0000,0.0000,0.0000,0.6667,0.0476
4da9a570-5edf-44bd-b262-3de1664706ea,0997d41c-6d90-4c74-9ca2-a03e0dfe6499,0.0000,8.1285,1.0000,0.0000,0.0000,0.0000,0.1429
4da9a570-5edf-44bd-b262-3de1664706ea,2e68bde0-2ec3-4d13-9c70-4a6edcc253f8,0.0000,14.9926,1.0000,0.0000,0.0000,0.6667,0.1429
4da9a570-5edf-44bd-b262-3de1664706ea,22c05025-cd65-4fd6-b42b-e1e1318adfe3,2.0000,9.6920,0.5000,2.0000,2.0000,0.6667,0.1905
4da9a570-5edf-44bd-b262-3de1664706ea,52690bf0-6649-4e43-81a1-f4d14d84c9bb,2.0000,12.6628,0.5000,2.0000,2.0000,0.6667,0.1923
4da9a570-5edf-44bd-b262-3de1664706ea,aa0e625f-0115-4592-a2d1-f12ab8f8fd07,0.0000,9.1140,1.0000,0.0000,0.0000,0.0000,0.0952
4da9a570-5edf-44bd-b262-3de1664706ea,a34b9a88-6139-4498-8cb4-7dc14826736b,0.0000,15.0147,1.0000,0.0000,0.0000,0.0000,0.3333
4da9a570-5edf-44bd-b262-3de1664706ea,fc38c551-9fce-4cb9-989c-e14a15ec343d,0.0000,9.9042,1.0000,0.0000,0.0000,0.0000,0.0476
4da9a570-5edf-44bd-b262-3de1664706ea,282804f0-eeaf-4337-b99e-edc8c825f36e,0.0000,16.0466,1.0000,0.0000,0.0000,0.6667,0.2381
4da9a570-5edf-44bd-b262-3de1664706ea,adc5de5d-5f7a-4315-ae7c-01194bb38567,0.0000,11.3589,1.0000,0.0000,0.0000,0.6667,0.2381
4da9a570-5edf-44bd-b262-3de1664706ea,1977a7f8-0fe7-41af-a87a-76cfb1713877,2.0000,9.3673,0.5000,2.0000,2.0000,0.6667,0.1250
4da9a570-5edf-44bd-b262-3de1664706ea,8a1e5a0f-87f3-4a3c-8afc-6d403b90401e,0.0000,9.7863,1.0000,0.0000,0.0000,0.6667,0.2381
4da9a570-5edf-44bd-b262-3de1664706ea,059ef947-4a12-4833-add6-17c6f7c41a05,0.0000,13.5629,1.0000,0.0000,0.0000,0.6667,0.1429
4da9a570-5edf-44bd-b262-3de1664706ea,fa8a729c-880c-4ec4-b231-decd82e1496a,2.0000,7.5335,0.5000,2.0000,2.0000,0.6667,0.0476
4da9a570-5edf-44bd-b262-3de1664706ea,1f060904-d763-45c4-adb3-0bcccf916f16,2.0000,9.6218,0.5000,2.0000,2.0000,0.6667,0.0476
4da9a570-5edf-44bd-b262-3de1664706ea,3525aec3-2b10-4958-977b-1d0db69061e1,2.0000,11.9891,0.5000,2.0000,2.0000,0.0000,0.0455
4da9a570-5edf-44bd-b262-3de1664706ea,4dc55917-1ad9-4f41-a4a5-efa709d235d9,2.0000,12.7751,0.5000,2.0000,2.0000,0.6667,0.0476
4da9a570-5edf-44bd-b262-3de1664706ea,b20b4a65-b7c6-4cea-b79f-6a6db36ffdb1,0.0000,13.0544,1.0000,0.0000,0.0000,0.6667,0.2381
4da9a570-5edf-44bd-b262-3de1664706ea,dfc01f3d-0bd7-4b56-aaac-87f7635b8f94,0.0000,17.7153,1.0000,0.0000,0.0000,0.6667,0.2857
4da9a570-5edf-44bd-b262-3de1664706ea,2a693e8a-5f1a-4c10-9dbe-32a95fdb6c21,0.0000,11.9473,1.0000,0.0000,0.0000,0.0000,0.1429
4da9a570-5edf-44bd-b262-3de1664706ea,afa62b93-9459-4a3d-b943-44e88f2ba832,0.0000,4.8785,1.0000,0.0000,0.0000,0.0000,0.1429
4da9a570-5edf-44bd-b262-3de1664706ea,6a574a63-684b-4e8e-86d8-56c4ef182e83,0.0000,10.1536,1.0000,0.0000,0.0000,0.0000,0.1905
4da9a570-5edf-44bd-b262-3de1664706ea,5fc2040b-5445-448e-bdf1-c32854189d53,0.0000,6.5012,1.0000,0.0000,0.0000,0.0000,0.1905
4da9a570-5edf-44bd-b262-3de1664706ea,2d8a413c-9727-4a6a-8fc0-42bb4d8573d2,0.0000,9.8114,1.0000,0.0000,0.0000,0.0000,0.2381
4da9a570-5edf-44bd-b262-3de1664706ea,61f121ba-cb60-465c-a2f5-9f2f14974ee8,2.0000,11.8828,0.5000,2.0000,2.0000,0.6667,0.1429
4da9a570-5edf-44bd-b262-3de1664706ea,905bd711-6c1a-4bb8-9c8d-808f8a4b9705,0.0000,8.1685,1.0000,0.0000,0.0000,0.0000,0.0455
4da9a570-5edf-44bd-b262-3de1664706ea,925fcff5-826c-4439-8315-4d6434f6f7db,0.0000,17.9985,1.0000,0.0000,0.0000,0.6667,0.1429
4da9a570-5edf-44bd-b262-3de1664706ea,fafe7552-d597-4e47-b1bb-0abd8cdcfe25,0.0000,10.6696,1.0000,0.0000,0.0000,0.0000,0.2381
4da9a570-5edf-44bd-b262-3de1664706ea,2be2d465-90ce-4beb-b5dc-6c92bdf23287,0.0000,4.8272,1.0000,0.0000,0.0000,0.0000,0.0476
4da9a570-5edf-44bd-b262-3de1664706ea,62694c2b-296e-4ea6-b29f-d6fce70f4ee0,0.0000,16.4497,1.0000,0.0000,0.0000,0.6667,0.1429
4da9a570-5edf-44bd-b262-3de1664706ea,4a9b7b3e-39f8-4542-b6a3-2cdddbc64b84,0.0000,17.8073,1.0000,0.0000,0.0000,0.6667,0.3333
4da9a570-5edf-44bd-b262-3de1664706ea,f2f08e2f-79b8-4a56-92e9-cfc0e2b94f70,2.0000,8.1952,0.5000,2.0000,2.0000,0.6667,0.1250
4da9a570-5edf-44bd-b262-3de1664706ea,5a3d63bf-344c-4e6e-bc93-50b3b9150d26,0.0000,5.5979,1.0000,0.0000,0.0000,0.0000,0.1905
4da9a570-5edf-44bd-b262-3de1664706ea,5c6cea65-33e0-4403-ac24-1f3e986820f5,2.0000,10.7677,0.5000,2.0000,2.0000,0.6667,0.0476
4da9a570-5edf-44bd-b262-3de1664706ea,ce289378-48db-4c5b-817b-85a3f7170b6d,2.0000,10.0849,0.5000,2.0000,2.0000,0.0000,0.1923
4da9a570-5edf-44bd-b262-3de1664706ea,8e122a6e-999f-4977-b4e1-21eb03cae87d,2.0000,9.1171,0.5000,2.0000,2.0000,0.6667,0.0870
4da9a570-5edf-44bd-b262-3de1664706ea,6a94bf0c-f443-448e-ba57-f3aa2805cb05,0.0000,10.6505,1.0000,0.0000,0.0000,0.0000,0.0952
4da9a570-5edf-44bd-b262-3de1664706ea,cfb5d567-1d11-4a1e-9030-f9ea119d29ab,0.0000,9.1135,1.0000,0.0000,0.0000,0.0000,0.2857
4da9a570-5edf-44bd-b262-3de1664706ea,bd111f97-40ec-48c2-9537-3f4585fd3c61,0.0000,12.6992,1.0000,0.0000,0.0000,0.0000,0.2857
4da9a570-5edf-44bd-b262-3de1664706ea,56043fae-9517-4a04-b8ca-05c203f26132,0.0000,8.8402,1.0000,0.0000,0.0000,0.0000,0.3810
4da9a570-5edf-44bd-b262-3de1664706ea,cf50eb11-df20-4705-8b1b-2d77ce2403ef,0.0000,15.1054,1.0000,0.0000,0.0000,0.6667,0.1905
4da9a570-5edf-44bd-b262-3de1664706ea,5de87467-8cbd-4a2d-90a3-7e283de285fa,0.0000,8.7129,1.0000,0.0000,0.0000,0.0000,0.1429
4da9a570-5edf-44bd-b262-3de1664706ea,dcf216e8-416d-44ea-80bf-2587651dfd37,0.0000,9.1897,1.0000,0.0000,0.0000,0.0000,0.1429
4da9a570-5edf-44bd-b262-3de1664706ea,e163b85d-9f81-4c13-8c8c-521c33484e74,2.0000,10.6183,0.5000,2.0000,2.0000,0.6667,0.1600
4da9a570-5edf-44bd-b262-3de1664706ea,0f5bc599-7a61-4792-8bf7-b9f78eec50fc,2.0000,12.0629,0.5000,2.0000,2.0000,0.0000,0.0870
4da9a570-5edf-44bd-b262-3de1664706ea,e5a14bb0-fea4-41eb-9bdd-aed3acec68b7,0.0000,11.1788,1.0000,0.0000,0.0000,0.6667,0.2381
4da9a570-5edf-44bd-b262-3de1664706ea,d5cb26d7-030e-4b27-a7fc-8913c4a80794,2.0000,7.0629,0.5000,2.0000,2.0000,0.6667,0.0870
4da9a570-5edf-44bd-b262-3de1664706ea,0f63c729-6dbc-48c2-9f43-89c37de9818f,0.0000,9.6959,1.0000,0.0000,0.0000,0.0000,0.1905
4da9a570-5edf-44bd-b262-3de1664706ea,d73b320a-790d-4a0e-b13f-02a09cbaf3bf,0.0000,10.0437,1.0000,0.0000,0.0000,0.0000,0.0952
4da9a570-5edf-44bd-b262-3de1664706ea,6f8acc59-cbf2-4b96-be3f-d5173828b422,0.0000,11.1609,1.0000,0.0000,0.0000,0.6667,0.0476
4da9a570-5edf-44bd-b262-3de1664706ea,a9bef44c-9e90-409b-9b07-93db1d3be774,2.0000,8.1960,0.5000,2.0000,2.0000,0.6667,0.1600
4da9a570-5edf-44bd-b262-3de1664706ea,62d0e0ab-0ed6-401f-b329-a12d20a79fb8,0.0000,15.4539,1.0000,0.0000,0.0000,0.0000,0.0952
4da9a570-5edf-44bd-b262-3de1664706ea,c8403da2-d968-494c-bbbe-bc7855b370ab,0.0000,12.8270,1.0000,0.0000,0.0000,0.6667,0.2857
4da9a570-5edf-44bd-b262-3de1664706ea,49e59cdd-4809-43f6-b618-1d0396a89857,2.0000,8.0432,0.5000,2.0000,2.0000,0.6667,0.1923
4da9a570-5edf-44bd-b262-3de1664706ea,ccfc5874-fe2c-4d37-ab22-2f8deae33eae,2.0000,8.0139,0.5000,2.0000,2.0000,0.0000,0.0870
4da9a570-5edf-44bd-b262-3de1664706ea,2b35aae8-7d5a-4e25-bd0b-8ae554405fa5,0.0000,16.5584,1.0000,0.0000,0.0000,0.6667,0.2857
4da9a570-5edf-44bd-b262-3de1664706ea,642ee07e-29b6-45a7-9826-aa2f8e6f6fda,2.0000,9.2973,0.5000,2.0000,2.0000,0.6667,0.1600
4da9a570-5edf-44bd-b262-3de1664706ea,18f05cad-c4a5-45a2-afda-2c6693684b81,0.0000,10.4050,1.0000,0.0000,0.0000,0.6667,0.2381
4da9a570-5edf-44bd-b262-3de1664706ea,6db16bc6-1a3a-47dc-9b2e-e489ff3a30d3,2.0000,4.7679,0.5000,2.0000,2.0000,0.6667,0.0870
4da9a570-5edf-44bd-b262-3de1664706ea,cf2e50ca-eb53-4a77-97c9-065f239b9c28,0.0000,11.6664,1.0000,0.0000,0.0000,0.6667,0.2857
4da9a570-5edf-44bd-b262-3de1664706ea,2003d6e5-1b34-47a0-80b4-f960cc4d1c06,0.0000,15.4679,1.0000,0.0000,0.0000,0.6667,0.0952
4da9a570-5edf-44bd-b262-3de1664706ea,692df9b4-47d2-48c1-8732-aa2dbd856038,0.0000,9.5393,1.0000,0.0000,0.0000,0.0000,0.0476
4da9a570-5edf-44bd-b262-3de1664706ea,853d8cdf-bbba-40fe-bc3c-9dbf4a72e3ba,0.0000,14.2743,1.0000,0.0000,0.0000,0.6667,0.0952
4da9a570-5edf-44bd-b262-3de1664706ea,2517b72c-41df-4f4a-a74f-4e6a4d8fb9a6,0.0000,15.0737,1.0000,0.0000,0.0000,0.6667,0.0870
4da9a570-5edf-44bd-b262-3de1664706ea,f761d41a-5220-42bf-872b-6a75cea6e24b,0.0000,9.7733,1.0000,0.0000,0.0000,0.0000,0.2381
4da9a570-5edf-44bd-b262-3de1664706ea,e8b9141c-9944-4c1d-beb1-2a3921ab8e1a,2.0000,11.9367,0.5000,2.0000,2.0000,0.6667,0.2222
4da9a570-5edf-44bd-b262-3de1664706ea,ff4975cc-52b8-41ed-8a6f-c69487eab5e8,0.0000,16.7315,1.0000,0.0000,0.0000,0.6667,0.1905
4da9a570-5edf-44bd-b262-3de1664706ea,22594200-2b3a-466f-9a4c-fc62849a043c,0.0000,11.8778,1.0000,0.0000,0.0000,0.6667,0.0476
4da9a570-5edf-44bd-b262-3de1664706ea,76a03818-1adc-4462-a8d3-fd5cc8cde7c3,2.0000,11.7112,0.5000,2.0000,2.0000,0.6667,0.0952
4da9a570-5edf-44bd-b262-3de1664706ea,14cbf3ff-91dd-4d34-92fe-f218d90b36a1,0.0000,8.2645,1.0000,0.0000,0.0000,0.0000,0.1905
7105fb47-b5e3-46e7-9197-d83c0f4526aa,cc43ad38-fb37-4584-b672-7e13df12000d,0.0000,9.1652,1.0000,0.0000,0.0000,0.6667,0.1111
7105fb47-b5e3-46e7-9197-d83c0f4526aa,6f14499e-d0d7-4bef-a1f0-86d3cc46e4dc,0.0000,8.9698,1.0000,0.0000,0.0000,0.6667,0.1000
7105fb47-b5e3-46e7-9197-d83c0f4526aa,0997d41c-6d90-4c74-9ca2-a03e0dfe6499,0.0000,0.6211,1.0000,0.0000,0.0000,0.0000,0.0000
7105fb47-b5e3-46e7-9197-d83c0f4526aa,2e68bde0-2ec3-4d13-9c70-4a6edcc253f8,0.0000,15.0212,1.0000,0.0000,0.0000,0.6667,0.0000
7105fb47-b5e3-46e7-9197-d83c0f4526aa,22c05025-cd65-4fd6-b42b-e1e1318adfe3,2.0000,8.9797,0.5000,2.0000,2.0000,0.6667,0.0556
7105fb47-b5e3-46e7-9197-d83c0f4526aa,52690bf0-6649-4e43-81a1-f4d14d84c9bb,2.0000,12.4168,0.5000,2.0000,2.0000,0.6667,0.3077
7105fb47-b5e3-46e7-9197-d83c0f4526aa,aa0e625f-0115-4592-a2d1-f12ab8f8fd07,0.0000,6.9882,1.0000,0.0000,0.0000,0.0000,0.0526
7105fb47-b5e3-46e7-9197-d83c0f4526aa,a34b9a88-6139-4498-8cb4-7dc14826736b,0.0000,9.5093,1.0000,0.0000,0.0000,0.0000,0.2222
7105fb47-b5e3-46e7-9197-d83c0f4526aa,fc38c551-9fce-4cb9-989c-e14a15ec343d,0.0000,13.9882,1.0000,0.0000,0.0000,0.0000,0.1000
7105fb47-b5e3-46e7-9197-d83c0f4526aa,282804f0-eeaf-4337-b99e-edc8c825f36e,0.0000,13.0836,1.0000,0.0000,0.0000,0.6667,0.1111
7105fb47-b5e3-46e7-9197-d83c0f4526aa,adc5de5d-5f7a-4315-ae7c-01194bb38567,0.0000,12.9355,1.0000,0.0000,0.0000,0.6667,0.1111
7105fb47-b5e3-46e7-9197-d83c0f4526aa,1977a7f8-0fe7-41af-a87a-76cfb1713877,2.0000,11.7435,0.5000,2.0000,2.0000,0.6667,0.2500
7105fb47-b5e3-46e7-9197-d83c0f4526aa,8a1e5a0f-87f3-4a3c-8afc-6d403b90401e,0.0000,6.5323,1.0000,0.0000,0.0000,0.6667,0.1111
7105fb47-b5e3-46e7-9197-d83c0f4526aa,059ef947-4a12-4833-add6-17c6f7c41a05,0.0000,12.4743,1.0000,0.0000,0.0000,0.6667,0.0000
7105fb47-b5e3-46e7-9197-d83c0f4526aa,fa8a729c-880c-4ec4-b231-decd82e1496a,2.0000,9.1339,0.5000,2.0000,2.0000,0.6667,0.1000
7105fb47-b5e3-46e7-9197-d83c0f4526aa,1f060904-d763-45c4-adb3-0bcccf916f16,2.0000,11.1471,0.5000,2.0000,2.0000,0.6667,0.1000
7105fb47-b5e3-46e7-9197-d83c0f4526aa,3525aec3-2b10-4958-977b-1d0db69061e1,2.0000,10.2874,0.5000,2.0000,2.0000,0.0000,0.1818
7105fb47-b5e3-46e7-9197-d83c0f4526aa,4dc55917-1ad9-4f41-a4a5-efa709d235d9,2.0000,6.6231,0.5000,2.0000,2.0000,0.6667,0.1000
7105fb47-b5e3-46e7-9197-d83c0f4526aa,b20b4a65-b7c6-4cea-b79f-6a6db36ffdb1,0.0000,13.9827,1.0000,0.0000,0.0000,0.6667,0.1111
7105fb47-b5e3-46e7-9197-d83c0f4526aa,dfc01f3d-0bd7-4b56-aaac-87f7635b8f94,0.0000,12.4611,1.0000,0.0000,0.0000,0.6667,0.1667
7105fb47-b5e3-46e7-9197-d83c0f4526aa,2a693e8a-5f1a-4c10-9dbe-32a95fdb6c21,0.0000,14.0989,1.0000,0.0000,0.0000,0.0000,0.0000
7105fb47-b5e3-46e7-9197-d83c0f4526aa,afa62b93-9459-4a3d-b943-44e88f2ba832,0.0000,11.0145,1.0000,0.0000,0.0000,0.0000,0.0000
7105fb47-b5e3-46e7-9197-d83c0f4526aa,6a574a63-684b-4e8e-86d8-56c4ef182e83,0.0000,5.2199,1.0000,0.0000,0.0000,0.0000,0.0556
7105fb47-b5e3-46e7-9197-d83c0f4526aa,5fc2040b-5445-448e-bdf1-c32854189d53,0.0000,10.1247,1.0000,0.0000,0.0000,0.0000,0.0556
7105fb47-b5e3-46e7-9197-d83c0f4526aa,2d8a413c-9727-4a6a-8fc0-42bb4d8573d2,0.0000,7.0337,1.0000,0.0000,0.0000,0.0000,0.1111
7105fb47-b5e3-46e7-9197-d83c0f4526aa,61f121ba-cb60-465c-a2f5-9f2f14974ee8,2.0000,6.5759,0.5000,2.0000,2.0000,0.6667,0.0000
7105fb47-b5e3-46e7-9197-d83c0f4526aa,905bd711-6c1a-4bb8-9c8d-808f8a4b9705,0.0000,6.0737,1.0000,0.0000,0.0000,0.0000,0.1818
7105fb47-b5e3-46e7-9197-d83c0f4526aa,925fcff5-826c-4439-8315-4d6434f6f7db,0.0000,12.7387,1.0000,0.0000,0.0000,0.6667,0.0000
7105fb47-b5e3-46e7-9197-d83c0f4526aa,fafe7552-d597-4e47-b1bb-0abd8cdcfe25,0.0000,10.4703,1.0000,0.0000,0.0000,0.0000,0.1111
7105fb47-b5e3-46e7-9197-d83c0f4526aa,2be2d465-90ce-4beb-b5dc-6c92bdf23287,0.0000,11.0294,1.0000,0.0000,0.0000,0.0000,0.1000
7105fb47-b5e3-46e7-9197-d83c0f4526aa,62694c2b-296e-4ea6-b29f-d6fce70f4ee0,0.0000,9.6989,1.0000,0.0000,0.0000,0.6667,0.0000
7105fb47-b5e3-46e7-9197-d83c0f4526aa,4a9b7b3e-39f8-4542-b6a3-2cdddbc64b84,0.0000,12.1396,1.0000,0.0000,0.0000,0.6667,0.2222
7105fb47-b5e3-46e7-9197-d83c0f4526aa,f2f08e2f-79b8-4a56-92e9-cfc0e2b94f70,2.0000,10.3789,0.5000,2.0000,2.0000,0.6667,0.2500
7105fb47-b5e3-46e7-9197-d83c0f4526aa,5a3d63bf-344c-4e6e-bc93-50b3b9150d26,0.0000,9.6913,1.0000,0.0000,0.0000,0.0000,0.0556
7105fb47-b5e3-46e7-9197-d83c0f4526aa,5c6cea65-33e0-4403-ac24-1f3e986820f5,2.0000,7.7960,0.5000,2.0000,2.0000,0.6667,0.1000
7105fb47-b5e3-46e7-9197-d83c0f4526aa,ce289378-48db-4c5b-817b-85a3f7170b6d,2.0000,9.1997,0.5000,2.0000,2.0000,0.0000,0.3077
7105fb47-b5e3-46e7-9197-d83c0f4526aa,8e122a6e-999f-4977-b4e1-21eb03cae87d,2.0000,7.3008,0.5000,2.0000,2.0000,0.6667,0.2174
7105fb47-b5e3-46e7-9197-d83c0f4526aa,6a94bf0c-f443-448e-ba57-f3aa2805cb05,0.0000,5.4172,1.0000,0.0000,0.0000,0.0000,0.0526
7105fb47-b5e3-46e7-9197-d83c0f4526aa,cfb5d567-1d11-4a1e-9030-f9ea119d29ab,0.0000,12.0601,1.0000,0.0000,0.0000,0.0000,0.1667
7105fb47-b5e3-46e7-9197-d83c0f4526aa,bd111f97-40ec-48c2-9537-3f4585fd3c61,0.0000,13.7071,1.0000,0.0000,0.0000,0.0000,0.1667
7105fb47-b5e3-46e7-9197-d83c0f4526aa,56043fae-9517-4a04-b8ca-05c203f26132,0.0000,9.8025,1.0000,0.0000,0.0000,0.0000,0.2778
7105fb47-b5e3-46e7-9197-d83c0f4526aa,cf50eb11-df20-4705-8b1b-2d77ce2403ef,0.0000,15.7374,1.0000,0.0000,0.0000,0.6667,0.0556
7105fb47-b5e3-46e7-9197-d83c0f4526aa,5de87467-8cbd-4a2d-90a3-7e283de285fa,0.0000,12.0728,1.0000,0.0000,0.0000,0.0000,0.0000
7105fb47-b5e3-46e7-9197-d83c0f4526aa,dcf216e8-416d-44ea-80bf-2587651dfd37,0.0000,12.4459,1.0000,0.0000,0.0000,0.0000,0.0000
7105fb47-b5e3-46e7-9197-d83c0f4526aa,e163b85d-9f81-4c13-8c8c-521c33484e74,2.0000,9.6026,0.5000,2.0000,2.0000,0.6667,0.2800
7105fb47-b5e3-46e7-9197-d83c0f4526aa,0f5bc599-7a61-4792-8bf7-b9f78eec50fc,2.0000,9.0939,0.5000,2.0000,2.0000,0.0000,0.2174
7105fb47-b5e3-46e7-9197-d83c0f4526aa,e5a14bb0-fea4-41eb-9bdd-aed3acec68b7,0.0000,13.3540,1.0000,0.0000,0.0000,0.6667,0.1111
7105fb47-b5e3-46e7-9197-d83c0f4526aa,d5cb26d7-030e-4b27-a7fc-8913c4a80794,2.0000,7.4328,0.5000,2.0000,2.0000,0.6667,0.2174
7105fb47-b5e3-46e7-9197-d83c0f4526aa,0f63c729-6dbc-48c2-9f43-89c37de9818f,0.0000,9.3839,1.0000,0.0000,0.0000,0.0000,0.0556
7105fb47-b5e3-46e7-9197-d83c0f4526aa,d73b320a-790d-4a0e-b13f-02a09cbaf3bf,0.0000,4.8621,1.0000,0.0000,0.0000,0.0000,0.0526
7105fb47-b5e3-46e7-9197-d83c0f4526aa,6f8acc59-cbf2-4b96-be3f-d5173828b422,0.0000,10.0579,1.0000,0.0000,0.0000,0.6667,0.1000
7105fb47-b5e3-46e7-9197-d83c0f4526aa,a9bef44c-9e90-409b-9b07-93db1d3be774,2.0000,7.7549,0.5000,2.0000,2.0000,0.6667,0.2800
7105fb47-b5e3-46e7-9197-d83c0f4526aa,62d0e0ab-0ed6-401f-b329-a12d20a79fb8,0.0000,9.9556,1.0000,0.0000,0.0000,0.0000,0.0526
7105fb47-b5e3-46e7-9197-d83c0f4526aa,c8403da2-d968-494c-bbbe-bc7855b370ab,0.0000,10.9567,1.0000,0.0000,0.0000,0.6667,0.1667
7105fb47-b5e3-46e7-9197-d83c0f4526aa,49e59cdd-4809-43f6-b618-1d0396a89857,2.0000,6.9055,0.5000,2.0000,2.0000,0.6667,0.3077
7105fb47-b5e3-46e7-9197-d83c0f4526aa,ccfc5874-fe2c-4d37-ab22-2f8deae33eae,2.0000,5.9184,0.5000,2.0000,2.0000,0.0000,0.2174
7105fb47-b5e3-46e7-9197-d83c0f4526aa,2b35aae8-7d5a-4e25-bd0b-8ae554405fa5,0.0000,11.4359,1.0000,0.0000,0.0000,0.6667,0.1667
7105fb47-b5e3-46e7-9197-d83c0f4526aa,642ee07e-29b6-45a7-9826-aa2f8e6f6fda,2.0000,10.1379,0.5000,2.0000,2.0000,0.6667,0.2800
7105fb47-b5e3-46e7-9197-d83c0f4526aa,18f05cad-c4a5-45a2-afda-2c6693684b81,0.0000,14.3454,1.0000,0.0000,0.0000,0.6667,0.1111
7105fb47-b5e3-46e7-9197-d83c0f4526aa,6db16bc6-1a3a-47dc-9b2e-e489ff3a30d3,2.0000,5.2984,0.5000,2.0000,2.0000,0.6667,0.2174
7105fb47-b5e3-46e7-9197-d83c0f4526aa,cf2e50ca-eb53-4a77-97c9-065f239b9c28,0.0000,14.9336,1.0000,0.0000,0.0000,0.6667,0.1667
7105fb47-b5e3-46e7-9197-d83c0f4526aa,2003d6e5-1b34-47a0-80b4-f960cc4d1c06,0.0000,10.2225,1.0000,0.0000,0.0000,0.6667,0.0526
7105fb47-b5e3-46e7-9197-d83c0f4526aa,692df9b4-47d2-48c1-8732-aa2dbd856038,0.0000,7.1873,1.0000,0.0000,0.0000,0.0000,0.1000
7105fb47-b5e3-46e7-9197-d83c0f4526aa,853d8cdf-bbba-40fe-bc3c-9dbf4a72e3ba,0.0000,12.3975,1.0000,0.0000,0.0000,0.6667,0.0526
7105fb47-b5e3-46e7-9197-d83c0f4526aa,2517b72c-41df-4f4a-a74f-4e6a4d8fb9a6,0.0000,12.2553,1.0000,0.0000,0.0000,0.6667,0.2174
7105fb47-b5e3-46e7-9197-d83c0f4526aa,f761d41a-5220-42bf-872b-6a75cea6e24b,0.0000,9.7742,1.0000,0.0000,0.0000,0.0000,0.1111
7105fb47-b5e3-46e7-9197-d83c0f4526aa,e8b9141c-9944-4c1d-beb1-2a3921ab8e1a,2.0000,7.9862,0.5000,2.0000,2.0000,0.6667,0.3333
7105fb47-b5e3-46e7-9197-d83c0f4526aa,ff4975cc-52b8-41ed-8a6f-c69487eab5e8,0.0000,10.3309,1.0000,0.0000,0.0000,0.6667,0.0556
7105fb47-b5e3-46e7-9197-d83c0f4526aa,22594200-2b3a-466f-9a4c-fc62849a043c,0.0000,11.1550,1.0000,0.0000,0.0000,0.6667,0.1000
7105fb47-b5e3-46e7-9197-d83c0f4526aa,76a03818-1adc-4462-a8d3-fd5cc8cde7c3,2.0000,9.5366,0.5000,2.0000,2.0000,0.6667,0.0526
7105fb47-b5e3-46e7-9197-d83c0f4526aa,14cbf3ff-91dd-4d34-92fe-f218d90b36a1,0.0000,4.4971,1.0000,0.0000,0.0000,0.0000,0.0556
cc43ad38-fb37-4584-b672-7e13df12000d,6f14499e-d0d7-4bef-a1f0-86d3cc46e4dc,0.0000,9.0550,1.0000,0.0000,0.0000,0.0000,0.2000
cc43ad38-fb37-4584-b672-7e13df12000d,0997d41c-6d90-4c74-9ca2-a03e0dfe6499,0.0000,9.3139,1.0000,0.0000,0.0000,0.6667,0.1111
cc43ad38-fb37-4584-b672-7e13df12000d,2e68bde0-2ec3-4d13-9c70-4a6edcc253f8,0.0000,11.1784,1.0000,0.0000,0.0000,0.0000,0.1111
cc43ad38-fb37-4584-b672-7e13df12000d,22c05025-cd65-4fd6-b42b-e1e1318adfe3,2.0000,9.4050,0.5000,2.0000,2.0000,0.0000,0.0588
cc43ad38-fb37-4584-b672-7e13df12000d,52690bf0-6649-4e43-81a1-f4d14d84c9bb,2.0000,10.7265,0.5000,2.0000,2.0000,0.0000,0.3846
cc43ad38-fb37-4584-b672-7e13df12000d,aa0e625f-0115-4592-a2d1-f12ab8f8fd07,0.0000,11.9404,1.0000,0.0000,0.0000,0.6667,0.1579
cc43ad38-fb37-4584-b672-7e13df12000d,a34b9a88-6139-4498-8cb4-7dc14826736b,0.0000,6.6628,1.0000,0.0000,0.0000,0.6667,0.1250
cc43ad38-fb37-4584-b672-7e13df12000d,fc38c551-9fce-4cb9-989c-e14a15ec343d,0.0000,15.7970,1.0000,0.0000,0.0000,0.6667,0.2000
cc43ad38-fb37-4584-b672-7e13df12000d,282804f0-eeaf-4337-b99e-edc8c825f36e,0.0000,8.4660,1.0000,0.0000,0.0000,0.0000,0.0000
cc43ad38-fb37-4584-b672-7e13df12000d,adc5de5d-5f7a-4315-ae7c-01194bb38567,0.0000,11.3811,1.0000,0.0000,0.0000,0.0000,0.0000
cc43ad38-fb37-4584-b672-7e13df12000d,1977a7f8-0fe7-41af-a87a-76cfb1713877,2.0000,12.2643,0.5000,2.0000,2.0000,0.6667,0.3333
cc43ad38-fb37-4584-b672-7e13df12000d,8a1e5a0f-87f3-4a3c-8afc-6d403b90401e,0.0000,10.7702,1.0000,0.0000,0.0000,0.6667,0.0000
cc43ad38-fb37-4584-b672-7e13df12000d,059ef947-4a12-4833-add6-17c6f7c41a05,0.0000,8.3951,1.0000,0.0000,0.0000,0.0000,0.1111
cc43ad38-fb37-4584-b672-7e13df12000d,fa8a729c-880c-4ec4-b231-decd82e1496a,2.0000,11.2024,0.5000,2.0000,2.0000,0.0000,0.2000
cc43ad38-fb37-4584-b672-7e13df12000d,1f060904-d763-45c4-adb3-0bcccf916f16,2.0000,12.2755,0.5000,2.0000,2.0000,0.0000,0.2000
cc43ad38-fb37-4584-b672-7e13df12000d,3525aec3-2b10-4958-977b-1d0db69061e1,2.0000,9.4787,0.5000,2.0000,2.0000,0.6667,0.2727
cc43ad38-fb37-4584-b672-7e13df12000d,4dc55917-1ad9-4f41-a4a5-efa709d235d9,2.0000,3.9436,0.5000,2.0000,2.0000,0.6667,0.2000
cc43ad38-fb37-4584-b672-7e13df12000d,b20b4a65-b7c6-4cea-b79f-6a6db36ffdb1,0.0000,10.9279,1.0000,0.0000,0.0000,0.0000,0.0000
cc43ad38-fb37-4584-b672-7e13df12000d,dfc01f3d-0bd7-4b56-aaac-87f7635b8f94,0.0000,4.4992,1.0000,0.0000,0.0000,0.0000,0.0625
cc43ad38-fb37-4584-b672-7e13df12000d,2a693e8a-5f1a-4c10-9dbe-32a95fdb6c21,0.0000,15.0051,1.0000,0.0000,0.0000,0.6667,0.1111
cc43ad38-fb37-4584-b672-7e13df12000d,afa62b93-9459-4a3d-b943-44e88f2ba832,0.0000,16.0110,1.0000,0.0000,0.0000,0.6667,0.1111
cc43ad38-fb37-4584-b672-7e13df12000d,6a574a63-684b-4e8e-86d8-56c4ef182e83,0.0000,9.0026,1.0000,0.0000,0.0000,0.6667,0.0588
cc43ad38-fb37-4584-b672-7e13df12000d,5fc2040b-5445-448e-bdf1-c32854189d53,0.0000,13.6050,1.0000,0.0000,0.0000,0.6667,0.0588
cc43ad38-fb37-4584-b672-7e13df12000d,2d8a413c-9727-4a6a-8fc0-42bb4d8573d2,0.0000,11.5683,1.0000,0.0000,0.0000,0.6667,0.0000
cc43ad38-fb37-4584-b672-7e13df12000d,61f121ba-cb60-465c-a2f5-9f2f14974ee8,2.0000,6.5932,0.5000,2.0000,2.0000,0.6667,0.1111
cc43ad38-fb37-4584-b672-7e13df12000d,905bd711-6c1a-4bb8-9c8d-808f8a4b9705,0.0000,11.6122,1.0000,0.0000,0.0000,0.6667,0.2727
cc43ad38-fb37-4584-b672-7e13df12000d,925fcff5-826c-4439-8315-4d6434f6f7db,0.0000,9.1697,1.0000,0.0000,0.0000,0.0000,0.1111
cc43ad38-fb37-4584-b672-7e13df12000d,fafe7552-d597-4e47-b1bb-0abd8cdcfe25,0.0000,10.7193,1.0000,0.0000,0.0000,0.6667,0.0000
cc43ad38-fb37-4584-b672-7e13df12000d,2be2d465-90ce-4beb-b5dc-6c92bdf23287,0.0000,16.1533,1.0000,0.0000,0.0000,0.6667,0.2000
cc43ad38-fb37-4584-b672-7e13df12000d,62694c2b-296e-4ea6-b29f-d6fce70f4ee0,0.0000,6.4903,1.0000,0.0000,0.0000,0.0000,0.1111
cc43ad38-fb37-4584-b672-7e13df12000d,4a9b7b3e-39f8-4542-b6a3-2cdddbc64b84,0.0000,4.4859,1.0000,0.0000,0.0000,0.0000,0.1250
cc43ad38-fb37-4584-b672-7e13df12000d,f2f08e2f-79b8-4a56-92e9-cfc0e2b94f70,2.0000,12.9801,0.5000,2.0000,2.0000,0.0000,0.3333
cc43ad38-fb37-4584-b672-7e13df12000d,5a3d63bf-344c-4e6e-bc93-50b3b9150d26,0.0000,14.3385,1.0000,0.0000,0.0000,0.6667,0.0588
cc43ad38-fb37-4584-b672-7e13df12000d,5c6cea65-33e0-4403-ac24-1f3e986820f5,2.0000,8.7411,0.5000,2.0000,2.0000,0.0000,0.2000
cc43ad38-fb37-4584-b672-7e13df12000d,ce289378-48db-4c5b-817b-85a3f7170b6d,2.0000,10.4336,0.5000,2.0000,2.0000,0.6667,0.3846
cc43ad38-fb37-4584-b672-7e13df12000d,8e122a6e-999f-4977-b4e1-21eb03cae87d,2.0000,8.6670,0.5000,2.0000,2.0000,0.0000,0.3043
cc43ad38-fb37-4584-b672-7e13df12000d,6a94bf0c-f443-448e-ba57-f3aa2805cb05,0.0000,8.4266,1.0000,0.0000,0.0000,0.6667,0.1579
cc43ad38-fb37-4584-b672-7e13df12000d,cfb5d567-1d11-4a1e-9030-f9ea119d29ab,0.0000,14.3298,1.0000,0.0000,0.0000,0.6667,0.0625
cc43ad38-fb37-4584-b672-7e13df12000d,bd111f97-40ec-48c2-9537-3f4585fd3c61,0.0000,12.0375,1.0000,0.0000,0.0000,0.6667,0.0625
cc43ad38-fb37-4584-b672-7e13df12000d,56043fae-9517-4a04-b8ca-05c203f26132,0.0000,11.6325,1.0000,0.0000,0.0000,0.6667,0.1875
cc43ad38-fb37-4584-b672-7e13df12000d,cf50eb11-df20-4705-8b1b-2d77ce2403ef,0.0000,12.3012,1.0000,0.0000,0.0000,0.0000,0.0588
cc43ad38-fb37-4584-b672-7e13df12000d,5de87467-8cbd-4a2d-90a3-7e283de285fa,0.0000,14.4058,1.0000,0.0000,0.0000,0.6667,0.1111
cc43ad38-fb37-4584-b672-7e13df12000d,dcf216e8-416d-44ea-80bf-2587651dfd37,0.0000,14.6986,1.0000,0.0000,0.0000,0.6667,0.1111
cc43ad38-fb37-4584-b672-7e13df12000d,e163b85d-9f81-4c13-8c8c-521c33484e74,2.0000,9.9866,0.5000,2.0000,2.0000,0.0000,0.3600
cc43ad38-fb37-4584-b672-7e13df12000d,0f5bc599-7a61-4792-8bf7-b9f78eec50fc,2.0000,7.0656,0.5000,2.0000,2.0000,0.6667,0.3043
cc43ad38-fb37-4584-b672-7e13df12000d,e5a14bb0-fea4-41eb-9bdd-aed3acec68b7,0.0000,12.2480,1.0000,0.0000,0.0000,0.0000,0.0000
cc43ad38-fb37-4584-b672-7e13df12000d,d5cb26d7-030e-4b27-a7fc-8913c4a80794,2.0000,10.5829,0.5000,2.0000,2.0000,0.0000,0.3043
cc43ad38-fb37-4584-b672-7e13df12000d,0f63c729-6dbc-48c2-9f43-89c37de9818f,0.0000,14.0553,1.0000,0.0000,0.0000,0.6667,0.0588
cc43ad38-fb37-4584-b672-7e13df12000d,d73b320a-790d-4a0e-b13f-02a09cbaf3bf,0.0000,8.1807,1.0000,0.0000,0.0000,0.6667,0.1579
cc43ad38-fb37-4584-b672-7e13df12000d,6f8acc59-cbf2-4b96-be3f-d5173828b422,0.0000,5.9398,1.0000,0.0000,0.0000,0.0000,0.2000
cc43ad38-fb37-4584-b672-7e13df12000d,a9bef44c-9e90-409b-9b07-93db1d3be774,2.0000,10.8247,0.5000,2.0000,2.0000,0.0000,0.3600
cc43ad38-fb37-4584-b672-7e13df12000d,62d0e0ab-0ed6-401f-b329-a12d20a79fb8,0.0000,7.2802,1.0000,0.0000,0.0000,0.6667,0.1579
cc43ad38-fb37-4584-b672-7e13df12000d,c8403da2-d968-494c-bbbe-bc7855b370ab,0.0000,5.8181,1.0000,0.0000,0.0000,0.0000,0.0625
cc43ad38-fb37-4584-b672-7e13df12000d,49e59cdd-4809-43f6-b618-1d0396a89857,2.0000,13.4675,0.5000,2.0000,2.0000,0.0000,0.3846
cc43ad38-fb37-4584-b672-7e13df12000d,ccfc5874-fe2c-4d37-ab22-2f8deae33eae,2.0000,12.0276,0.5000,2.0000,2.0000,0.6667,0.3043
cc43ad38-fb37-4584-b672-7e13df12000d,2b35aae8-7d5a-4e25-bd0b-8ae554405fa5,0.0000,2.8076,1.0000,0.0000,0.0000,0.0000,0.0625
cc43ad38-fb37-4584-b672-7e13df12000d,642ee07e-29b6-45a7-9826-aa2f8e6f6fda,2.0000,7.9385,0.5000,2.0000,2.0000,0.0000,0.3600
cc43ad38-fb37-4584-b672-7e13df12000d,18f05cad-c4a5-45a2-afda-2c6693684b81,0.0000,15.3269,1.0000,0.0000,0.0000,0.6667,0.0000
cc43ad38-fb37-4584-b672-7e13df12000d,6db16bc6-1a3a-47dc-9b2e-e489ff3a30d3,2.0000,10.7501,0.5000,2.0000,2.0000,0.6667,0.3043
cc43ad38-fb37-4584-b672-7e13df12000d,cf2e50ca-eb53-4a77-97c9-065f239b9c28,0.0000,14.9442,1.0000,0.0000,0.0000,0.6667,0.0625
cc43ad38-fb37-4584-b672-7e13df12000d,2003d6e5-1b34-47a0-80b4-f960cc4d1c06,0.0000,9.1378,1.0000,0.0000,0.0000,0.0000,0.1579
cc43ad38-fb37-4584-b672-7e13df12000d,692df9b4-47d2-48c1-8732-aa2dbd856038,0.0000,12.1321,1.0000,0.0000,0.0000,0.6667,0.2000
cc43ad38-fb37-4584-b672-7e13df12000d,853d8cdf-bbba-40fe-bc3c-9dbf4a72e3ba,0.0000,8.5740,1.0000,0.0000,0.0000,0.0000,0.1579
cc43ad38-fb37-4584-b672-7e13df12000d,2517b72c-41df-4f4a-a74f-4e6a4d8fb9a6,0.0000,11.7292,1.0000,0.0000,0.0000,0.0000,0.3043
cc43ad38-fb37-4584-b672-7e13df12000d,f761d41a-5220-42bf-872b-6a75cea6e24b,0.0000,14.6385,1.0000,0.0000,0.0000,0.6667,0.0000
cc43ad38-fb37-4584-b672-7e13df12000d,e8b9141c-9944-4c1d-beb1-2a3921ab8e1a,2.0000,5.8643,0.5000,2.0000,2.0000,0.0000,0.4074
cc43ad38-fb37-4584-b672-7e13df12000d,ff4975cc-52b8-41ed-8a6f-c69487eab5e8,0.0000,6.7302,1.0000,0.0000,0.0000,0.0000,0.0588
cc43ad38-fb37-4584-b672-7e13df12000d,22594200-2b3a-466f-9a4c-fc62849a043c,0.0000,9.4186,1.0000,0.0000,0.0000,0.0000,0.2000
cc43ad38-fb37-4584-b672-7e13df12000d,76a03818-1adc-4462-a8d3-fd5cc8cde7c3,2.0000,10.5412,0.5000,2.0000,2.0000,0.6667,0.1579
cc43ad38-fb37-4584-b672-7e13df12000d,14cbf3ff-91dd-4d34-92fe-f218d90b36a1,0.0000,11.8571,1.0000,0.0000,0.0000,0.6667,0.0588
6f14499e-d0d7-4bef-a1f0-86d3cc46e4dc,0997d41c-6d90-4c74-9ca2-a03e0dfe6499,0.0000,9.2404,1.0000,0.0000,0.0000,0.6667,0.1000
6f14499e-d0d7-4bef-a1f0-86d3cc46e4dc,2e68bde0-2ec3-4d13-9c70-4a6edcc253f8,0.0000,6.6114,1.0000,0.0000,0.0000,0.0000,0.1000
6f14499e-d0d7-4bef-a1f0-86d3cc46e4dc,22c05025-cd65-4fd6-b42b-e1e1318adfe3,2.0000,12.7770,0.5000,2.0000,2.0000,0.0000,0.1500
6f14499e-d0d7-4bef-a1f0-86d3cc46e4dc,52690bf0-6649-4e43-81a1-f4d14d84c9bb,2.0000,8.7524,0.5000,2.0000,2.0000,0.0000,0.2308
6f14499e-d0d7-4bef-a1f0-86d3cc46e4dc,aa0e625f-0115-4592-a2d1-f12ab8f8fd07,0.0000,6.8373,1.0000,0.0000,0.0000,0.6667,0.0500
6f14499e-d0d7-4bef-a1f0-86d3cc46e4dc,a34b9a88-6139-4498-8cb4-7dc14826736b,0.0000,14.7388,1.0000,0.0000,0.0000,0.6667,0.3000
6f14499e-d0d7-4bef-a1f0-86d3cc46e4dc,fc38c551-9fce-4cb9-989c-e14a15ec343d,0.0000,9.1551,1.0000,0.0000,0.0000,0.6667,0.0000
6f14499e-d0d7-4bef-a1f0-86d3cc46e4dc,282804f0-eeaf-4337-b99e-edc8c825f36e,0.0000,5.2663,1.0000,0.0000,0.0000,0.0000,0.2000
6f14499e-d0d7-4bef-a1f0-86d3cc46e4dc,adc5de5d-5f7a-4315-ae7c-01194bb38567,0.0000,5.4828,1.0000,0.0000,0.0000,0.0000,0.2000
6f14499e-d0d7-4bef-a1f0-86d3cc46e4dc,1977a7f8-0fe7-41af-a87a-76cfb1713877,2.0000,7.4301,0.5000,2.0000,2.0000,0.6667,0.1667
6f14499e-d0d7-4bef-a1f0-86d3cc46e4dc,8a1e5a0f-87f3-4a3c-8afc-6d403b90401e,0.0000,14.9344,1.0000,0.0000,0.0000,0.6667,0.2000
6f14499e-d0d7-4bef-a1f0-86d3cc46e4dc,059ef947-4a12-4833-add6-17c6f7c41a05,0.0000,4.7544,1.0000,0.0000,0.0000,0.0000,0.1000
6f14499e-d0d7-4bef-a1f0-86d3cc46e4dc,fa8a729c-880c-4ec4-b231-decd82e1496a,2.0000,10.4631,0.5000,2.0000,2.0000,0.0000,0.0000
6f14499e-d0d7-4bef-a1f0-86d3cc46e4dc,1f060904-d763-45c4-adb3-0bcccf916f16,2.0000,11.0409,0.5000,2.0000,2.0000,0.0000,0.0000
6f14499e-d0d7-4bef-a1f0-86d3cc46e4dc,3525aec3-2b10-4958-977b-1d0db69061e1,2.0000,10.6703,0.5000,2.0000,2.0000,0.6667,0.0909
6f14499e-d0d7-4bef-a1f0-86d3cc46e4dc,4dc55917-1ad9-4f41-a4a5-efa709d235d9,2.0000,7.2705,0.5000,2.0000,2.0000,0.6667,0.0000
6f14499e-d0d7-4bef-a1f0-86d3cc46e4dc,b20b4a65-b7c6-4cea-b79f-6a6db36ffdb1,0.0000,5.3188,1.0000,0.0000,0.0000,0.0000,0.2000
6f14499e-d0d7-4bef-a1f0-86d3cc46e4dc,dfc01f3d-0bd7-4b56-aaac-87f7635b8f94,0.0000,7.0583,1.0000,0.0000,0.0000,0.0000,0.2500
6f14499e-d0d7-4bef-a1f0-86d3cc46e4dc,2a693e8a-5f1a-4c10-9dbe-32a95fdb6c21,0.0000,8.7702,1.0000,0.0000,0.0000,0.6667,0.1000
6f14499e-d0d7-4bef-a1f0-86d3cc46e4dc,afa62b93-9459-4a3d-b943-44e88f2ba832,0.0000,17.1873,1.0000,0.0000,0.0000,0.6667,0.1000
6f14499e-d0d7-4bef-a1f0-86d3cc46e4dc,6a574a63-684b-4e8e-86d8-56c4ef182e83,0.0000,13.8159,1.0000,0.0000,0.0000,0.6667,0.1500
6f14499e-d0d7-4bef-a1f0-86d3cc46e4dc,5fc2040b-5445-448e-bdf1-c32854189d53,0.0000,15.8431,1.0000,0.0000,0.0000,0.6667,0.1500
6f14499e-d0d7-4bef-a1f0-86d3cc46e4dc,2d8a413c-9727-4a6a-8fc0-42bb4d8573d2,0.0000,6.7853,1.0000,0.0000,0.0000,0.6667,0.2000
6f14499e-d0d7-4bef-a1f0-86d3cc46e4dc,61f121ba-cb60-465c-a2f5-9f2f14974ee8,2.0000,7.0545,0.5000,2.0000,2.0000,0.6667,0.1000
6f14499e-d0d7-4bef-a1f0-86d3cc46e4dc,905bd711-6c1a-4bb8-9c8d-808f8a4b9705,0.0000,14.9596,1.0000,0.0000,0.0000,0.6667,0.0909
6f14499e-d0d7-4bef-a1f0-86d3cc46e4dc,925fcff5-826c-4439-8315-4d6434f6f7db,0.0000,7.2586,1.0000,0.0000,0.0000,0.0000,0.1000
6f14499e-d0d7-4bef-a1f0-86d3cc46e4dc,fafe7552-d597-4e47-b1bb-0abd8cdcfe25,0.0000,10.4319,1.0000,0.0000,0.0000,0.6667,0.2000
6f14499e-d0d7-4bef-a1f0-86d3cc46e4dc,2be2d465-90ce-4beb-b5dc-6c92bdf23287,0.0000,17.3227,1.0000,0.0000,0.0000,0.6667,0.0000
6f14499e-d0d7-4bef-a1f0-86d3cc46e4dc,62694c2b-296e-4ea6-b29f-d6fce70f4ee0,0.0000,5.3236,1.0000,0.0000,0.0000,0.0000,0.1000
6f14499e-d0d7-4bef-a1f0-86d3cc46e4dc,4a9b7b3e-39f8-4542-b6a3-2cdddbc64b84,0.0000,7.3438,1.0000,0.0000,0.0000,0.0000,0.3000
6f14499e-d0d7-4bef-a1f0-86d3cc46e4dc,f2f08e2f-79b8-4a56-92e9-cfc0e2b94f70,2.0000,10.0621,0.5000,2.0000,2.0000,0.0000,0.1667
6f14499e-d0d7-4bef-a1f0-86d3cc46e4dc,5a3d63bf-344c-4e6e-bc93-50b3b9150d26,0.0000,15.5531,1.0000,0.0000,0.0000,0.6667,0.1500
6f14499e-d0d7-4bef-a1f0-86d3cc46e4dc,5c6cea65-33e0-4403-ac24-1f3e986820f5,2.0000,12.3076,0.5000,2.0000,2.0000,0.0000,0.0000
6f14499e-d0d7-4bef-a1f0-86d3cc46e4dc,ce289378-48db-4c5b-817b-85a3f7170b6d,2.0000,13.3873,0.5000,2.0000,2.0000,0.6667,0.2308
6f14499e-d0d7-4bef-a1f0-86d3cc46e4dc,8e122a6e-999f-4977-b4e1-21eb03cae87d,2.0000,8.2734,0.5000,2.0000,2.0000,0.0000,0.1304
6f14499e-d0d7-4bef-a1f0-86d3cc46e4dc,6a94bf0c-f443-448e-ba57-f3aa2805cb05,0.0000,13.6223,1.0000,0.0000,0.0000,0.6667,0.0500
6f14499e-d0d7-4bef-a1f0-86d3cc46e4dc,cfb5d567-1d11-4a1e-9030-f9ea119d29ab,0.0000,13.1854,1.0000,0.0000,0.0000,0.6667,0.2500
6f14499e-d0d7-4bef-a1f0-86d3cc46e4dc,bd111f97-40ec-48c2-9537-3f4585fd3c61,0.0000,7.8390,1.0000,0.0000,0.0000,0.6667,0.2500
6f14499e-d0d7-4bef-a1f0-86d3cc46e4dc,56043fae-9517-4a04-b8ca-05c203f26132,0.0000,10.4829,1.0000,0.0000,0.0000,0.6667,0.3500
6f14499e-d0d7-4bef-a1f0-86d3cc46e4dc,cf50eb11-df20-4705-8b1b-2d77ce2403ef,0.0000,7.0565,1.0000,0.0000,0.0000,0.0000,0.1500
6f14499e-d0d7-4bef-a1f0-86d3cc46e4dc,5de87467-8cbd-4a2d-90a3-7e283de285fa,0.0000,12.7141,1.0000,0.0000,0.0000,0.6667,0.1000
6f14499e-d0d7-4bef-a1f0-86d3cc46e4dc,dcf216e8-416d-44ea-80bf-2587651dfd37,0.0000,13.0263,1.0000,0.0000,0.0000,0.6667,0.1000
6f14499e-d0d7-4bef-a1f0-86d3cc46e4dc,e163b85d-9f81-4c13-8c8c-521c33484e74,2.0000,9.1688,0.5000,2.0000,2.0000,0.0000,0.2000
6f14499e-d0d7-4bef-a1f0-86d3cc46e4dc,0f5bc599-7a61-4792-8bf7-b9f78eec50fc,2.0000,6.0259,0.5000,2.0000,2.0000,0.6667,0.1304
6f14499e-d0d7-4bef-a1f0-86d3cc46e4dc,e5a14bb0-fea4-41eb-9bdd-aed3acec68b7,0.0000,4.7075,1.0000,0.0000,0.0000,0.0000,0.2000
6f14499e-d0d7-4bef-a1f0-86d3cc46e4dc,d5cb26d7-030e-4b27-a7fc-8913c4a80794,2.0000,8.2850,0.5000,2.0000,2.0000,0.0000,0.1304
6f14499e-d0d7-4bef-a1f0-86d3cc46e4dc,0f63c729-6dbc-48c2-9f43-89c37de9818f,0.0000,9.0012,1.0000,0.0000,0.0000,0.6667,0.1500
6f14499e-d0d7-4bef-a1f0-86d3cc46e4dc,d73b320a-790d-4a0e-b13f-02a09cbaf3bf,0.0000,13.2582,1.0000,0.0000,0.0000,0.6667,0.0500
6f14499e-d0d7-4bef-a1f0-86d3cc46e4dc,6f8acc59-cbf2-4b96-be3f-d5173828b422,0.0000,10.8913,1.0000,0.0000,0.0000,0.0000,0.0000
6f14499e-d0d7-4bef-a1f0-86d3cc46e4dc,a9bef44c-9e90-409b-9b07-93db1d3be774,2.0000,12.0607,0.5000,2.0000,2.0000,0.0000,0.2000
6f14499e-d0d7-4bef-a1f0-86d3cc46e4dc,62d0e0ab-0ed6-401f-b329-a12d20a79fb8,0.0000,15.1888,1.0000,0.0000,0.0000,0.6667,0.0500
6f14499e-d0d7-4bef-a1f0-86d3cc46e4dc,c8403da2-d968-494c-bbbe-bc7855b370ab,0.0000,11.0289,1.0000,0.0000,0.0000,0.0000,0.2500
6f14499e-d0d7-4bef-a1f0-86d3cc46e4dc,49e59cdd-4809-43f6-b618-1d0396a89857,2.0000,10.9851,0.5000,2.0000,2.0000,0.0000,0.2308
6f14499e-d0d7-4bef-a1f0-86d3cc46e4dc,ccfc5874-fe2c-4d37-ab22-2f8deae33eae,2.0000,9.7288,0.5000,2.0000,2.0000,0.6667,0.1304
6f14499e-d0d7-4bef-a1f0-86d3cc46e4dc,2b35aae8-7d5a-4e25-bd0b-8ae554405fa5,0.0000,11.3644,1.0000,0.0000,0.0000,0.0000,0.2500
6f14499e-d0d7-4bef-a1f0-86d3cc46e4dc,642ee07e-29b6-45a7-9826-aa2f8e6f6fda,2.0000,7.6463,0.5000,2.0000,2.0000,0.0000,0.2000
6f14499e-d0d7-4bef-a1f0-86d3cc46e4dc,18f05cad-c4a5-45a2-afda-2c6693684b81,0.0000,8.4057,1.0000,0.0000,0.0000,0.6667,0.2000
6f14499e-d0d7-4bef-a1f0-86d3cc46e4dc,6db16bc6-1a3a-47dc-9b2e-e489ff3a30d3,2.0000,10.4955,0.5000,2.0000,2.0000,0.6667,0.1304
6f14499e-d0d7-4bef-a1f0-86d3cc46e4dc,cf2e50ca-eb53-4a77-97c9-065f239b9c28,0.0000,9.9187,1.0000,0.0000,0.0000,0.6667,0.2500
6f14499e-d0d7-4bef-a1f0-86d3cc46e4dc,2003d6e5-1b34-47a0-80b4-f960cc4d1c06,0.0000,1.8247,1.0000,0.0000,0.0000,0.0000,0.0500
6f14499e-d0d7-4bef-a1f0-86d3cc46e4dc,692df9b4-47d2-48c1-8732-aa2dbd856038,0.0000,7.1233,1.0000,0.0000,0.0000,0.6667,0.0000
6f14499e-d0d7-4bef-a1f0-86d3cc46e4dc,853d8cdf-bbba-40fe-bc3c-9dbf4a72e3ba,0.0000,3.9895,1.0000,0.0000,0.0000,0.0000,0.0500
6f14499e-d0d7-4bef-a1f0-86d3cc46e4dc,2517b72c-41df-4f4a-a74f-4e6a4d8fb9a6,0.0000,4.0911,1.0000,0.0000,0.0000,0.0000,0.1304
6f14499e-d0d7-4bef-a1f0-86d3cc46e4dc,f761d41a-5220-42bf-872b-6a75cea6e24b,0.0000,9.3967,1.0000,0.0000,0.0000,0.6667,0.2000
6f14499e-d0d7-4bef-a1f0-86d3cc46e4dc,e8b9141c-9944-4c1d-beb1-2a3921ab8e1a,2.0000,8.1772,0.5000,2.0000,2.0000,0.0000,0.2593
6f14499e-d0d7-4bef-a1f0-86d3cc46e4dc,ff4975cc-52b8-41ed-8a6f-c69487eab5e8,0.0000,5.3980,1.0000,0.0000,0.0000,0.0000,0.1500
6f14499e-d0d7-4bef-a1f0-86d3cc46e4dc,22594200-2b3a-466f-9a4c-fc62849a043c,0.0000,3.1266,1.0000,0.0000,0.0000,0.0000,0.0000
6f14499e-d0d7-4bef-a1f0-86d3cc46e4dc,76a03818-1adc-4462-a8d3-fd5cc8cde7c3,2.0000,6.2864,0.5000,2.0000,2.0000,0.6667,0.0500
6f14499e-d0d7-4bef-a1f0-86d3cc46e4dc,14cbf3ff-91dd-4d34-92fe-f218d90b36a1,0.0000,12.8154,1.0000,0.0000,0.0000,0.6667,0.1500
0997d41c-6d90-4c74-9ca2-a03e0dfe6499,2e68bde0-2ec3-4d13-9c70-4a6edcc253f8,0.0000,15.3912,1.0000,0.0000,0.0000,0.6667,0.0000
0997d41c-6d90-4c74-9ca2-a03e0dfe6499,22c05025-cd65-4fd6-b42b-e1e1318adfe3,2.0000,9.5386,0.5000,2.0000,2.0000,0.6667,0.0556
0997d41c-6d90-4c74-9ca2-a03e0dfe6499,52690bf0-6649-4e43-81a1-f4d14d84c9bb,2.0000,12.6323,0.5000,2.0000,2.0000,0.6667,0.3077
0997d41c-6d90-4c74-9ca2-a03e0dfe6499,aa0e625f-0115-4592-a2d1-f12ab8f8fd07,0.0000,7.1456,1.0000,0.0000,0.0000,0.0000,0.0526
0997d41c-6d90-4c74-9ca2-a03e0dfe6499,a34b9a88-6139-4498-8cb4-7dc14826736b,0.0000,9.8121,1.0000,0.0000,0.0000,0.0000,0.2222
0997d41c-6d90-4c74-9ca2-a03e0dfe6499,fc38c551-9fce-4cb9-989c-e14a15ec343d,0.0000,14.2802,1.0000,0.0000,0.0000,0.0000,0.1000
0997d41c-6d90-4c74-9ca2-a03e0dfe6499,282804f0-eeaf-4337-b99e-edc8c825f36e,0.0000,13.2178,1.0000,0.0000,0.0000,0.6667,0.1111
0997d41c-6d90-4c74-9ca2-a03e0dfe6499,adc5de5d-5f7a-4315-ae7c-01194bb38567,0.0000,13.3033,1.0000,0.0000,0.0000,0.6667,0.1111
0997d41c-6d90-4c74-9ca2-a03e0dfe6499,1977a7f8-0fe7-41af-a87a-76cfb1713877,2.0000,12.0323,0.5000,2.0000,2.0000,0.6667,0.2500
0997d41c-6d90-4c74-9ca2-a03e0dfe6499,8a1e5a0f-87f3-4a3c-8afc-6d403b90401e,0.0000,6.8003,1.0000,0.0000,0.0000,0.6667,0.1111
0997d41c-6d90-4c74-9ca2-a03e0dfe6499,059ef947-4a12-4833-add6-17c6f7c41a05,0.0000,12.7030,1.0000,0.0000,0.0000,0.6667,0.0000
0997d41c-6d90-4c74-9ca2-a03e0dfe6499,fa8a729c-880c-4ec4-b231-decd82e1496a,2.0000,9.3818,0.5000,2.0000,2.0000,0.6667,0.1000
0997d41c-6d90-4c74-9ca2-a03e0dfe6499,1f060904-d763-45c4-adb3-0bcccf916f16,2.0000,11.4120,0.5000,2.0000,2.0000,0.6667,0.1000
0997d41c-6d90-4c74-9ca2-a03e0dfe6499,3525aec3-2b10-4958-977b-1d0db69061e1,2.0000,10.6768,0.5000,2.0000,2.0000,0.0000,0.1818
0997d41c-6d90-4c74-9ca2-a03e0dfe6499,4dc55917-1ad9-4f41-a4a5-efa709d235d9,2.0000,7.0391,0.5000,2.0000,2.0000,0.6667,0.1000
0997d41c-6d90-4c74-9ca2-a03e0dfe6499,b20b4a65-b7c6-4cea-b79f-6a6db36ffdb1,0.0000,14.2964,1.0000,0.0000,0.0000,0.6667,0.1111
0997d41c-6d90-4c74-9ca2-a03e0dfe6499,dfc01f3d-0bd7-4b56-aaac-87f7635b8f94,0.0000,12.6177,1.0000,0.0000,0.0000,0.6667,0.1667
0997d41c-6d90-4c74-9ca2-a03e0dfe6499,2a693e8a-5f1a-4c10-9dbe-32a95fdb6c21,0.0000,14.3355,1.0000,0.0000,0.0000,0.0000,0.0000
0997d41c-6d90-4c74-9ca2-a03e0dfe6499,afa62b93-9459-4a3d-b943-44e88f2ba832,0.0000,11.1232,1.0000,0.0000,0.0000,0.0000,0.0000
0997d41c-6d90-4c74-9ca2-a03e0dfe6499,6a574a63-684b-4e8e-86d8-56c4ef182e83,0.0000,5.1538,1.0000,0.0000,0.0000,0.0000,0.0556
0997d41c-6d90-4c74-9ca2-a03e0dfe6499,5fc2040b-5445-448e-bdf1-c32854189d53,0.0000,10.1678,1.0000,0.0000,0.0000,0.0000,0.0556
0997d41c-6d90-4c74-9ca2-a03e0dfe6499,2d8a413c-9727-4a6a-8fc0-42bb4d8573d2,0.0000,6.8787,1.0000,0.0000,0.0000,0.0000,0.1111
0997d41c-6d90-4c74-9ca2-a03e0dfe6499,61f121ba-cb60-465c-a2f5-9f2f14974ee8,2.0000,6.8627,0.5000,2.0000,2.0000,0.6667,0.0000
0997d41c-6d90-4c74-9ca2-a03e0dfe6499,905bd711-6c1a-4bb8-9c8d-808f8a4b9705,0.0000,6.4579,1.0000,0.0000,0.0000,0.0000,0.1818
0997d41c-6d90-4c74-9ca2-a03e0dfe6499,925fcff5-826c-4439-8315-4d6434f6f7db,0.0000,13.1274,1.0000,0.0000,0.0000,0.6667,0.0000
0997d41c-6d90-4c74-9ca2-a03e0dfe6499,fafe7552-d597-4e47-b1bb-0abd8cdcfe25,0.0000,10.5451,1.0000,0.0000,0.0000,0.0000,0.1111
0997d41c-6d90-4c74-9ca2-a03e0dfe6499,2be2d465-90ce-4beb-b5dc-6c92bdf23287,0.0000,11.1415,1.0000,0.0000,0.0000,0.0000,0.1000
0997d41c-6d90-4c74-9ca2-a03e0dfe6499,62694c2b-296e-4ea6-b29f-d6fce70f4ee0,0.0000,10.2217,1.0000,0.0000,0.0000,0.6667,0.0000
0997d41c-6d90-4c74-9ca2-a03e0dfe6499,4a9b7b3e-39f8-4542-b6a3-2cdddbc64b84,0.0000,12.2137,1.0000,0.0000,0.0000,0.6667,0.2222
0997d41c-6d90-4c74-9ca2-a03e0dfe6499,f2f08e2f-79b8-4a56-92e9-cfc0e2b94f70,2.0000,10.6938,0.5000,2.0000,2.0000,0.6667,0.2500
0997d41c-6d90-4c74-9ca2-a03e0dfe6499,5a3d63bf-344c-4e6e-bc93-50b3b9150d26,0.0000,9.7124,1.0000,0.0000,0.0000,0.0000,0.0556
0997d41c-6d90-4c74-9ca2-a03e0dfe6499,5c6cea65-33e0-4403-ac24-1f3e986820f5,2.0000,8.0971,0.5000,2.0000,2.0000,0.6667,0.1000
0997d41c-6d90-4c74-9ca2-a03e0dfe6499,ce289378-48db-4c5b-817b-85a3f7170b6d,2.0000,9.3651,0.5000,2.0000,2.0000,0.0000,0.3077
0997d41c-6d90-4c74-9ca2-a03e0dfe6499,8e122a6e-999f-4977-b4e1-21eb03cae87d,2.0000,7.5230,0.5000,2.0000,2.0000,0.6667,0.2174
0997d41c-6d90-4c74-9ca2-a03e0dfe6499,6a94bf0c-f443-448e-ba57-f3aa2805cb05,0.0000,5.4360,1.0000,0.0000,0.0000,0.0000,0.0526
0997d41c-6d90-4c74-9ca2-a03e0dfe6499,cfb5d567-1d11-4a1e-9030-f9ea119d29ab,0.0000,12.2617,1.0000,0.0000,0.0000,0.0000,0.1667
0997d41c-6d90-4c74-9ca2-a03e0dfe6499,bd111f97-40ec-48c2-9537-3f4585fd3c61,0.0000,13.8825,1.0000,0.0000,0.0000,0.0000,0.1667
0997d41c-6d90-4c74-9ca2-a03e0dfe6499,56043fae-9517-4a04-b8ca-05c203f26132,0.0000,9.6862,1.0000,0.0000,0.0000,0.0000,0.2778
0997d41c-6d90-4c74-9ca2-a03e0dfe6499,cf50eb11-df20-4705-8b1b-2d77ce2403ef,0.0000,16.1103,1.0000,0.0000,0.0000,0.6667,0.0556
0997d41c-6d90-4c74-9ca2-a03e0dfe6499,5de87467-8cbd-4a2d-90a3-7e283de285fa,0.0000,12.2698,1.0000,0.0000,0.0000,0.0000,0.0000
0997d41c-6d90-4c74-9ca2-a03e0dfe6499,dcf216e8-416d-44ea-80bf-2587651dfd37,0.0000,12.6370,1.0000,0.0000,0.0000,0.0000,0.0000
0997d41c-6d90-4c74-9ca2-a03e0dfe6499,e163b85d-9f81-4c13-8c8c-521c33484e74,2.0000,9.9914,0.5000,2.0000,2.0000,0.6667,0.2800
0997d41c-6d90-4c74-9ca2-a03e0dfe6499,0f5bc599-7a61-4792-8bf7-b9f78eec50fc,2.0000,9.4009,0.5000,2.0000,2.0000,0.0000,0.2174
0997d41c-6d90-4c74-9ca2-a03e0dfe6499,e5a14bb0-fea4-41eb-9bdd-aed3acec68b7,0.0000,13.7478,1.0000,0.0000,0.0000,0.6667,0.1111
0997d41c-6d90-4c74-9ca2-a03e0dfe6499,d5cb26d7-030e-4b27-a7fc-8913c4a80794,2.0000,7.4106,0.5000,2.0000,2.0000,0.6667,0.2174
0997d41c-6d90-4c74-9ca2-a03e0dfe6499,0f63c729-6dbc-48c2-9f43-89c37de9818f,0.0000,9.5423,1.0000,0.0000,0.0000,0.0000,0.0556
0997d41c-6d90-4c74-9ca2-a03e0dfe6499,d73b320a-790d-4a0e-b13f-02a09cbaf3bf,0.0000,5.1838,1.0000,0.0000,0.0000,0.0000,0.0526
0997d41c-6d90-4c74-9ca2-a03e0dfe6499,6f8acc59-cbf2-4b96-be3f-d5173828b422,0.0000,10.5532,1.0000,0.0000,0.0000,0.6667,0.1000
0997d41c-6d90-4c74-9ca2-a03e0dfe6499,a9bef44c-9e90-409b-9b07-93db1d3be774,2.0000,8.1602,0.5000,2.0000,2.0000,0.6667,0.2800
0997d41c-6d90-4c74-9ca2-a03e0dfe6499,62d0e0ab-0ed6-401f-b329-a12d20a79fb8,0.0000,10.2580,1.0000,0.0000,0.0000,0.0000,0.0526
0997d41c-6d90-4c74-9ca2-a03e0dfe6499,c8403da2-d968-494c-bbbe-bc7855b370ab,0.0000,11.4040,1.0000,0.0000,0.0000,0.6667,0.1667
0997d41c-6d90-4c74-9ca2-a03e0dfe6499,49e59cdd-4809-43f6-b618-1d0396a89857,2.0000,7.1687,0.5000,2.0000,2.0000,0.6667,0.3077
0997d41c-6d90-4c74-9ca2-a03e0dfe6499,ccfc5874-fe2c-4d37-ab22-2f8deae33eae,2.0000,6.1553,0.5000,2.0000,2.0000,0.0000,0.2174
0997d41c-6d90-4c74-9ca2-a03e0dfe6499,2b35aae8-7d5a-4e25-bd0b-8ae554405fa5,0.0000,11.6999,1.0000,0.0000,0.0000,0.6667,0.1667
0997d41c-6d90-4c74-9ca2-a03e0dfe6499,642ee07e-29b6-45a7-9826-aa2f8e6f6fda,2.0000,10.6084,0.5000,2.0000,2.0000,0.6667,0.2800
0997d41c-6d90-4c74-9ca2-a03e0dfe6499,18f05cad-c4a5-45a2-afda-2c6693684b81,0.0000,14.6556,1.0000,0.0000,0.0000,0.6667,0.1111
0997d41c-6d90-4c74-9ca2-a03e0dfe6499,6db16bc6-1a3a-47dc-9b2e-e489ff3a30d3,2.0000,5.3393,0.5000,2.0000,2.0000,0.6667,0.2174
0997d41c-6d90-4c74-9ca2-a03e0dfe6499,cf2e50ca-eb53-4a77-97c9-065f239b9c28,0.0000,15.1710,1.0000,0.0000,0.0000,0.6667,0.1667
0997d41c-6d90-4c74-9ca2-a03e0dfe6499,2003d6e5-1b34-47a0-80b4-f960cc4d1c06,0.0000,10.1509,1.0000,0.0000,0.0000,0.6667,0.0526
0997d41c-6d90-4c74-9ca2-a03e0dfe6499,692df9b4-47d2-48c1-8732-aa2dbd856038,0.0000,6.9367,1.0000,0.0000,0.0000,0.0000,0.1000
0997d41c-6d90-4c74-9ca2-a03e0dfe6499,853d8cdf-bbba-40fe-bc3c-9dbf4a72e3ba,0.0000,12.5185,1.0000,0.0000,0.0000,0.6667,0.0526
0997d41c-6d90-4c74-9ca2-a03e0dfe6499,2517b72c-41df-4f4a-a74f-4e6a4d8fb9a6,0.0000,12.6947,1.0000,0.0000,0.0000,0.6667,0.2174
0997d41c-6d90-4c74-9ca2-a03e0dfe6499,f761d41a-5220-42bf-872b-6a75cea6e24b,0.0000,9.9873,1.0000,0.0000,0.0000,0.0000,0.1111
0997d41c-6d90-4c74-9ca2-a03e0dfe6499,e8b9141c-9944-4c1d-beb1-2a3921ab8e1a,2.0000,7.9877,0.5000,2.0000,2.0000,0.6667,0.3333
0997d41c-6d90-4c74-9ca2-a03e0dfe6499,ff4975cc-52b8-41ed-8a6f-c69487eab5e8,0.0000,10.5228,1.0000,0.0000,0.0000,0.6667,0.0556
0997d41c-6d90-4c74-9ca2-a03e0dfe6499,22594200-2b3a-466f-9a4c-fc62849a043c,0.0000,11.3187,1.0000,0.0000,0.0000,0.6667,0.1000
0997d41c-6d90-4c74-9ca2-a03e0dfe6499,76a03818-1adc-4462-a8d3-fd5cc8cde7c3,2.0000,9.8982,0.5000,2.0000,2.0000,0.6667,0.0526
0997d41c-6d90-4c74-9ca2-a03e0dfe6499,14cbf3ff-91dd-4d34-92fe-f218d90b36a1,0.0000,4.7948,1.0000,0.0000,0.0000,0.0000,0.0556
2e68bde0-2ec3-4d13-9c70-4a6edcc253f8,22c05025-cd65-4fd6-b42b-e1e1318adfe3,2.0000,9.3729,0.5000,2.0000,2.0000,0.0000,0.0556
2e68bde0-2ec3-4d13-9c70-4a6edcc253f8,52690bf0-6649-4e43-81a1-f4d14d84c9bb,2.0000,5.8236,0.5000,2.0000,2.0000,0.0000,0.3077
2e68bde0-2ec3-4d13-9c70-4a6edcc253f8,aa0e625f-0115-4592-a2d1-f12ab8f8fd07,0.0000,12.3577,1.0000,0.0000,0.0000,0.6667,0.0526
2e68bde0-2ec3-4d13-9c70-4a6edcc253f8,a34b9a88-6139-4498-8cb4-7dc14826736b,0.0000,14.5444,1.0000,0.0000,0.0000,0.6667,0.2222
2e68bde0-2ec3-4d13-9c70-4a6edcc253f8,fc38c551-9fce-4cb9-989c-e14a15ec343d,0.0000,9.4214,1.0000,0.0000,0.0000,0.6667,0.1000
2e68bde0-2ec3-4d13-9c70-4a6edcc253f8,282804f0-eeaf-4337-b99e-edc8c825f36e,0.0000,5.5384,1.0000,0.0000,0.0000,0.0000,0.1111
2e68bde0-2ec3-4d13-9c70-4a6edcc253f8,adc5de5d-5f7a-4315-ae7c-01194bb38567,0.0000,5.3325,1.0000,0.0000,0.0000,0.0000,0.1111
2e68bde0-2ec3-4d13-9c70-4a6edcc253f8,1977a7f8-0fe7-41af-a87a-76cfb1713877,2.0000,7.2457,0.5000,2.0000,2.0000,0.6667,0.2500
2e68bde0-2ec3-4d13-9c70-4a6edcc253f8,8a1e5a0f-87f3-4a3c-8afc-6d403b90401e,0.0000,12.0849,1.0000,0.0000,0.0000,0.6667,0.1111
2e68bde0-2ec3-4d13-9c70-4a6edcc253f8,059ef947-4a12-4833-add6-17c6f7c41a05,0.0000,5.1419,1.0000,0.0000,0.0000,0.0000,0.0000
2e68bde0-2ec3-4d13-9c70-4a6edcc253f8,fa8a729c-880c-4ec4-b231-decd82e1496a,2.0000,8.4304,0.5000,2.0000,2.0000,0.0000,0.1000
2e68bde0-2ec3-4d13-9c70-4a6edcc253f8,1f060904-d763-45c4-adb3-0bcccf916f16,2.0000,6.4259,0.5000,2.0000,2.0000,0.0000,0.1000
2e68bde0-2ec3-4d13-9c70-4a6edcc253f8,3525aec3-2b10-4958-977b-1d0db69061e1,2.0000,7.9978,0.5000,2.0000,2.0000,0.6667,0.1818
2e68bde0-2ec3-4d13-9c70-4a6edcc253f8,4dc55917-1ad9-4f41-a4a5-efa709d235d9,2.0000,10.3412,0.5000,2.0000,2.0000,0.6667,0.1000
2e68bde0-2ec3-4d13-9c70-4a6edcc253f8,b20b4a65-b7c6-4cea-b79f-6a6db36ffdb1,0.0000,3.4864,1.0000,0.0000,0.0000,0.0000,0.1111
2e68bde0-2ec3-4d13-9c70-4a6edcc253f8,dfc01f3d-0bd7-4b56-aaac-87f7635b8f94,0.0000,8.9543,1.0000,0.0000,0.0000,0.0000,0.1667
2e68bde0-2ec3-4d13-9c70-4a6edcc253f8,2a693e8a-5f1a-4c10-9dbe-32a95fdb6c21,0.0000,8.9663,1.0000,0.0000,0.0000,0.6667,0.0000
2e68bde0-2ec3-4d13-9c70-4a6edcc253f8,afa62b93-9459-4a3d-b943-44e88f2ba832,0.0000,11.6968,1.0000,0.0000,0.0000,0.6667,0.0000
2e68bde0-2ec3-4d13-9c70-4a6edcc253f8,6a574a63-684b-4e8e-86d8-56c4ef182e83,0.0000,13.8375,1.0000,0.0000,0.0000,0.6667,0.0556
2e68bde0-2ec3-4d13-9c70-4a6edcc253f8,5fc2040b-5445-448e-bdf1-c32854189d53,0.0000,12.3379,1.0000,0.0000,0.0000,0.6667,0.0556
2e68bde0-2ec3-4d13-9c70-4a6edcc253f8,2d8a413c-9727-4a6a-8fc0-42bb4d8573d2,0.0000,12.8567,1.0000,0.0000,0.0000,0.6667,0.1111
2e68bde0-2ec3-4d13-9c70-4a6edcc253f8,61f121ba-cb60-465c-a2f5-9f2f14974ee8,2.0000,11.0184,0.5000,2.0000,2.0000,0.6667,0.0000
2e68bde0-2ec3-4d13-9c70-4a6edcc253f8,905bd711-6c1a-4bb8-9c8d-808f8a4b9705,0.0000,10.2471,1.0000,0.0000,0.0000,0.6667,0.1818
2e68bde0-2ec3-4d13-9c70-4a6edcc253f8,925fcff5-826c-4439-8315-4d6434f6f7db,0.0000,9.0047,1.0000,0.0000,0.0000,0.0000,0.0000
2e68bde0-2ec3-4d13-9c70-4a6edcc253f8,fafe7552-d597-4e47-b1bb-0abd8cdcfe25,0.0000,10.0811,1.0000,0.0000,0.0000,0.6667,0.1111
2e68bde0-2ec3-4d13-9c70-4a6edcc253f8,2be2d465-90ce-4beb-b5dc-6c92bdf23287,0.0000,11.8703,1.0000,0.0000,0.0000,0.6667,0.1000
2e68bde0-2ec3-4d13-9c70-4a6edcc253f8,62694c2b-296e-4ea6-b29f-d6fce70f4ee0,0.0000,10.5547,1.0000,0.0000,0.0000,0.0000,0.0000
2e68bde0-2ec3-4d13-9c70-4a6edcc253f8,4a9b7b3e-39f8-4542-b6a3-2cdddbc64b84,0.0000,9.7616,1.0000,0.0000,0.0000,0.0000,0.2222
2e68bde0-2ec3-4d13-9c70-4a6edcc253f8,f2f08e2f-79b8-4a56-92e9-cfc0e2b94f70,2.0000,7.6960,0.5000,2.0000,2.0000,0.0000,0.2500
2e68bde0-2ec3-4d13-9c70-4a6edcc253f8,5a3d63bf-344c-4e6e-bc93-50b3b9150d26,0.0000,13.0349,1.0000,0.0000,0.0000,0.6667,0.0556
2e68bde0-2ec3-4d13-9c70-4a6edcc253f8,5c6cea65-33e0-4403-ac24-1f3e986820f5,2.0000,10.5699,0.5000,2.0000,2.0000,0.0000,0.1000
2e68bde0-2ec3-4d13-9c70-4a6edcc253f8,ce289378-48db-4c5b-817b-85a3f7170b6d,2.0000,11.1471,0.5000,2.0000,2.0000,0.6667,0.3077
2e68bde0-2ec3-4d13-9c70-4a6edcc253f8,8e122a6e-999f-4977-b4e1-21eb03cae87d,2.0000,11.6121,0.5000,2.0000,2.0000,0.0000,0.2174
2e68bde0-2ec3-4d13-9c70-4a6edcc253f8,6a94bf0c-f443-448e-ba57-f3aa2805cb05,0.0000,13.6337,1.0000,0.0000,0.0000,0.6667,0.0526
2e68bde0-2ec3-4d13-9c70-4a6edcc253f8,cfb5d567-1d11-4a1e-9030-f9ea119d29ab,0.0000,8.0253,1.0000,0.0000,0.0000,0.6667,0.1667
2e68bde0-2ec3-4d13-9c70-4a6edcc253f8,bd111f97-40ec-48c2-9537-3f4585fd3c61,0.0000,7.7873,1.0000,0.0000,0.0000,0.6667,0.1667
2e68bde0-2ec3-4d13-9c70-4a6edcc253f8,56043fae-9517-4a04-b8ca-05c203f26132,0.0000,11.1392,1.0000,0.0000,0.0000,0.6667,0.2778
2e68bde0-2ec3-4d13-9c70-4a6edcc253f8,cf50eb11-df20-4705-8b1b-2d77ce2403ef,0.0000,1.6117,1.0000,0.0000,0.0000,0.0000,0.0556
2e68bde0-2ec3-4d13-9c70-4a6edcc253f8,5de87467-8cbd-4a2d-90a3-7e283de285fa,0.0000,8.2884,1.0000,0.0000,0.0000,0.6667,0.0000
2e68bde0-2ec3-4d13-9c70-4a6edcc253f8,dcf216e8-416d-44ea-80bf-2587651dfd37,0.0000,8.3125,1.0000,0.0000,0.0000,0.6667,0.0000
2e68bde0-2ec3-4d13-9c70-4a6edcc253f8,e163b85d-9f81-4c13-8c8c-521c33484e74,2.0000,9.8612,0.5000,2.0000,2.0000,0.0000,0.2800
2e68bde0-2ec3-4d13-9c70-4a6edcc253f8,0f5bc599-7a61-4792-8bf7-b9f78eec50fc,2.0000,7.9236,0.5000,2.0000,2.0000,0.6667,0.2174
2e68bde0-2ec3-4d13-9c70-4a6edcc253f8,e5a14bb0-fea4-41eb-9bdd-aed3acec68b7,0.0000,4.8786,1.0000,0.0000,0.0000,0.0000,0.1111
2e68bde0-2ec3-4d13-9c70-4a6edcc253f8,d5cb26d7-030e-4b27-a7fc-8913c4a80794,2.0000,11.5029,0.5000,2.0000,2.0000,0.0000,0.2174
2e68bde0-2ec3-4d13-9c70-4a6edcc253f8,0f63c729-6dbc-48c2-9f43-89c37de9818f,0.0000,9.1584,1.0000,0.0000,0.0000,0.6667,0.0556
2e68bde0-2ec3-4d13-9c70-4a6edcc253f8,d73b320a-790d-4a0e-b13f-02a09cbaf3bf,0.0000,12.8644,1.0000,0.0000,0.0000,0.6667,0.0526
2e68bde0-2ec3-4d13-9c70-4a6edcc253f8,6f8acc59-cbf2-4b96-be3f-d5173828b422,0.0000,11.2295,1.0000,0.0000,0.0000,0.0000,0.1000
2e68bde0-2ec3-4d13-9c70-4a6edcc253f8,a9bef44c-9e90-409b-9b07-93db1d3be774,2.0000,11.4513,0.5000,2.0000,2.0000,0.0000,0.2800
2e68bde0-2ec3-4d13-9c70-4a6edcc253f8,62d0e0ab-0ed6-401f-b329-a12d20a79fb8,0.0000,14.6725,1.0000,0.0000,0.0000,0.6667,0.0526
2e68bde0-2ec3-4d13-9c70-4a6edcc253f8,c8403da2-d968-494c-bbbe-bc7855b370ab,0.0000,10.4774,1.0000,0.0000,0.0000,0.0000,0.1667
2e68bde0-2ec3-4d13-9c70-4a6edcc253f8,49e59cdd-4809-43f6-b618-1d0396a89857,2.0000,10.7940,0.5000,2.0000,2.0000,0.0000,0.3077
2e68bde0-2ec3-4d13-9c70-4a6edcc253f8,ccfc5874-fe2c-4d37-ab22-2f8deae33eae,2.0000,10.5598,0.5000,2.0000,2.0000,0.6667,0.2174
2e68bde0-2ec3-4d13-9c70-4a6edcc253f8,2b35aae8-7d5a-4e25-bd0b-8ae554405fa5,0.0000,10.9305,1.0000,0.0000,0.0000,0.0000,0.1667
2e68bde0-2ec3-4d13-9c70-4a6edcc253f8,642ee07e-29b6-45a7-9826-aa2f8e6f6fda,2.0000,7.9710,0.5000,2.0000,2.0000,0.0000,0.2800
2e68bde0-2ec3-4d13-9c70-4a6edcc253f8,18f05cad-c4a5-45a2-afda-2c6693684b81,0.0000,8.4199,1.0000,0.0000,0.0000,0.6667,0.1111
2e68bde0-2ec3-4d13-9c70-4a6edcc253f8,6db16bc6-1a3a-47dc-9b2e-e489ff3a30d3,2.0000,13.2628,0.5000,2.0000,2.0000,0.6667,0.2174
2e68bde0-2ec3-4d13-9c70-4a6edcc253f8,cf2e50ca-eb53-4a77-97c9-065f239b9c28,0.0000,8.3176,1.0000,0.0000,0.0000,0.6667,0.1667
2e68bde0-2ec3-4d13-9c70-4a6edcc253f8,2003d6e5-1b34-47a0-80b4-f960cc4d1c06,0.0000,6.3860,1.0000,0.0000,0.0000,0.0000,0.0526
2e68bde0-2ec3-4d13-9c70-4a6edcc253f8,692df9b4-47d2-48c1-8732-aa2dbd856038,0.0000,13.3919,1.0000,0.0000,0.0000,0.6667,0.1000
2e68bde0-2ec3-4d13-9c70-4a6edcc253f8,853d8cdf-bbba-40fe-bc3c-9dbf4a72e3ba,0.0000,3.8953,1.0000,0.0000,0.0000,0.0000,0.0526
2e68bde0-2ec3-4d13-9c70-4a6edcc253f8,2517b72c-41df-4f4a-a74f-4e6a4d8fb9a6,0.0000,3.0032,1.0000,0.0000,0.0000,0.0000,0.2174
2e68bde0-2ec3-4d13-9c70-4a6edcc253f8,f761d41a-5220-42bf-872b-6a75cea6e24b,0.0000,9.4279,1.0000,0.0000,0.0000,0.6667,0.1111
2e68bde0-2ec3-4d13-9c70-4a6edcc253f8,e8b9141c-9944-4c1d-beb1-2a3921ab8e1a,2.0000,10.5138,0.5000,2.0000,2.0000,0.0000,0.3333
2e68bde0-2ec3-4d13-9c70-4a6edcc253f8,ff4975cc-52b8-41ed-8a6f-c69487eab5e8,0.0000,9.8827,1.0000,0.0000,0.0000,0.0000,0.0556
2e68bde0-2ec3-4d13-9c70-4a6edcc253f8,22594200-2b3a-466f-9a4c-fc62849a043c,0.0000,6.1980,1.0000,0.0000,0.0000,0.0000,0.1000
2e68bde0-2ec3-4d13-9c70-4a6edcc253f8,76a03818-1adc-4462-a8d3-fd5cc8cde7c3,2.0000,9.1716,0.5000,2.0000,2.0000,0.6667,0.0526
2e68bde0-2ec3-4d13-9c70-4a6edcc253f8,14cbf3ff-91dd-4d34-92fe-f218d90b36a1,0.0000,11.7646,1.0000,0.0000,0.0000,0.6667,0.0556
22c05025-cd65-4fd6-b42b-e1e1318adfe3,52690bf0-6649-4e43-81a1-f4d14d84c9bb,0.0000,10.1181,1.0000,0.0000,0.0000,0.0000,0.3462
22c05025-cd65-4fd6-b42b-e1e1318adfe3,aa0e625f-0115-4592-a2d1-f12ab8f8fd07,2.0000,12.7117,0.5000,2.0000,2.0000,0.6667,0.1053
22c05025-cd65-4fd6-b42b-e1e1318adfe3,a34b9a88-6139-4498-8cb4-7dc14826736b,2.0000,8.8205,0.5000,2.0000,2.0000,0.6667,0.1765
22c05025-cd65-4fd6-b42b-e1e1318adfe3,fc38c551-9fce-4cb9-989c-e14a15ec343d,2.0000,11.8867,0.5000,2.0000,2.0000,0.6667,0.1500
22c05025-cd65-4fd6-b42b-e1e1318adfe3,282804f0-eeaf-4337-b99e-edc8c825f36e,2.0000,12.7062,0.5000,2.0000,2.0000,0.0000,0.0588
22c05025-cd65-4fd6-b42b-e1e1318adfe3,adc5de5d-5f7a-4315-ae7c-01194bb38567,2.0000,9.3863,0.5000,2.0000,2.0000,0.0000,0.0588
22c05025-cd65-4fd6-b42b-e1e1318adfe3,1977a7f8-0fe7-41af-a87a-76cfb1713877,0.0000,9.6159,1.0000,0.0000,0.0000,0.6667,0.2917
22c05025-cd65-4fd6-b42b-e1e1318adfe3,8a1e5a0f-87f3-4a3c-8afc-6d403b90401e,2.0000,7.7793,0.5000,2.0000,2.0000,0.6667,0.0588
22c05025-cd65-4fd6-b42b-e1e1318adfe3,059ef947-4a12-4833-add6-17c6f7c41a05,2.0000,12.3343,0.5000,2.0000,2.0000,0.0000,0.0556
22c05025-cd65-4fd6-b42b-e1e1318adfe3,fa8a729c-880c-4ec4-b231-decd82e1496a,0.0000,9.7747,1.0000,0.0000,0.0000,0.0000,0.1500
22c05025-cd65-4fd6-b42b-e1e1318adfe3,1f060904-d763-45c4-adb3-0bcccf916f16,0.0000,8.7618,1.0000,0.0000,0.0000,0.0000,0.1500
22c05025-cd65-4fd6-b42b-e1e1318adfe3,3525aec3-2b10-4958-977b-1d0db69061e1,0.0000,7.3054,1.0000,0.0000,0.0000,0.6667,0.2273
22c05025-cd65-4fd6-b42b-e1e1318adfe3,4dc55917-1ad9-4f41-a4a5-efa709d235d9,0.0000,7.8862,1.0000,0.0000,0.0000,0.6667,0.1500
22c05025-cd65-4fd6-b42b-e1e1318adfe3,b20b4a65-b7c6-4cea-b79f-6a6db36ffdb1,2.0000,11.8975,0.5000,2.0000,2.0000,0.0000,0.0588
22c05025-cd65-4fd6-b42b-e1e1318adfe3,dfc01f3d-0bd7-4b56-aaac-87f7635b8f94,2.0000,13.1672,0.5000,2.0000,2.0000,0.0000,0.1176
22c05025-cd65-4fd6-b42b-e1e1318adfe3,2a693e8a-5f1a-4c10-9dbe-32a95fdb6c21,2.0000,11.5320,0.5000,2.0000,2.0000,0.6667,0.0556
22c05025-cd65-4fd6-b42b-e1e1318adfe3,afa62b93-9459-4a3d-b943-44e88f2ba832,2.0000,10.0004,0.5000,2.0000,2.0000,0.6667,0.0556
22c05025-cd65-4fd6-b42b-e1e1318adfe3,6a574a63-684b-4e8e-86d8-56c4ef182e83,2.0000,9.7371,0.5000,2.0000,2.0000,0.6667,0.0000
22c05025-cd65-4fd6-b42b-e1e1318adfe3,5fc2040b-5445-448e-bdf1-c32854189d53,2.0000,11.0040,0.5000,2.0000,2.0000,0.6667,0.0000
22c05025-cd65-4fd6-b42b-e1e1318adfe3,2d8a413c-9727-4a6a-8fc0-42bb4d8573d2,2.0000,13.1415,0.5000,2.0000,2.0000,0.6667,0.0588
22c05025-cd65-4fd6-b42b-e1e1318adfe3,61f121ba-cb60-465c-a2f5-9f2f14974ee8,0.0000,7.6230,1.0000,0.0000,0.0000,0.6667,0.0556
22c05025-cd65-4fd6-b42b-e1e1318adfe3,905bd711-6c1a-4bb8-9c8d-808f8a4b9705,2.0000,6.3311,0.5000,2.0000,2.0000,0.6667,0.2273
22c05025-cd65-4fd6-b42b-e1e1318adfe3,925fcff5-826c-4439-8315-4d6434f6f7db,2.0000,11.5289,0.5000,2.0000,2.0000,0.0000,0.0556
22c05025-cd65-4fd6-b42b-e1e1318adfe3,fafe7552-d597-4e47-b1bb-0abd8cdcfe25,2.0000,11.9928,0.5000,2.0000,2.0000,0.6667,0.0588
22c05025-cd65-4fd6-b42b-e1e1318adfe3,2be2d465-90ce-4beb-b5dc-6c92bdf23287,2.0000,10.0391,0.5000,2.0000,2.0000,0.6667,0.1500
22c05025-cd65-4fd6-b42b-e1e1318adfe3,62694c2b-296e-4ea6-b29f-d6fce70f4ee0,2.0000,11.8141,0.5000,2.0000,2.0000,0.0000,0.0556
22c05025-cd65-4fd6-b42b-e1e1318adfe3,4a9b7b3e-39f8-4542-b6a3-2cdddbc64b84,2.0000,13.0152,0.5000,2.0000,2.0000,0.0000,0.1765
22c05025-cd65-4fd6-b42b-e1e1318adfe3,f2f08e2f-79b8-4a56-92e9-cfc0e2b94f70,0.0000,5.8828,1.0000,0.0000,0.0000,0.0000,0.2917
22c05025-cd65-4fd6-b42b-e1e1318adfe3,5a3d63bf-344c-4e6e-bc93-50b3b9150d26,2.0000,11.5689,0.5000,2.0000,2.0000,0.6667,0.0000
22c05025-cd65-4fd6-b42b-e1e1318adfe3,5c6cea65-33e0-4403-ac24-1f3e986820f5,0.0000,6.8110,1.0000,0.0000,0.0000,0.0000,0.1500
22c05025-cd65-4fd6-b42b-e1e1318adfe3,ce289378-48db-4c5b-817b-85a3f7170b6d,0.0000,7.7565,1.0000,0.0000,0.0000,0.6667,0.3462
22c05025-cd65-4fd6-b42b-e1e1318adfe3,8e122a6e-999f-4977-b4e1-21eb03cae87d,0.0000,6.8835,1.0000,0.0000,0.0000,0.0000,0.2609
22c05025-cd65-4fd6-b42b-e1e1318adfe3,6a94bf0c-f443-448e-ba57-f3aa2805cb05,2.0000,9.0883,0.5000,2.0000,2.0000,0.6667,0.1053
22c05025-cd65-4fd6-b42b-e1e1318adfe3,cfb5d567-1d11-4a1e-9030-f9ea119d29ab,2.0000,9.5621,0.5000,2.0000,2.0000,0.6667,0.1176
22c05025-cd65-4fd6-b42b-e1e1318adfe3,bd111f97-40ec-48c2-9537-3f4585fd3c61,2.0000,14.3328,0.5000,2.0000,2.0000,0.6667,0.1176
22c05025-cd65-4fd6-b42b-e1e1318adfe3,56043fae-9517-4a04-b8ca-05c203f26132,2.0000,13.2825,0.5000,2.0000,2.0000,0.6667,0.2353
22c05025-cd65-4fd6-b42b-e1e1318adfe3,cf50eb11-df20-4705-8b1b-2d77ce2403ef,2.0000,9.9675,0.5000,2.0000,2.0000,0.0000,0.0000
22c05025-cd65-4fd6-b42b-e1e1318adfe3,5de87467-8cbd-4a2d-90a3-7e283de285fa,2.0000,10.4250,0.5000,2.0000,2.0000,0.6667,0.0556
22c05025-cd65-4fd6-b42b-e1e1318adfe3,dcf216e8-416d-44ea-80bf-2587651dfd37,2.0000,10.4168,0.5000,2.0000,2.0000,0.6667,0.0556
22c05025-cd65-4fd6-b42b-e1e1318adfe3,e163b85d-9f81-4c13-8c8c-521c33484e74,0.0000,5.9412,1.0000,0.0000,0.0000,0.0000,0.3200
22c05025-cd65-4fd6-b42b-e1e1318adfe3,0f5bc599-7a61-4792-8bf7-b9f78eec50fc,0.0000,8.6921,1.0000,0.0000,0.0000,0.6667,0.2609
22c05025-cd65-4fd6-b42b-e1e1318adfe3,e5a14bb0-fea4-41eb-9bdd-aed3acec68b7,2.0000,9.5430,0.5000,2.0000,2.0000,0.0000,0.0588
22c05025-cd65-4fd6-b42b-e1e1318adfe3,d5cb26d7-030e-4b27-a7fc-8913c4a80794,0.0000,9.1338,1.0000,0.0000,0.0000,0.0000,0.2609
22c05025-cd65-4fd6-b42b-e1e1318adfe3,0f63c729-6dbc-48c2-9f43-89c37de9818f,2.0000,9.7356,0.5000,2.0000,2.0000,0.6667,0.0000
22c05025-cd65-4fd6-b42b-e1e1318adfe3,d73b320a-790d-4a0e-b13f-02a09cbaf3bf,2.0000,8.3436,0.5000,2.0000,2.0000,0.6667,0.1053
22c05025-cd65-4fd6-b42b-e1e1318adfe3,6f8acc59-cbf2-4b96-be3f-d5173828b422,2.0000,5.8020,0.5000,2.0000,2.0000,0.0000,0.1500
22c05025-cd65-4fd6-b42b-e1e1318adfe3,a9bef44c-9e90-409b-9b07-93db1d3be774,0.0000,4.5366,1.0000,0.0000,0.0000,0.0000,0.3200
22c05025-cd65-4fd6-b42b-e1e1318adfe3,62d0e0ab-0ed6-401f-b329-a12d20a79fb8,2.0000,8.8644,0.5000,2.0000,2.0000,0.6667,0.1053
22c05025-cd65-4fd6-b42b-e1e1318adfe3,c8403da2-d968-494c-bbbe-bc7855b370ab,2.0000,5.2025,0.5000,2.0000,2.0000,0.0000,0.1176
22c05025-cd65-4fd6-b42b-e1e1318adfe3,49e59cdd-4809-43f6-b618-1d0396a89857,0.0000,7.7579,1.0000,0.0000,0.0000,0.0000,0.3462
22c05025-cd65-4fd6-b42b-e1e1318adfe3,ccfc5874-fe2c-4d37-ab22-2f8deae33eae,0.0000,7.5695,1.0000,0.0000,0.0000,0.6667,0.2609
22c05025-cd65-4fd6-b42b-e1e1318adfe3,2b35aae8-7d5a-4e25-bd0b-8ae554405fa5,2.0000,9.0346,0.5000,2.0000,2.0000,0.0000,0.1176
22c05025-cd65-4fd6-b42b-e1e1318adfe3,642ee07e-29b6-45a7-9826-aa2f8e6f6fda,0.0000,6.0902,1.0000,0.0000,0.0000,0.0000,0.3200
22c05025-cd65-4fd6-b42b-e1e1318adfe3,18f05cad-c4a5-45a2-afda-2c6693684b81,2.0000,11.6181,0.5000,2.0000,2.0000,0.6667,0.0588
22c05025-cd65-4fd6-b42b-e1e1318adfe3,6db16bc6-1a3a-47dc-9b2e-e489ff3a30d3,0.0000,8.1691,1.0000,0.0000,0.0000,0.6667,0.2609
22c05025-cd65-4fd6-b42b-e1e1318adfe3,cf2e50ca-eb53-4a77-97c9-065f239b9c28,2.0000,14.0944,0.5000,2.0000,2.0000,0.6667,0.1176
22c05025-cd65-4fd6-b42b-e1e1318adfe3,2003d6e5-1b34-47a0-80b4-f960cc4d1c06,2.0000,13.1383,0.5000,2.0000,2.0000,0.0000,0.1053
22c05025-cd65-4fd6-b42b-e1e1318adfe3,692df9b4-47d2-48c1-8732-aa2dbd856038,2.0000,13.7207,0.5000,2.0000,2.0000,0.6667,0.1500
22c05025-cd65-4fd6-b42b-e1e1318adfe3,853d8cdf-bbba-40fe-bc3c-9dbf4a72e3ba,2.0000,12.0360,0.5000,2.0000,2.0000,0.0000,0.1053
22c05025-cd65-4fd6-b42b-e1e1318adfe3,2517b72c-41df-4f4a-a74f-4e6a4d8fb9a6,2.0000,9.3954,0.5000,2.0000,2.0000,0.0000,0.2609
22c05025-cd65-4fd6-b42b-e1e1318adfe3,f761d41a-5220-42bf-872b-6a75cea6e24b,2.0000,10.0743,0.5000,2.0000,2.0000,0.6667,0.0588
22c05025-cd65-4fd6-b42b-e1e1318adfe3,e8b9141c-9944-4c1d-beb1-2a3921ab8e1a,0.0000,11.2409,1.0000,0.0000,0.0000,0.0000,0.3704
22c05025-cd65-4fd6-b42b-e1e1318adfe3,ff4975cc-52b8-41ed-8a6f-c69487eab5e8,2.0000,11.8005,0.5000,2.0000,2.0000,0.0000,0.0000
22c05025-cd65-4fd6-b42b-e1e1318adfe3,22594200-2b3a-466f-9a4c-fc62849a043c,2.0000,10.2577,0.5000,2.0000,2.0000,0.0000,0.1500
22c05025-cd65-4fd6-b42b-e1e1318adfe3,76a03818-1adc-4462-a8d3-fd5cc8cde7c3,0.0000,9.9689,1.0000,0.0000,0.0000,0.6667,0.1053
22c05025-cd65-4fd6-b42b-e1e1318adfe3,14cbf3ff-91dd-4d34-92fe-f218d90b36a1,2.0000,5.1452,0.5000,2.0000,2.0000,0.6667,0.0000
52690bf0-6649-4e43-81a1-f4d14d84c9bb,aa0e625f-0115-4592-a2d1-f12ab8f8fd07,2.0000,7.8156,0.5000,2.0000,2.0000,0.6667,0.2692
52690bf0-6649-4e43-81a1-f4d14d84c9bb,a34b9a88-6139-4498-8cb4-7dc14826736b,2.0000,12.6032,0.5000,2.0000,2.0000,0.6667,0.4615
52690bf0-6649-4e43-81a1-f4d14d84c9bb,fc38c551-9fce-4cb9-989c-e14a15ec343d,2.0000,7.8829,0.5000,2.0000,2.0000,0.6667,0.2308
52690bf0-6649-4e43-81a1-f4d14d84c9bb,282804f0-eeaf-4337-b99e-edc8c825f36e,2.0000,5.7878,0.5000,2.0000,2.0000,0.0000,0.3846
52690bf0-6649-4e43-81a1-f4d14d84c9bb,adc5de5d-5f7a-4315-ae7c-01194bb38567,2.0000,9.3790,0.5000,2.0000,2.0000,0.0000,0.3846
52690bf0-6649-4e43-81a1-f4d14d84c9bb,1977a7f8-0fe7-41af-a87a-76cfb1713877,0.0000,6.0564,1.0000,0.0000,0.0000,0.6667,0.0769
52690bf0-6649-4e43-81a1-f4d14d84c9bb,8a1e5a0f-87f3-4a3c-8afc-6d403b90401e,2.0000,11.8092,0.5000,2.0000,2.0000,0.6667,0.3846
52690bf0-6649-4e43-81a1-f4d14d84c9bb,059ef947-4a12-4833-add6-17c6f7c41a05,2.0000,5.5199,0.5000,2.0000,2.0000,0.0000,0.3077
52690bf0-6649-4e43-81a1-f4d14d84c9bb,fa8a729c-880c-4ec4-b231-decd82e1496a,0.0000,7.0371,1.0000,0.0000,0.0000,0.0000,0.2308
52690bf0-6649-4e43-81a1-f4d14d84c9bb,1f060904-d763-45c4-adb3-0bcccf916f16,0.0000,4.6125,1.0000,0.0000,0.0000,0.0000,0.2308
52690bf0-6649-4e43-81a1-f4d14d84c9bb,3525aec3-2b10-4958-977b-1d0db69061e1,0.0000,7.5762,1.0000,0.0000,0.0000,0.6667,0.1538
52690bf0-6649-4e43-81a1-f4d14d84c9bb,4dc55917-1ad9-4f41-a4a5-efa709d235d9,0.0000,9.6736,1.0000,0.0000,0.0000,0.6667,0.2308
52690bf0-6649-4e43-81a1-f4d14d84c9bb,b20b4a65-b7c6-4cea-b79f-6a6db36ffdb1,2.0000,7.7046,0.5000,2.0000,2.0000,0.0000,0.3846
52690bf0-6649-4e43-81a1-f4d14d84c9bb,dfc01f3d-0bd7-4b56-aaac-87f7635b8f94,2.0000,10.5686,0.5000,2.0000,2.0000,0.0000,0.4231
52690bf0-6649-4e43-81a1-f4d14d84c9bb,2a693e8a-5f1a-4c10-9dbe-32a95fdb6c21,2.0000,7.6512,0.5000,2.0000,2.0000,0.6667,0.3077
52690bf0-6649-4e43-81a1-f4d14d84c9bb,afa62b93-9459-4a3d-b943-44e88f2ba832,2.0000,10.0910,0.5000,2.0000,2.0000,0.6667,0.3077
52690bf0-6649-4e43-81a1-f4d14d84c9bb,6a574a63-684b-4e8e-86d8-56c4ef182e83,2.0000,9.8633,0.5000,2.0000,2.0000,0.6667,0.3462
52690bf0-6649-4e43-81a1-f4d14d84c9bb,5fc2040b-5445-448e-bdf1-c32854189d53,2.0000,7.6338,0.5000,2.0000,2.0000,0.6667,0.3462
52690bf0-6649-4e43-81a1-f4d14d84c9bb,2d8a413c-9727-4a6a-8fc0-42bb4d8573d2,2.0000,8.4263,0.5000,2.0000,2.0000,0.6667,0.3846
52690bf0-6649-4e43-81a1-f4d14d84c9bb,61f121ba-cb60-465c-a2f5-9f2f14974ee8,0.0000,11.3506,1.0000,0.0000,0.0000,0.6667,0.3077
52690bf0-6649-4e43-81a1-f4d14d84c9bb,905bd711-6c1a-4bb8-9c8d-808f8a4b9705,2.0000,9.7390,0.5000,2.0000,2.0000,0.6667,0.1538
52690bf0-6649-4e43-81a1-f4d14d84c9bb,925fcff5-826c-4439-8315-4d6434f6f7db,2.0000,11.9311,0.5000,2.0000,2.0000,0.0000,0.3077
52690bf0-6649-4e43-81a1-f4d14d84c9bb,fafe7552-d597-4e47-b1bb-0abd8cdcfe25,2.0000,4.4433,0.5000,2.0000,2.0000,0.6667,0.3846
52690bf0-6649-4e43-81a1-f4d14d84c9bb,2be2d465-90ce-4beb-b5dc-6c92bdf23287,2.0000,10.3050,0.5000,2.0000,2.0000,0.6667,0.2308
52690bf0-6649-4e43-81a1-f4d14d84c9bb,62694c2b-296e-4ea6-b29f-d6fce70f4ee0,2.0000,13.1327,0.5000,2.0000,2.0000,0.0000,0.3077
52690bf0-6649-4e43-81a1-f4d14d84c9bb,4a9b7b3e-39f8-4542-b6a3-2cdddbc64b84,2.0000,11.1271,0.5000,2.0000,2.0000,0.0000,0.4615
52690bf0-6649-4e43-81a1-f4d14d84c9bb,f2f08e2f-79b8-4a56-92e9-cfc0e2b94f70,0.0000,6.3775,1.0000,0.0000,0.0000,0.0000,0.0769
52690bf0-6649-4e43-81a1-f4d14d84c9bb,5a3d63bf-344c-4e6e-bc93-50b3b9150d26,2.0000,11.2312,0.5000,2.0000,2.0000,0.6667,0.3462
52690bf0-6649-4e43-81a1-f4d14d84c9bb,5c6cea65-33e0-4403-ac24-1f3e986820f5,0.0000,6.8101,1.0000,0.0000,0.0000,0.0000,0.2308
52690bf0-6649-4e43-81a1-f4d14d84c9bb,ce289378-48db-4c5b-817b-85a3f7170b6d,0.0000,11.0156,1.0000,0.0000,0.0000,0.6667,0.0000
52690bf0-6649-4e43-81a1-f4d14d84c9bb,8e122a6e-999f-4977-b4e1-21eb03cae87d,0.0000,10.1131,1.0000,0.0000,0.0000,0.0000,0.1154
52690bf0-6649-4e43-81a1-f4d14d84c9bb,6a94bf0c-f443-448e-ba57-f3aa2805cb05,2.0000,9.9509,0.5000,2.0000,2.0000,0.6667,0.2692
52690bf0-6649-4e43-81a1-f4d14d84c9bb,cfb5d567-1d11-4a1e-9030-f9ea119d29ab,2.0000,5.8991,0.5000,2.0000,2.0000,0.6667,0.4231
52690bf0-6649-4e43-81a1-f4d14d84c9bb,bd111f97-40ec-48c2-9537-3f4585fd3c61,2.0000,5.3773,0.5000,2.0000,2.0000,0.6667,0.4231
52690bf0-6649-4e43-81a1-f4d14d84c9bb,56043fae-9517-4a04-b8ca-05c203f26132,2.0000,8.7768,0.5000,2.0000,2.0000,0.6667,0.5000
52690bf0-6649-4e43-81a1-f4d14d84c9bb,cf50eb11-df20-4705-8b1b-2d77ce2403ef,2.0000,6.3097,0.5000,2.0000,2.0000,0.0000,0.3462
52690bf0-6649-4e43-81a1-f4d14d84c9bb,5de87467-8cbd-4a2d-90a3-7e283de285fa,2.0000,5.9496,0.5000,2.0000,2.0000,0.6667,0.3077
52690bf0-6649-4e43-81a1-f4d14d84c9bb,dcf216e8-416d-44ea-80bf-2587651dfd37,2.0000,5.9607,0.5000,2.0000,2.0000,0.6667,0.3077
52690bf0-6649-4e43-81a1-f4d14d84c9bb,e163b85d-9f81-4c13-8c8c-521c33484e74,0.0000,9.5463,1.0000,0.0000,0.0000,0.0000,0.0385
52690bf0-6649-4e43-81a1-f4d14d84c9bb,0f5bc599-7a61-4792-8bf7-b9f78eec50fc,0.0000,8.5229,1.0000,0.0000,0.0000,0.6667,0.1154
52690bf0-6649-4e43-81a1-f4d14d84c9bb,e5a14bb0-fea4-41eb-9bdd-aed3acec68b7,2.0000,8.5063,0.5000,2.0000,2.0000,0.0000,0.3846
52690bf0-6649-4e43-81a1-f4d14d84c9bb,d5cb26d7-030e-4b27-a7fc-8913c4a80794,0.0000,8.9775,1.0000,0.0000,0.0000,0.0000,0.1154
52690bf0-6649-4e43-81a1-f4d14d84c9bb,0f63c729-6dbc-48c2-9f43-89c37de9818f,2.0000,4.7347,0.5000,2.0000,2.0000,0.6667,0.3462
52690bf0-6649-4e43-81a1-f4d14d84c9bb,d73b320a-790d-4a0e-b13f-02a09cbaf3bf,2.0000,9.1856,0.5000,2.0000,2.0000,0.6667,0.2692
52690bf0-6649-4e43-81a1-f4d14d84c9bb,6f8acc59-cbf2-4b96-be3f-d5173828b422,2.0000,13.1681,0.5000,2.0000,2.0000,0.0000,0.2308
52690bf0-6649-4e43-81a1-f4d14d84c9bb,a9bef44c-9e90-409b-9b07-93db1d3be774,0.0000,10.4809,1.0000,0.0000,0.0000,0.0000,0.0385
52690bf0-6649-4e43-81a1-f4d14d84c9bb,62d0e0ab-0ed6-401f-b329-a12d20a79fb8,2.0000,12.7272,0.5000,2.0000,2.0000,0.6667,0.2692
52690bf0-6649-4e43-81a1-f4d14d84c9bb,c8403da2-d968-494c-bbbe-bc7855b370ab,2.0000,12.5451,0.5000,2.0000,2.0000,0.0000,0.4231
52690bf0-6649-4e43-81a1-f4d14d84c9bb,49e59cdd-4809-43f6-b618-1d0396a89857,0.0000,7.3156,1.0000,0.0000,0.0000,0.0000,0.0000
52690bf0-6649-4e43-81a1-f4d14d84c9bb,ccfc5874-fe2c-4d37-ab22-2f8deae33eae,0.0000,7.1040,1.0000,0.0000,0.0000,0.6667,0.1154
52690bf0-6649-4e43-81a1-f4d14d84c9bb,2b35aae8-7d5a-4e25-bd0b-8ae554405fa5,2.0000,10.5227,0.5000,2.0000,2.0000,0.0000,0.4231
52690bf0-6649-4e43-81a1-f4d14d84c9bb,642ee07e-29b6-45a7-9826-aa2f8e6f6fda,0.0000,10.1342,1.0000,0.0000,0.0000,0.0000,0.0385
52690bf0-6649-4e43-81a1-f4d14d84c9bb,18f05cad-c4a5-45a2-afda-2c6693684b81,2.0000,7.8860,0.5000,2.0000,2.0000,0.6667,0.3846
52690bf0-6649-4e43-81a1-f4d14d84c9bb,6db16bc6-1a3a-47dc-9b2e-e489ff3a30d3,0.0000,11.3783,1.0000,0.0000,0.0000,0.6667,0.1154
52690bf0-6649-4e43-81a1-f4d14d84c9bb,cf2e50ca-eb53-4a77-97c9-065f239b9c28,2.0000,7.6546,0.5000,2.0000,2.0000,0.6667,0.4231
52690bf0-6649-4e43-81a1-f4d14d84c9bb,2003d6e5-1b34-47a0-80b4-f960cc4d1c06,2.0000,9.5348,0.5000,2.0000,2.0000,0.0000,0.2692
52690bf0-6649-4e43-81a1-f4d14d84c9bb,692df9b4-47d2-48c1-8732-aa2dbd856038,2.0000,8.9006,0.5000,2.0000,2.0000,0.6667,0.2308
52690bf0-6649-4e43-81a1-f4d14d84c9bb,853d8cdf-bbba-40fe-bc3c-9dbf4a72e3ba,2.0000,9.3718,0.5000,2.0000,2.0000,0.0000,0.2692
52690bf0-6649-4e43-81a1-f4d14d84c9bb,2517b72c-41df-4f4a-a74f-4e6a4d8fb9a6,2.0000,6.2933,0.5000,2.0000,2.0000,0.0000,0.1154
52690bf0-6649-4e43-81a1-f4d14d84c9bb,f761d41a-5220-42bf-872b-6a75cea6e24b,2.0000,5.0127,0.5000,2.0000,2.0000,0.6667,0.3846
52690bf0-6649-4e43-81a1-f4d14d84c9bb,e8b9141c-9944-4c1d-beb1-2a3921ab8e1a,0.0000,8.0325,1.0000,0.0000,0.0000,0.0000,0.0370
52690bf0-6649-4e43-81a1-f4d14d84c9bb,ff4975cc-52b8-41ed-8a6f-c69487eab5e8,2.0000,12.4551,0.5000,2.0000,2.0000,0.0000,0.3462
52690bf0-6649-4e43-81a1-f4d14d84c9bb,22594200-2b3a-466f-9a4c-fc62849a043c,2.0000,9.2853,0.5000,2.0000,2.0000,0.0000,0.2308
52690bf0-6649-4e43-81a1-f4d14d84c9bb,76a03818-1adc-4462-a8d3-fd5cc8cde7c3,0.0000,7.8419,1.0000,0.0000,0.0000,0.6667,0.2692
52690bf0-6649-4e43-81a1-f4d14d84c9bb,14cbf3ff-91dd-4d34-92fe-f218d90b36a1,2.0000,9.8273,0.5000,2.0000,2.0000,0.6667,0.3462
aa0e625f-0115-4592-a2d1-f12ab8f8fd07,a34b9a88-6139-4498-8cb4-7dc14826736b,0.0000,14.5783,1.0000,0.0000,0.0000,0.0000,0.2632
aa0e625f-0115-4592-a2d1-f12ab8f8fd07,fc38c551-9fce-4cb9-989c-e14a15ec343d,0.0000,8.3282,1.0000,0.0000,0.0000,0.0000,0.0500
aa0e625f-0115-4592-a2d1-f12ab8f8fd07,282804f0-eeaf-4337-b99e-edc8c825f36e,0.0000,10.0613,1.0000,0.0000,0.0000,0.6667,0.1579
aa0e625f-0115-4592-a2d1-f12ab8f8fd07,adc5de5d-5f7a-4315-ae7c-01194bb38567,0.0000,11.0585,1.0000,0.0000,0.0000,0.6667,0.1579
aa0e625f-0115-4592-a2d1-f12ab8f8fd07,1977a7f8-0fe7-41af-a87a-76cfb1713877,2.0000,8.3431,0.5000,2.0000,2.0000,0.6667,0.2083
aa0e625f-0115-4592-a2d1-f12ab8f8fd07,8a1e5a0f-87f3-4a3c-8afc-6d403b90401e,0.0000,12.2753,1.0000,0.0000,0.0000,0.6667,0.1579
aa0e625f-0115-4592-a2d1-f12ab8f8fd07,059ef947-4a12-4833-add6-17c6f7c41a05,0.0000,10.1170,1.0000,0.0000,0.0000,0.6667,0.0526
aa0e625f-0115-4592-a2d1-f12ab8f8fd07,fa8a729c-880c-4ec4-b231-decd82e1496a,2.0000,8.8759,0.5000,2.0000,2.0000,0.6667,0.0500
aa0e625f-0115-4592-a2d1-f12ab8f8fd07,1f060904-d763-45c4-adb3-0bcccf916f16,2.0000,8.7884,0.5000,2.0000,2.0000,0.6667,0.0500
aa0e625f-0115-4592-a2d1-f12ab8f8fd07,3525aec3-2b10-4958-977b-1d0db69061e1,2.0000,10.1168,0.5000,2.0000,2.0000,0.0000,0.1364
aa0e625f-0115-4592-a2d1-f12ab8f8fd07,4dc55917-1ad9-4f41-a4a5-efa709d235d9,2.0000,9.4540,0.5000,2.0000,2.0000,0.6667,0.0500
aa0e625f-0115-4592-a2d1-f12ab8f8fd07,b20b4a65-b7c6-4cea-b79f-6a6db36ffdb1,0.0000,11.2977,1.0000,0.0000,0.0000,0.6667,0.1579
aa0e625f-0115-4592-a2d1-f12ab8f8fd07,dfc01f3d-0bd7-4b56-aaac-87f7635b8f94,0.0000,12.5674,1.0000,0.0000,0.0000,0.6667,0.2105
aa0e625f-0115-4592-a2d1-f12ab8f8fd07,2a693e8a-5f1a-4c10-9dbe-32a95fdb6c21,0.0000,8.3057,1.0000,0.0000,0.0000,0.0000,0.0526
aa0e625f-0115-4592-a2d1-f12ab8f8fd07,afa62b93-9459-4a3d-b943-44e88f2ba832,0.0000,11.7463,1.0000,0.0000,0.0000,0.0000,0.0526
aa0e625f-0115-4592-a2d1-f12ab8f8fd07,6a574a63-684b-4e8e-86d8-56c4ef182e83,0.0000,10.7057,1.0000,0.0000,0.0000,0.0000,0.1053
aa0e625f-0115-4592-a2d1-f12ab8f8fd07,5fc2040b-5445-448e-bdf1-c32854189d53,0.0000,10.3782,1.0000,0.0000,0.0000,0.0000,0.1053
aa0e625f-0115-4592-a2d1-f12ab8f8fd07,2d8a413c-9727-4a6a-8fc0-42bb4d8573d2,0.0000,1.5384,1.0000,0.0000,0.0000,0.0000,0.1579
aa0e625f-0115-4592-a2d1-f12ab8f8fd07,61f121ba-cb60-465c-a2f5-9f2f14974ee8,2.0000,8.6760,0.5000,2.0000,2.0000,0.6667,0.0526
aa0e625f-0115-4592-a2d1-f12ab8f8fd07,905bd711-6c1a-4bb8-9c8d-808f8a4b9705,0.0000,12.0710,1.0000,0.0000,0.0000,0.0000,0.1364
aa0e625f-0115-4592-a2d1-f12ab8f8fd07,925fcff5-826c-4439-8315-4d6434f6f7db,0.0000,12.2440,1.0000,0.0000,0.0000,0.6667,0.0526
aa0e625f-0115-4592-a2d1-f12ab8f8fd07,fafe7552-d597-4e47-b1bb-0abd8cdcfe25,0.0000,4.9447,1.0000,0.0000,0.0000,0.0000,0.1579
aa0e625f-0115-4592-a2d1-f12ab8f8fd07,2be2d465-90ce-4beb-b5dc-6c92bdf23287,0.0000,11.8908,1.0000,0.0000,0.0000,0.0000,0.0500
aa0e625f-0115-4592-a2d1-f12ab8f8fd07,62694c2b-296e-4ea6-b29f-d6fce70f4ee0,0.0000,10.7754,1.0000,0.0000,0.0000,0.6667,0.0526
aa0e625f-0115-4592-a2d1-f12ab8f8fd07,4a9b7b3e-39f8-4542-b6a3-2cdddbc64b84,0.0000,12.4968,1.0000,0.0000,0.0000,0.6667,0.2632
aa0e625f-0115-4592-a2d1-f12ab8f8fd07,f2f08e2f-79b8-4a56-92e9-cfc0e2b94f70,2.0000,8.3483,0.5000,2.0000,2.0000,0.6667,0.2083
aa0e625f-0115-4592-a2d1-f12ab8f8fd07,5a3d63bf-344c-4e6e-bc93-50b3b9150d26,0.0000,9.9584,1.0000,0.0000,0.0000,0.0000,0.1053
aa0e625f-0115-4592-a2d1-f12ab8f8fd07,5c6cea65-33e0-4403-ac24-1f3e986820f5,2.0000,10.2070,0.5000,2.0000,2.0000,0.6667,0.0500
aa0e625f-0115-4592-a2d1-f12ab8f8fd07,ce289378-48db-4c5b-817b-85a3f7170b6d,2.0000,10.8257,0.5000,2.0000,2.0000,0.0000,0.2692
aa0e625f-0115-4592-a2d1-f12ab8f8fd07,8e122a6e-999f-4977-b4e1-21eb03cae87d,2.0000,7.3447,0.5000,2.0000,2.0000,0.6667,0.1739
aa0e625f-0115-4592-a2d1-f12ab8f8fd07,6a94bf0c-f443-448e-ba57-f3aa2805cb05,0.0000,10.9366,1.0000,0.0000,0.0000,0.0000,0.0000
aa0e625f-0115-4592-a2d1-f12ab8f8fd07,cfb5d567-1d11-4a1e-9030-f9ea119d29ab,0.0000,7.2244,1.0000,0.0000,0.0000,0.0000,0.2105
aa0e625f-0115-4592-a2d1-f12ab8f8fd07,bd111f97-40ec-48c2-9537-3f4585fd3c61,0.0000,8.7233,1.0000,0.0000,0.0000,0.0000,0.2105
aa0e625f-0115-4592-a2d1-f12ab8f8fd07,56043fae-9517-4a04-b8ca-05c203f26132,0.0000,4.6551,1.0000,0.0000,0.0000,0.0000,0.3158
aa0e625f-0115-4592-a2d1-f12ab8f8fd07,cf50eb11-df20-4705-8b1b-2d77ce2403ef,0.0000,12.8109,1.0000,0.0000,0.0000,0.6667,0.1053
aa0e625f-0115-4592-a2d1-f12ab8f8fd07,5de87467-8cbd-4a2d-90a3-7e283de285fa,0.0000,6.3388,1.0000,0.0000,0.0000,0.0000,0.0526
aa0e625f-0115-4592-a2d1-f12ab8f8fd07,dcf216e8-416d-44ea-80bf-2587651dfd37,0.0000,6.6838,1.0000,0.0000,0.0000,0.0000,0.0526
aa0e625f-0115-4592-a2d1-f12ab8f8fd07,e163b85d-9f81-4c13-8c8c-521c33484e74,2.0000,9.4874,0.5000,2.0000,2.0000,0.6667,0.2400
aa0e625f-0115-4592-a2d1-f12ab8f8fd07,0f5bc599-7a61-4792-8bf7-b9f78eec50fc,2.0000,9.4566,0.5000,2.0000,2.0000,0.0000,0.1739
aa0e625f-0115-4592-a2d1-f12ab8f8fd07,e5a14bb0-fea4-41eb-9bdd-aed3acec68b7,0.0000,10.6116,1.0000,0.0000,0.0000,0.6667,0.1579
aa0e625f-0115-4592-a2d1-f12ab8f8fd07,d5cb26d7-030e-4b27-a7fc-8913c4a80794,2.0000,5.2901,0.5000,2.0000,2.0000,0.6667,0.1739
aa0e625f-0115-4592-a2d1-f12ab8f8fd07,0f63c729-6dbc-48c2-9f43-89c37de9818f,0.0000,3.3690,1.0000,0.0000,0.0000,0.0000,0.1053
aa0e625f-0115-4592-a2d1-f12ab8f8fd07,d73b320a-790d-4a0e-b13f-02a09cbaf3bf,0.0000,10.5891,1.0000,0.0000,0.0000,0.0000,0.0000
aa0e625f-0115-4592-a2d1-f12ab8f8fd07,6f8acc59-cbf2-4b96-be3f-d5173828b422,0.0000,13.3509,1.0000,0.0000,0.0000,0.6667,0.0500
aa0e625f-0115-4592-a2d1-f12ab8f8fd07,a9bef44c-9e90-409b-9b07-93db1d3be774,2.0000,9.9328,0.5000,2.0000,2.0000,0.6667,0.2400
aa0e625f-0115-4592-a2d1-f12ab8f8fd07,62d0e0ab-0ed6-401f-b329-a12d20a79fb8,0.0000,15.0115,1.0000,0.0000,0.0000,0.0000,0.0000
aa0e625f-0115-4592-a2d1-f12ab8f8fd07,c8403da2-d968-494c-bbbe-bc7855b370ab,0.0000,13.0815,1.0000,0.0000,0.0000,0.6667,0.2105
aa0e625f-0115-4592-a2d1-f12ab8f8fd07,49e59cdd-4809-43f6-b618-1d0396a89857,2.0000,6.5819,0.5000,2.0000,2.0000,0.6667,0.2692
aa0e625f-0115-4592-a2d1-f12ab8f8fd07,ccfc5874-fe2c-4d37-ab22-2f8deae33eae,2.0000,5.8862,0.5000,2.0000,2.0000,0.0000,0.1739
aa0e625f-0115-4592-a2d1-f12ab8f8fd07,2b35aae8-7d5a-4e25-bd0b-8ae554405fa5,0.0000,13.7021,1.0000,0.0000,0.0000,0.6667,0.2105
aa0e625f-0115-4592-a2d1-f12ab8f8fd07,642ee07e-29b6-45a7-9826-aa2f8e6f6fda,2.0000,10.7335,0.5000,2.0000,2.0000,0.6667,0.2400
aa0e625f-0115-4592-a2d1-f12ab8f8fd07,18f05cad-c4a5-45a2-afda-2c6693684b81,0.0000,9.0966,1.0000,0.0000,0.0000,0.6667,0.1579
aa0e625f-0115-4592-a2d1-f12ab8f8fd07,6db16bc6-1a3a-47dc-9b2e-e489ff3a30d3,2.0000,6.6513,0.5000,2.0000,2.0000,0.6667,0.1739
aa0e625f-0115-4592-a2d1-f12ab8f8fd07,cf2e50ca-eb53-4a77-97c9-065f239b9c28,0.0000,9.2896,1.0000,0.0000,0.0000,0.6667,0.2105
aa0e625f-0115-4592-a2d1-f12ab8f8fd07,2003d6e5-1b34-47a0-80b4-f960cc4d1c06,0.0000,7.5950,1.0000,0.0000,0.0000,0.6667,0.0000
aa0e625f-0115-4592-a2d1-f12ab8f8fd07,692df9b4-47d2-48c1-8732-aa2dbd856038,0.0000,1.4824,1.0000,0.0000,0.0000,0.0000,0.0500
aa0e625f-0115-4592-a2d1-f12ab8f8fd07,853d8cdf-bbba-40fe-bc3c-9dbf4a72e3ba,0.0000,10.0608,1.0000,0.0000,0.0000,0.6667,0.0000
aa0e625f-0115-4592-a2d1-f12ab8f8fd07,2517b72c-41df-4f4a-a74f-4e6a4d8fb9a6,0.0000,9.5819,1.0000,0.0000,0.0000,0.6667,0.1739
aa0e625f-0115-4592-a2d1-f12ab8f8fd07,f761d41a-5220-42bf-872b-6a75cea6e24b,0.0000,3.1509,1.0000,0.0000,0.0000,0.0000,0.1579
aa0e625f-0115-4592-a2d1-f12ab8f8fd07,e8b9141c-9944-4c1d-beb1-2a3921ab8e1a,2.0000,8.5177,0.5000,2.0000,2.0000,0.6667,0.2963
aa0e625f-0115-4592-a2d1-f12ab8f8fd07,ff4975cc-52b8-41ed-8a6f-c69487eab5e8,0.0000,10.2316,1.0000,0.0000,0.0000,0.6667,0.1053
aa0e625f-0115-4592-a2d1-f12ab8f8fd07,22594200-2b3a-466f-9a4c-fc62849a043c,0.0000,8.5842,1.0000,0.0000,0.0000,0.6667,0.0500
aa0e625f-0115-4592-a2d1-f12ab8f8fd07,76a03818-1adc-4462-a8d3-fd5cc8cde7c3,2.0000,7.8328,0.5000,2.0000,2.0000,0.6667,0.0000
aa0e625f-0115-4592-a2d1-f12ab8f8fd07,14cbf3ff-91dd-4d34-92fe-f218d90b36a1,0.0000,10.1359,1.0000,0.0000,0.0000,0.0000,0.1053
a34b9a88-6139-4498-8cb4-7dc14826736b,fc38c551-9fce-4cb9-989c-e14a15ec343d,0.0000,19.2778,1.0000,0.0000,0.0000,0.0000,0.3000
a34b9a88-6139-4498-8cb4-7dc14826736b,282804f0-eeaf-4337-b99e-edc8c825f36e,0.0000,10.0875,1.0000,0.0000,0.0000,0.6667,0.1250
a34b9a88-6139-4498-8cb4-7dc14826736b,adc5de5d-5f7a-4315-ae7c-01194bb38567,0.0000,16.2898,1.0000,0.0000,0.0000,0.6667,0.1250
a34b9a88-6139-4498-8cb4-7dc14826736b,1977a7f8-0fe7-41af-a87a-76cfb1713877,2.0000,16.0749,0.5000,2.0000,2.0000,0.6667,0.4167
a34b9a88-6139-4498-8cb4-7dc14826736b,8a1e5a0f-87f3-4a3c-8afc-6d403b90401e,0.0000,7.0952,1.0000,0.0000,0.0000,0.6667,0.1250
a34b9a88-6139-4498-8cb4-7dc14826736b,059ef947-4a12-4833-add6-17c6f7c41a05,0.0000,13.0490,1.0000,0.0000,0.0000,0.6667,0.2222
a34b9a88-6139-4498-8cb4-7dc14826736b,fa8a729c-880c-4ec4-b231-decd82e1496a,2.0000,13.1508,0.5000,2.0000,2.0000,0.6667,0.3000
a34b9a88-6139-4498-8cb4-7dc14826736b,1f060904-d763-45c4-adb3-0bcccf916f16,2.0000,13.2389,0.5000,2.0000,2.0000,0.6667,0.3000
a34b9a88-6139-4498-8cb4-7dc14826736b,3525aec3-2b10-4958-977b-1d0db69061e1,2.0000,9.4440,0.5000,2.0000,2.0000,0.0000,0.3636
a34b9a88-6139-4498-8cb4-7dc14826736b,4dc55917-1ad9-4f41-a4a5-efa709d235d9,2.0000,7.7764,0.5000,2.0000,2.0000,0.6667,0.3000
a34b9a88-6139-4498-8cb4-7dc14826736b,b20b4a65-b7c6-4cea-b79f-6a6db36ffdb1,0.0000,15.7523,1.0000,0.0000,0.0000,0.6667,0.1250
a34b9a88-6139-4498-8cb4-7dc14826736b,dfc01f3d-0bd7-4b56-aaac-87f7635b8f94,0.0000,10.8746,1.0000,0.0000,0.0000,0.6667,0.0667
a34b9a88-6139-4498-8cb4-7dc14826736b,2a693e8a-5f1a-4c10-9dbe-32a95fdb6c21,0.0000,15.9531,1.0000,0.0000,0.0000,0.0000,0.2222
a34b9a88-6139-4498-8cb4-7dc14826736b,afa62b93-9459-4a3d-b943-44e88f2ba832,0.0000,14.2782,1.0000,0.0000,0.0000,0.0000,0.2222
a34b9a88-6139-4498-8cb4-7dc14826736b,6a574a63-684b-4e8e-86d8-56c4ef182e83,0.0000,5.5845,1.0000,0.0000,0.0000,0.0000,0.1765
a34b9a88-6139-4498-8cb4-7dc14826736b,5fc2040b-5445-448e-bdf1-c32854189d53,0.0000,12.3102,1.0000,0.0000,0.0000,0.0000,0.1765
a34b9a88-6139-4498-8cb4-7dc14826736b,2d8a413c-9727-4a6a-8fc0-42bb4d8573d2,0.0000,14.5964,1.0000,0.0000,0.0000,0.0000,0.1250
a34b9a88-6139-4498-8cb4-7dc14826736b,61f121ba-cb60-465c-a2f5-9f2f14974ee8,2.0000,8.9339,0.5000,2.0000,2.0000,0.6667,0.2222
a34b9a88-6139-4498-8cb4-7dc14826736b,905bd711-6c1a-4bb8-9c8d-808f8a4b9705,0.0000,9.5464,1.0000,0.0000,0.0000,0.0000,0.3636
a34b9a88-6139-4498-8cb4-7dc14826736b,925fcff5-826c-4439-8315-4d6434f6f7db,0.0000,11.7355,1.0000,0.0000,0.0000,0.6667,0.2222
a34b9a88-6139-4498-8cb4-7dc14826736b,fafe7552-d597-4e47-b1bb-0abd8cdcfe25,0.0000,10.6326,1.0000,0.0000,0.0000,0.0000,0.1250
a34b9a88-6139-4498-8cb4-7dc14826736b,2be2d465-90ce-4beb-b5dc-6c92bdf23287,0.0000,14.3974,1.0000,0.0000,0.0000,0.0000,0.3000
a34b9a88-6139-4498-8cb4-7dc14826736b,62694c2b-296e-4ea6-b29f-d6fce70f4ee0,0.0000,12.7421,1.0000,0.0000,0.0000,0.6667,0.2222
a34b9a88-6139-4498-8cb4-7dc14826736b,4a9b7b3e-39f8-4542-b6a3-2cdddbc64b84,0.0000,10.7251,1.0000,0.0000,0.0000,0.6667,0.0000
a34b9a88-6139-4498-8cb4-7dc14826736b,f2f08e2f-79b8-4a56-92e9-cfc0e2b94f70,2.0000,13.6918,0.5000,2.0000,2.0000,0.6667,0.4167
a34b9a88-6139-4498-8cb4-7dc14826736b,5a3d63bf-344c-4e6e-bc93-50b3b9150d26,0.0000,11.7057,1.0000,0.0000,0.0000,0.0000,0.1765
a34b9a88-6139-4498-8cb4-7dc14826736b,5c6cea65-33e0-4403-ac24-1f3e986820f5,2.0000,8.1020,0.5000,2.0000,2.0000,0.6667,0.3000
a34b9a88-6139-4498-8cb4-7dc14826736b,ce289378-48db-4c5b-817b-85a3f7170b6d,2.0000,8.2250,0.5000,2.0000,2.0000,0.0000,0.4615
a34b9a88-6139-4498-8cb4-7dc14826736b,8e122a6e-999f-4977-b4e1-21eb03cae87d,2.0000,11.6572,0.5000,2.0000,2.0000,0.6667,0.3913
a34b9a88-6139-4498-8cb4-7dc14826736b,6a94bf0c-f443-448e-ba57-f3aa2805cb05,0.0000,4.7770,1.0000,0.0000,0.0000,0.0000,0.2632
a34b9a88-6139-4498-8cb4-7dc14826736b,cfb5d567-1d11-4a1e-9030-f9ea119d29ab,0.0000,14.4761,1.0000,0.0000,0.0000,0.0000,0.0667
a34b9a88-6139-4498-8cb4-7dc14826736b,bd111f97-40ec-48c2-9537-3f4585fd3c61,0.0000,16.1101,1.0000,0.0000,0.0000,0.0000,0.0667
a34b9a88-6139-4498-8cb4-7dc14826736b,56043fae-9517-4a04-b8ca-05c203f26132,0.0000,14.6712,1.0000,0.0000,0.0000,0.0000,0.0714
a34b9a88-6139-4498-8cb4-7dc14826736b,cf50eb11-df20-4705-8b1b-2d77ce2403ef,0.0000,15.5960,1.0000,0.0000,0.0000,0.6667,0.1765
a34b9a88-6139-4498-8cb4-7dc14826736b,5de87467-8cbd-4a2d-90a3-7e283de285fa,0.0000,14.9619,1.0000,0.0000,0.0000,0.0000,0.2222
a34b9a88-6139-4498-8cb4-7dc14826736b,dcf216e8-416d-44ea-80bf-2587651dfd37,0.0000,14.9746,1.0000,0.0000,0.0000,0.0000,0.2222
a34b9a88-6139-4498-8cb4-7dc14826736b,e163b85d-9f81-4c13-8c8c-521c33484e74,2.0000,9.6565,0.5000,2.0000,2.0000,0.6667,0.4400
a34b9a88-6139-4498-8cb4-7dc14826736b,0f5bc599-7a61-4792-8bf7-b9f78eec50fc,2.0000,11.6913,0.5000,2.0000,2.0000,0.0000,0.3913
a34b9a88-6139-4498-8cb4-7dc14826736b,e5a14bb0-fea4-41eb-9bdd-aed3acec68b7,0.0000,16.7691,1.0000,0.0000,0.0000,0.6667,0.1250
a34b9a88-6139-4498-8cb4-7dc14826736b,d5cb26d7-030e-4b27-a7fc-8913c4a80794,2.0000,13.6292,0.5000,2.0000,2.0000,0.6667,0.3913
a34b9a88-6139-4498-8cb4-7dc14826736b,0f63c729-6dbc-48c2-9f43-89c37de9818f,0.0000,14.9030,1.0000,0.0000,0.0000,0.0000,0.1765
a34b9a88-6139-4498-8cb4-7dc14826736b,d73b320a-790d-4a0e-b13f-02a09cbaf3bf,0.0000,5.2110,1.0000,0.0000,0.0000,0.0000,0.2632
a34b9a88-6139-4498-8cb4-7dc14826736b,6f8acc59-cbf2-4b96-be3f-d5173828b422,0.0000,9.8031,1.0000,0.0000,0.0000,0.6667,0.3000
a34b9a88-6139-4498-8cb4-7dc14826736b,a9bef44c-9e90-409b-9b07-93db1d3be774,2.0000,9.3375,0.5000,2.0000,2.0000,0.6667,0.4400
a34b9a88-6139-4498-8cb4-7dc14826736b,62d0e0ab-0ed6-401f-b329-a12d20a79fb8,0.0000,0.8263,1.0000,0.0000,0.0000,0.0000,0.2632
a34b9a88-6139-4498-8cb4-7dc14826736b,c8403da2-d968-494c-bbbe-bc7855b370ab,0.0000,8.0873,1.0000,0.0000,0.0000,0.6667,0.0667
a34b9a88-6139-4498-8cb4-7dc14826736b,49e59cdd-4809-43f6-b618-1d0396a89857,2.0000,12.7973,0.5000,2.0000,2.0000,0.6667,0.4615
a34b9a88-6139-4498-8cb4-7dc14826736b,ccfc5874-fe2c-4d37-ab22-2f8deae33eae,2.0000,11.4782,0.5000,2.0000,2.0000,0.0000,0.3913
a34b9a88-6139-4498-8cb4-7dc14826736b,2b35aae8-7d5a-4e25-bd0b-8ae554405fa5,0.0000,4.7248,1.0000,0.0000,0.0000,0.6667,0.0667
a34b9a88-6139-4498-8cb4-7dc14826736b,642ee07e-29b6-45a7-9826-aa2f8e6f6fda,2.0000,12.5200,0.5000,2.0000,2.0000,0.6667,0.4400
a34b9a88-6139-4498-8cb4-7dc14826736b,18f05cad-c4a5-45a2-afda-2c6693684b81,0.0000,19.0731,1.0000,0.0000,0.0000,0.6667,0.1250
a34b9a88-6139-4498-8cb4-7dc14826736b,6db16bc6-1a3a-47dc-9b2e-e489ff3a30d3,2.0000,12.2940,0.5000,2.0000,2.0000,0.6667,0.3913
a34b9a88-6139-4498-8cb4-7dc14826736b,cf2e50ca-eb53-4a77-97c9-065f239b9c28,0.0000,18.6920,1.0000,0.0000,0.0000,0.6667,0.0667
a34b9a88-6139-4498-8cb4-7dc14826736b,2003d6e5-1b34-47a0-80b4-f960cc4d1c06,0.0000,14.2059,1.0000,0.0000,0.0000,0.6667,0.2632
a34b9a88-6139-4498-8cb4-7dc14826736b,692df9b4-47d2-48c1-8732-aa2dbd856038,0.0000,15.3245,1.0000,0.0000,0.0000,0.0000,0.3000
a34b9a88-6139-4498-8cb4-7dc14826736b,853d8cdf-bbba-40fe-bc3c-9dbf4a72e3ba,0.0000,14.3486,1.0000,0.0000,0.0000,0.6667,0.2632
a34b9a88-6139-4498-8cb4-7dc14826736b,2517b72c-41df-4f4a-a74f-4e6a4d8fb9a6,0.0000,14.9170,1.0000,0.0000,0.0000,0.6667,0.3913
a34b9a88-6139-4498-8cb4-7dc14826736b,f761d41a-5220-42bf-872b-6a75cea6e24b,0.0000,15.3762,1.0000,0.0000,0.0000,0.0000,0.1250
a34b9a88-6139-4498-8cb4-7dc14826736b,e8b9141c-9944-4c1d-beb1-2a3921ab8e1a,2.0000,9.0624,0.5000,2.0000,2.0000,0.6667,0.4815
a34b9a88-6139-4498-8cb4-7dc14826736b,ff4975cc-52b8-41ed-8a6f-c69487eab5e8,0.0000,12.1884,1.0000,0.0000,0.0000,0.6667,0.1765
a34b9a88-6139-4498-8cb4-7dc14826736b,22594200-2b3a-466f-9a4c-fc62849a043c,0.0000,15.0874,1.0000,0.0000,0.0000,0.6667,0.3000
a34b9a88-6139-4498-8cb4-7dc14826736b,76a03818-1adc-4462-a8d3-fd5cc8cde7c3,2.0000,14.5485,0.5000,2.0000,2.0000,0.6667,0.2632
a34b9a88-6139-4498-8cb4-7dc14826736b,14cbf3ff-91dd-4d34-92fe-f218d90b36a1,0.0000,9.4079,1.0000,0.0000,0.0000,0.0000,0.1765
fc38c551-9fce-4cb9-989c-e14a15ec343d,282804f0-eeaf-4337-b99e-edc8c825f36e,0.0000,11.2506,1.0000,0.0000,0.0000,0.6667,0.2000
fc38c551-9fce-4cb9-989c-e14a15ec343d,adc5de5d-5f7a-4315-ae7c-01194bb38567,0.0000,5.7363,1.0000,0.0000,0.0000,0.6667,0.2000
fc38c551-9fce-4cb9-989c-e14a15ec343d,1977a7f8-0fe7-41af-a87a-76cfb1713877,2.0000,4.3104,0.5000,2.0000,2.0000,0.6667,0.1667
fc38c551-9fce-4cb9-989c-e14a15ec343d,8a1e5a0f-87f3-4a3c-8afc-6d403b90401e,0.0000,15.7427,1.0000,0.0000,0.0000,0.6667,0.2000
fc38c551-9fce-4cb9-989c-e14a15ec343d,059ef947-4a12-4833-add6-17c6f7c41a05,0.0000,8.1747,1.0000,0.0000,0.0000,0.6667,0.1000
fc38c551-9fce-4cb9-989c-e14a15ec343d,fa8a729c-880c-4ec4-b231-decd82e1496a,2.0000,8.3006,0.5000,2.0000,2.0000,0.6667,0.0000
fc38c551-9fce-4cb9-989c-e14a15ec343d,1f060904-d763-45c4-adb3-0bcccf916f16,2.0000,8.7724,0.5000,2.0000,2.0000,0.6667,0.0000
fc38c551-9fce-4cb9-989c-e14a15ec343d,3525aec3-2b10-4958-977b-1d0db69061e1,2.0000,11.5103,0.5000,2.0000,2.0000,0.0000,0.0909
fc38c551-9fce-4cb9-989c-e14a15ec343d,4dc55917-1ad9-4f41-a4a5-efa709d235d9,2.0000,13.6469,0.5000,2.0000,2.0000,0.6667,0.0000
fc38c551-9fce-4cb9-989c-e14a15ec343d,b20b4a65-b7c6-4cea-b79f-6a6db36ffdb1,0.0000,7.1852,1.0000,0.0000,0.0000,0.6667,0.2000
fc38c551-9fce-4cb9-989c-e14a15ec343d,dfc01f3d-0bd7-4b56-aaac-87f7635b8f94,0.0000,14.8190,1.0000,0.0000,0.0000,0.6667,0.2500
fc38c551-9fce-4cb9-989c-e14a15ec343d,2a693e8a-5f1a-4c10-9dbe-32a95fdb6c21,0.0000,4.1610,1.0000,0.0000,0.0000,0.0000,0.1000
fc38c551-9fce-4cb9-989c-e14a15ec343d,afa62b93-9459-4a3d-b943-44e88f2ba832,0.0000,13.7103,1.0000,0.0000,0.0000,0.0000,0.1000
fc38c551-9fce-4cb9-989c-e14a15ec343d,6a574a63-684b-4e8e-86d8-56c4ef182e83,0.0000,16.3825,1.0000,0.0000,0.0000,0.0000,0.1500
fc38c551-9fce-4cb9-989c-e14a15ec343d,5fc2040b-5445-448e-bdf1-c32854189d53,0.0000,14.1444,1.0000,0.0000,0.0000,0.0000,0.1500
fc38c551-9fce-4cb9-989c-e14a15ec343d,2d8a413c-9727-4a6a-8fc0-42bb4d8573d2,0.0000,9.0764,1.0000,0.0000,0.0000,0.0000,0.2000
fc38c551-9fce-4cb9-989c-e14a15ec343d,61f121ba-cb60-465c-a2f5-9f2f14974ee8,2.0000,12.7844,0.5000,2.0000,2.0000,0.6667,0.1000
fc38c551-9fce-4cb9-989c-e14a15ec343d,905bd711-6c1a-4bb8-9c8d-808f8a4b9705,0.0000,13.8133,1.0000,0.0000,0.0000,0.0000,0.0909
fc38c551-9fce-4cb9-989c-e14a15ec343d,925fcff5-826c-4439-8315-4d6434f6f7db,0.0000,14.6590,1.0000,0.0000,0.0000,0.6667,0.1000
fc38c551-9fce-4cb9-989c-e14a15ec343d,fafe7552-d597-4e47-b1bb-0abd8cdcfe25,0.0000,10.0908,1.0000,0.0000,0.0000,0.0000,0.2000
fc38c551-9fce-4cb9-989c-e14a15ec343d,2be2d465-90ce-4beb-b5dc-6c92bdf23287,0.0000,13.7552,1.0000,0.0000,0.0000,0.0000,0.0000
fc38c551-9fce-4cb9-989c-e14a15ec343d,62694c2b-296e-4ea6-b29f-d6fce70f4ee0,0.0000,14.0487,1.0000,0.0000,0.0000,0.6667,0.1000
fc38c551-9fce-4cb9-989c-e14a15ec343d,4a9b7b3e-39f8-4542-b6a3-2cdddbc64b84,0.0000,15.3136,1.0000,0.0000,0.0000,0.6667,0.3000
fc38c551-9fce-4cb9-989c-e14a15ec343d,f2f08e2f-79b8-4a56-92e9-cfc0e2b94f70,2.0000,7.7940,0.5000,2.0000,2.0000,0.6667,0.1667
fc38c551-9fce-4cb9-989c-e14a15ec343d,5a3d63bf-344c-4e6e-bc93-50b3b9150d26,0.0000,14.0992,1.0000,0.0000,0.0000,0.0000,0.1500
fc38c551-9fce-4cb9-989c-e14a15ec343d,5c6cea65-33e0-4403-ac24-1f3e986820f5,2.0000,13.7530,0.5000,2.0000,2.0000,0.6667,0.0000
fc38c551-9fce-4cb9-989c-e14a15ec343d,ce289378-48db-4c5b-817b-85a3f7170b6d,2.0000,13.9965,0.5000,2.0000,2.0000,0.0000,0.2308
fc38c551-9fce-4cb9-989c-e14a15ec343d,8e122a6e-999f-4977-b4e1-21eb03cae87d,2.0000,8.9139,0.5000,2.0000,2.0000,0.6667,0.1304
fc38c551-9fce-4cb9-989c-e14a15ec343d,6a94bf0c-f443-448e-ba57-f3aa2805cb05,0.0000,16.5106,1.0000,0.0000,0.0000,0.0000,0.0500
fc38c551-9fce-4cb9-989c-e14a15ec343d,cfb5d567-1d11-4a1e-9030-f9ea119d29ab,0.0000,9.5395,1.0000,0.0000,0.0000,0.0000,0.2500
fc38c551-9fce-4cb9-989c-e14a15ec343d,bd111f97-40ec-48c2-9537-3f4585fd3c61,0.0000,4.4811,1.0000,0.0000,0.0000,0.0000,0.2500
fc38c551-9fce-4cb9-989c-e14a15ec343d,56043fae-9517-4a04-b8ca-05c203f26132,0.0000,9.5428,1.0000,0.0000,0.0000,0.0000,0.3500
fc38c551-9fce-4cb9-989c-e14a15ec343d,cf50eb11-df20-4705-8b1b-2d77ce2403ef,0.0000,9.2301,1.0000,0.0000,0.0000,0.6667,0.1500
fc38c551-9fce-4cb9-989c-e14a15ec343d,5de87467-8cbd-4a2d-90a3-7e283de285fa,0.0000,8.5920,1.0000,0.0000,0.0000,0.0000,0.1000
fc38c551-9fce-4cb9-989c-e14a15ec343d,dcf216e8-416d-44ea-80bf-2587651dfd37,0.0000,8.9821,1.0000,0.0000,0.0000,0.0000,0.1000
fc38c551-9fce-4cb9-989c-e14a15ec343d,e163b85d-9f81-4c13-8c8c-521c33484e74,2.0000,9.8757,0.5000,2.0000,2.0000,0.6667,0.2000
fc38c551-9fce-4cb9-989c-e14a15ec343d,0f5bc599-7a61-4792-8bf7-b9f78eec50fc,2.0000,9.6705,0.5000,2.0000,2.0000,0.0000,0.1304
fc38c551-9fce-4cb9-989c-e14a15ec343d,e5a14bb0-fea4-41eb-9bdd-aed3acec68b7,0.0000,4.6244,1.0000,0.0000,0.0000,0.6667,0.2000
fc38c551-9fce-4cb9-989c-e14a15ec343d,d5cb26d7-030e-4b27-a7fc-8913c4a80794,2.0000,7.8768,0.5000,2.0000,2.0000,0.6667,0.1304
fc38c551-9fce-4cb9-989c-e14a15ec343d,0f63c729-6dbc-48c2-9f43-89c37de9818f,0.0000,7.9394,1.0000,0.0000,0.0000,0.0000,0.1500
fc38c551-9fce-4cb9-989c-e14a15ec343d,d73b320a-790d-4a0e-b13f-02a09cbaf3bf,0.0000,15.7526,1.0000,0.0000,0.0000,0.0000,0.0500
fc38c551-9fce-4cb9-989c-e14a15ec343d,6f8acc59-cbf2-4b96-be3f-d5173828b422,0.0000,11.6202,1.0000,0.0000,0.0000,0.6667,0.0000
fc38c551-9fce-4cb9-989c-e14a15ec343d,a9bef44c-9e90-409b-9b07-93db1d3be774,2.0000,11.2921,0.5000,2.0000,2.0000,0.6667,0.2000
fc38c551-9fce-4cb9-989c-e14a15ec343d,62d0e0ab-0ed6-401f-b329-a12d20a79fb8,0.0000,19.6379,1.0000,0.0000,0.0000,0.0000,0.0500
fc38c551-9fce-4cb9-989c-e14a15ec343d,c8403da2-d968-494c-bbbe-bc7855b370ab,0.0000,13.2355,1.0000,0.0000,0.0000,0.6667,0.2500
fc38c551-9fce-4cb9-989c-e14a15ec343d,49e59cdd-4809-43f6-b618-1d0396a89857,2.0000,11.1901,0.5000,2.0000,2.0000,0.6667,0.2308
fc38c551-9fce-4cb9-989c-e14a15ec343d,ccfc5874-fe2c-4d37-ab22-2f8deae33eae,2.0000,11.0451,0.5000,2.0000,2.0000,0.0000,0.1304
fc38c551-9fce-4cb9-989c-e14a15ec343d,2b35aae8-7d5a-4e25-bd0b-8ae554405fa5,0.0000,17.0855,1.0000,0.0000,0.0000,0.6667,0.2500
fc38c551-9fce-4cb9-989c-e14a15ec343d,642ee07e-29b6-45a7-9826-aa2f8e6f6fda,2.0000,7.9666,0.5000,2.0000,2.0000,0.6667,0.2000
fc38c551-9fce-4cb9-989c-e14a15ec343d,18f05cad-c4a5-45a2-afda-2c6693684b81,0.0000,1.2653,1.0000,0.0000,0.0000,0.6667,0.2000
fc38c551-9fce-4cb9-989c-e14a15ec343d,6db16bc6-1a3a-47dc-9b2e-e489ff3a30d3,2.0000,9.9975,0.5000,2.0000,2.0000,0.6667,0.1304
fc38c551-9fce-4cb9-989c-e14a15ec343d,cf2e50ca-eb53-4a77-97c9-065f239b9c28,0.0000,2.9897,1.0000,0.0000,0.0000,0.6667,0.2500
fc38c551-9fce-4cb9-989c-e14a15ec343d,2003d6e5-1b34-47a0-80b4-f960cc4d1c06,0.0000,10.4913,1.0000,0.0000,0.0000,0.6667,0.0500
fc38c551-9fce-4cb9-989c-e14a15ec343d,692df9b4-47d2-48c1-8732-aa2dbd856038,0.0000,8.9458,1.0000,0.0000,0.0000,0.0000,0.0000
fc38c551-9fce-4cb9-989c-e14a15ec343d,853d8cdf-bbba-40fe-bc3c-9dbf4a72e3ba,0.0000,9.5836,1.0000,0.0000,0.0000,0.6667,0.0500
fc38c551-9fce-4cb9-989c-e14a15ec343d,2517b72c-41df-4f4a-a74f-4e6a4d8fb9a6,0.0000,9.4071,1.0000,0.0000,0.0000,0.6667,0.1304
fc38c551-9fce-4cb9-989c-e14a15ec343d,f761d41a-5220-42bf-872b-6a75cea6e24b,0.0000,7.8953,1.0000,0.0000,0.0000,0.0000,0.2000
fc38c551-9fce-4cb9-989c-e14a15ec343d,e8b9141c-9944-4c1d-beb1-2a3921ab8e1a,2.0000,12.9257,0.5000,2.0000,2.0000,0.6667,0.2593
fc38c551-9fce-4cb9-989c-e14a15ec343d,ff4975cc-52b8-41ed-8a6f-c69487eab5e8,0.0000,14.0284,1.0000,0.0000,0.0000,0.6667,0.1500
fc38c551-9fce-4cb9-989c-e14a15ec343d,22594200-2b3a-466f-9a4c-fc62849a043c,0.0000,7.1959,1.0000,0.0000,0.0000,0.6667,0.0000
fc38c551-9fce-4cb9-989c-e14a15ec343d,76a03818-1adc-4462-a8d3-fd5cc8cde7c3,2.0000,7.4788,0.5000,2.0000,2.0000,0.6667,0.0500
fc38c551-9fce-4cb9-989c-e14a15ec343d,14cbf3ff-91dd-4d34-92fe-f218d90b36a1,0.0000,13.5101,1.0000,0.0000,0.0000,0.0000,0.1500
282804f0-eeaf-4337-b99e-edc8c825f36e,adc5de5d-5f7a-4315-ae7c-01194bb38567,0.0000,7.8216,1.0000,0.0000,0.0000,0.0000,0.0000
282804f0-eeaf-4337-b99e-edc8c825f36e,1977a7f8-0fe7-41af-a87a-76cfb1713877,2.0000,8.9389,0.5000,2.0000,2.0000,0.6667,0.3333
282804f0-eeaf-4337-b99e-edc8c825f36e,8a1e5a0f-87f3-4a3c-8afc-6d403b90401e,0.0000,11.3812,1.0000,0.0000,0.0000,0.6667,0.0000
282804f0-eeaf-4337-b99e-edc8c825f36e,059ef947-4a12-4833-add6-17c6f7c41a05,0.0000,3.5921,1.0000,0.0000,0.0000,0.0000,0.1111
282804f0-eeaf-4337-b99e-edc8c825f36e,fa8a729c-880c-4ec4-b231-decd82e1496a,2.0000,10.3498,0.5000,2.0000,2.0000,0.0000,0.2000
282804f0-eeaf-4337-b99e-edc8c825f36e,1f060904-d763-45c4-adb3-0bcccf916f16,2.0000,9.1236,0.5000,2.0000,2.0000,0.0000,0.2000
282804f0-eeaf-4337-b99e-edc8c825f36e,3525aec3-2b10-4958-977b-1d0db69061e1,2.0000,7.9392,0.5000,2.0000,2.0000,0.6667,0.2727
282804f0-eeaf-4337-b99e-edc8c825f36e,4dc55917-1ad9-4f41-a4a5-efa709d235d9,2.0000,8.3434,0.5000,2.0000,2.0000,0.6667,0.2000
282804f0-eeaf-4337-b99e-edc8c825f36e,b20b4a65-b7c6-4cea-b79f-6a6db36ffdb1,0.0000,6.2035,1.0000,0.0000,0.0000,0.0000,0.0000
282804f0-eeaf-4337-b99e-edc8c825f36e,dfc01f3d-0bd7-4b56-aaac-87f7635b8f94,0.0000,6.8096,1.0000,0.0000,0.0000,0.0000,0.0625
282804f0-eeaf-4337-b99e-edc8c825f36e,2a693e8a-5f1a-4c10-9dbe-32a95fdb6c21,0.0000,7.5343,1.0000,0.0000,0.0000,0.6667,0.1111
282804f0-eeaf-4337-b99e-edc8c825f36e,afa62b93-9459-4a3d-b943-44e88f2ba832,0.0000,15.1830,1.0000,0.0000,0.0000,0.6667,0.1111
282804f0-eeaf-4337-b99e-edc8c825f36e,6a574a63-684b-4e8e-86d8-56c4ef182e83,0.0000,8.6469,1.0000,0.0000,0.0000,0.6667,0.0588
282804f0-eeaf-4337-b99e-edc8c825f36e,5fc2040b-5445-448e-bdf1-c32854189d53,0.0000,12.7212,1.0000,0.0000,0.0000,0.6667,0.0588
282804f0-eeaf-4337-b99e-edc8c825f36e,2d8a413c-9727-4a6a-8fc0-42bb4d8573d2,0.0000,10.0466,1.0000,0.0000,0.0000,0.6667,0.0000
282804f0-eeaf-4337-b99e-edc8c825f36e,61f121ba-cb60-465c-a2f5-9f2f14974ee8,2.0000,9.1038,0.5000,2.0000,2.0000,0.6667,0.1111
282804f0-eeaf-4337-b99e-edc8c825f36e,905bd711-6c1a-4bb8-9c8d-808f8a4b9705,0.0000,13.1451,1.0000,0.0000,0.0000,0.6667,0.2727
282804f0-eeaf-4337-b99e-edc8c825f36e,925fcff5-826c-4439-8315-4d6434f6f7db,0.0000,7.4455,1.0000,0.0000,0.0000,0.0000,0.1111
282804f0-eeaf-4337-b99e-edc8c825f36e,fafe7552-d597-4e47-b1bb-0abd8cdcfe25,0.0000,6.3257,1.0000,0.0000,0.0000,0.6667,0.0000
282804f0-eeaf-4337-b99e-edc8c825f36e,2be2d465-90ce-4beb-b5dc-6c92bdf23287,0.0000,15.4292,1.0000,0.0000,0.0000,0.6667,0.2000
282804f0-eeaf-4337-b99e-edc8c825f36e,62694c2b-296e-4ea6-b29f-d6fce70f4ee0,0.0000,9.8756,1.0000,0.0000,0.0000,0.0000,0.1111
282804f0-eeaf-4337-b99e-edc8c825f36e,4a9b7b3e-39f8-4542-b6a3-2cdddbc64b84,0.0000,7.2602,1.0000,0.0000,0.0000,0.0000,0.1250
282804f0-eeaf-4337-b99e-edc8c825f36e,f2f08e2f-79b8-4a56-92e9-cfc0e2b94f70,2.0000,9.7215,0.5000,2.0000,2.0000,0.0000,0.3333
282804f0-eeaf-4337-b99e-edc8c825f36e,5a3d63bf-344c-4e6e-bc93-50b3b9150d26,0.0000,12.1841,1.0000,0.0000,0.0000,0.6667,0.0588
282804f0-eeaf-4337-b99e-edc8c825f36e,5c6cea65-33e0-4403-ac24-1f3e986820f5,2.0000,9.6177,0.5000,2.0000,2.0000,0.0000,0.2000
282804f0-eeaf-4337-b99e-edc8c825f36e,ce289378-48db-4c5b-817b-85a3f7170b6d,2.0000,9.9499,0.5000,2.0000,2.0000,0.6667,0.3846
282804f0-eeaf-4337-b99e-edc8c825f36e,8e122a6e-999f-4977-b4e1-21eb03cae87d,2.0000,10.5988,0.5000,2.0000,2.0000,0.0000,0.3043
282804f0-eeaf-4337-b99e-edc8c825f36e,6a94bf0c-f443-448e-ba57-f3aa2805cb05,0.0000,8.5635,1.0000,0.0000,0.0000,0.6667,0.1579
282804f0-eeaf-4337-b99e-edc8c825f36e,cfb5d567-1d11-4a1e-9030-f9ea119d29ab,0.0000,10.9688,1.0000,0.0000,0.0000,0.6667,0.0625
282804f0-eeaf-4337-b99e-edc8c825f36e,bd111f97-40ec-48c2-9537-3f4585fd3c61,0.0000,7.6224,1.0000,0.0000,0.0000,0.6667,0.0625
282804f0-eeaf-4337-b99e-edc8c825f36e,56043fae-9517-4a04-b8ca-05c203f26132,0.0000,10.8341,1.0000,0.0000,0.0000,0.6667,0.1875
282804f0-eeaf-4337-b99e-edc8c825f36e,cf50eb11-df20-4705-8b1b-2d77ce2403ef,0.0000,6.2395,1.0000,0.0000,0.0000,0.0000,0.0588
282804f0-eeaf-4337-b99e-edc8c825f36e,5de87467-8cbd-4a2d-90a3-7e283de285fa,0.0000,11.0113,1.0000,0.0000,0.0000,0.6667,0.1111
282804f0-eeaf-4337-b99e-edc8c825f36e,dcf216e8-416d-44ea-80bf-2587651dfd37,0.0000,10.9430,1.0000,0.0000,0.0000,0.6667,0.1111
282804f0-eeaf-4337-b99e-edc8c825f36e,e163b85d-9f81-4c13-8c8c-521c33484e74,2.0000,7.7350,0.5000,2.0000,2.0000,0.0000,0.3600
282804f0-eeaf-4337-b99e-edc8c825f36e,0f5bc599-7a61-4792-8bf7-b9f78eec50fc,2.0000,8.1202,0.5000,2.0000,2.0000,0.6667,0.3043
282804f0-eeaf-4337-b99e-edc8c825f36e,e5a14bb0-fea4-41eb-9bdd-aed3acec68b7,0.0000,7.3453,1.0000,0.0000,0.0000,0.0000,0.0000
282804f0-eeaf-4337-b99e-edc8c825f36e,d5cb26d7-030e-4b27-a7fc-8913c4a80794,2.0000,10.4492,0.5000,2.0000,2.0000,0.0000,0.3043
282804f0-eeaf-4337-b99e-edc8c825f36e,0f63c729-6dbc-48c2-9f43-89c37de9818f,0.0000,10.2485,1.0000,0.0000,0.0000,0.6667,0.0588
282804f0-eeaf-4337-b99e-edc8c825f36e,d73b320a-790d-4a0e-b13f-02a09cbaf3bf,0.0000,9.1984,1.0000,0.0000,0.0000,0.6667,0.1579
282804f0-eeaf-4337-b99e-edc8c825f36e,6f8acc59-cbf2-4b96-be3f-d5173828b422,0.0000,13.1199,1.0000,0.0000,0.0000,0.0000,0.2000
282804f0-eeaf-4337-b99e-edc8c825f36e,a9bef44c-9e90-409b-9b07-93db1d3be774,2.0000,10.7064,0.5000,2.0000,2.0000,0.0000,0.3600
282804f0-eeaf-4337-b99e-edc8c825f36e,62d0e0ab-0ed6-401f-b329-a12d20a79fb8,0.0000,10.2491,1.0000,0.0000,0.0000,0.6667,0.1579
282804f0-eeaf-4337-b99e-edc8c825f36e,c8403da2-d968-494c-bbbe-bc7855b370ab,0.0000,9.5810,1.0000,0.0000,0.0000,0.0000,0.0625
282804f0-eeaf-4337-b99e-edc8c825f36e,49e59cdd-4809-43f6-b618-1d0396a89857,2.0000,11.9058,0.5000,2.0000,2.0000,0.0000,0.3846
282804f0-eeaf-4337-b99e-edc8c825f36e,ccfc5874-fe2c-4d37-ab22-2f8deae33eae,2.0000,10.6254,0.5000,2.0000,2.0000,0.6667,0.3043
282804f0-eeaf-4337-b99e-edc8c825f36e,2b35aae8-7d5a-4e25-bd0b-8ae554405fa5,0.0000,6.5145,1.0000,0.0000,0.0000,0.0000,0.0625
282804f0-eeaf-4337-b99e-edc8c825f36e,642ee07e-29b6-45a7-9826-aa2f8e6f6fda,2.0000,9.6594,0.5000,2.0000,2.0000,0.0000,0.3600
282804f0-eeaf-4337-b99e-edc8c825f36e,18f05cad-c4a5-45a2-afda-2c6693684b81,0.0000,10.4905,1.0000,0.0000,0.0000,0.6667,0.0000
282804f0-eeaf-4337-b99e-edc8c825f36e,6db16bc6-1a3a-47dc-9b2e-e489ff3a30d3,2.0000,12.4966,0.5000,2.0000,2.0000,0.6667,0.3043
282804f0-eeaf-4337-b99e-edc8c825f36e,cf2e50ca-eb53-4a77-97c9-065f239b9c28,0.0000,10.5782,1.0000,0.0000,0.0000,0.6667,0.0625
282804f0-eeaf-4337-b99e-edc8c825f36e,2003d6e5-1b34-47a0-80b4-f960cc4d1c06,0.0000,5.1269,1.0000,0.0000,0.0000,0.0000,0.1579
282804f0-eeaf-4337-b99e-edc8c825f36e,692df9b4-47d2-48c1-8732-aa2dbd856038,0.0000,10.8525,1.0000,0.0000,0.0000,0.6667,0.2000
282804f0-eeaf-4337-b99e-edc8c825f36e,853d8cdf-bbba-40fe-bc3c-9dbf4a72e3ba,0.0000,5.4126,1.0000,0.0000,0.0000,0.0000,0.1579
282804f0-eeaf-4337-b99e-edc8c825f36e,2517b72c-41df-4f4a-a74f-4e6a4d8fb9a6,0.0000,5.9120,1.0000,0.0000,0.0000,0.0000,0.3043
282804f0-eeaf-4337-b99e-edc8c825f36e,f761d41a-5220-42bf-872b-6a75cea6e24b,0.0000,10.6229,1.0000,0.0000,0.0000,0.6667,0.0000
282804f0-eeaf-4337-b99e-edc8c825f36e,e8b9141c-9944-4c1d-beb1-2a3921ab8e1a,2.0000,6.5627,0.5000,2.0000,2.0000,0.0000,0.4074
282804f0-eeaf-4337-b99e-edc8c825f36e,ff4975cc-52b8-41ed-8a6f-c69487eab5e8,0.0000,8.4201,1.0000,0.0000,0.0000,0.0000,0.0588
282804f0-eeaf-4337-b99e-edc8c825f36e,22594200-2b3a-466f-9a4c-fc62849a043c,0.0000,5.5355,1.0000,0.0000,0.0000,0.0000,0.2000
282804f0-eeaf-4337-b99e-edc8c825f36e,76a03818-1adc-4462-a8d3-fd5cc8cde7c3,2.0000,9.4060,0.5000,2.0000,2.0000,0.6667,0.1579
282804f0-eeaf-4337-b99e-edc8c825f36e,14cbf3ff-91dd-4d34-92fe-f218d90b36a1,0.0000,13.5938,1.0000,0.0000,0.0000,0.6667,0.0588
adc5de5d-5f7a-4315-ae7c-01194bb38567,1977a7f8-0fe7-41af-a87a-76cfb1713877,2.0000,3.6438,0.5000,2.0000,2.0000,0.6667,0.3333
adc5de5d-5f7a-4315-ae7c-01194bb38567,8a1e5a0f-87f3-4a3c-8afc-6d403b90401e,0.0000,14.7019,1.0000,0.0000,0.0000,0.6667,0.0000
adc5de5d-5f7a-4315-ae7c-01194bb38567,059ef947-4a12-4833-add6-17c6f7c41a05,0.0000,4.3164,1.0000,0.0000,0.0000,0.0000,0.1111
adc5de5d-5f7a-4315-ae7c-01194bb38567,fa8a729c-880c-4ec4-b231-decd82e1496a,2.0000,8.4735,0.5000,2.0000,2.0000,0.0000,0.2000
adc5de5d-5f7a-4315-ae7c-01194bb38567,1f060904-d763-45c4-adb3-0bcccf916f16,2.0000,9.6715,0.5000,2.0000,2.0000,0.0000,0.2000
adc5de5d-5f7a-4315-ae7c-01194bb38567,3525aec3-2b10-4958-977b-1d0db69061e1,2.0000,10.8979,0.5000,2.0000,2.0000,0.6667,0.2727
adc5de5d-5f7a-4315-ae7c-01194bb38567,4dc55917-1ad9-4f41-a4a5-efa709d235d9,2.0000,9.7588,0.5000,2.0000,2.0000,0.6667,0.2000
adc5de5d-5f7a-4315-ae7c-01194bb38567,b20b4a65-b7c6-4cea-b79f-6a6db36ffdb1,0.0000,3.7182,1.0000,0.0000,0.0000,0.0000,0.0000
adc5de5d-5f7a-4315-ae7c-01194bb38567,dfc01f3d-0bd7-4b56-aaac-87f7635b8f94,0.0000,9.5924,1.0000,0.0000,0.0000,0.0000,0.0625
adc5de5d-5f7a-4315-ae7c-01194bb38567,2a693e8a-5f1a-4c10-9dbe-32a95fdb6c21,0.0000,8.3600,1.0000,0.0000,0.0000,0.6667,0.1111
adc5de5d-5f7a-4315-ae7c-01194bb38567,afa62b93-9459-4a3d-b943-44e88f2ba832,0.0000,15.3448,1.0000,0.0000,0.0000,0.6667,0.1111
adc5de5d-5f7a-4315-ae7c-01194bb38567,6a574a63-684b-4e8e-86d8-56c4ef182e83,0.0000,15.7451,1.0000,0.0000,0.0000,0.6667,0.0588
adc5de5d-5f7a-4315-ae7c-01194bb38567,5fc2040b-5445-448e-bdf1-c32854189d53,0.0000,15.8239,1.0000,0.0000,0.0000,0.6667,0.0588
adc5de5d-5f7a-4315-ae7c-01194bb38567,2d8a413c-9727-4a6a-8fc0-42bb4d8573d2,0.0000,11.3040,1.0000,0.0000,0.0000,0.6667,0.0000
adc5de5d-5f7a-4315-ae7c-01194bb38567,61f121ba-cb60-465c-a2f5-9f2f14974ee8,2.0000,9.3760,0.5000,2.0000,2.0000,0.6667,0.1111
adc5de5d-5f7a-4315-ae7c-01194bb38567,905bd711-6c1a-4bb8-9c8d-808f8a4b9705,0.0000,13.2792,1.0000,0.0000,0.0000,0.6667,0.2727
adc5de5d-5f7a-4315-ae7c-01194bb38567,925fcff5-826c-4439-8315-4d6434f6f7db,0.0000,9.7568,1.0000,0.0000,0.0000,0.0000,0.1111
adc5de5d-5f7a-4315-ae7c-01194bb38567,fafe7552-d597-4e47-b1bb-0abd8cdcfe25,0.0000,12.3366,1.0000,0.0000,0.0000,0.6667,0.0000
adc5de5d-5f7a-4315-ae7c-01194bb38567,2be2d465-90ce-4beb-b5dc-6c92bdf23287,0.0000,15.3925,1.0000,0.0000,0.0000,0.6667,0.2000
adc5de5d-5f7a-4315-ae7c-01194bb38567,62694c2b-296e-4ea6-b29f-d6fce70f4ee0,0.0000,8.7855,1.0000,0.0000,0.0000,0.0000,0.1111
adc5de5d-5f7a-4315-ae7c-01194bb38567,4a9b7b3e-39f8-4542-b6a3-2cdddbc64b84,0.0000,10.0548,1.0000,0.0000,0.0000,0.0000,0.1250
adc5de5d-5f7a-4315-ae7c-01194bb38567,f2f08e2f-79b8-4a56-92e9-cfc0e2b94f70,2.0000,7.8008,0.5000,2.0000,2.0000,0.0000,0.3333
adc5de5d-5f7a-4315-ae7c-01194bb38567,5a3d63bf-344c-4e6e-bc93-50b3b9150d26,0.0000,15.6498,1.0000,0.0000,0.0000,0.6667,0.0588
adc5de5d-5f7a-4315-ae7c-01194bb38567,5c6cea65-33e0-4403-ac24-1f3e986820f5,2.0000,13.1186,0.5000,2.0000,2.0000,0.0000,0.2000
adc5de5d-5f7a-4315-ae7c-01194bb38567,ce289378-48db-4c5b-817b-85a3f7170b6d,2.0000,12.9063,0.5000,2.0000,2.0000,0.6667,0.3846
adc5de5d-5f7a-4315-ae7c-01194bb38567,8e122a6e-999f-4977-b4e1-21eb03cae87d,2.0000,8.7368,0.5000,2.0000,2.0000,0.0000,0.3043
adc5de5d-5f7a-4315-ae7c-01194bb38567,6a94bf0c-f443-448e-ba57-f3aa2805cb05,0.0000,15.4394,1.0000,0.0000,0.0000,0.6667,0.1579
adc5de5d-5f7a-4315-ae7c-01194bb38567,cfb5d567-1d11-4a1e-9030-f9ea119d29ab,0.0000,11.9271,1.0000,0.0000,0.0000,0.6667,0.0625
adc5de5d-5f7a-4315-ae7c-01194bb38567,bd111f97-40ec-48c2-9537-3f4585fd3c61,0.0000,7.5580,1.0000,0.0000,0.0000,0.6667,0.0625
adc5de5d-5f7a-4315-ae7c-01194bb38567,56043fae-9517-4a04-b8ca-05c203f26132,0.0000,12.1374,1.0000,0.0000,0.0000,0.6667,0.1875
adc5de5d-5f7a-4315-ae7c-01194bb38567,cf50eb11-df20-4705-8b1b-2d77ce2403ef,0.0000,5.9738,1.0000,0.0000,0.0000,0.0000,0.0588
adc5de5d-5f7a-4315-ae7c-01194bb38567,5de87467-8cbd-4a2d-90a3-7e283de285fa,0.0000,11.6757,1.0000,0.0000,0.0000,0.6667,0.1111
adc5de5d-5f7a-4315-ae7c-01194bb38567,dcf216e8-416d-44ea-80bf-2587651dfd37,0.0000,12.0844,1.0000,0.0000,0.0000,0.6667,0.1111
adc5de5d-5f7a-4315-ae7c-01194bb38567,e163b85d-9f81-4c13-8c8c-521c33484e74,2.0000,8.7634,0.5000,2.0000,2.0000,0.0000,0.3600
adc5de5d-5f7a-4315-ae7c-01194bb38567,0f5bc599-7a61-4792-8bf7-b9f78eec50fc,2.0000,5.4875,0.5000,2.0000,2.0000,0.6667,0.3043
adc5de5d-5f7a-4315-ae7c-01194bb38567,e5a14bb0-fea4-41eb-9bdd-aed3acec68b7,0.0000,1.6960,1.0000,0.0000,0.0000,0.0000,0.0000
adc5de5d-5f7a-4315-ae7c-01194bb38567,d5cb26d7-030e-4b27-a7fc-8913c4a80794,2.0000,8.7200,0.5000,2.0000,2.0000,0.0000,0.3043
adc5de5d-5f7a-4315-ae7c-01194bb38567,0f63c729-6dbc-48c2-9f43-89c37de9818f,0.0000,10.6565,1.0000,0.0000,0.0000,0.6667,0.0588
adc5de5d-5f7a-4315-ae7c-01194bb38567,d73b320a-790d-4a0e-b13f-02a09cbaf3bf,0.0000,14.7064,1.0000,0.0000,0.0000,0.6667,0.1579
adc5de5d-5f7a-4315-ae7c-01194bb38567,6f8acc59-cbf2-4b96-be3f-d5173828b422,0.0000,7.2787,1.0000,0.0000,0.0000,0.0000,0.2000
adc5de5d-5f7a-4315-ae7c-01194bb38567,a9bef44c-9e90-409b-9b07-93db1d3be774,2.0000,10.5751,0.5000,2.0000,2.0000,0.0000,0.3600
adc5de5d-5f7a-4315-ae7c-01194bb38567,62d0e0ab-0ed6-401f-b329-a12d20a79fb8,0.0000,16.6932,1.0000,0.0000,0.0000,0.6667,0.1579
adc5de5d-5f7a-4315-ae7c-01194bb38567,c8403da2-d968-494c-bbbe-bc7855b370ab,0.0000,9.2345,1.0000,0.0000,0.0000,0.0000,0.0625
adc5de5d-5f7a-4315-ae7c-01194bb38567,49e59cdd-4809-43f6-b618-1d0396a89857,2.0000,12.1115,0.5000,2.0000,2.0000,0.0000,0.3846
adc5de5d-5f7a-4315-ae7c-01194bb38567,ccfc5874-fe2c-4d37-ab22-2f8deae33eae,2.0000,11.4715,0.5000,2.0000,2.0000,0.6667,0.3043
adc5de5d-5f7a-4315-ae7c-01194bb38567,2b35aae8-7d5a-4e25-bd0b-8ae554405fa5,0.0000,12.8570,1.0000,0.0000,0.0000,0.0000,0.0625
adc5de5d-5f7a-4315-ae7c-01194bb38567,642ee07e-29b6-45a7-9826-aa2f8e6f6fda,2.0000,4.1045,0.5000,2.0000,2.0000,0.0000,0.3600
adc5de5d-5f7a-4315-ae7c-01194bb38567,18f05cad-c4a5-45a2-afda-2c6693684b81,0.0000,5.2623,1.0000,0.0000,0.0000,0.6667,0.0000
adc5de5d-5f7a-4315-ae7c-01194bb38567,6db16bc6-1a3a-47dc-9b2e-e489ff3a30d3,2.0000,10.3048,0.5000,2.0000,2.0000,0.6667,0.3043
adc5de5d-5f7a-4315-ae7c-01194bb38567,cf2e50ca-eb53-4a77-97c9-065f239b9c28,0.0000,7.9933,1.0000,0.0000,0.0000,0.6667,0.0625
adc5de5d-5f7a-4315-ae7c-01194bb38567,2003d6e5-1b34-47a0-80b4-f960cc4d1c06,0.0000,6.1436,1.0000,0.0000,0.0000,0.0000,0.1579
adc5de5d-5f7a-4315-ae7c-01194bb38567,692df9b4-47d2-48c1-8732-aa2dbd856038,0.0000,11.6920,1.0000,0.0000,0.0000,0.6667,0.2000
adc5de5d-5f7a-4315-ae7c-01194bb38567,853d8cdf-bbba-40fe-bc3c-9dbf4a72e3ba,0.0000,5.0530,1.0000,0.0000,0.0000,0.0000,0.1579
adc5de5d-5f7a-4315-ae7c-01194bb38567,2517b72c-41df-4f4a-a74f-4e6a4d8fb9a6,0.0000,5.3930,1.0000,0.0000,0.0000,0.0000,0.3043
adc5de5d-5f7a-4315-ae7c-01194bb38567,f761d41a-5220-42bf-872b-6a75cea6e24b,0.0000,11.0912,1.0000,0.0000,0.0000,0.6667,0.0000
adc5de5d-5f7a-4315-ae7c-01194bb38567,e8b9141c-9944-4c1d-beb1-2a3921ab8e1a,2.0000,11.0497,0.5000,2.0000,2.0000,0.0000,0.4074
adc5de5d-5f7a-4315-ae7c-01194bb38567,ff4975cc-52b8-41ed-8a6f-c69487eab5e8,0.0000,8.8576,1.0000,0.0000,0.0000,0.0000,0.0588
adc5de5d-5f7a-4315-ae7c-01194bb38567,22594200-2b3a-466f-9a4c-fc62849a043c,0.0000,3.7595,1.0000,0.0000,0.0000,0.0000,0.2000
adc5de5d-5f7a-4315-ae7c-01194bb38567,76a03818-1adc-4462-a8d3-fd5cc8cde7c3,2.0000,6.1323,0.5000,2.0000,2.0000,0.6667,0.1579
adc5de5d-5f7a-4315-ae7c-01194bb38567,14cbf3ff-91dd-4d34-92fe-f218d90b36a1,0.0000,12.6213,1.0000,0.0000,0.0000,0.6667,0.0588
1977a7f8-0fe7-41af-a87a-76cfb1713877,8a1e5a0f-87f3-4a3c-8afc-6d403b90401e,2.0000,12.8329,0.5000,2.0000,2.0000,0.0000,0.3333
1977a7f8-0fe7-41af-a87a-76cfb1713877,059ef947-4a12-4833-add6-17c6f7c41a05,2.0000,5.4850,0.5000,2.0000,2.0000,0.6667,0.2500
1977a7f8-0fe7-41af-a87a-76cfb1713877,fa8a729c-880c-4ec4-b231-decd82e1496a,0.0000,5.5072,1.0000,0.0000,0.0000,0.6667,0.1667
1977a7f8-0fe7-41af-a87a-76cfb1713877,1f060904-d763-45c4-adb3-0bcccf916f16,0.0000,6.4324,1.0000,0.0000,0.0000,0.6667,0.1667
1977a7f8-0fe7-41af-a87a-76cfb1713877,3525aec3-2b10-4958-977b-1d0db69061e1,0.0000,8.5813,1.0000,0.0000,0.0000,0.6667,0.0833
1977a7f8-0fe7-41af-a87a-76cfb1713877,4dc55917-1ad9-4f41-a4a5-efa709d235d9,0.0000,10.1148,1.0000,0.0000,0.0000,0.0000,0.1667
1977a7f8-0fe7-41af-a87a-76cfb1713877,b20b4a65-b7c6-4cea-b79f-6a6db36ffdb1,2.0000,4.7583,0.5000,2.0000,2.0000,0.6667,0.3333
1977a7f8-0fe7-41af-a87a-76cfb1713877,dfc01f3d-0bd7-4b56-aaac-87f7635b8f94,2.0000,11.9451,0.5000,2.0000,2.0000,0.6667,0.3750
1977a7f8-0fe7-41af-a87a-76cfb1713877,2a693e8a-5f1a-4c10-9dbe-32a95fdb6c21,2.0000,6.9803,0.5000,2.0000,2.0000,0.6667,0.2500
1977a7f8-0fe7-41af-a87a-76cfb1713877,afa62b93-9459-4a3d-b943-44e88f2ba832,2.0000,12.2593,0.5000,2.0000,2.0000,0.6667,0.2500
1977a7f8-0fe7-41af-a87a-76cfb1713877,6a574a63-684b-4e8e-86d8-56c4ef182e83,2.0000,13.9032,0.5000,2.0000,2.0000,0.6667,0.2917
1977a7f8-0fe7-41af-a87a-76cfb1713877,5fc2040b-5445-448e-bdf1-c32854189d53,2.0000,12.9138,0.5000,2.0000,2.0000,0.6667,0.2917
1977a7f8-0fe7-41af-a87a-76cfb1713877,2d8a413c-9727-4a6a-8fc0-42bb4d8573d2,2.0000,8.6208,0.5000,2.0000,2.0000,0.6667,0.3333
1977a7f8-0fe7-41af-a87a-76cfb1713877,61f121ba-cb60-465c-a2f5-9f2f14974ee8,0.0000,10.3644,1.0000,0.0000,0.0000,0.0000,0.2500
1977a7f8-0fe7-41af-a87a-76cfb1713877,905bd711-6c1a-4bb8-9c8d-808f8a4b9705,2.0000,11.1905,0.5000,2.0000,2.0000,0.6667,0.0833
1977a7f8-0fe7-41af-a87a-76cfb1713877,925fcff5-826c-4439-8315-4d6434f6f7db,2.0000,12.6434,0.5000,2.0000,2.0000,0.6667,0.2500
1977a7f8-0fe7-41af-a87a-76cfb1713877,fafe7552-d597-4e47-b1bb-0abd8cdcfe25,2.0000,9.1292,0.5000,2.0000,2.0000,0.6667,0.3333
1977a7f8-0fe7-41af-a87a-76cfb1713877,2be2d465-90ce-4beb-b5dc-6c92bdf23287,2.0000,12.3096,0.5000,2.0000,2.0000,0.6667,0.1667
1977a7f8-0fe7-41af-a87a-76cfb1713877,62694c2b-296e-4ea6-b29f-d6fce70f4ee0,2.0000,11.6074,0.5000,2.0000,2.0000,0.6667,0.2500
1977a7f8-0fe7-41af-a87a-76cfb1713877,4a9b7b3e-39f8-4542-b6a3-2cdddbc64b84,2.0000,12.4235,0.5000,2.0000,2.0000,0.6667,0.4167
1977a7f8-0fe7-41af-a87a-76cfb1713877,f2f08e2f-79b8-4a56-92e9-cfc0e2b94f70,0.0000,5.7550,1.0000,0.0000,0.0000,0.6667,0.0000
1977a7f8-0fe7-41af-a87a-76cfb1713877,5a3d63bf-344c-4e6e-bc93-50b3b9150d26,2.0000,12.5480,0.5000,2.0000,2.0000,0.6667,0.2917
1977a7f8-0fe7-41af-a87a-76cfb1713877,5c6cea65-33e0-4403-ac24-1f3e986820f5,0.0000,11.6032,1.0000,0.0000,0.0000,0.6667,0.1667
1977a7f8-0fe7-41af-a87a-76cfb1713877,ce289378-48db-4c5b-817b-85a3f7170b6d,0.0000,10.9646,1.0000,0.0000,0.0000,0.6667,0.0769
1977a7f8-0fe7-41af-a87a-76cfb1713877,8e122a6e-999f-4977-b4e1-21eb03cae87d,0.0000,7.7019,1.0000,0.0000,0.0000,0.6667,0.0417
1977a7f8-0fe7-41af-a87a-76cfb1713877,6a94bf0c-f443-448e-ba57-f3aa2805cb05,2.0000,13.8177,0.5000,2.0000,2.0000,0.6667,0.2083
1977a7f8-0fe7-41af-a87a-76cfb1713877,cfb5d567-1d11-4a1e-9030-f9ea119d29ab,2.0000,8.4619,0.5000,2.0000,2.0000,0.6667,0.3750
1977a7f8-0fe7-41af-a87a-76cfb1713877,bd111f97-40ec-48c2-9537-3f4585fd3c61,2.0000,5.4978,0.5000,2.0000,2.0000,0.6667,0.3750
1977a7f8-0fe7-41af-a87a-76cfb1713877,56043fae-9517-4a04-b8ca-05c203f26132,2.0000,8.6157,0.5000,2.0000,2.0000,0.6667,0.4583
1977a7f8-0fe7-41af-a87a-76cfb1713877,cf50eb11-df20-4705-8b1b-2d77ce2403ef,2.0000,7.1162,0.5000,2.0000,2.0000,0.6667,0.2917
1977a7f8-0fe7-41af-a87a-76cfb1713877,5de87467-8cbd-4a2d-90a3-7e283de285fa,2.0000,8.1092,0.5000,2.0000,2.0000,0.6667,0.2500
1977a7f8-0fe7-41af-a87a-76cfb1713877,dcf216e8-416d-44ea-80bf-2587651dfd37,2.0000,8.5173,0.5000,2.0000,2.0000,0.6667,0.2500
1977a7f8-0fe7-41af-a87a-76cfb1713877,e163b85d-9f81-4c13-8c8c-521c33484e74,0.0000,7.6425,1.0000,0.0000,0.0000,0.6667,0.0400
1977a7f8-0fe7-41af-a87a-76cfb1713877,0f5bc599-7a61-4792-8bf7-b9f78eec50fc,0.0000,6.7461,1.0000,0.0000,0.0000,0.6667,0.0417
1977a7f8-0fe7-41af-a87a-76cfb1713877,e5a14bb0-fea4-41eb-9bdd-aed3acec68b7,2.0000,3.8875,0.5000,2.0000,2.0000,0.6667,0.3333
1977a7f8-0fe7-41af-a87a-76cfb1713877,d5cb26d7-030e-4b27-a7fc-8913c4a80794,0.0000,6.5849,1.0000,0.0000,0.0000,0.6667,0.0417
1977a7f8-0fe7-41af-a87a-76cfb1713877,0f63c729-6dbc-48c2-9f43-89c37de9818f,2.0000,7.8737,0.5000,2.0000,2.0000,0.6667,0.2917
1977a7f8-0fe7-41af-a87a-76cfb1713877,d73b320a-790d-4a0e-b13f-02a09cbaf3bf,2.0000,13.0774,0.5000,2.0000,2.0000,0.6667,0.2083
1977a7f8-0fe7-41af-a87a-76cfb1713877,6f8acc59-cbf2-4b96-be3f-d5173828b422,2.0000,8.6594,0.5000,2.0000,2.0000,0.6667,0.1667
1977a7f8-0fe7-41af-a87a-76cfb1713877,a9bef44c-9e90-409b-9b07-93db1d3be774,0.0000,9.9019,1.0000,0.0000,0.0000,0.6667,0.0400
1977a7f8-0fe7-41af-a87a-76cfb1713877,62d0e0ab-0ed6-401f-b329-a12d20a79fb8,2.0000,16.4838,0.5000,2.0000,2.0000,0.6667,0.2083
1977a7f8-0fe7-41af-a87a-76cfb1713877,c8403da2-d968-494c-bbbe-bc7855b370ab,2.0000,10.9375,0.5000,2.0000,2.0000,0.6667,0.3750
1977a7f8-0fe7-41af-a87a-76cfb1713877,49e59cdd-4809-43f6-b618-1d0396a89857,0.0000,10.0013,1.0000,0.0000,0.0000,0.6667,0.0769
1977a7f8-0fe7-41af-a87a-76cfb1713877,ccfc5874-fe2c-4d37-ab22-2f8deae33eae,0.0000,9.4980,1.0000,0.0000,0.0000,0.6667,0.0417
1977a7f8-0fe7-41af-a87a-76cfb1713877,2b35aae8-7d5a-4e25-bd0b-8ae554405fa5,2.0000,13.7973,0.5000,2.0000,2.0000,0.6667,0.3750
1977a7f8-0fe7-41af-a87a-76cfb1713877,642ee07e-29b6-45a7-9826-aa2f8e6f6fda,0.0000,5.8765,1.0000,0.0000,0.0000,0.6667,0.0400
1977a7f8-0fe7-41af-a87a-76cfb1713877,18f05cad-c4a5-45a2-afda-2c6693684b81,2.0000,4.0428,0.5000,2.0000,2.0000,0.0000,0.3333
1977a7f8-0fe7-41af-a87a-76cfb1713877,6db16bc6-1a3a-47dc-9b2e-e489ff3a30d3,0.0000,8.6145,1.0000,0.0000,0.0000,0.0000,0.0417
1977a7f8-0fe7-41af-a87a-76cfb1713877,cf2e50ca-eb53-4a77-97c9-065f239b9c28,2.0000,5.4805,0.5000,2.0000,2.0000,0.0000,0.3750
1977a7f8-0fe7-41af-a87a-76cfb1713877,2003d6e5-1b34-47a0-80b4-f960cc4d1c06,2.0000,8.8024,0.5000,2.0000,2.0000,0.6667,0.2083
1977a7f8-0fe7-41af-a87a-76cfb1713877,692df9b4-47d2-48c1-8732-aa2dbd856038,2.0000,8.9654,0.5000,2.0000,2.0000,0.6667,0.1667
1977a7f8-0fe7-41af-a87a-76cfb1713877,853d8cdf-bbba-40fe-bc3c-9dbf4a72e3ba,2.0000,7.0092,0.5000,2.0000,2.0000,0.6667,0.2083
1977a7f8-0fe7-41af-a87a-76cfb1713877,2517b72c-41df-4f4a-a74f-4e6a4d8fb9a6,2.0000,7.9617,0.5000,2.0000,2.0000,0.6667,0.0417
1977a7f8-0fe7-41af-a87a-76cfb1713877,f761d41a-5220-42bf-872b-6a75cea6e24b,2.0000,8.2934,0.5000,2.0000,2.0000,0.6667,0.3333
1977a7f8-0fe7-41af-a87a-76cfb1713877,e8b9141c-9944-4c1d-beb1-2a3921ab8e1a,0.0000,10.6249,1.0000,0.0000,0.0000,0.6667,0.1111
1977a7f8-0fe7-41af-a87a-76cfb1713877,ff4975cc-52b8-41ed-8a6f-c69487eab5e8,2.0000,11.6926,0.5000,2.0000,2.0000,0.6667,0.2917
1977a7f8-0fe7-41af-a87a-76cfb1713877,22594200-2b3a-466f-9a4c-fc62849a043c,2.0000,5.5464,0.5000,2.0000,2.0000,0.6667,0.1667
1977a7f8-0fe7-41af-a87a-76cfb1713877,76a03818-1adc-4462-a8d3-fd5cc8cde7c3,0.0000,5.8003,1.0000,0.0000,0.0000,0.0000,0.2083
1977a7f8-0fe7-41af-a87a-76cfb1713877,14cbf3ff-91dd-4d34-92fe-f218d90b36a1,2.0000,11.5606,0.5000,2.0000,2.0000,0.6667,0.2917
8a1e5a0f-87f3-4a3c-8afc-6d403b90401e,059ef947-4a12-4833-add6-17c6f7c41a05,0.0000,14.0936,1.0000,0.0000,0.0000,0.6667,0.1111
8a1e5a0f-87f3-4a3c-8afc-6d403b90401e,fa8a729c-880c-4ec4-b231-decd82e1496a,2.0000,7.8383,0.5000,2.0000,2.0000,0.6667,0.2000
8a1e5a0f-87f3-4a3c-8afc-6d403b90401e,1f060904-d763-45c4-adb3-0bcccf916f16,2.0000,7.7123,0.5000,2.0000,2.0000,0.6667,0.2000
8a1e5a0f-87f3-4a3c-8afc-6d403b90401e,3525aec3-2b10-4958-977b-1d0db69061e1,2.0000,5.7828,0.5000,2.0000,2.0000,0.6667,0.2727
8a1e5a0f-87f3-4a3c-8afc-6d403b90401e,4dc55917-1ad9-4f41-a4a5-efa709d235d9,2.0000,9.8133,0.5000,2.0000,2.0000,0.0000,0.2000
8a1e5a0f-87f3-4a3c-8afc-6d403b90401e,b20b4a65-b7c6-4cea-b79f-6a6db36ffdb1,0.0000,12.4942,1.0000,0.0000,0.0000,0.6667,0.0000
8a1e5a0f-87f3-4a3c-8afc-6d403b90401e,dfc01f3d-0bd7-4b56-aaac-87f7635b8f94,0.0000,14.3920,1.0000,0.0000,0.0000,0.6667,0.0625
8a1e5a0f-87f3-4a3c-8afc-6d403b90401e,2a693e8a-5f1a-4c10-9dbe-32a95fdb6c21,0.0000,12.1438,1.0000,0.0000,0.0000,0.6667,0.1111
8a1e5a0f-87f3-4a3c-8afc-6d403b90401e,afa62b93-9459-4a3d-b943-44e88f2ba832,0.0000,7.3326,1.0000,0.0000,0.0000,0.6667,0.1111
8a1e5a0f-87f3-4a3c-8afc-6d403b90401e,6a574a63-684b-4e8e-86d8-56c4ef182e83,0.0000,3.6430,1.0000,0.0000,0.0000,0.6667,0.0588
8a1e5a0f-87f3-4a3c-8afc-6d403b90401e,5fc2040b-5445-448e-bdf1-c32854189d53,0.0000,9.3077,1.0000,0.0000,0.0000,0.6667,0.0588
8a1e5a0f-87f3-4a3c-8afc-6d403b90401e,2d8a413c-9727-4a6a-8fc0-42bb4d8573d2,0.0000,12.4327,1.0000,0.0000,0.0000,0.6667,0.0000
8a1e5a0f-87f3-4a3c-8afc-6d403b90401e,61f121ba-cb60-465c-a2f5-9f2f14974ee8,2.0000,9.4126,0.5000,2.0000,2.0000,0.0000,0.1111
8a1e5a0f-87f3-4a3c-8afc-6d403b90401e,905bd711-6c1a-4bb8-9c8d-808f8a4b9705,0.0000,2.8253,1.0000,0.0000,0.0000,0.6667,0.2727
8a1e5a0f-87f3-4a3c-8afc-6d403b90401e,925fcff5-826c-4439-8315-4d6434f6f7db,0.0000,13.2619,1.0000,0.0000,0.0000,0.6667,0.1111
8a1e5a0f-87f3-4a3c-8afc-6d403b90401e,fafe7552-d597-4e47-b1bb-0abd8cdcfe25,0.0000,9.1248,1.0000,0.0000,0.0000,0.6667,0.0000
8a1e5a0f-87f3-4a3c-8afc-6d403b90401e,2be2d465-90ce-4beb-b5dc-6c92bdf23287,0.0000,7.4850,1.0000,0.0000,0.0000,0.6667,0.2000
8a1e5a0f-87f3-4a3c-8afc-6d403b90401e,62694c2b-296e-4ea6-b29f-d6fce70f4ee0,0.0000,15.2876,1.0000,0.0000,0.0000,0.6667,0.1111
8a1e5a0f-87f3-4a3c-8afc-6d403b90401e,4a9b7b3e-39f8-4542-b6a3-2cdddbc64b84,0.0000,14.3560,1.0000,0.0000,0.0000,0.6667,0.1250
8a1e5a0f-87f3-4a3c-8afc-6d403b90401e,f2f08e2f-79b8-4a56-92e9-cfc0e2b94f70,2.0000,9.5699,0.5000,2.0000,2.0000,0.6667,0.3333
8a1e5a0f-87f3-4a3c-8afc-6d403b90401e,5a3d63bf-344c-4e6e-bc93-50b3b9150d26,0.0000,4.8716,1.0000,0.0000,0.0000,0.6667,0.0588
8a1e5a0f-87f3-4a3c-8afc-6d403b90401e,5c6cea65-33e0-4403-ac24-1f3e986820f5,2.0000,8.1069,0.5000,2.0000,2.0000,0.6667,0.2000
8a1e5a0f-87f3-4a3c-8afc-6d403b90401e,ce289378-48db-4c5b-817b-85a3f7170b6d,2.0000,3.9059,0.5000,2.0000,2.0000,0.6667,0.3846
8a1e5a0f-87f3-4a3c-8afc-6d403b90401e,8e122a6e-999f-4977-b4e1-21eb03cae87d,2.0000,9.8811,0.5000,2.0000,2.0000,0.6667,0.3043
8a1e5a0f-87f3-4a3c-8afc-6d403b90401e,6a94bf0c-f443-448e-ba57-f3aa2805cb05,0.0000,2.9717,1.0000,0.0000,0.0000,0.6667,0.1579
8a1e5a0f-87f3-4a3c-8afc-6d403b90401e,cfb5d567-1d11-4a1e-9030-f9ea119d29ab,0.0000,8.2379,1.0000,0.0000,0.0000,0.6667,0.0625
8a1e5a0f-87f3-4a3c-8afc-6d403b90401e,bd111f97-40ec-48c2-9537-3f4585fd3c61,0.0000,14.7601,1.0000,0.0000,0.0000,0.6667,0.0625
8a1e5a0f-87f3-4a3c-8afc-6d403b90401e,56043fae-9517-4a04-b8ca-05c203f26132,0.0000,9.1527,1.0000,0.0000,0.0000,0.6667,0.1875
8a1e5a0f-87f3-4a3c-8afc-6d403b90401e,cf50eb11-df20-4705-8b1b-2d77ce2403ef,0.0000,12.0265,1.0000,0.0000,0.0000,0.6667,0.0588
8a1e5a0f-87f3-4a3c-8afc-6d403b90401e,5de87467-8cbd-4a2d-90a3-7e283de285fa,0.0000,8.9289,1.0000,0.0000,0.0000,0.6667,0.1111
8a1e5a0f-87f3-4a3c-8afc-6d403b90401e,dcf216e8-416d-44ea-80bf-2587651dfd37,0.0000,8.8395,1.0000,0.0000,0.0000,0.6667,0.1111
8a1e5a0f-87f3-4a3c-8afc-6d403b90401e,e163b85d-9f81-4c13-8c8c-521c33484e74,2.0000,8.3070,0.5000,2.0000,2.0000,0.6667,0.3600
8a1e5a0f-87f3-4a3c-8afc-6d403b90401e,0f5bc599-7a61-4792-8bf7-b9f78eec50fc,2.0000,12.6067,0.5000,2.0000,2.0000,0.6667,0.3043
8a1e5a0f-87f3-4a3c-8afc-6d403b90401e,e5a14bb0-fea4-41eb-9bdd-aed3acec68b7,0.0000,14.8055,1.0000,0.0000,0.0000,0.6667,0.0000
8a1e5a0f-87f3-4a3c-8afc-6d403b90401e,d5cb26d7-030e-4b27-a7fc-8913c4a80794,2.0000,9.7798,0.5000,2.0000,2.0000,0.6667,0.3043
8a1e5a0f-87f3-4a3c-8afc-6d403b90401e,0f63c729-6dbc-48c2-9f43-89c37de9818f,0.0000,12.1936,1.0000,0.0000,0.0000,0.6667,0.0588
8a1e5a0f-87f3-4a3c-8afc-6d403b90401e,d73b320a-790d-4a0e-b13f-02a09cbaf3bf,0.0000,2.9965,1.0000,0.0000,0.0000,0.6667,0.1579
8a1e5a0f-87f3-4a3c-8afc-6d403b90401e,6f8acc59-cbf2-4b96-be3f-d5173828b422,0.0000,11.5444,1.0000,0.0000,0.0000,0.6667,0.2000
8a1e5a0f-87f3-4a3c-8afc-6d403b90401e,a9bef44c-9e90-409b-9b07-93db1d3be774,2.0000,6.2861,0.5000,2.0000,2.0000,0.6667,0.3600
8a1e5a0f-87f3-4a3c-8afc-6d403b90401e,62d0e0ab-0ed6-401f-b329-a12d20a79fb8,0.0000,7.1158,1.0000,0.0000,0.0000,0.6667,0.1579
8a1e5a0f-87f3-4a3c-8afc-6d403b90401e,c8403da2-d968-494c-bbbe-bc7855b370ab,0.0000,8.4126,1.0000,0.0000,0.0000,0.6667,0.0625
8a1e5a0f-87f3-4a3c-8afc-6d403b90401e,49e59cdd-4809-43f6-b618-1d0396a89857,2.0000,9.4167,0.5000,2.0000,2.0000,0.6667,0.3846
8a1e5a0f-87f3-4a3c-8afc-6d403b90401e,ccfc5874-fe2c-4d37-ab22-2f8deae33eae,2.0000,8.3999,0.5000,2.0000,2.0000,0.6667,0.3043
8a1e5a0f-87f3-4a3c-8afc-6d403b90401e,2b35aae8-7d5a-4e25-bd0b-8ae554405fa5,0.0000,9.1476,1.0000,0.0000,0.0000,0.6667,0.0625
8a1e5a0f-87f3-4a3c-8afc-6d403b90401e,642ee07e-29b6-45a7-9826-aa2f8e6f6fda,2.0000,11.5746,0.5000,2.0000,2.0000,0.6667,0.3600
8a1e5a0f-87f3-4a3c-8afc-6d403b90401e,18f05cad-c4a5-45a2-afda-2c6693684b81,0.0000,15.7405,1.0000,0.0000,0.0000,0.0000,0.0000
8a1e5a0f-87f3-4a3c-8afc-6d403b90401e,6db16bc6-1a3a-47dc-9b2e-e489ff3a30d3,2.0000,7.6857,0.5000,2.0000,2.0000,0.0000,0.3043
8a1e5a0f-87f3-4a3c-8afc-6d403b90401e,cf2e50ca-eb53-4a77-97c9-065f239b9c28,0.0000,13.8994,1.0000,0.0000,0.0000,0.0000,0.0625
8a1e5a0f-87f3-4a3c-8afc-6d403b90401e,2003d6e5-1b34-47a0-80b4-f960cc4d1c06,0.0000,14.7931,1.0000,0.0000,0.0000,0.6667,0.1579
8a1e5a0f-87f3-4a3c-8afc-6d403b90401e,692df9b4-47d2-48c1-8732-aa2dbd856038,0.0000,12.9897,1.0000,0.0000,0.0000,0.6667,0.2000
8a1e5a0f-87f3-4a3c-8afc-6d403b90401e,853d8cdf-bbba-40fe-bc3c-9dbf4a72e3ba,0.0000,12.2545,1.0000,0.0000,0.0000,0.6667,0.1579
8a1e5a0f-87f3-4a3c-8afc-6d403b90401e,2517b72c-41df-4f4a-a74f-4e6a4d8fb9a6,0.0000,14.6732,1.0000,0.0000,0.0000,0.6667,0.3043
8a1e5a0f-87f3-4a3c-8afc-6d403b90401e,f761d41a-5220-42bf-872b-6a75cea6e24b,0.0000,12.5172,1.0000,0.0000,0.0000,0.6667,0.0000
8a1e5a0f-87f3-4a3c-8afc-6d403b90401e,e8b9141c-9944-4c1d-beb1-2a3921ab8e1a,2.0000,9.7140,0.5000,2.0000,2.0000,0.6667,0.4074
8a1e5a0f-87f3-4a3c-8afc-6d403b90401e,ff4975cc-52b8-41ed-8a6f-c69487eab5e8,0.0000,14.5207,1.0000,0.0000,0.0000,0.6667,0.0588
8a1e5a0f-87f3-4a3c-8afc-6d403b90401e,22594200-2b3a-466f-9a4c-fc62849a043c,0.0000,13.3520,1.0000,0.0000,0.0000,0.6667,0.2000
8a1e5a0f-87f3-4a3c-8afc-6d403b90401e,76a03818-1adc-4462-a8d3-fd5cc8cde7c3,2.0000,14.1706,0.5000,2.0000,2.0000,0.0000,0.1579
8a1e5a0f-87f3-4a3c-8afc-6d403b90401e,14cbf3ff-91dd-4d34-92fe-f218d90b36a1,0.0000,5.2221,1.0000,0.0000,0.0000,0.6667,0.0588
059ef947-4a12-4833-add6-17c6f7c41a05,fa8a729c-880c-4ec4-b231-decd82e1496a,2.0000,7.8325,0.5000,2.0000,2.0000,0.0000,0.1000
059ef947-4a12-4833-add6-17c6f7c41a05,1f060904-d763-45c4-adb3-0bcccf916f16,2.0000,8.9075,0.5000,2.0000,2.0000,0.0000,0.1000
059ef947-4a12-4833-add6-17c6f7c41a05,3525aec3-2b10-4958-977b-1d0db69061e1,2.0000,9.8343,0.5000,2.0000,2.0000,0.6667,0.1818
059ef947-4a12-4833-add6-17c6f7c41a05,4dc55917-1ad9-4f41-a4a5-efa709d235d9,2.0000,7.6957,0.5000,2.0000,2.0000,0.6667,0.1000
059ef947-4a12-4833-add6-17c6f7c41a05,b20b4a65-b7c6-4cea-b79f-6a6db36ffdb1,0.0000,2.8939,1.0000,0.0000,0.0000,0.0000,0.1111
059ef947-4a12-4833-add6-17c6f7c41a05,dfc01f3d-0bd7-4b56-aaac-87f7635b8f94,0.0000,6.7791,1.0000,0.0000,0.0000,0.0000,0.1667
059ef947-4a12-4833-add6-17c6f7c41a05,2a693e8a-5f1a-4c10-9dbe-32a95fdb6c21,0.0000,10.3760,1.0000,0.0000,0.0000,0.6667,0.0000
059ef947-4a12-4833-add6-17c6f7c41a05,afa62b93-9459-4a3d-b943-44e88f2ba832,0.0000,14.7874,1.0000,0.0000,0.0000,0.6667,0.0000
059ef947-4a12-4833-add6-17c6f7c41a05,6a574a63-684b-4e8e-86d8-56c4ef182e83,0.0000,12.0561,1.0000,0.0000,0.0000,0.6667,0.0556
059ef947-4a12-4833-add6-17c6f7c41a05,5fc2040b-5445-448e-bdf1-c32854189d53,0.0000,12.2524,1.0000,0.0000,0.0000,0.6667,0.0556
059ef947-4a12-4833-add6-17c6f7c41a05,2d8a413c-9727-4a6a-8fc0-42bb4d8573d2,0.0000,10.4900,1.0000,0.0000,0.0000,0.6667,0.1111
059ef947-4a12-4833-add6-17c6f7c41a05,61f121ba-cb60-465c-a2f5-9f2f14974ee8,2.0000,9.8752,0.5000,2.0000,2.0000,0.6667,0.0000
059ef947-4a12-4833-add6-17c6f7c41a05,905bd711-6c1a-4bb8-9c8d-808f8a4b9705,0.0000,12.8673,1.0000,0.0000,0.0000,0.6667,0.1818
059ef947-4a12-4833-add6-17c6f7c41a05,925fcff5-826c-4439-8315-4d6434f6f7db,0.0000,10.1917,1.0000,0.0000,0.0000,0.0000,0.0000
059ef947-4a12-4833-add6-17c6f7c41a05,fafe7552-d597-4e47-b1bb-0abd8cdcfe25,0.0000,8.2899,1.0000,0.0000,0.0000,0.6667,0.1111
059ef947-4a12-4833-add6-17c6f7c41a05,2be2d465-90ce-4beb-b5dc-6c92bdf23287,0.0000,14.9370,1.0000,0.0000,0.0000,0.6667,0.1000
059ef947-4a12-4833-add6-17c6f7c41a05,62694c2b-296e-4ea6-b29f-d6fce70f4ee0,0.0000,9.2442,1.0000,0.0000,0.0000,0.0000,0.0000
059ef947-4a12-4833-add6-17c6f7c41a05,4a9b7b3e-39f8-4542-b6a3-2cdddbc64b84,0.0000,7.4924,1.0000,0.0000,0.0000,0.0000,0.2222
059ef947-4a12-4833-add6-17c6f7c41a05,f2f08e2f-79b8-4a56-92e9-cfc0e2b94f70,2.0000,9.9328,0.5000,2.0000,2.0000,0.0000,0.2500
059ef947-4a12-4833-add6-17c6f7c41a05,5a3d63bf-344c-4e6e-bc93-50b3b9150d26,0.0000,14.8441,1.0000,0.0000,0.0000,0.6667,0.0556
059ef947-4a12-4833-add6-17c6f7c41a05,5c6cea65-33e0-4403-ac24-1f3e986820f5,2.0000,9.5535,0.5000,2.0000,2.0000,0.0000,0.1000
059ef947-4a12-4833-add6-17c6f7c41a05,ce289378-48db-4c5b-817b-85a3f7170b6d,2.0000,13.0559,0.5000,2.0000,2.0000,0.6667,0.3077
059ef947-4a12-4833-add6-17c6f7c41a05,8e122a6e-999f-4977-b4e1-21eb03cae87d,2.0000,10.7570,0.5000,2.0000,2.0000,0.0000,0.2174
059ef947-4a12-4833-add6-17c6f7c41a05,6a94bf0c-f443-448e-ba57-f3aa2805cb05,0.0000,11.8527,1.0000,0.0000,0.0000,0.6667,0.0526
059ef947-4a12-4833-add6-17c6f7c41a05,cfb5d567-1d11-4a1e-9030-f9ea119d29ab,0.0000,11.1293,1.0000,0.0000,0.0000,0.6667,0.1667
059ef947-4a12-4833-add6-17c6f7c41a05,bd111f97-40ec-48c2-9537-3f4585fd3c61,0.0000,4.3286,1.0000,0.0000,0.0000,0.6667,0.1667
059ef947-4a12-4833-add6-17c6f7c41a05,56043fae-9517-4a04-b8ca-05c203f26132,0.0000,10.9619,1.0000,0.0000,0.0000,0.6667,0.2778
059ef947-4a12-4833-add6-17c6f7c41a05,cf50eb11-df20-4705-8b1b-2d77ce2403ef,0.0000,5.5780,1.0000,0.0000,0.0000,0.0000,0.0556
059ef947-4a12-4833-add6-17c6f7c41a05,5de87467-8cbd-4a2d-90a3-7e283de285fa,0.0000,10.7900,1.0000,0.0000,0.0000,0.6667,0.0000
059ef947-4a12-4833-add6-17c6f7c41a05,dcf216e8-416d-44ea-80bf-2587651dfd37,0.0000,11.1978,1.0000,0.0000,0.0000,0.6667,0.0000
059ef947-4a12-4833-add6-17c6f7c41a05,e163b85d-9f81-4c13-8c8c-521c33484e74,2.0000,10.6607,0.5000,2.0000,2.0000,0.0000,0.2800
059ef947-4a12-4833-add6-17c6f7c41a05,0f5bc599-7a61-4792-8bf7-b9f78eec50fc,2.0000,4.8296,0.5000,2.0000,2.0000,0.6667,0.2174
059ef947-4a12-4833-add6-17c6f7c41a05,e5a14bb0-fea4-41eb-9bdd-aed3acec68b7,0.0000,4.3693,1.0000,0.0000,0.0000,0.0000,0.1111
059ef947-4a12-4833-add6-17c6f7c41a05,d5cb26d7-030e-4b27-a7fc-8913c4a80794,2.0000,10.6436,0.5000,2.0000,2.0000,0.0000,0.2174
059ef947-4a12-4833-add6-17c6f7c41a05,0f63c729-6dbc-48c2-9f43-89c37de9818f,0.0000,9.7951,1.0000,0.0000,0.0000,0.6667,0.0556
059ef947-4a12-4833-add6-17c6f7c41a05,d73b320a-790d-4a0e-b13f-02a09cbaf3bf,0.0000,11.2296,1.0000,0.0000,0.0000,0.6667,0.0526
059ef947-4a12-4833-add6-17c6f7c41a05,6f8acc59-cbf2-4b96-be3f-d5173828b422,0.0000,9.6459,1.0000,0.0000,0.0000,0.0000,0.1000
059ef947-4a12-4833-add6-17c6f7c41a05,a9bef44c-9e90-409b-9b07-93db1d3be774,2.0000,12.8844,0.5000,2.0000,2.0000,0.0000,0.2800
059ef947-4a12-4833-add6-17c6f7c41a05,62d0e0ab-0ed6-401f-b329-a12d20a79fb8,0.0000,13.4981,1.0000,0.0000,0.0000,0.6667,0.0526
059ef947-4a12-4833-add6-17c6f7c41a05,c8403da2-d968-494c-bbbe-bc7855b370ab,0.0000,12.3254,1.0000,0.0000,0.0000,0.0000,0.1667
059ef947-4a12-4833-add6-17c6f7c41a05,49e59cdd-4809-43f6-b618-1d0396a89857,2.0000,11.7417,0.5000,2.0000,2.0000,0.0000,0.3077
059ef947-4a12-4833-add6-17c6f7c41a05,ccfc5874-fe2c-4d37-ab22-2f8deae33eae,2.0000,10.9249,0.5000,2.0000,2.0000,0.6667,0.2174
059ef947-4a12-4833-add6-17c6f7c41a05,2b35aae8-7d5a-4e25-bd0b-8ae554405fa5,0.0000,9.8525,1.0000,0.0000,0.0000,0.0000,0.1667
059ef947-4a12-4833-add6-17c6f7c41a05,642ee07e-29b6-45a7-9826-aa2f8e6f6fda,2.0000,7.0980,0.5000,2.0000,2.0000,0.0000,0.2800
059ef947-4a12-4833-add6-17c6f7c41a05,18f05cad-c4a5-45a2-afda-2c6693684b81,0.0000,7.5431,1.0000,0.0000,0.0000,0.6667,0.1111
059ef947-4a12-4833-add6-17c6f7c41a05,6db16bc6-1a3a-47dc-9b2e-e489ff3a30d3,2.0000,12.5922,0.5000,2.0000,2.0000,0.6667,0.2174
059ef947-4a12-4833-add6-17c6f7c41a05,cf2e50ca-eb53-4a77-97c9-065f239b9c28,0.0000,7.4547,1.0000,0.0000,0.0000,0.6667,0.1667
059ef947-4a12-4833-add6-17c6f7c41a05,2003d6e5-1b34-47a0-80b4-f960cc4d1c06,0.0000,6.0020,1.0000,0.0000,0.0000,0.0000,0.0526
059ef947-4a12-4833-add6-17c6f7c41a05,692df9b4-47d2-48c1-8732-aa2dbd856038,0.0000,10.8328,1.0000,0.0000,0.0000,0.6667,0.1000
059ef947-4a12-4833-add6-17c6f7c41a05,853d8cdf-bbba-40fe-bc3c-9dbf4a72e3ba,0.0000,5.6303,1.0000,0.0000,0.0000,0.0000,0.0526
059ef947-4a12-4833-add6-17c6f7c41a05,2517b72c-41df-4f4a-a74f-4e6a4d8fb9a6,0.0000,5.6262,1.0000,0.0000,0.0000,0.0000,0.2174
059ef947-4a12-4833-add6-17c6f7c41a05,f761d41a-5220-42bf-872b-6a75cea6e24b,0.0000,10.2922,1.0000,0.0000,0.0000,0.6667,0.1111
059ef947-4a12-4833-add6-17c6f7c41a05,e8b9141c-9944-4c1d-beb1-2a3921ab8e1a,2.0000,7.3280,0.5000,2.0000,2.0000,0.0000,0.3333
059ef947-4a12-4833-add6-17c6f7c41a05,ff4975cc-52b8-41ed-8a6f-c69487eab5e8,0.0000,9.2157,1.0000,0.0000,0.0000,0.0000,0.0556
059ef947-4a12-4833-add6-17c6f7c41a05,22594200-2b3a-466f-9a4c-fc62849a043c,0.0000,5.6270,1.0000,0.0000,0.0000,0.0000,0.1000
059ef947-4a12-4833-add6-17c6f7c41a05,76a03818-1adc-4462-a8d3-fd5cc8cde7c3,2.0000,6.2153,0.5000,2.0000,2.0000,0.6667,0.0526
059ef947-4a12-4833-add6-17c6f7c41a05,14cbf3ff-91dd-4d34-92fe-f218d90b36a1,0.0000,13.1635,1.0000,0.0000,0.0000,0.6667,0.0556
fa8a729c-880c-4ec4-b231-decd82e1496a,1f060904-d763-45c4-adb3-0bcccf916f16,0.0000,2.7578,1.0000,0.0000,0.0000,0.0000,0.0000
fa8a729c-880c-4ec4-b231-decd82e1496a,3525aec3-2b10-4958-977b-1d0db69061e1,0.0000,8.2333,1.0000,0.0000,0.0000,0.6667,0.0909
fa8a729c-880c-4ec4-b231-decd82e1496a,4dc55917-1ad9-4f41-a4a5-efa709d235d9,0.0000,10.4365,1.0000,0.0000,0.0000,0.6667,0.0000
fa8a729c-880c-4ec4-b231-decd82e1496a,b20b4a65-b7c6-4cea-b79f-6a6db36ffdb1,2.0000,6.0655,0.5000,2.0000,2.0000,0.0000,0.2000
fa8a729c-880c-4ec4-b231-decd82e1496a,dfc01f3d-0bd7-4b56-aaac-87f7635b8f94,2.0000,12.5436,0.5000,2.0000,2.0000,0.0000,0.2500
fa8a729c-880c-4ec4-b231-decd82e1496a,2a693e8a-5f1a-4c10-9dbe-32a95fdb6c21,2.0000,10.2299,0.5000,2.0000,2.0000,0.6667,0.1000
fa8a729c-880c-4ec4-b231-decd82e1496a,afa62b93-9459-4a3d-b943-44e88f2ba832,2.0000,7.6336,0.5000,2.0000,2.0000,0.6667,0.1000
fa8a729c-880c-4ec4-b231-decd82e1496a,6a574a63-684b-4e8e-86d8-56c4ef182e83,2.0000,9.5632,0.5000,2.0000,2.0000,0.6667,0.1500
fa8a729c-880c-4ec4-b231-decd82e1496a,5fc2040b-5445-448e-bdf1-c32854189d53,2.0000,9.3139,0.5000,2.0000,2.0000,0.6667,0.1500
fa8a729c-880c-4ec4-b231-decd82e1496a,2d8a413c-9727-4a6a-8fc0-42bb4d8573d2,2.0000,9.2421,0.5000,2.0000,2.0000,0.6667,0.2000
fa8a729c-880c-4ec4-b231-decd82e1496a,61f121ba-cb60-465c-a2f5-9f2f14974ee8,0.0000,9.1173,1.0000,0.0000,0.0000,0.6667,0.1000
fa8a729c-880c-4ec4-b231-decd82e1496a,905bd711-6c1a-4bb8-9c8d-808f8a4b9705,2.0000,6.1355,0.5000,2.0000,2.0000,0.6667,0.0909
fa8a729c-880c-4ec4-b231-decd82e1496a,925fcff5-826c-4439-8315-4d6434f6f7db,2.0000,14.4836,0.5000,2.0000,2.0000,0.0000,0.1000
fa8a729c-880c-4ec4-b231-decd82e1496a,fafe7552-d597-4e47-b1bb-0abd8cdcfe25,2.0000,7.9276,0.5000,2.0000,2.0000,0.6667,0.2000
fa8a729c-880c-4ec4-b231-decd82e1496a,2be2d465-90ce-4beb-b5dc-6c92bdf23287,2.0000,7.7516,0.5000,2.0000,2.0000,0.6667,0.0000
fa8a729c-880c-4ec4-b231-decd82e1496a,62694c2b-296e-4ea6-b29f-d6fce70f4ee0,2.0000,13.0656,0.5000,2.0000,2.0000,0.0000,0.1000
fa8a729c-880c-4ec4-b231-decd82e1496a,4a9b7b3e-39f8-4542-b6a3-2cdddbc64b84,2.0000,12.8065,0.5000,2.0000,2.0000,0.0000,0.3000
fa8a729c-880c-4ec4-b231-decd82e1496a,f2f08e2f-79b8-4a56-92e9-cfc0e2b94f70,0.0000,9.3876,1.0000,0.0000,0.0000,0.0000,0.1667
fa8a729c-880c-4ec4-b231-decd82e1496a,5a3d63bf-344c-4e6e-bc93-50b3b9150d26,2.0000,7.6956,0.5000,2.0000,2.0000,0.6667,0.1500
fa8a729c-880c-4ec4-b231-decd82e1496a,5c6cea65-33e0-4403-ac24-1f3e986820f5,0.0000,8.4948,1.0000,0.0000,0.0000,0.0000,0.0000
fa8a729c-880c-4ec4-b231-decd82e1496a,ce289378-48db-4c5b-817b-85a3f7170b6d,0.0000,7.3068,1.0000,0.0000,0.0000,0.6667,0.2308
fa8a729c-880c-4ec4-b231-decd82e1496a,8e122a6e-999f-4977-b4e1-21eb03cae87d,0.0000,10.0217,1.0000,0.0000,0.0000,0.0000,0.1304
fa8a729c-880c-4ec4-b231-decd82e1496a,6a94bf0c-f443-448e-ba57-f3aa2805cb05,2.0000,9.8856,0.5000,2.0000,2.0000,0.6667,0.0500
fa8a729c-880c-4ec4-b231-decd82e1496a,cfb5d567-1d11-4a1e-9030-f9ea119d29ab,2.0000,5.6591,0.5000,2.0000,2.0000,0.6667,0.2500
fa8a729c-880c-4ec4-b231-decd82e1496a,bd111f97-40ec-48c2-9537-3f4585fd3c61,2.0000,7.5020,0.5000,2.0000,2.0000,0.6667,0.2500
fa8a729c-880c-4ec4-b231-decd82e1496a,56043fae-9517-4a04-b8ca-05c203f26132,2.0000,5.8418,0.5000,2.0000,2.0000,0.6667,0.3500
fa8a729c-880c-4ec4-b231-decd82e1496a,cf50eb11-df20-4705-8b1b-2d77ce2403ef,2.0000,8.0135,0.5000,2.0000,2.0000,0.0000,0.1500
fa8a729c-880c-4ec4-b231-decd82e1496a,5de87467-8cbd-4a2d-90a3-7e283de285fa,2.0000,5.6813,0.5000,2.0000,2.0000,0.6667,0.1000
fa8a729c-880c-4ec4-b231-decd82e1496a,dcf216e8-416d-44ea-80bf-2587651dfd37,2.0000,6.0247,0.5000,2.0000,2.0000,0.6667,0.1000
fa8a729c-880c-4ec4-b231-decd82e1496a,e163b85d-9f81-4c13-8c8c-521c33484e74,0.0000,11.1385,1.0000,0.0000,0.0000,0.0000,0.2000
fa8a729c-880c-4ec4-b231-decd82e1496a,0f5bc599-7a61-4792-8bf7-b9f78eec50fc,0.0000,8.3119,1.0000,0.0000,0.0000,0.6667,0.1304
fa8a729c-880c-4ec4-b231-decd82e1496a,e5a14bb0-fea4-41eb-9bdd-aed3acec68b7,2.0000,8.5119,0.5000,2.0000,2.0000,0.0000,0.2000
fa8a729c-880c-4ec4-b231-decd82e1496a,d5cb26d7-030e-4b27-a7fc-8913c4a80794,0.0000,8.8057,1.0000,0.0000,0.0000,0.0000,0.1304
fa8a729c-880c-4ec4-b231-decd82e1496a,0f63c729-6dbc-48c2-9f43-89c37de9818f,2.0000,8.7711,0.5000,2.0000,2.0000,0.6667,0.1500
fa8a729c-880c-4ec4-b231-decd82e1496a,d73b320a-790d-4a0e-b13f-02a09cbaf3bf,2.0000,9.1453,0.5000,2.0000,2.0000,0.6667,0.0500
fa8a729c-880c-4ec4-b231-decd82e1496a,6f8acc59-cbf2-4b96-be3f-d5173828b422,2.0000,9.7979,0.5000,2.0000,2.0000,0.0000,0.0000
fa8a729c-880c-4ec4-b231-decd82e1496a,a9bef44c-9e90-409b-9b07-93db1d3be774,0.0000,8.6659,1.0000,0.0000,0.0000,0.0000,0.2000
fa8a729c-880c-4ec4-b231-decd82e1496a,62d0e0ab-0ed6-401f-b329-a12d20a79fb8,2.0000,13.6386,0.5000,2.0000,2.0000,0.6667,0.0500
fa8a729c-880c-4ec4-b231-decd82e1496a,c8403da2-d968-494c-bbbe-bc7855b370ab,2.0000,11.7899,0.5000,2.0000,2.0000,0.0000,0.2500
fa8a729c-880c-4ec4-b231-decd82e1496a,49e59cdd-4809-43f6-b618-1d0396a89857,0.0000,8.8520,1.0000,0.0000,0.0000,0.0000,0.2308
fa8a729c-880c-4ec4-b231-decd82e1496a,ccfc5874-fe2c-4d37-ab22-2f8deae33eae,0.0000,8.1058,1.0000,0.0000,0.0000,0.6667,0.1304
fa8a729c-880c-4ec4-b231-decd82e1496a,2b35aae8-7d5a-4e25-bd0b-8ae554405fa5,2.0000,12.5493,0.5000,2.0000,2.0000,0.0000,0.2500
fa8a729c-880c-4ec4-b231-decd82e1496a,642ee07e-29b6-45a7-9826-aa2f8e6f6fda,0.0000,7.3576,1.0000,0.0000,0.0000,0.0000,0.2000
fa8a729c-880c-4ec4-b231-decd82e1496a,18f05cad-c4a5-45a2-afda-2c6693684b81,2.0000,8.4442,0.5000,2.0000,2.0000,0.6667,0.2000
fa8a729c-880c-4ec4-b231-decd82e1496a,6db16bc6-1a3a-47dc-9b2e-e489ff3a30d3,0.0000,6.5533,1.0000,0.0000,0.0000,0.6667,0.1304
fa8a729c-880c-4ec4-b231-decd82e1496a,cf2e50ca-eb53-4a77-97c9-065f239b9c28,2.0000,6.2989,0.5000,2.0000,2.0000,0.6667,0.2500
fa8a729c-880c-4ec4-b231-decd82e1496a,2003d6e5-1b34-47a0-80b4-f960cc4d1c06,2.0000,11.4949,0.5000,2.0000,2.0000,0.0000,0.0500
fa8a729c-880c-4ec4-b231-decd82e1496a,692df9b4-47d2-48c1-8732-aa2dbd856038,2.0000,9.3385,0.5000,2.0000,2.0000,0.6667,0.0000
fa8a729c-880c-4ec4-b231-decd82e1496a,853d8cdf-bbba-40fe-bc3c-9dbf4a72e3ba,2.0000,8.4607,0.5000,2.0000,2.0000,0.0000,0.0500
fa8a729c-880c-4ec4-b231-decd82e1496a,2517b72c-41df-4f4a-a74f-4e6a4d8fb9a6,2.0000,11.0057,0.5000,2.0000,2.0000,0.0000,0.1304
fa8a729c-880c-4ec4-b231-decd82e1496a,f761d41a-5220-42bf-872b-6a75cea6e24b,2.0000,9.0964,0.5000,2.0000,2.0000,0.6667,0.2000
fa8a729c-880c-4ec4-b231-decd82e1496a,e8b9141c-9944-4c1d-beb1-2a3921ab8e1a,0.0000,7.4002,1.0000,0.0000,0.0000,0.0000,0.2593
fa8a729c-880c-4ec4-b231-decd82e1496a,ff4975cc-52b8-41ed-8a6f-c69487eab5e8,2.0000,13.3039,0.5000,2.0000,2.0000,0.0000,0.1500
fa8a729c-880c-4ec4-b231-decd82e1496a,22594200-2b3a-466f-9a4c-fc62849a043c,2.0000,9.2663,0.5000,2.0000,2.0000,0.0000,0.0000
fa8a729c-880c-4ec4-b231-decd82e1496a,76a03818-1adc-4462-a8d3-fd5cc8cde7c3,0.0000,9.3038,1.0000,0.0000,0.0000,0.6667,0.0500
fa8a729c-880c-4ec4-b231-decd82e1496a,14cbf3ff-91dd-4d34-92fe-f218d90b36a1,2.0000,9.6195,0.5000,2.0000,2.0000,0.6667,0.1500
1f060904-d763-45c4-adb3-0bcccf916f16,3525aec3-2b10-4958-977b-1d0db69061e1,0.0000,6.6734,1.0000,0.0000,0.0000,0.6667,0.0909
1f060904-d763-45c4-adb3-0bcccf916f16,4dc55917-1ad9-4f41-a4a5-efa709d235d9,0.0000,11.4462,1.0000,0.0000,0.0000,0.6667,0.0000
1f060904-d763-45c4-adb3-0bcccf916f16,b20b4a65-b7c6-4cea-b79f-6a6db36ffdb1,2.0000,7.1243,0.5000,2.0000,2.0000,0.0000,0.2000
1f060904-d763-45c4-adb3-0bcccf916f16,dfc01f3d-0bd7-4b56-aaac-87f7635b8f94,2.0000,13.2199,0.5000,2.0000,2.0000,0.0000,0.2500
1f060904-d763-45c4-adb3-0bcccf916f16,2a693e8a-5f1a-4c10-9dbe-32a95fdb6c21,2.0000,8.6589,0.5000,2.0000,2.0000,0.6667,0.1000
1f060904-d763-45c4-adb3-0bcccf916f16,afa62b93-9459-4a3d-b943-44e88f2ba832,2.0000,6.3699,0.5000,2.0000,2.0000,0.6667,0.1000
1f060904-d763-45c4-adb3-0bcccf916f16,6a574a63-684b-4e8e-86d8-56c4ef182e83,2.0000,9.7236,0.5000,2.0000,2.0000,0.6667,0.1500
1f060904-d763-45c4-adb3-0bcccf916f16,5fc2040b-5445-448e-bdf1-c32854189d53,2.0000,7.7588,0.5000,2.0000,2.0000,0.6667,0.1500
1f060904-d763-45c4-adb3-0bcccf916f16,2d8a413c-9727-4a6a-8fc0-42bb4d8573d2,2.0000,9.2344,0.5000,2.0000,2.0000,0.6667,0.2000
1f060904-d763-45c4-adb3-0bcccf916f16,61f121ba-cb60-465c-a2f5-9f2f14974ee8,0.0000,10.2710,1.0000,0.0000,0.0000,0.6667,0.1000
1f060904-d763-45c4-adb3-0bcccf916f16,905bd711-6c1a-4bb8-9c8d-808f8a4b9705,2.0000,5.3271,0.5000,2.0000,2.0000,0.6667,0.0909
1f060904-d763-45c4-adb3-0bcccf916f16,925fcff5-826c-4439-8315-4d6434f6f7db,2.0000,13.4966,0.5000,2.0000,2.0000,0.0000,0.1000
1f060904-d763-45c4-adb3-0bcccf916f16,fafe7552-d597-4e47-b1bb-0abd8cdcfe25,2.0000,6.1729,0.5000,2.0000,2.0000,0.6667,0.2000
1f060904-d763-45c4-adb3-0bcccf916f16,2be2d465-90ce-4beb-b5dc-6c92bdf23287,2.0000,6.6123,0.5000,2.0000,2.0000,0.6667,0.0000
1f060904-d763-45c4-adb3-0bcccf916f16,62694c2b-296e-4ea6-b29f-d6fce70f4ee0,2.0000,14.2107,0.5000,2.0000,2.0000,0.0000,0.1000
1f060904-d763-45c4-adb3-0bcccf916f16,4a9b7b3e-39f8-4542-b6a3-2cdddbc64b84,2.0000,13.4978,0.5000,2.0000,2.0000,0.0000,0.3000
1f060904-d763-45c4-adb3-0bcccf916f16,f2f08e2f-79b8-4a56-92e9-cfc0e2b94f70,0.0000,7.1565,1.0000,0.0000,0.0000,0.0000,0.1667
1f060904-d763-45c4-adb3-0bcccf916f16,5a3d63bf-344c-4e6e-bc93-50b3b9150d26,2.0000,7.0073,0.5000,2.0000,2.0000,0.6667,0.1500
1f060904-d763-45c4-adb3-0bcccf916f16,5c6cea65-33e0-4403-ac24-1f3e986820f5,0.0000,6.5772,1.0000,0.0000,0.0000,0.0000,0.0000
1f060904-d763-45c4-adb3-0bcccf916f16,ce289378-48db-4c5b-817b-85a3f7170b6d,0.0000,7.3794,1.0000,0.0000,0.0000,0.6667,0.2308
1f060904-d763-45c4-adb3-0bcccf916f16,8e122a6e-999f-4977-b4e1-21eb03cae87d,0.0000,10.1589,1.0000,0.0000,0.0000,0.0000,0.1304
1f060904-d763-45c4-adb3-0bcccf916f16,6a94bf0c-f443-448e-ba57-f3aa2805cb05,2.0000,10.0610,0.5000,2.0000,2.0000,0.6667,0.0500
1f060904-d763-45c4-adb3-0bcccf916f16,cfb5d567-1d11-4a1e-9030-f9ea119d29ab,2.0000,3.0852,0.5000,2.0000,2.0000,0.6667,0.2500
1f060904-d763-45c4-adb3-0bcccf916f16,bd111f97-40ec-48c2-9537-3f4585fd3c61,2.0000,8.3770,0.5000,2.0000,2.0000,0.6667,0.2500
1f060904-d763-45c4-adb3-0bcccf916f16,56043fae-9517-4a04-b8ca-05c203f26132,2.0000,5.8283,0.5000,2.0000,2.0000,0.6667,0.3500
1f060904-d763-45c4-adb3-0bcccf916f16,cf50eb11-df20-4705-8b1b-2d77ce2403ef,2.0000,6.1666,0.5000,2.0000,2.0000,0.0000,0.1500
1f060904-d763-45c4-adb3-0bcccf916f16,5de87467-8cbd-4a2d-90a3-7e283de285fa,2.0000,3.2102,0.5000,2.0000,2.0000,0.6667,0.1000
1f060904-d763-45c4-adb3-0bcccf916f16,dcf216e8-416d-44ea-80bf-2587651dfd37,2.0000,3.5178,0.5000,2.0000,2.0000,0.6667,0.1000
1f060904-d763-45c4-adb3-0bcccf916f16,e163b85d-9f81-4c13-8c8c-521c33484e74,0.0000,10.0284,1.0000,0.0000,0.0000,0.0000,0.2000
1f060904-d763-45c4-adb3-0bcccf916f16,0f5bc599-7a61-4792-8bf7-b9f78eec50fc,0.0000,9.7832,1.0000,0.0000,0.0000,0.6667,0.1304
1f060904-d763-45c4-adb3-0bcccf916f16,e5a14bb0-fea4-41eb-9bdd-aed3acec68b7,2.0000,9.2631,0.5000,2.0000,2.0000,0.0000,0.2000
1f060904-d763-45c4-adb3-0bcccf916f16,d5cb26d7-030e-4b27-a7fc-8913c4a80794,0.0000,8.9665,1.0000,0.0000,0.0000,0.0000,0.1304
1f060904-d763-45c4-adb3-0bcccf916f16,0f63c729-6dbc-48c2-9f43-89c37de9818f,2.0000,6.4484,0.5000,2.0000,2.0000,0.6667,0.1500
1f060904-d763-45c4-adb3-0bcccf916f16,d73b320a-790d-4a0e-b13f-02a09cbaf3bf,2.0000,9.2682,0.5000,2.0000,2.0000,0.6667,0.0500
1f060904-d763-45c4-adb3-0bcccf916f16,6f8acc59-cbf2-4b96-be3f-d5173828b422,2.0000,11.9667,0.5000,2.0000,2.0000,0.0000,0.0000
1f060904-d763-45c4-adb3-0bcccf916f16,a9bef44c-9e90-409b-9b07-93db1d3be774,0.0000,7.4499,1.0000,0.0000,0.0000,0.0000,0.2000
1f060904-d763-45c4-adb3-0bcccf916f16,62d0e0ab-0ed6-401f-b329-a12d20a79fb8,2.0000,13.4313,0.5000,2.0000,2.0000,0.6667,0.0500
1f060904-d763-45c4-adb3-0bcccf916f16,c8403da2-d968-494c-bbbe-bc7855b370ab,2.0000,11.2689,0.5000,2.0000,2.0000,0.0000,0.2500
1f060904-d763-45c4-adb3-0bcccf916f16,49e59cdd-4809-43f6-b618-1d0396a89857,0.0000,6.5919,1.0000,0.0000,0.0000,0.0000,0.2308
1f060904-d763-45c4-adb3-0bcccf916f16,ccfc5874-fe2c-4d37-ab22-2f8deae33eae,0.0000,6.1717,1.0000,0.0000,0.0000,0.6667,0.1304
1f060904-d763-45c4-adb3-0bcccf916f16,2b35aae8-7d5a-4e25-bd0b-8ae554405fa5,2.0000,12.1473,0.5000,2.0000,2.0000,0.0000,0.2500
1f060904-d763-45c4-adb3-0bcccf916f16,642ee07e-29b6-45a7-9826-aa2f8e6f6fda,0.0000,9.1922,1.0000,0.0000,0.0000,0.0000,0.2000
1f060904-d763-45c4-adb3-0bcccf916f16,18f05cad-c4a5-45a2-afda-2c6693684b81,2.0000,8.9682,0.5000,2.0000,2.0000,0.6667,0.2000
1f060904-d763-45c4-adb3-0bcccf916f16,6db16bc6-1a3a-47dc-9b2e-e489ff3a30d3,0.0000,8.1475,1.0000,0.0000,0.0000,0.6667,0.1304
1f060904-d763-45c4-adb3-0bcccf916f16,cf2e50ca-eb53-4a77-97c9-065f239b9c28,2.0000,7.1676,0.5000,2.0000,2.0000,0.6667,0.2500
1f060904-d763-45c4-adb3-0bcccf916f16,2003d6e5-1b34-47a0-80b4-f960cc4d1c06,2.0000,11.6727,0.5000,2.0000,2.0000,0.0000,0.0500
1f060904-d763-45c4-adb3-0bcccf916f16,692df9b4-47d2-48c1-8732-aa2dbd856038,2.0000,9.5212,0.5000,2.0000,2.0000,0.6667,0.0000
1f060904-d763-45c4-adb3-0bcccf916f16,853d8cdf-bbba-40fe-bc3c-9dbf4a72e3ba,2.0000,8.9036,0.5000,2.0000,2.0000,0.0000,0.0500
1f060904-d763-45c4-adb3-0bcccf916f16,2517b72c-41df-4f4a-a74f-4e6a4d8fb9a6,2.0000,9.0269,0.5000,2.0000,2.0000,0.0000,0.1304
1f060904-d763-45c4-adb3-0bcccf916f16,f761d41a-5220-42bf-872b-6a75cea6e24b,2.0000,6.6976,0.5000,2.0000,2.0000,0.6667,0.2000
1f060904-d763-45c4-adb3-0bcccf916f16,e8b9141c-9944-4c1d-beb1-2a3921ab8e1a,0.0000,7.7227,1.0000,0.0000,0.0000,0.0000,0.2593
1f060904-d763-45c4-adb3-0bcccf916f16,ff4975cc-52b8-41ed-8a6f-c69487eab5e8,2.0000,13.7599,0.5000,2.0000,2.0000,0.0000,0.1500
1f060904-d763-45c4-adb3-0bcccf916f16,22594200-2b3a-466f-9a4c-fc62849a043c,2.0000,9.6644,0.5000,2.0000,2.0000,0.0000,0.0000
1f060904-d763-45c4-adb3-0bcccf916f16,76a03818-1adc-4462-a8d3-fd5cc8cde7c3,0.0000,9.8788,1.0000,0.0000,0.0000,0.6667,0.0500
1f060904-d763-45c4-adb3-0bcccf916f16,14cbf3ff-91dd-4d34-92fe-f218d90b36a1,2.0000,8.9573,0.5000,2.0000,2.0000,0.6667,0.1500
3525aec3-2b10-4958-977b-1d0db69061e1,4dc55917-1ad9-4f41-a4a5-efa709d235d9,0.0000,7.0714,1.0000,0.0000,0.0000,0.6667,0.0909
3525aec3-2b10-4958-977b-1d0db69061e1,b20b4a65-b7c6-4cea-b79f-6a6db36ffdb1,2.0000,7.9708,0.5000,2.0000,2.0000,0.6667,0.2727
3525aec3-2b10-4958-977b-1d0db69061e1,dfc01f3d-0bd7-4b56-aaac-87f7635b8f94,2.0000,11.3698,0.5000,2.0000,2.0000,0.6667,0.3182
3525aec3-2b10-4958-977b-1d0db69061e1,2a693e8a-5f1a-4c10-9dbe-32a95fdb6c21,2.0000,8.6962,0.5000,2.0000,2.0000,0.0000,0.1818
3525aec3-2b10-4958-977b-1d0db69061e1,afa62b93-9459-4a3d-b943-44e88f2ba832,2.0000,9.5770,0.5000,2.0000,2.0000,0.0000,0.1818
3525aec3-2b10-4958-977b-1d0db69061e1,6a574a63-684b-4e8e-86d8-56c4ef182e83,2.0000,8.1065,0.5000,2.0000,2.0000,0.0000,0.2273
3525aec3-2b10-4958-977b-1d0db69061e1,5fc2040b-5445-448e-bdf1-c32854189d53,2.0000,11.0525,0.5000,2.0000,2.0000,0.0000,0.2273
3525aec3-2b10-4958-977b-1d0db69061e1,2d8a413c-9727-4a6a-8fc0-42bb4d8573d2,2.0000,10.4575,0.5000,2.0000,2.0000,0.0000,0.2727
3525aec3-2b10-4958-977b-1d0db69061e1,61f121ba-cb60-465c-a2f5-9f2f14974ee8,0.0000,10.2894,1.0000,0.0000,0.0000,0.6667,0.1818
3525aec3-2b10-4958-977b-1d0db69061e1,905bd711-6c1a-4bb8-9c8d-808f8a4b9705,2.0000,6.2598,0.5000,2.0000,2.0000,0.0000,0.0000
3525aec3-2b10-4958-977b-1d0db69061e1,925fcff5-826c-4439-8315-4d6434f6f7db,2.0000,10.8202,0.5000,2.0000,2.0000,0.6667,0.1818
3525aec3-2b10-4958-977b-1d0db69061e1,fafe7552-d597-4e47-b1bb-0abd8cdcfe25,2.0000,7.1518,0.5000,2.0000,2.0000,0.0000,0.2727
3525aec3-2b10-4958-977b-1d0db69061e1,2be2d465-90ce-4beb-b5dc-6c92bdf23287,2.0000,9.7113,0.5000,2.0000,2.0000,0.0000,0.0909
3525aec3-2b10-4958-977b-1d0db69061e1,62694c2b-296e-4ea6-b29f-d6fce70f4ee0,2.0000,12.8870,0.5000,2.0000,2.0000,0.6667,0.1818
3525aec3-2b10-4958-977b-1d0db69061e1,4a9b7b3e-39f8-4542-b6a3-2cdddbc64b84,2.0000,11.7873,0.5000,2.0000,2.0000,0.6667,0.3636
3525aec3-2b10-4958-977b-1d0db69061e1,f2f08e2f-79b8-4a56-92e9-cfc0e2b94f70,0.0000,6.4301,1.0000,0.0000,0.0000,0.6667,0.0833
3525aec3-2b10-4958-977b-1d0db69061e1,5a3d63bf-344c-4e6e-bc93-50b3b9150d26,2.0000,7.4320,0.5000,2.0000,2.0000,0.0000,0.2273
3525aec3-2b10-4958-977b-1d0db69061e1,5c6cea65-33e0-4403-ac24-1f3e986820f5,0.0000,6.5966,1.0000,0.0000,0.0000,0.6667,0.0909
3525aec3-2b10-4958-977b-1d0db69061e1,ce289378-48db-4c5b-817b-85a3f7170b6d,0.0000,6.9076,1.0000,0.0000,0.0000,0.0000,0.1538
3525aec3-2b10-4958-977b-1d0db69061e1,8e122a6e-999f-4977-b4e1-21eb03cae87d,0.0000,5.0733,1.0000,0.0000,0.0000,0.6667,0.0435
3525aec3-2b10-4958-977b-1d0db69061e1,6a94bf0c-f443-448e-ba57-f3aa2805cb05,2.0000,8.2055,0.5000,2.0000,2.0000,0.0000,0.1364
3525aec3-2b10-4958-977b-1d0db69061e1,cfb5d567-1d11-4a1e-9030-f9ea119d29ab,2.0000,7.0180,0.5000,2.0000,2.0000,0.0000,0.3182
3525aec3-2b10-4958-977b-1d0db69061e1,bd111f97-40ec-48c2-9537-3f4585fd3c61,2.0000,10.4810,0.5000,2.0000,2.0000,0.0000,0.3182
3525aec3-2b10-4958-977b-1d0db69061e1,56043fae-9517-4a04-b8ca-05c203f26132,2.0000,8.0311,0.5000,2.0000,2.0000,0.0000,0.4091
3525aec3-2b10-4958-977b-1d0db69061e1,cf50eb11-df20-4705-8b1b-2d77ce2403ef,2.0000,7.5446,0.5000,2.0000,2.0000,0.6667,0.2273
3525aec3-2b10-4958-977b-1d0db69061e1,5de87467-8cbd-4a2d-90a3-7e283de285fa,2.0000,7.2585,0.5000,2.0000,2.0000,0.0000,0.1818
3525aec3-2b10-4958-977b-1d0db69061e1,dcf216e8-416d-44ea-80bf-2587651dfd37,2.0000,7.2160,0.5000,2.0000,2.0000,0.0000,0.1818
3525aec3-2b10-4958-977b-1d0db69061e1,e163b85d-9f81-4c13-8c8c-521c33484e74,0.0000,3.5333,1.0000,0.0000,0.0000,0.6667,0.1200
3525aec3-2b10-4958-977b-1d0db69061e1,0f5bc599-7a61-4792-8bf7-b9f78eec50fc,0.0000,9.8216,1.0000,0.0000,0.0000,0.0000,0.0435
3525aec3-2b10-4958-977b-1d0db69061e1,e5a14bb0-fea4-41eb-9bdd-aed3acec68b7,2.0000,10.2646,0.5000,2.0000,2.0000,0.6667,0.2727
3525aec3-2b10-4958-977b-1d0db69061e1,d5cb26d7-030e-4b27-a7fc-8913c4a80794,0.0000,7.2245,1.0000,0.0000,0.0000,0.6667,0.0435
3525aec3-2b10-4958-977b-1d0db69061e1,0f63c729-6dbc-48c2-9f43-89c37de9818f,2.0000,9.6861,0.5000,2.0000,2.0000,0.0000,0.2273
3525aec3-2b10-4958-977b-1d0db69061e1,d73b320a-790d-4a0e-b13f-02a09cbaf3bf,2.0000,7.3308,0.5000,2.0000,2.0000,0.0000,0.1364
3525aec3-2b10-4958-977b-1d0db69061e1,6f8acc59-cbf2-4b96-be3f-d5173828b422,2.0000,10.6775,0.5000,2.0000,2.0000,0.6667,0.0909
3525aec3-2b10-4958-977b-1d0db69061e1,a9bef44c-9e90-409b-9b07-93db1d3be774,0.0000,4.9630,1.0000,0.0000,0.0000,0.6667,0.1200
3525aec3-2b10-4958-977b-1d0db69061e1,62d0e0ab-0ed6-401f-b329-a12d20a79fb8,2.0000,9.6438,0.5000,2.0000,2.0000,0.0000,0.1364
3525aec3-2b10-4958-977b-1d0db69061e1,c8403da2-d968-494c-bbbe-bc7855b370ab,2.0000,7.7288,0.5000,2.0000,2.0000,0.6667,0.3182
3525aec3-2b10-4958-977b-1d0db69061e1,49e59cdd-4809-43f6-b618-1d0396a89857,0.0000,9.5672,1.0000,0.0000,0.0000,0.6667,0.1538
3525aec3-2b10-4958-977b-1d0db69061e1,ccfc5874-fe2c-4d37-ab22-2f8deae33eae,0.0000,8.6067,1.0000,0.0000,0.0000,0.0000,0.0435
3525aec3-2b10-4958-977b-1d0db69061e1,2b35aae8-7d5a-4e25-bd0b-8ae554405fa5,2.0000,8.6120,0.5000,2.0000,2.0000,0.6667,0.3182
3525aec3-2b10-4958-977b-1d0db69061e1,642ee07e-29b6-45a7-9826-aa2f8e6f6fda,0.0000,9.1690,1.0000,0.0000,0.0000,0.6667,0.1200
3525aec3-2b10-4958-977b-1d0db69061e1,18f05cad-c4a5-45a2-afda-2c6693684b81,2.0000,11.2655,0.5000,2.0000,2.0000,0.6667,0.2727
3525aec3-2b10-4958-977b-1d0db69061e1,6db16bc6-1a3a-47dc-9b2e-e489ff3a30d3,0.0000,9.4585,1.0000,0.0000,0.0000,0.6667,0.0435
3525aec3-2b10-4958-977b-1d0db69061e1,cf2e50ca-eb53-4a77-97c9-065f239b9c28,2.0000,9.6698,0.5000,2.0000,2.0000,0.6667,0.3182
3525aec3-2b10-4958-977b-1d0db69061e1,2003d6e5-1b34-47a0-80b4-f960cc4d1c06,2.0000,11.1431,0.5000,2.0000,2.0000,0.6667,0.1364
3525aec3-2b10-4958-977b-1d0db69061e1,692df9b4-47d2-48c1-8732-aa2dbd856038,2.0000,11.1845,0.5000,2.0000,2.0000,0.0000,0.0909
3525aec3-2b10-4958-977b-1d0db69061e1,853d8cdf-bbba-40fe-bc3c-9dbf4a72e3ba,2.0000,8.4282,0.5000,2.0000,2.0000,0.6667,0.1364
3525aec3-2b10-4958-977b-1d0db69061e1,2517b72c-41df-4f4a-a74f-4e6a4d8fb9a6,2.0000,10.6604,0.5000,2.0000,2.0000,0.6667,0.0435
3525aec3-2b10-4958-977b-1d0db69061e1,f761d41a-5220-42bf-872b-6a75cea6e24b,2.0000,10.1093,0.5000,2.0000,2.0000,0.0000,0.2727
3525aec3-2b10-4958-977b-1d0db69061e1,e8b9141c-9944-4c1d-beb1-2a3921ab8e1a,0.0000,8.7987,1.0000,0.0000,0.0000,0.6667,0.1852
3525aec3-2b10-4958-977b-1d0db69061e1,ff4975cc-52b8-41ed-8a6f-c69487eab5e8,2.0000,11.8221,0.5000,2.0000,2.0000,0.6667,0.2273
3525aec3-2b10-4958-977b-1d0db69061e1,22594200-2b3a-466f-9a4c-fc62849a043c,2.0000,9.0693,0.5000,2.0000,2.0000,0.6667,0.0909
3525aec3-2b10-4958-977b-1d0db69061e1,76a03818-1adc-4462-a8d3-fd5cc8cde7c3,0.0000,8.9895,1.0000,0.0000,0.0000,0.6667,0.1364
3525aec3-2b10-4958-977b-1d0db69061e1,14cbf3ff-91dd-4d34-92fe-f218d90b36a1,2.0000,9.8388,0.5000,2.0000,2.0000,0.0000,0.2273
4dc55917-1ad9-4f41-a4a5-efa709d235d9,b20b4a65-b7c6-4cea-b79f-6a6db36ffdb1,2.0000,9.8649,0.5000,2.0000,2.0000,0.6667,0.2000
4dc55917-1ad9-4f41-a4a5-efa709d235d9,dfc01f3d-0bd7-4b56-aaac-87f7635b8f94,2.0000,6.0153,0.5000,2.0000,2.0000,0.6667,0.2500
4dc55917-1ad9-4f41-a4a5-efa709d235d9,2a693e8a-5f1a-4c10-9dbe-32a95fdb6c21,2.0000,13.2987,0.5000,2.0000,2.0000,0.6667,0.1000
4dc55917-1ad9-4f41-a4a5-efa709d235d9,afa62b93-9459-4a3d-b943-44e88f2ba832,2.0000,14.3923,0.5000,2.0000,2.0000,0.6667,0.1000
4dc55917-1ad9-4f41-a4a5-efa709d235d9,6a574a63-684b-4e8e-86d8-56c4ef182e83,2.0000,8.3717,0.5000,2.0000,2.0000,0.6667,0.1500
4dc55917-1ad9-4f41-a4a5-efa709d235d9,5fc2040b-5445-448e-bdf1-c32854189d53,2.0000,12.3731,0.5000,2.0000,2.0000,0.6667,0.1500
4dc55917-1ad9-4f41-a4a5-efa709d235d9,2d8a413c-9727-4a6a-8fc0-42bb4d8573d2,2.0000,9.4558,0.5000,2.0000,2.0000,0.6667,0.2000
4dc55917-1ad9-4f41-a4a5-efa709d235d9,61f121ba-cb60-465c-a2f5-9f2f14974ee8,0.0000,7.4347,1.0000,0.0000,0.0000,0.0000,0.1000
4dc55917-1ad9-4f41-a4a5-efa709d235d9,905bd711-6c1a-4bb8-9c8d-808f8a4b9705,2.0000,10.1093,0.5000,2.0000,2.0000,0.6667,0.0909
4dc55917-1ad9-4f41-a4a5-efa709d235d9,925fcff5-826c-4439-8315-4d6434f6f7db,2.0000,9.4286,0.5000,2.0000,2.0000,0.6667,0.1000
4dc55917-1ad9-4f41-a4a5-efa709d235d9,fafe7552-d597-4e47-b1bb-0abd8cdcfe25,2.0000,9.6562,0.5000,2.0000,2.0000,0.6667,0.2000
4dc55917-1ad9-4f41-a4a5-efa709d235d9,2be2d465-90ce-4beb-b5dc-6c92bdf23287,2.0000,14.4885,0.5000,2.0000,2.0000,0.6667,0.0000
4dc55917-1ad9-4f41-a4a5-efa709d235d9,62694c2b-296e-4ea6-b29f-d6fce70f4ee0,2.0000,6.7635,0.5000,2.0000,2.0000,0.6667,0.1000
4dc55917-1ad9-4f41-a4a5-efa709d235d9,4a9b7b3e-39f8-4542-b6a3-2cdddbc64b84,2.0000,5.9025,0.5000,2.0000,2.0000,0.6667,0.3000
4dc55917-1ad9-4f41-a4a5-efa709d235d9,f2f08e2f-79b8-4a56-92e9-cfc0e2b94f70,0.0000,10.0749,1.0000,0.0000,0.0000,0.6667,0.1667
4dc55917-1ad9-4f41-a4a5-efa709d235d9,5a3d63bf-344c-4e6e-bc93-50b3b9150d26,2.0000,12.8704,0.5000,2.0000,2.0000,0.6667,0.1500
4dc55917-1ad9-4f41-a4a5-efa709d235d9,5c6cea65-33e0-4403-ac24-1f3e986820f5,0.0000,6.8841,1.0000,0.0000,0.0000,0.6667,0.0000
4dc55917-1ad9-4f41-a4a5-efa709d235d9,ce289378-48db-4c5b-817b-85a3f7170b6d,0.0000,9.9573,1.0000,0.0000,0.0000,0.6667,0.2308
4dc55917-1ad9-4f41-a4a5-efa709d235d9,8e122a6e-999f-4977-b4e1-21eb03cae87d,0.0000,6.0473,1.0000,0.0000,0.0000,0.6667,0.1304
4dc55917-1ad9-4f41-a4a5-efa709d235d9,6a94bf0c-f443-448e-ba57-f3aa2805cb05,2.0000,7.9199,0.5000,2.0000,2.0000,0.6667,0.0500
4dc55917-1ad9-4f41-a4a5-efa709d235d9,cfb5d567-1d11-4a1e-9030-f9ea119d29ab,2.0000,12.7473,0.5000,2.0000,2.0000,0.6667,0.2500
4dc55917-1ad9-4f41-a4a5-efa709d235d9,bd111f97-40ec-48c2-9537-3f4585fd3c61,2.0000,10.5611,0.5000,2.0000,2.0000,0.6667,0.2500
4dc55917-1ad9-4f41-a4a5-efa709d235d9,56043fae-9517-4a04-b8ca-05c203f26132,2.0000,10.5206,0.5000,2.0000,2.0000,0.6667,0.3500
4dc55917-1ad9-4f41-a4a5-efa709d235d9,cf50eb11-df20-4705-8b1b-2d77ce2403ef,2.0000,11.4256,0.5000,2.0000,2.0000,0.6667,0.1500
4dc55917-1ad9-4f41-a4a5-efa709d235d9,5de87467-8cbd-4a2d-90a3-7e283de285fa,2.0000,12.7136,0.5000,2.0000,2.0000,0.6667,0.1000
4dc55917-1ad9-4f41-a4a5-efa709d235d9,dcf216e8-416d-44ea-80bf-2587651dfd37,2.0000,13.0736,0.5000,2.0000,2.0000,0.6667,0.1000
4dc55917-1ad9-4f41-a4a5-efa709d235d9,e163b85d-9f81-4c13-8c8c-521c33484e74,0.0000,7.1801,1.0000,0.0000,0.0000,0.6667,0.2000
4dc55917-1ad9-4f41-a4a5-efa709d235d9,0f5bc599-7a61-4792-8bf7-b9f78eec50fc,0.0000,5.7473,1.0000,0.0000,0.0000,0.6667,0.1304
4dc55917-1ad9-4f41-a4a5-efa709d235d9,e5a14bb0-fea4-41eb-9bdd-aed3acec68b7,2.0000,10.5911,0.5000,2.0000,2.0000,0.6667,0.2000
4dc55917-1ad9-4f41-a4a5-efa709d235d9,d5cb26d7-030e-4b27-a7fc-8913c4a80794,0.0000,8.2935,1.0000,0.0000,0.0000,0.6667,0.1304
4dc55917-1ad9-4f41-a4a5-efa709d235d9,0f63c729-6dbc-48c2-9f43-89c37de9818f,2.0000,11.4169,0.5000,2.0000,2.0000,0.6667,0.1500
4dc55917-1ad9-4f41-a4a5-efa709d235d9,d73b320a-790d-4a0e-b13f-02a09cbaf3bf,2.0000,7.4707,0.5000,2.0000,2.0000,0.6667,0.0500
4dc55917-1ad9-4f41-a4a5-efa709d235d9,6f8acc59-cbf2-4b96-be3f-d5173828b422,2.0000,7.8009,0.5000,2.0000,2.0000,0.6667,0.0000
4dc55917-1ad9-4f41-a4a5-efa709d235d9,a9bef44c-9e90-409b-9b07-93db1d3be774,0.0000,8.6697,1.0000,0.0000,0.0000,0.6667,0.2000
4dc55917-1ad9-4f41-a4a5-efa709d235d9,62d0e0ab-0ed6-401f-b329-a12d20a79fb8,2.0000,8.2275,0.5000,2.0000,2.0000,0.6667,0.0500
4dc55917-1ad9-4f41-a4a5-efa709d235d9,c8403da2-d968-494c-bbbe-bc7855b370ab,2.0000,8.1040,0.5000,2.0000,2.0000,0.6667,0.2500
4dc55917-1ad9-4f41-a4a5-efa709d235d9,49e59cdd-4809-43f6-b618-1d0396a89857,0.0000,10.8378,1.0000,0.0000,0.0000,0.6667,0.2308
4dc55917-1ad9-4f41-a4a5-efa709d235d9,ccfc5874-fe2c-4d37-ab22-2f8deae33eae,0.0000,9.5189,1.0000,0.0000,0.0000,0.6667,0.1304
4dc55917-1ad9-4f41-a4a5-efa709d235d9,2b35aae8-7d5a-4e25-bd0b-8ae554405fa5,2.0000,6.2566,0.5000,2.0000,2.0000,0.6667,0.2500
4dc55917-1ad9-4f41-a4a5-efa709d235d9,642ee07e-29b6-45a7-9826-aa2f8e6f6fda,0.0000,7.1786,1.0000,0.0000,0.0000,0.6667,0.2000
4dc55917-1ad9-4f41-a4a5-efa709d235d9,18f05cad-c4a5-45a2-afda-2c6693684b81,2.0000,13.1602,0.5000,2.0000,2.0000,0.0000,0.2000
4dc55917-1ad9-4f41-a4a5-efa709d235d9,6db16bc6-1a3a-47dc-9b2e-e489ff3a30d3,0.0000,9.1791,1.0000,0.0000,0.0000,0.0000,0.1304
4dc55917-1ad9-4f41-a4a5-efa709d235d9,cf2e50ca-eb53-4a77-97c9-065f239b9c28,2.0000,13.2997,0.5000,2.0000,2.0000,0.0000,0.2500
4dc55917-1ad9-4f41-a4a5-efa709d235d9,2003d6e5-1b34-47a0-80b4-f960cc4d1c06,2.0000,8.0139,0.5000,2.0000,2.0000,0.6667,0.0500
4dc55917-1ad9-4f41-a4a5-efa709d235d9,692df9b4-47d2-48c1-8732-aa2dbd856038,2.0000,9.9045,0.5000,2.0000,2.0000,0.6667,0.0000
4dc55917-1ad9-4f41-a4a5-efa709d235d9,853d8cdf-bbba-40fe-bc3c-9dbf4a72e3ba,2.0000,8.1253,0.5000,2.0000,2.0000,0.6667,0.0500
4dc55917-1ad9-4f41-a4a5-efa709d235d9,2517b72c-41df-4f4a-a74f-4e6a4d8fb9a6,2.0000,10.0542,0.5000,2.0000,2.0000,0.6667,0.1304
4dc55917-1ad9-4f41-a4a5-efa709d235d9,f761d41a-5220-42bf-872b-6a75cea6e24b,2.0000,12.0209,0.5000,2.0000,2.0000,0.6667,0.2000
4dc55917-1ad9-4f41-a4a5-efa709d235d9,e8b9141c-9944-4c1d-beb1-2a3921ab8e1a,0.0000,7.0396,1.0000,0.0000,0.0000,0.6667,0.2593
4dc55917-1ad9-4f41-a4a5-efa709d235d9,ff4975cc-52b8-41ed-8a6f-c69487eab5e8,2.0000,7.1645,0.5000,2.0000,2.0000,0.6667,0.1500
4dc55917-1ad9-4f41-a4a5-efa709d235d9,22594200-2b3a-466f-9a4c-fc62849a043c,2.0000,8.5960,0.5000,2.0000,2.0000,0.6667,0.0000
4dc55917-1ad9-4f41-a4a5-efa709d235d9,76a03818-1adc-4462-a8d3-fd5cc8cde7c3,0.0000,9.1242,1.0000,0.0000,0.0000,0.0000,0.0500
4dc55917-1ad9-4f41-a4a5-efa709d235d9,14cbf3ff-91dd-4d34-92fe-f218d90b36a1,2.0000,9.7676,0.5000,2.0000,2.0000,0.6667,0.1500
b20b4a65-b7c6-4cea-b79f-6a6db36ffdb1,dfc01f3d-0bd7-4b56-aaac-87f7635b8f94,0.0000,9.0816,1.0000,0.0000,0.0000,0.0000,0.0625
b20b4a65-b7c6-4cea-b79f-6a6db36ffdb1,2a693e8a-5f1a-4c10-9dbe-32a95fdb6c21,0.0000,9.3165,1.0000,0.0000,0.0000,0.6667,0.1111
b20b4a65-b7c6-4cea-b79f-6a6db36ffdb1,afa62b93-9459-4a3d-b943-44e88f2ba832,0.0000,13.0025,1.0000,0.0000,0.0000,0.6667,0.1111
b20b4a65-b7c6-4cea-b79f-6a6db36ffdb1,6a574a63-684b-4e8e-86d8-56c4ef182e83,0.0000,14.6928,1.0000,0.0000,0.0000,0.6667,0.0588
b20b4a65-b7c6-4cea-b79f-6a6db36ffdb1,5fc2040b-5445-448e-bdf1-c32854189d53,0.0000,14.3337,1.0000,0.0000,0.0000,0.6667,0.0588
b20b4a65-b7c6-4cea-b79f-6a6db36ffdb1,2d8a413c-9727-4a6a-8fc0-42bb4d8573d2,0.0000,11.6884,1.0000,0.0000,0.0000,0.6667,0.0000
b20b4a65-b7c6-4cea-b79f-6a6db36ffdb1,61f121ba-cb60-465c-a2f5-9f2f14974ee8,2.0000,10.9078,0.5000,2.0000,2.0000,0.6667,0.1111
b20b4a65-b7c6-4cea-b79f-6a6db36ffdb1,905bd711-6c1a-4bb8-9c8d-808f8a4b9705,0.0000,11.1616,1.0000,0.0000,0.0000,0.6667,0.2727
b20b4a65-b7c6-4cea-b79f-6a6db36ffdb1,925fcff5-826c-4439-8315-4d6434f6f7db,0.0000,11.0973,1.0000,0.0000,0.0000,0.0000,0.1111
b20b4a65-b7c6-4cea-b79f-6a6db36ffdb1,fafe7552-d597-4e47-b1bb-0abd8cdcfe25,0.0000,10.7774,1.0000,0.0000,0.0000,0.6667,0.0000
b20b4a65-b7c6-4cea-b79f-6a6db36ffdb1,2be2d465-90ce-4beb-b5dc-6c92bdf23287,0.0000,13.1380,1.0000,0.0000,0.0000,0.6667,0.2000
b20b4a65-b7c6-4cea-b79f-6a6db36ffdb1,62694c2b-296e-4ea6-b29f-d6fce70f4ee0,0.0000,10.3793,1.0000,0.0000,0.0000,0.0000,0.1111
b20b4a65-b7c6-4cea-b79f-6a6db36ffdb1,4a9b7b3e-39f8-4542-b6a3-2cdddbc64b84,0.0000,9.9000,1.0000,0.0000,0.0000,0.0000,0.1250
b20b4a65-b7c6-4cea-b79f-6a6db36ffdb1,f2f08e2f-79b8-4a56-92e9-cfc0e2b94f70,2.0000,9.4255,0.5000,2.0000,2.0000,0.0000,0.3333
b20b4a65-b7c6-4cea-b79f-6a6db36ffdb1,5a3d63bf-344c-4e6e-bc93-50b3b9150d26,0.0000,13.0855,1.0000,0.0000,0.0000,0.6667,0.0588
b20b4a65-b7c6-4cea-b79f-6a6db36ffdb1,5c6cea65-33e0-4403-ac24-1f3e986820f5,2.0000,12.2579,0.5000,2.0000,2.0000,0.0000,0.2000
b20b4a65-b7c6-4cea-b79f-6a6db36ffdb1,ce289378-48db-4c5b-817b-85a3f7170b6d,2.0000,11.3433,0.5000,2.0000,2.0000,0.6667,0.3846
b20b4a65-b7c6-4cea-b79f-6a6db36ffdb1,8e122a6e-999f-4977-b4e1-21eb03cae87d,2.0000,10.2875,0.5000,2.0000,2.0000,0.0000,0.3043
b20b4a65-b7c6-4cea-b79f-6a6db36ffdb1,6a94bf0c-f443-448e-ba57-f3aa2805cb05,0.0000,14.5568,1.0000,0.0000,0.0000,0.6667,0.1579
b20b4a65-b7c6-4cea-b79f-6a6db36ffdb1,cfb5d567-1d11-4a1e-9030-f9ea119d29ab,0.0000,9.2331,1.0000,0.0000,0.0000,0.6667,0.0625
b20b4a65-b7c6-4cea-b79f-6a6db36ffdb1,bd111f97-40ec-48c2-9537-3f4585fd3c61,0.0000,5.1754,1.0000,0.0000,0.0000,0.6667,0.0625
b20b4a65-b7c6-4cea-b79f-6a6db36ffdb1,56043fae-9517-4a04-b8ca-05c203f26132,0.0000,9.1512,1.0000,0.0000,0.0000,0.6667,0.1875
b20b4a65-b7c6-4cea-b79f-6a6db36ffdb1,cf50eb11-df20-4705-8b1b-2d77ce2403ef,0.0000,2.9567,1.0000,0.0000,0.0000,0.0000,0.0588
b20b4a65-b7c6-4cea-b79f-6a6db36ffdb1,5de87467-8cbd-4a2d-90a3-7e283de285fa,0.0000,8.8986,1.0000,0.0000,0.0000,0.6667,0.1111
b20b4a65-b7c6-4cea-b79f-6a6db36ffdb1,dcf216e8-416d-44ea-80bf-2587651dfd37,0.0000,9.2625,1.0000,0.0000,0.0000,0.6667,0.1111
b20b4a65-b7c6-4cea-b79f-6a6db36ffdb1,e163b85d-9f81-4c13-8c8c-521c33484e74,2.0000,10.0826,0.5000,2.0000,2.0000,0.0000,0.3600
b20b4a65-b7c6-4cea-b79f-6a6db36ffdb1,0f5bc599-7a61-4792-8bf7-b9f78eec50fc,2.0000,6.4588,0.5000,2.0000,2.0000,0.6667,0.3043
b20b4a65-b7c6-4cea-b79f-6a6db36ffdb1,e5a14bb0-fea4-41eb-9bdd-aed3acec68b7,0.0000,3.0299,1.0000,0.0000,0.0000,0.0000,0.0000
b20b4a65-b7c6-4cea-b79f-6a6db36ffdb1,d5cb26d7-030e-4b27-a7fc-8913c4a80794,2.0000,10.1308,0.5000,2.0000,2.0000,0.0000,0.3043
b20b4a65-b7c6-4cea-b79f-6a6db36ffdb1,0f63c729-6dbc-48c2-9f43-89c37de9818f,0.0000,11.0216,1.0000,0.0000,0.0000,0.6667,0.0588
b20b4a65-b7c6-4cea-b79f-6a6db36ffdb1,d73b320a-790d-4a0e-b13f-02a09cbaf3bf,0.0000,13.7996,1.0000,0.0000,0.0000,0.6667,0.1579
b20b4a65-b7c6-4cea-b79f-6a6db36ffdb1,6f8acc59-cbf2-4b96-be3f-d5173828b422,0.0000,9.5581,1.0000,0.0000,0.0000,0.0000,0.2000
b20b4a65-b7c6-4cea-b79f-6a6db36ffdb1,a9bef44c-9e90-409b-9b07-93db1d3be774,2.0000,12.4984,0.5000,2.0000,2.0000,0.0000,0.3600
b20b4a65-b7c6-4cea-b79f-6a6db36ffdb1,62d0e0ab-0ed6-401f-b329-a12d20a79fb8,0.0000,16.2273,1.0000,0.0000,0.0000,0.6667,0.1579
b20b4a65-b7c6-4cea-b79f-6a6db36ffdb1,c8403da2-d968-494c-bbbe-bc7855b370ab,0.0000,11.9109,1.0000,0.0000,0.0000,0.0000,0.0625
b20b4a65-b7c6-4cea-b79f-6a6db36ffdb1,49e59cdd-4809-43f6-b618-1d0396a89857,2.0000,13.0195,0.5000,2.0000,2.0000,0.0000,0.3846
b20b4a65-b7c6-4cea-b79f-6a6db36ffdb1,ccfc5874-fe2c-4d37-ab22-2f8deae33eae,2.0000,12.3191,0.5000,2.0000,2.0000,0.6667,0.3043
b20b4a65-b7c6-4cea-b79f-6a6db36ffdb1,2b35aae8-7d5a-4e25-bd0b-8ae554405fa5,0.0000,12.4301,1.0000,0.0000,0.0000,0.0000,0.0625
b20b4a65-b7c6-4cea-b79f-6a6db36ffdb1,642ee07e-29b6-45a7-9826-aa2f8e6f6fda,2.0000,6.7230,0.5000,2.0000,2.0000,0.0000,0.3600
b20b4a65-b7c6-4cea-b79f-6a6db36ffdb1,18f05cad-c4a5-45a2-afda-2c6693684b81,0.0000,6.2792,1.0000,0.0000,0.0000,0.6667,0.0000
b20b4a65-b7c6-4cea-b79f-6a6db36ffdb1,6db16bc6-1a3a-47dc-9b2e-e489ff3a30d3,2.0000,12.1378,0.5000,2.0000,2.0000,0.6667,0.3043
b20b4a65-b7c6-4cea-b79f-6a6db36ffdb1,cf2e50ca-eb53-4a77-97c9-065f239b9c28,0.0000,5.1142,1.0000,0.0000,0.0000,0.6667,0.0625
b20b4a65-b7c6-4cea-b79f-6a6db36ffdb1,2003d6e5-1b34-47a0-80b4-f960cc4d1c06,0.0000,6.7147,1.0000,0.0000,0.0000,0.0000,0.1579
b20b4a65-b7c6-4cea-b79f-6a6db36ffdb1,692df9b4-47d2-48c1-8732-aa2dbd856038,0.0000,11.9770,1.0000,0.0000,0.0000,0.6667,0.2000
b20b4a65-b7c6-4cea-b79f-6a6db36ffdb1,853d8cdf-bbba-40fe-bc3c-9dbf4a72e3ba,0.0000,3.7221,1.0000,0.0000,0.0000,0.0000,0.1579
b20b4a65-b7c6-4cea-b79f-6a6db36ffdb1,2517b72c-41df-4f4a-a74f-4e6a4d8fb9a6,0.0000,6.2814,1.0000,0.0000,0.0000,0.0000,0.3043
b20b4a65-b7c6-4cea-b79f-6a6db36ffdb1,f761d41a-5220-42bf-872b-6a75cea6e24b,0.0000,11.4235,1.0000,0.0000,0.0000,0.6667,0.0000
b20b4a65-b7c6-4cea-b79f-6a6db36ffdb1,e8b9141c-9944-4c1d-beb1-2a3921ab8e1a,2.0000,9.9575,0.5000,2.0000,2.0000,0.0000,0.4074
b20b4a65-b7c6-4cea-b79f-6a6db36ffdb1,ff4975cc-52b8-41ed-8a6f-c69487eab5e8,0.0000,10.3564,1.0000,0.0000,0.0000,0.0000,0.0588
b20b4a65-b7c6-4cea-b79f-6a6db36ffdb1,22594200-2b3a-466f-9a4c-fc62849a043c,0.0000,4.8952,1.0000,0.0000,0.0000,0.0000,0.2000
b20b4a65-b7c6-4cea-b79f-6a6db36ffdb1,76a03818-1adc-4462-a8d3-fd5cc8cde7c3,2.0000,7.4151,0.5000,2.0000,2.0000,0.6667,0.1579
b20b4a65-b7c6-4cea-b79f-6a6db36ffdb1,14cbf3ff-91dd-4d34-92fe-f218d90b36a1,0.0000,14.1438,1.0000,0.0000,0.0000,0.6667,0.0588
dfc01f3d-0bd7-4b56-aaac-87f7635b8f94,2a693e8a-5f1a-4c10-9dbe-32a95fdb6c21,0.0000,13.9445,1.0000,0.0000,0.0000,0.6667,0.1667
dfc01f3d-0bd7-4b56-aaac-87f7635b8f94,afa62b93-9459-4a3d-b943-44e88f2ba832,0.0000,18.6214,1.0000,0.0000,0.0000,0.6667,0.1667
dfc01f3d-0bd7-4b56-aaac-87f7635b8f94,6a574a63-684b-4e8e-86d8-56c4ef182e83,0.0000,12.4038,1.0000,0.0000,0.0000,0.6667,0.1176
dfc01f3d-0bd7-4b56-aaac-87f7635b8f94,5fc2040b-5445-448e-bdf1-c32854189d53,0.0000,16.1197,1.0000,0.0000,0.0000,0.6667,0.1176
dfc01f3d-0bd7-4b56-aaac-87f7635b8f94,2d8a413c-9727-4a6a-8fc0-42bb4d8573d2,0.0000,12.3678,1.0000,0.0000,0.0000,0.6667,0.0625
dfc01f3d-0bd7-4b56-aaac-87f7635b8f94,61f121ba-cb60-465c-a2f5-9f2f14974ee8,2.0000,8.2684,0.5000,2.0000,2.0000,0.6667,0.1667
dfc01f3d-0bd7-4b56-aaac-87f7635b8f94,905bd711-6c1a-4bb8-9c8d-808f8a4b9705,0.0000,15.0226,1.0000,0.0000,0.0000,0.6667,0.3182
dfc01f3d-0bd7-4b56-aaac-87f7635b8f94,925fcff5-826c-4439-8315-4d6434f6f7db,0.0000,4.7950,1.0000,0.0000,0.0000,0.0000,0.1667
dfc01f3d-0bd7-4b56-aaac-87f7635b8f94,fafe7552-d597-4e47-b1bb-0abd8cdcfe25,0.0000,11.5416,1.0000,0.0000,0.0000,0.6667,0.0625
dfc01f3d-0bd7-4b56-aaac-87f7635b8f94,2be2d465-90ce-4beb-b5dc-6c92bdf23287,0.0000,18.7961,1.0000,0.0000,0.0000,0.6667,0.2500
dfc01f3d-0bd7-4b56-aaac-87f7635b8f94,62694c2b-296e-4ea6-b29f-d6fce70f4ee0,0.0000,3.6051,1.0000,0.0000,0.0000,0.0000,0.1667
dfc01f3d-0bd7-4b56-aaac-87f7635b8f94,4a9b7b3e-39f8-4542-b6a3-2cdddbc64b84,0.0000,1.3155,1.0000,0.0000,0.0000,0.0000,0.0667
dfc01f3d-0bd7-4b56-aaac-87f7635b8f94,f2f08e2f-79b8-4a56-92e9-cfc0e2b94f70,2.0000,13.8697,0.5000,2.0000,2.0000,0.0000,0.3750
dfc01f3d-0bd7-4b56-aaac-87f7635b8f94,5a3d63bf-344c-4e6e-bc93-50b3b9150d26,0.0000,16.8762,1.0000,0.0000,0.0000,0.6667,0.1176
dfc01f3d-0bd7-4b56-aaac-87f7635b8f94,5c6cea65-33e0-4403-ac24-1f3e986820f5,2.0000,11.6241,0.5000,2.0000,2.0000,0.0000,0.2500
dfc01f3d-0bd7-4b56-aaac-87f7635b8f94,ce289378-48db-4c5b-817b-85a3f7170b6d,2.0000,13.4403,0.5000,2.0000,2.0000,0.6667,0.4231
dfc01f3d-0bd7-4b56-aaac-87f7635b8f94,8e122a6e-999f-4977-b4e1-21eb03cae87d,2.0000,10.7404,0.5000,2.0000,2.0000,0.0000,0.3478
dfc01f3d-0bd7-4b56-aaac-87f7635b8f94,6a94bf0c-f443-448e-ba57-f3aa2805cb05,0.0000,11.9209,1.0000,0.0000,0.0000,0.6667,0.2105
dfc01f3d-0bd7-4b56-aaac-87f7635b8f94,cfb5d567-1d11-4a1e-9030-f9ea119d29ab,0.0000,15.5479,1.0000,0.0000,0.0000,0.6667,0.0000
dfc01f3d-0bd7-4b56-aaac-87f7635b8f94,bd111f97-40ec-48c2-9537-3f4585fd3c61,0.0000,10.8783,1.0000,0.0000,0.0000,0.6667,0.0000
dfc01f3d-0bd7-4b56-aaac-87f7635b8f94,56043fae-9517-4a04-b8ca-05c203f26132,0.0000,12.8102,1.0000,0.0000,0.0000,0.6667,0.1333
dfc01f3d-0bd7-4b56-aaac-87f7635b8f94,cf50eb11-df20-4705-8b1b-2d77ce2403ef,0.0000,10.3498,1.0000,0.0000,0.0000,0.0000,0.1176
dfc01f3d-0bd7-4b56-aaac-87f7635b8f94,5de87467-8cbd-4a2d-90a3-7e283de285fa,0.0000,15.4066,1.0000,0.0000,0.0000,0.6667,0.1667
dfc01f3d-0bd7-4b56-aaac-87f7635b8f94,dcf216e8-416d-44ea-80bf-2587651dfd37,0.0000,15.6819,1.0000,0.0000,0.0000,0.6667,0.1667
dfc01f3d-0bd7-4b56-aaac-87f7635b8f94,e163b85d-9f81-4c13-8c8c-521c33484e74,2.0000,11.6053,0.5000,2.0000,2.0000,0.0000,0.4000
dfc01f3d-0bd7-4b56-aaac-87f7635b8f94,0f5bc599-7a61-4792-8bf7-b9f78eec50fc,2.0000,7.3636,0.5000,2.0000,2.0000,0.6667,0.3478
dfc01f3d-0bd7-4b56-aaac-87f7635b8f94,e5a14bb0-fea4-41eb-9bdd-aed3acec68b7,0.0000,10.2969,1.0000,0.0000,0.0000,0.0000,0.0625
dfc01f3d-0bd7-4b56-aaac-87f7635b8f94,d5cb26d7-030e-4b27-a7fc-8913c4a80794,2.0000,11.9166,0.5000,2.0000,2.0000,0.0000,0.3478
dfc01f3d-0bd7-4b56-aaac-87f7635b8f94,0f63c729-6dbc-48c2-9f43-89c37de9818f,0.0000,14.6695,1.0000,0.0000,0.0000,0.6667,0.1176
dfc01f3d-0bd7-4b56-aaac-87f7635b8f94,d73b320a-790d-4a0e-b13f-02a09cbaf3bf,0.0000,11.6889,1.0000,0.0000,0.0000,0.6667,0.2105
dfc01f3d-0bd7-4b56-aaac-87f7635b8f94,6f8acc59-cbf2-4b96-be3f-d5173828b422,0.0000,9.9499,1.0000,0.0000,0.0000,0.0000,0.2500
dfc01f3d-0bd7-4b56-aaac-87f7635b8f94,a9bef44c-9e90-409b-9b07-93db1d3be774,2.0000,13.7662,0.5000,2.0000,2.0000,0.0000,0.4000
dfc01f3d-0bd7-4b56-aaac-87f7635b8f94,62d0e0ab-0ed6-401f-b329-a12d20a79fb8,0.0000,11.4300,1.0000,0.0000,0.0000,0.6667,0.2105
dfc01f3d-0bd7-4b56-aaac-87f7635b8f94,c8403da2-d968-494c-bbbe-bc7855b370ab,0.0000,9.7776,1.0000,0.0000,0.0000,0.0000,0.0000
dfc01f3d-0bd7-4b56-aaac-87f7635b8f94,49e59cdd-4809-43f6-b618-1d0396a89857,2.0000,15.4703,0.5000,2.0000,2.0000,0.0000,0.4231
dfc01f3d-0bd7-4b56-aaac-87f7635b8f94,ccfc5874-fe2c-4d37-ab22-2f8deae33eae,2.0000,14.0589,0.5000,2.0000,2.0000,0.6667,0.3478
dfc01f3d-0bd7-4b56-aaac-87f7635b8f94,2b35aae8-7d5a-4e25-bd0b-8ae554405fa5,0.0000,6.5828,1.0000,0.0000,0.0000,0.0000,0.0000
dfc01f3d-0bd7-4b56-aaac-87f7635b8f94,642ee07e-29b6-45a7-9826-aa2f8e6f6fda,2.0000,8.7356,0.5000,2.0000,2.0000,0.0000,0.4000
dfc01f3d-0bd7-4b56-aaac-87f7635b8f94,18f05cad-c4a5-45a2-afda-2c6693684b81,0.0000,13.9770,1.0000,0.0000,0.0000,0.6667,0.0625
dfc01f3d-0bd7-4b56-aaac-87f7635b8f94,6db16bc6-1a3a-47dc-9b2e-e489ff3a30d3,2.0000,13.1571,0.5000,2.0000,2.0000,0.6667,0.3478
dfc01f3d-0bd7-4b56-aaac-87f7635b8f94,cf2e50ca-eb53-4a77-97c9-065f239b9c28,0.0000,13.9594,1.0000,0.0000,0.0000,0.6667,0.0000
dfc01f3d-0bd7-4b56-aaac-87f7635b8f94,2003d6e5-1b34-47a0-80b4-f960cc4d1c06,0.0000,6.8548,1.0000,0.0000,0.0000,0.0000,0.2105
dfc01f3d-0bd7-4b56-aaac-87f7635b8f94,692df9b4-47d2-48c1-8732-aa2dbd856038,0.0000,12.9306,1.0000,0.0000,0.0000,0.6667,0.2500
dfc01f3d-0bd7-4b56-aaac-87f7635b8f94,853d8cdf-bbba-40fe-bc3c-9dbf4a72e3ba,0.0000,6.4264,1.0000,0.0000,0.0000,0.0000,0.2105
dfc01f3d-0bd7-4b56-aaac-87f7635b8f94,2517b72c-41df-4f4a-a74f-4e6a4d8fb9a6,0.0000,9.4384,1.0000,0.0000,0.0000,0.0000,0.3478
dfc01f3d-0bd7-4b56-aaac-87f7635b8f94,f761d41a-5220-42bf-872b-6a75cea6e24b,0.0000,15.1949,1.0000,0.0000,0.0000,0.6667,0.0625
dfc01f3d-0bd7-4b56-aaac-87f7635b8f94,e8b9141c-9944-4c1d-beb1-2a3921ab8e1a,2.0000,6.7759,0.5000,2.0000,2.0000,0.0000,0.4444
dfc01f3d-0bd7-4b56-aaac-87f7635b8f94,ff4975cc-52b8-41ed-8a6f-c69487eab5e8,0.0000,3.3615,1.0000,0.0000,0.0000,0.0000,0.1176
dfc01f3d-0bd7-4b56-aaac-87f7635b8f94,22594200-2b3a-466f-9a4c-fc62849a043c,0.0000,7.8362,1.0000,0.0000,0.0000,0.0000,0.2500
dfc01f3d-0bd7-4b56-aaac-87f7635b8f94,76a03818-1adc-4462-a8d3-fd5cc8cde7c3,2.0000,10.4993,0.5000,2.0000,2.0000,0.6667,0.2105
dfc01f3d-0bd7-4b56-aaac-87f7635b8f94,14cbf3ff-91dd-4d34-92fe-f218d90b36a1,0.0000,15.2586,1.0000,0.0000,0.0000,0.6667,0.1176
2a693e8a-5f1a-4c10-9dbe-32a95fdb6c21,afa62b93-9459-4a3d-b943-44e88f2ba832,0.0000,13.9685,1.0000,0.0000,0.0000,0.0000,0.0000
2a693e8a-5f1a-4c10-9dbe-32a95fdb6c21,6a574a63-684b-4e8e-86d8-56c4ef182e83,0.0000,13.1262,1.0000,0.0000,0.0000,0.0000,0.0556
2a693e8a-5f1a-4c10-9dbe-32a95fdb6c21,5fc2040b-5445-448e-bdf1-c32854189d53,0.0000,14.5291,1.0000,0.0000,0.0000,0.0000,0.0556
2a693e8a-5f1a-4c10-9dbe-32a95fdb6c21,2d8a413c-9727-4a6a-8fc0-42bb4d8573d2,0.0000,8.5813,1.0000,0.0000,0.0000,0.0000,0.1111
2a693e8a-5f1a-4c10-9dbe-32a95fdb6c21,61f121ba-cb60-465c-a2f5-9f2f14974ee8,2.0000,11.5126,0.5000,2.0000,2.0000,0.6667,0.0000
2a693e8a-5f1a-4c10-9dbe-32a95fdb6c21,905bd711-6c1a-4bb8-9c8d-808f8a4b9705,0.0000,13.6007,1.0000,0.0000,0.0000,0.0000,0.1818
2a693e8a-5f1a-4c10-9dbe-32a95fdb6c21,925fcff5-826c-4439-8315-4d6434f6f7db,0.0000,10.7192,1.0000,0.0000,0.0000,0.6667,0.0000
2a693e8a-5f1a-4c10-9dbe-32a95fdb6c21,fafe7552-d597-4e47-b1bb-0abd8cdcfe25,0.0000,7.6779,1.0000,0.0000,0.0000,0.0000,0.1111
2a693e8a-5f1a-4c10-9dbe-32a95fdb6c21,2be2d465-90ce-4beb-b5dc-6c92bdf23287,0.0000,14.1264,1.0000,0.0000,0.0000,0.0000,0.1000
2a693e8a-5f1a-4c10-9dbe-32a95fdb6c21,62694c2b-296e-4ea6-b29f-d6fce70f4ee0,0.0000,13.7185,1.0000,0.0000,0.0000,0.6667,0.0000
2a693e8a-5f1a-4c10-9dbe-32a95fdb6c21,4a9b7b3e-39f8-4542-b6a3-2cdddbc64b84,0.0000,14.2549,1.0000,0.0000,0.0000,0.6667,0.2222
2a693e8a-5f1a-4c10-9dbe-32a95fdb6c21,f2f08e2f-79b8-4a56-92e9-cfc0e2b94f70,2.0000,6.7044,0.5000,2.0000,2.0000,0.6667,0.2500
2a693e8a-5f1a-4c10-9dbe-32a95fdb6c21,5a3d63bf-344c-4e6e-bc93-50b3b9150d26,0.0000,10.9685,1.0000,0.0000,0.0000,0.0000,0.0556
2a693e8a-5f1a-4c10-9dbe-32a95fdb6c21,5c6cea65-33e0-4403-ac24-1f3e986820f5,2.0000,13.5373,0.5000,2.0000,2.0000,0.6667,0.1000
2a693e8a-5f1a-4c10-9dbe-32a95fdb6c21,ce289378-48db-4c5b-817b-85a3f7170b6d,2.0000,10.5808,0.5000,2.0000,2.0000,0.0000,0.3077
2a693e8a-5f1a-4c10-9dbe-32a95fdb6c21,8e122a6e-999f-4977-b4e1-21eb03cae87d,2.0000,8.3613,0.5000,2.0000,2.0000,0.6667,0.2174
2a693e8a-5f1a-4c10-9dbe-32a95fdb6c21,6a94bf0c-f443-448e-ba57-f3aa2805cb05,0.0000,13.2230,1.0000,0.0000,0.0000,0.0000,0.0526
2a693e8a-5f1a-4c10-9dbe-32a95fdb6c21,cfb5d567-1d11-4a1e-9030-f9ea119d29ab,0.0000,9.1669,1.0000,0.0000,0.0000,0.0000,0.1667
2a693e8a-5f1a-4c10-9dbe-32a95fdb6c21,bd111f97-40ec-48c2-9537-3f4585fd3c61,0.0000,6.5680,1.0000,0.0000,0.0000,0.0000,0.1667
2a693e8a-5f1a-4c10-9dbe-32a95fdb6c21,56043fae-9517-4a04-b8ca-05c203f26132,0.0000,9.4086,1.0000,0.0000,0.0000,0.0000,0.2778
2a693e8a-5f1a-4c10-9dbe-32a95fdb6c21,cf50eb11-df20-4705-8b1b-2d77ce2403ef,0.0000,9.1081,1.0000,0.0000,0.0000,0.6667,0.0556
2a693e8a-5f1a-4c10-9dbe-32a95fdb6c21,5de87467-8cbd-4a2d-90a3-7e283de285fa,0.0000,8.8081,1.0000,0.0000,0.0000,0.0000,0.0000
2a693e8a-5f1a-4c10-9dbe-32a95fdb6c21,dcf216e8-416d-44ea-80bf-2587651dfd37,0.0000,8.6835,1.0000,0.0000,0.0000,0.0000,0.0000
2a693e8a-5f1a-4c10-9dbe-32a95fdb6c21,e163b85d-9f81-4c13-8c8c-521c33484e74,2.0000,6.4067,0.5000,2.0000,2.0000,0.6667,0.2800
2a693e8a-5f1a-4c10-9dbe-32a95fdb6c21,0f5bc599-7a61-4792-8bf7-b9f78eec50fc,2.0000,11.9646,0.5000,2.0000,2.0000,0.0000,0.2174
2a693e8a-5f1a-4c10-9dbe-32a95fdb6c21,e5a14bb0-fea4-41eb-9bdd-aed3acec68b7,0.0000,7.1220,1.0000,0.0000,0.0000,0.6667,0.1111
2a693e8a-5f1a-4c10-9dbe-32a95fdb6c21,d5cb26d7-030e-4b27-a7fc-8913c4a80794,2.0000,7.2279,0.5000,2.0000,2.0000,0.6667,0.2174
2a693e8a-5f1a-4c10-9dbe-32a95fdb6c21,0f63c729-6dbc-48c2-9f43-89c37de9818f,0.0000,8.3570,1.0000,0.0000,0.0000,0.0000,0.0556
2a693e8a-5f1a-4c10-9dbe-32a95fdb6c21,d73b320a-790d-4a0e-b13f-02a09cbaf3bf,0.0000,13.0884,1.0000,0.0000,0.0000,0.0000,0.0526
2a693e8a-5f1a-4c10-9dbe-32a95fdb6c21,6f8acc59-cbf2-4b96-be3f-d5173828b422,0.0000,13.8565,1.0000,0.0000,0.0000,0.6667,0.1000
2a693e8a-5f1a-4c10-9dbe-32a95fdb6c21,a9bef44c-9e90-409b-9b07-93db1d3be774,2.0000,8.4912,0.5000,2.0000,2.0000,0.6667,0.2800
2a693e8a-5f1a-4c10-9dbe-32a95fdb6c21,62d0e0ab-0ed6-401f-b329-a12d20a79fb8,0.0000,15.9015,1.0000,0.0000,0.0000,0.0000,0.0526
2a693e8a-5f1a-4c10-9dbe-32a95fdb6c21,c8403da2-d968-494c-bbbe-bc7855b370ab,0.0000,9.3779,1.0000,0.0000,0.0000,0.6667,0.1667
2a693e8a-5f1a-4c10-9dbe-32a95fdb6c21,49e59cdd-4809-43f6-b618-1d0396a89857,2.0000,11.1578,0.5000,2.0000,2.0000,0.6667,0.3077
2a693e8a-5f1a-4c10-9dbe-32a95fdb6c21,ccfc5874-fe2c-4d37-ab22-2f8deae33eae,2.0000,10.2949,0.5000,2.0000,2.0000,0.0000,0.2174
2a693e8a-5f1a-4c10-9dbe-32a95fdb6c21,2b35aae8-7d5a-4e25-bd0b-8ae554405fa5,0.0000,13.4511,1.0000,0.0000,0.0000,0.6667,0.1667
2a693e8a-5f1a-4c10-9dbe-32a95fdb6c21,642ee07e-29b6-45a7-9826-aa2f8e6f6fda,2.0000,9.4951,0.5000,2.0000,2.0000,0.6667,0.2800
2a693e8a-5f1a-4c10-9dbe-32a95fdb6c21,18f05cad-c4a5-45a2-afda-2c6693684b81,0.0000,4.0069,1.0000,0.0000,0.0000,0.6667,0.1111
2a693e8a-5f1a-4c10-9dbe-32a95fdb6c21,6db16bc6-1a3a-47dc-9b2e-e489ff3a30d3,2.0000,9.4989,0.5000,2.0000,2.0000,0.6667,0.2174
2a693e8a-5f1a-4c10-9dbe-32a95fdb6c21,cf2e50ca-eb53-4a77-97c9-065f239b9c28,0.0000,6.2847,1.0000,0.0000,0.0000,0.6667,0.1667
2a693e8a-5f1a-4c10-9dbe-32a95fdb6c21,2003d6e5-1b34-47a0-80b4-f960cc4d1c06,0.0000,8.9373,1.0000,0.0000,0.0000,0.6667,0.0526
2a693e8a-5f1a-4c10-9dbe-32a95fdb6c21,692df9b4-47d2-48c1-8732-aa2dbd856038,0.0000,9.0972,1.0000,0.0000,0.0000,0.0000,0.1000
2a693e8a-5f1a-4c10-9dbe-32a95fdb6c21,853d8cdf-bbba-40fe-bc3c-9dbf4a72e3ba,0.0000,8.4843,1.0000,0.0000,0.0000,0.6667,0.0526
2a693e8a-5f1a-4c10-9dbe-32a95fdb6c21,2517b72c-41df-4f4a-a74f-4e6a4d8fb9a6,0.0000,8.9277,1.0000,0.0000,0.0000,0.6667,0.2174
2a693e8a-5f1a-4c10-9dbe-32a95fdb6c21,f761d41a-5220-42bf-872b-6a75cea6e24b,0.0000,8.3359,1.0000,0.0000,0.0000,0.0000,0.1111
2a693e8a-5f1a-4c10-9dbe-32a95fdb6c21,e8b9141c-9944-4c1d-beb1-2a3921ab8e1a,2.0000,11.9655,0.5000,2.0000,2.0000,0.6667,0.3333
2a693e8a-5f1a-4c10-9dbe-32a95fdb6c21,ff4975cc-52b8-41ed-8a6f-c69487eab5e8,0.0000,12.4608,1.0000,0.0000,0.0000,0.6667,0.0556
2a693e8a-5f1a-4c10-9dbe-32a95fdb6c21,22594200-2b3a-466f-9a4c-fc62849a043c,0.0000,6.2557,1.0000,0.0000,0.0000,0.6667,0.1000
2a693e8a-5f1a-4c10-9dbe-32a95fdb6c21,76a03818-1adc-4462-a8d3-fd5cc8cde7c3,2.0000,10.5405,0.5000,2.0000,2.0000,0.6667,0.0526
2a693e8a-5f1a-4c10-9dbe-32a95fdb6c21,14cbf3ff-91dd-4d34-92fe-f218d90b36a1,0.0000,13.4786,1.0000,0.0000,0.0000,0.0000,0.0556
afa62b93-9459-4a3d-b943-44e88f2ba832,6a574a63-684b-4e8e-86d8-56c4ef182e83,0.0000,9.2412,1.0000,0.0000,0.0000,0.0000,0.0556
afa62b93-9459-4a3d-b943-44e88f2ba832,5fc2040b-5445-448e-bdf1-c32854189d53,0.0000,3.6623,1.0000,0.0000,0.0000,0.0000,0.0556
afa62b93-9459-4a3d-b943-44e88f2ba832,2d8a413c-9727-4a6a-8fc0-42bb4d8573d2,0.0000,12.5451,1.0000,0.0000,0.0000,0.0000,0.1111
afa62b93-9459-4a3d-b943-44e88f2ba832,61f121ba-cb60-465c-a2f5-9f2f14974ee8,2.0000,14.4480,0.5000,2.0000,2.0000,0.6667,0.0000
afa62b93-9459-4a3d-b943-44e88f2ba832,905bd711-6c1a-4bb8-9c8d-808f8a4b9705,0.0000,5.0089,1.0000,0.0000,0.0000,0.0000,0.1818
afa62b93-9459-4a3d-b943-44e88f2ba832,925fcff5-826c-4439-8315-4d6434f6f7db,0.0000,18.7106,1.0000,0.0000,0.0000,0.6667,0.0000
afa62b93-9459-4a3d-b943-44e88f2ba832,fafe7552-d597-4e47-b1bb-0abd8cdcfe25,0.0000,9.5598,1.0000,0.0000,0.0000,0.0000,0.1111
afa62b93-9459-4a3d-b943-44e88f2ba832,2be2d465-90ce-4beb-b5dc-6c92bdf23287,0.0000,0.3373,1.0000,0.0000,0.0000,0.0000,0.1000
afa62b93-9459-4a3d-b943-44e88f2ba832,62694c2b-296e-4ea6-b29f-d6fce70f4ee0,0.0000,19.4414,1.0000,0.0000,0.0000,0.6667,0.0000
afa62b93-9459-4a3d-b943-44e88f2ba832,4a9b7b3e-39f8-4542-b6a3-2cdddbc64b84,0.0000,18.8388,1.0000,0.0000,0.0000,0.6667,0.2222
afa62b93-9459-4a3d-b943-44e88f2ba832,f2f08e2f-79b8-4a56-92e9-cfc0e2b94f70,2.0000,8.6845,0.5000,2.0000,2.0000,0.6667,0.2500
afa62b93-9459-4a3d-b943-44e88f2ba832,5a3d63bf-344c-4e6e-bc93-50b3b9150d26,0.0000,3.4185,1.0000,0.0000,0.0000,0.0000,0.0556
afa62b93-9459-4a3d-b943-44e88f2ba832,5c6cea65-33e0-4403-ac24-1f3e986820f5,2.0000,9.0238,0.5000,2.0000,2.0000,0.6667,0.1000
afa62b93-9459-4a3d-b943-44e88f2ba832,ce289378-48db-4c5b-817b-85a3f7170b6d,2.0000,8.4250,0.5000,2.0000,2.0000,0.0000,0.3077
afa62b93-9459-4a3d-b943-44e88f2ba832,8e122a6e-999f-4977-b4e1-21eb03cae87d,2.0000,13.1802,0.5000,2.0000,2.0000,0.6667,0.2174
afa62b93-9459-4a3d-b943-44e88f2ba832,6a94bf0c-f443-448e-ba57-f3aa2805cb05,0.0000,9.8255,1.0000,0.0000,0.0000,0.0000,0.0526
afa62b93-9459-4a3d-b943-44e88f2ba832,cfb5d567-1d11-4a1e-9030-f9ea119d29ab,0.0000,4.8593,1.0000,0.0000,0.0000,0.0000,0.1667
afa62b93-9459-4a3d-b943-44e88f2ba832,bd111f97-40ec-48c2-9537-3f4585fd3c61,0.0000,13.7498,1.0000,0.0000,0.0000,0.0000,0.1667
afa62b93-9459-4a3d-b943-44e88f2ba832,56043fae-9517-4a04-b8ca-05c203f26132,0.0000,8.4020,1.0000,0.0000,0.0000,0.0000,0.2778
afa62b93-9459-4a3d-b943-44e88f2ba832,cf50eb11-df20-4705-8b1b-2d77ce2403ef,0.0000,10.6953,1.0000,0.0000,0.0000,0.6667,0.0556
afa62b93-9459-4a3d-b943-44e88f2ba832,5de87467-8cbd-4a2d-90a3-7e283de285fa,0.0000,5.6984,1.0000,0.0000,0.0000,0.0000,0.0000
afa62b93-9459-4a3d-b943-44e88f2ba832,dcf216e8-416d-44ea-80bf-2587651dfd37,0.0000,5.5908,1.0000,0.0000,0.0000,0.0000,0.0000
afa62b93-9459-4a3d-b943-44e88f2ba832,e163b85d-9f81-4c13-8c8c-521c33484e74,2.0000,13.0624,0.5000,2.0000,2.0000,0.6667,0.2800
afa62b93-9459-4a3d-b943-44e88f2ba832,0f5bc599-7a61-4792-8bf7-b9f78eec50fc,2.0000,14.5561,0.5000,2.0000,2.0000,0.0000,0.2174
afa62b93-9459-4a3d-b943-44e88f2ba832,e5a14bb0-fea4-41eb-9bdd-aed3acec68b7,0.0000,14.9654,1.0000,0.0000,0.0000,0.6667,0.1111
afa62b93-9459-4a3d-b943-44e88f2ba832,d5cb26d7-030e-4b27-a7fc-8913c4a80794,2.0000,10.9504,0.5000,2.0000,2.0000,0.6667,0.2174
afa62b93-9459-4a3d-b943-44e88f2ba832,0f63c729-6dbc-48c2-9f43-89c37de9818f,0.0000,8.9994,1.0000,0.0000,0.0000,0.0000,0.0556
afa62b93-9459-4a3d-b943-44e88f2ba832,d73b320a-790d-4a0e-b13f-02a09cbaf3bf,0.0000,9.2028,1.0000,0.0000,0.0000,0.0000,0.0526
afa62b93-9459-4a3d-b943-44e88f2ba832,6f8acc59-cbf2-4b96-be3f-d5173828b422,0.0000,15.0414,1.0000,0.0000,0.0000,0.6667,0.1000
afa62b93-9459-4a3d-b943-44e88f2ba832,a9bef44c-9e90-409b-9b07-93db1d3be774,2.0000,9.8167,0.5000,2.0000,2.0000,0.6667,0.2800
afa62b93-9459-4a3d-b943-44e88f2ba832,62d0e0ab-0ed6-401f-b329-a12d20a79fb8,0.0000,14.3574,1.0000,0.0000,0.0000,0.0000,0.0526
afa62b93-9459-4a3d-b943-44e88f2ba832,c8403da2-d968-494c-bbbe-bc7855b370ab,0.0000,14.7664,1.0000,0.0000,0.0000,0.6667,0.1667
afa62b93-9459-4a3d-b943-44e88f2ba832,49e59cdd-4809-43f6-b618-1d0396a89857,2.0000,6.5943,0.5000,2.0000,2.0000,0.6667,0.3077
afa62b93-9459-4a3d-b943-44e88f2ba832,ccfc5874-fe2c-4d37-ab22-2f8deae33eae,2.0000,7.8125,0.5000,2.0000,2.0000,0.0000,0.2174
afa62b93-9459-4a3d-b943-44e88f2ba832,2b35aae8-7d5a-4e25-bd0b-8ae554405fa5,0.0000,15.6961,1.0000,0.0000,0.0000,0.6667,0.1667
afa62b93-9459-4a3d-b943-44e88f2ba832,642ee07e-29b6-45a7-9826-aa2f8e6f6fda,2.0000,13.9109,0.5000,2.0000,2.0000,0.6667,0.2800
afa62b93-9459-4a3d-b943-44e88f2ba832,18f05cad-c4a5-45a2-afda-2c6693684b81,0.0000,14.1390,1.0000,0.0000,0.0000,0.6667,0.1111
afa62b93-9459-4a3d-b943-44e88f2ba832,6db16bc6-1a3a-47dc-9b2e-e489ff3a30d3,2.0000,8.7633,0.5000,2.0000,2.0000,0.6667,0.2174
afa62b93-9459-4a3d-b943-44e88f2ba832,cf2e50ca-eb53-4a77-97c9-065f239b9c28,0.0000,12.1596,1.0000,0.0000,0.0000,0.6667,0.1667
afa62b93-9459-4a3d-b943-44e88f2ba832,2003d6e5-1b34-47a0-80b4-f960cc4d1c06,0.0000,17.8940,1.0000,0.0000,0.0000,0.6667,0.0526
afa62b93-9459-4a3d-b943-44e88f2ba832,692df9b4-47d2-48c1-8732-aa2dbd856038,0.0000,12.4213,1.0000,0.0000,0.0000,0.0000,0.1000
afa62b93-9459-4a3d-b943-44e88f2ba832,853d8cdf-bbba-40fe-bc3c-9dbf4a72e3ba,0.0000,15.0389,1.0000,0.0000,0.0000,0.6667,0.0526
afa62b93-9459-4a3d-b943-44e88f2ba832,2517b72c-41df-4f4a-a74f-4e6a4d8fb9a6,0.0000,14.1929,1.0000,0.0000,0.0000,0.6667,0.2174
afa62b93-9459-4a3d-b943-44e88f2ba832,f761d41a-5220-42bf-872b-6a75cea6e24b,0.0000,8.9675,1.0000,0.0000,0.0000,0.0000,0.1111
afa62b93-9459-4a3d-b943-44e88f2ba832,e8b9141c-9944-4c1d-beb1-2a3921ab8e1a,2.0000,12.5193,0.5000,2.0000,2.0000,0.6667,0.3333
afa62b93-9459-4a3d-b943-44e88f2ba832,ff4975cc-52b8-41ed-8a6f-c69487eab5e8,0.0000,19.1134,1.0000,0.0000,0.0000,0.6667,0.0556
afa62b93-9459-4a3d-b943-44e88f2ba832,22594200-2b3a-466f-9a4c-fc62849a043c,0.0000,15.7791,1.0000,0.0000,0.0000,0.6667,0.1000
afa62b93-9459-4a3d-b943-44e88f2ba832,76a03818-1adc-4462-a8d3-fd5cc8cde7c3,2.0000,14.5920,0.5000,2.0000,2.0000,0.6667,0.0526
afa62b93-9459-4a3d-b943-44e88f2ba832,14cbf3ff-91dd-4d34-92fe-f218d90b36a1,0.0000,7.9340,1.0000,0.0000,0.0000,0.0000,0.0556
6a574a63-684b-4e8e-86d8-56c4ef182e83,5fc2040b-5445-448e-bdf1-c32854189d53,0.0000,7.1490,1.0000,0.0000,0.0000,0.0000,0.0000
6a574a63-684b-4e8e-86d8-56c4ef182e83,2d8a413c-9727-4a6a-8fc0-42bb4d8573d2,0.0000,10.7930,1.0000,0.0000,0.0000,0.0000,0.0588
6a574a63-684b-4e8e-86d8-56c4ef182e83,61f121ba-cb60-465c-a2f5-9f2f14974ee8,2.0000,9.3937,0.5000,2.0000,2.0000,0.6667,0.0556
6a574a63-684b-4e8e-86d8-56c4ef182e83,905bd711-6c1a-4bb8-9c8d-808f8a4b9705,0.0000,4.9707,1.0000,0.0000,0.0000,0.0000,0.2273
6a574a63-684b-4e8e-86d8-56c4ef182e83,925fcff5-826c-4439-8315-4d6434f6f7db,0.0000,13.1439,1.0000,0.0000,0.0000,0.6667,0.0556
6a574a63-684b-4e8e-86d8-56c4ef182e83,fafe7552-d597-4e47-b1bb-0abd8cdcfe25,0.0000,6.8301,1.0000,0.0000,0.0000,0.0000,0.0588
6a574a63-684b-4e8e-86d8-56c4ef182e83,2be2d465-90ce-4beb-b5dc-6c92bdf23287,0.0000,9.3737,1.0000,0.0000,0.0000,0.0000,0.1500
6a574a63-684b-4e8e-86d8-56c4ef182e83,62694c2b-296e-4ea6-b29f-d6fce70f4ee0,0.0000,14.7300,1.0000,0.0000,0.0000,0.6667,0.0556
6a574a63-684b-4e8e-86d8-56c4ef182e83,4a9b7b3e-39f8-4542-b6a3-2cdddbc64b84,0.0000,12.3209,1.0000,0.0000,0.0000,0.6667,0.1765
6a574a63-684b-4e8e-86d8-56c4ef182e83,f2f08e2f-79b8-4a56-92e9-cfc0e2b94f70,2.0000,10.6700,0.5000,2.0000,2.0000,0.6667,0.2917
6a574a63-684b-4e8e-86d8-56c4ef182e83,5a3d63bf-344c-4e6e-bc93-50b3b9150d26,0.0000,6.5774,1.0000,0.0000,0.0000,0.0000,0.0000
6a574a63-684b-4e8e-86d8-56c4ef182e83,5c6cea65-33e0-4403-ac24-1f3e986820f5,2.0000,5.6776,0.5000,2.0000,2.0000,0.6667,0.1500
6a574a63-684b-4e8e-86d8-56c4ef182e83,ce289378-48db-4c5b-817b-85a3f7170b6d,2.0000,6.3622,0.5000,2.0000,2.0000,0.0000,0.3462
6a574a63-684b-4e8e-86d8-56c4ef182e83,8e122a6e-999f-4977-b4e1-21eb03cae87d,2.0000,10.2298,0.5000,2.0000,2.0000,0.6667,0.2609
6a574a63-684b-4e8e-86d8-56c4ef182e83,6a94bf0c-f443-448e-ba57-f3aa2805cb05,0.0000,0.9115,1.0000,0.0000,0.0000,0.0000,0.1053
6a574a63-684b-4e8e-86d8-56c4ef182e83,cfb5d567-1d11-4a1e-9030-f9ea119d29ab,0.0000,10.2219,1.0000,0.0000,0.0000,0.0000,0.1176
6a574a63-684b-4e8e-86d8-56c4ef182e83,bd111f97-40ec-48c2-9537-3f4585fd3c61,0.0000,13.5999,1.0000,0.0000,0.0000,0.0000,0.1176
6a574a63-684b-4e8e-86d8-56c4ef182e83,56043fae-9517-4a04-b8ca-05c203f26132,0.0000,10.4011,1.0000,0.0000,0.0000,0.0000,0.2353
6a574a63-684b-4e8e-86d8-56c4ef182e83,cf50eb11-df20-4705-8b1b-2d77ce2403ef,0.0000,14.5782,1.0000,0.0000,0.0000,0.6667,0.0000
6a574a63-684b-4e8e-86d8-56c4ef182e83,5de87467-8cbd-4a2d-90a3-7e283de285fa,0.0000,10.6788,1.0000,0.0000,0.0000,0.0000,0.0556
6a574a63-684b-4e8e-86d8-56c4ef182e83,dcf216e8-416d-44ea-80bf-2587651dfd37,0.0000,10.6652,1.0000,0.0000,0.0000,0.0000,0.0556
6a574a63-684b-4e8e-86d8-56c4ef182e83,e163b85d-9f81-4c13-8c8c-521c33484e74,2.0000,8.8557,0.5000,2.0000,2.0000,0.6667,0.3200
6a574a63-684b-4e8e-86d8-56c4ef182e83,0f5bc599-7a61-4792-8bf7-b9f78eec50fc,2.0000,11.8667,0.5000,2.0000,2.0000,0.0000,0.2609
6a574a63-684b-4e8e-86d8-56c4ef182e83,e5a14bb0-fea4-41eb-9bdd-aed3acec68b7,0.0000,15.8162,1.0000,0.0000,0.0000,0.6667,0.0588
6a574a63-684b-4e8e-86d8-56c4ef182e83,d5cb26d7-030e-4b27-a7fc-8913c4a80794,2.0000,10.0707,0.5000,2.0000,2.0000,0.6667,0.2609
6a574a63-684b-4e8e-86d8-56c4ef182e83,0f63c729-6dbc-48c2-9f43-89c37de9818f,0.0000,11.1137,1.0000,0.0000,0.0000,0.0000,0.0000
6a574a63-684b-4e8e-86d8-56c4ef182e83,d73b320a-790d-4a0e-b13f-02a09cbaf3bf,0.0000,1.6317,1.0000,0.0000,0.0000,0.0000,0.1053
6a574a63-684b-4e8e-86d8-56c4ef182e83,6f8acc59-cbf2-4b96-be3f-d5173828b422,0.0000,12.9811,1.0000,0.0000,0.0000,0.6667,0.1500
6a574a63-684b-4e8e-86d8-56c4ef182e83,a9bef44c-9e90-409b-9b07-93db1d3be774,2.0000,7.0644,0.5000,2.0000,2.0000,0.6667,0.3200
6a574a63-684b-4e8e-86d8-56c4ef182e83,62d0e0ab-0ed6-401f-b329-a12d20a79fb8,0.0000,5.7150,1.0000,0.0000,0.0000,0.0000,0.1053
6a574a63-684b-4e8e-86d8-56c4ef182e83,c8403da2-d968-494c-bbbe-bc7855b370ab,0.0000,10.1717,1.0000,0.0000,0.0000,0.6667,0.1176
6a574a63-684b-4e8e-86d8-56c4ef182e83,49e59cdd-4809-43f6-b618-1d0396a89857,2.0000,8.4000,0.5000,2.0000,2.0000,0.6667,0.3462
6a574a63-684b-4e8e-86d8-56c4ef182e83,ccfc5874-fe2c-4d37-ab22-2f8deae33eae,2.0000,7.4453,0.5000,2.0000,2.0000,0.0000,0.2609
6a574a63-684b-4e8e-86d8-56c4ef182e83,2b35aae8-7d5a-4e25-bd0b-8ae554405fa5,0.0000,7.0902,1.0000,0.0000,0.0000,0.6667,0.1176
6a574a63-684b-4e8e-86d8-56c4ef182e83,642ee07e-29b6-45a7-9826-aa2f8e6f6fda,2.0000,12.8470,0.5000,2.0000,2.0000,0.6667,0.3200
6a574a63-684b-4e8e-86d8-56c4ef182e83,18f05cad-c4a5-45a2-afda-2c6693684b81,0.0000,16.5892,1.0000,0.0000,0.0000,0.6667,0.0588
6a574a63-684b-4e8e-86d8-56c4ef182e83,6db16bc6-1a3a-47dc-9b2e-e489ff3a30d3,2.0000,7.7816,0.5000,2.0000,2.0000,0.6667,0.2609
6a574a63-684b-4e8e-86d8-56c4ef182e83,cf2e50ca-eb53-4a77-97c9-065f239b9c28,0.0000,15.7427,1.0000,0.0000,0.0000,0.6667,0.1176
6a574a63-684b-4e8e-86d8-56c4ef182e83,2003d6e5-1b34-47a0-80b4-f960cc4d1c06,0.0000,13.5510,1.0000,0.0000,0.0000,0.6667,0.1053
6a574a63-684b-4e8e-86d8-56c4ef182e83,692df9b4-47d2-48c1-8732-aa2dbd856038,0.0000,11.2985,1.0000,0.0000,0.0000,0.0000,0.1500
6a574a63-684b-4e8e-86d8-56c4ef182e83,853d8cdf-bbba-40fe-bc3c-9dbf4a72e3ba,0.0000,13.7175,1.0000,0.0000,0.0000,0.6667,0.1053
6a574a63-684b-4e8e-86d8-56c4ef182e83,2517b72c-41df-4f4a-a74f-4e6a4d8fb9a6,0.0000,14.2541,1.0000,0.0000,0.0000,0.6667,0.2609
6a574a63-684b-4e8e-86d8-56c4ef182e83,f761d41a-5220-42bf-872b-6a75cea6e24b,0.0000,11.4431,1.0000,0.0000,0.0000,0.0000,0.0588
6a574a63-684b-4e8e-86d8-56c4ef182e83,e8b9141c-9944-4c1d-beb1-2a3921ab8e1a,2.0000,6.8704,0.5000,2.0000,2.0000,0.6667,0.3704
6a574a63-684b-4e8e-86d8-56c4ef182e83,ff4975cc-52b8-41ed-8a6f-c69487eab5e8,0.0000,13.7041,1.0000,0.0000,0.0000,0.6667,0.0000
6a574a63-684b-4e8e-86d8-56c4ef182e83,22594200-2b3a-466f-9a4c-fc62849a043c,0.0000,14.0063,1.0000,0.0000,0.0000,0.6667,0.1500
6a574a63-684b-4e8e-86d8-56c4ef182e83,76a03818-1adc-4462-a8d3-fd5cc8cde7c3,2.0000,13.3477,0.5000,2.0000,2.0000,0.6667,0.1053
6a574a63-684b-4e8e-86d8-56c4ef182e83,14cbf3ff-91dd-4d34-92fe-f218d90b36a1,0.0000,6.0373,1.0000,0.0000,0.0000,0.0000,0.0000
5fc2040b-5445-448e-bdf1-c32854189d53,2d8a413c-9727-4a6a-8fc0-42bb4d8573d2,0.0000,11.2326,1.0000,0.0000,0.0000,0.0000,0.0588
5fc2040b-5445-448e-bdf1-c32854189d53,61f121ba-cb60-465c-a2f5-9f2f14974ee8,2.0000,14.0538,0.5000,2.0000,2.0000,0.6667,0.0556
5fc2040b-5445-448e-bdf1-c32854189d53,905bd711-6c1a-4bb8-9c8d-808f8a4b9705,0.0000,6.9571,1.0000,0.0000,0.0000,0.0000,0.2273
5fc2040b-5445-448e-bdf1-c32854189d53,925fcff5-826c-4439-8315-4d6434f6f7db,0.0000,17.7306,1.0000,0.0000,0.0000,0.6667,0.0556
5fc2040b-5445-448e-bdf1-c32854189d53,fafe7552-d597-4e47-b1bb-0abd8cdcfe25,0.0000,7.0587,1.0000,0.0000,0.0000,0.0000,0.0588
5fc2040b-5445-448e-bdf1-c32854189d53,2be2d465-90ce-4beb-b5dc-6c92bdf23287,0.0000,3.6368,1.0000,0.0000,0.0000,0.0000,0.1500
5fc2040b-5445-448e-bdf1-c32854189d53,62694c2b-296e-4ea6-b29f-d6fce70f4ee0,0.0000,18.3181,1.0000,0.0000,0.0000,0.6667,0.0556
5fc2040b-5445-448e-bdf1-c32854189d53,4a9b7b3e-39f8-4542-b6a3-2cdddbc64b84,0.0000,16.1886,1.0000,0.0000,0.0000,0.6667,0.1765
5fc2040b-5445-448e-bdf1-c32854189d53,f2f08e2f-79b8-4a56-92e9-cfc0e2b94f70,2.0000,9.3637,0.5000,2.0000,2.0000,0.6667,0.2917
5fc2040b-5445-448e-bdf1-c32854189d53,5a3d63bf-344c-4e6e-bc93-50b3b9150d26,0.0000,4.7682,1.0000,0.0000,0.0000,0.0000,0.0000
5fc2040b-5445-448e-bdf1-c32854189d53,5c6cea65-33e0-4403-ac24-1f3e986820f5,2.0000,6.1224,0.5000,2.0000,2.0000,0.6667,0.1500
5fc2040b-5445-448e-bdf1-c32854189d53,ce289378-48db-4c5b-817b-85a3f7170b6d,2.0000,10.4757,0.5000,2.0000,2.0000,0.0000,0.3462
5fc2040b-5445-448e-bdf1-c32854189d53,8e122a6e-999f-4977-b4e1-21eb03cae87d,2.0000,13.4734,0.5000,2.0000,2.0000,0.6667,0.2609
5fc2040b-5445-448e-bdf1-c32854189d53,6a94bf0c-f443-448e-ba57-f3aa2805cb05,0.0000,7.7771,1.0000,0.0000,0.0000,0.0000,0.1053
5fc2040b-5445-448e-bdf1-c32854189d53,cfb5d567-1d11-4a1e-9030-f9ea119d29ab,0.0000,6.6458,1.0000,0.0000,0.0000,0.0000,0.1176
5fc2040b-5445-448e-bdf1-c32854189d53,bd111f97-40ec-48c2-9537-3f4585fd3c61,0.0000,11.9903,1.0000,0.0000,0.0000,0.0000,0.1176
5fc2040b-5445-448e-bdf1-c32854189d53,56043fae-9517-4a04-b8ca-05c203f26132,0.0000,9.5845,1.0000,0.0000,0.0000,0.0000,0.2353
5fc2040b-5445-448e-bdf1-c32854189d53,cf50eb11-df20-4705-8b1b-2d77ce2403ef,0.0000,12.8111,1.0000,0.0000,0.0000,0.6667,0.0000
5fc2040b-5445-448e-bdf1-c32854189d53,5de87467-8cbd-4a2d-90a3-7e283de285fa,0.0000,6.9165,1.0000,0.0000,0.0000,0.0000,0.0556
5fc2040b-5445-448e-bdf1-c32854189d53,dcf216e8-416d-44ea-80bf-2587651dfd37,0.0000,7.0519,1.0000,0.0000,0.0000,0.0000,0.0556
5fc2040b-5445-448e-bdf1-c32854189d53,e163b85d-9f81-4c13-8c8c-521c33484e74,2.0000,13.5709,0.5000,2.0000,2.0000,0.6667,0.3200
5fc2040b-5445-448e-bdf1-c32854189d53,0f5bc599-7a61-4792-8bf7-b9f78eec50fc,2.0000,13.1849,0.5000,2.0000,2.0000,0.0000,0.2609
5fc2040b-5445-448e-bdf1-c32854189d53,e5a14bb0-fea4-41eb-9bdd-aed3acec68b7,0.0000,15.4368,1.0000,0.0000,0.0000,0.6667,0.0588
5fc2040b-5445-448e-bdf1-c32854189d53,d5cb26d7-030e-4b27-a7fc-8913c4a80794,2.0000,11.2988,0.5000,2.0000,2.0000,0.6667,0.2609
5fc2040b-5445-448e-bdf1-c32854189d53,0f63c729-6dbc-48c2-9f43-89c37de9818f,0.0000,7.5575,1.0000,0.0000,0.0000,0.0000,0.0000
5fc2040b-5445-448e-bdf1-c32854189d53,d73b320a-790d-4a0e-b13f-02a09cbaf3bf,0.0000,7.2150,1.0000,0.0000,0.0000,0.0000,0.1053
5fc2040b-5445-448e-bdf1-c32854189d53,6f8acc59-cbf2-4b96-be3f-d5173828b422,0.0000,15.5525,1.0000,0.0000,0.0000,0.6667,0.1500
5fc2040b-5445-448e-bdf1-c32854189d53,a9bef44c-9e90-409b-9b07-93db1d3be774,2.0000,10.4786,0.5000,2.0000,2.0000,0.6667,0.3200
5fc2040b-5445-448e-bdf1-c32854189d53,62d0e0ab-0ed6-401f-b329-a12d20a79fb8,0.0000,12.3965,1.0000,0.0000,0.0000,0.0000,0.1053
5fc2040b-5445-448e-bdf1-c32854189d53,c8403da2-d968-494c-bbbe-bc7855b370ab,0.0000,15.5772,1.0000,0.0000,0.0000,0.6667,0.1176
5fc2040b-5445-448e-bdf1-c32854189d53,49e59cdd-4809-43f6-b618-1d0396a89857,2.0000,6.1589,0.5000,2.0000,2.0000,0.6667,0.3462
5fc2040b-5445-448e-bdf1-c32854189d53,ccfc5874-fe2c-4d37-ab22-2f8deae33eae,2.0000,6.7168,0.5000,2.0000,2.0000,0.0000,0.2609
5fc2040b-5445-448e-bdf1-c32854189d53,2b35aae8-7d5a-4e25-bd0b-8ae554405fa5,0.0000,13.4528,1.0000,0.0000,0.0000,0.6667,0.1176
5fc2040b-5445-448e-bdf1-c32854189d53,642ee07e-29b6-45a7-9826-aa2f8e6f6fda,2.0000,14.4718,0.5000,2.0000,2.0000,0.6667,0.3200
5fc2040b-5445-448e-bdf1-c32854189d53,18f05cad-c4a5-45a2-afda-2c6693684b81,0.0000,14.6372,1.0000,0.0000,0.0000,0.6667,0.0588
5fc2040b-5445-448e-bdf1-c32854189d53,6db16bc6-1a3a-47dc-9b2e-e489ff3a30d3,2.0000,9.5333,0.5000,2.0000,2.0000,0.6667,0.2609
5fc2040b-5445-448e-bdf1-c32854189d53,cf2e50ca-eb53-4a77-97c9-065f239b9c28,0.0000,13.5752,1.0000,0.0000,0.0000,0.6667,0.1176
5fc2040b-5445-448e-bdf1-c32854189d53,2003d6e5-1b34-47a0-80b4-f960cc4d1c06,0.0000,16.5317,1.0000,0.0000,0.0000,0.6667,0.1053
5fc2040b-5445-448e-bdf1-c32854189d53,692df9b4-47d2-48c1-8732-aa2dbd856038,0.0000,11.1200,1.0000,0.0000,0.0000,0.0000,0.1500
5fc2040b-5445-448e-bdf1-c32854189d53,853d8cdf-bbba-40fe-bc3c-9dbf4a72e3ba,0.0000,16.0434,1.0000,0.0000,0.0000,0.6667,0.1053
5fc2040b-5445-448e-bdf1-c32854189d53,2517b72c-41df-4f4a-a74f-4e6a4d8fb9a6,0.0000,13.1667,1.0000,0.0000,0.0000,0.6667,0.2609
5fc2040b-5445-448e-bdf1-c32854189d53,f761d41a-5220-42bf-872b-6a75cea6e24b,0.0000,7.6699,1.0000,0.0000,0.0000,0.0000,0.0588
5fc2040b-5445-448e-bdf1-c32854189d53,e8b9141c-9944-4c1d-beb1-2a3921ab8e1a,2.0000,10.1251,0.5000,2.0000,2.0000,0.6667,0.3704
5fc2040b-5445-448e-bdf1-c32854189d53,ff4975cc-52b8-41ed-8a6f-c69487eab5e8,0.0000,17.9235,1.0000,0.0000,0.0000,0.6667,0.0000
5fc2040b-5445-448e-bdf1-c32854189d53,22594200-2b3a-466f-9a4c-fc62849a043c,0.0000,16.2358,1.0000,0.0000,0.0000,0.6667,0.1500
5fc2040b-5445-448e-bdf1-c32854189d53,76a03818-1adc-4462-a8d3-fd5cc8cde7c3,2.0000,13.4731,0.5000,2.0000,2.0000,0.6667,0.1053
5fc2040b-5445-448e-bdf1-c32854189d53,14cbf3ff-91dd-4d34-92fe-f218d90b36a1,0.0000,7.6078,1.0000,0.0000,0.0000,0.0000,0.0000
2d8a413c-9727-4a6a-8fc0-42bb4d8573d2,61f121ba-cb60-465c-a2f5-9f2f14974ee8,2.0000,8.3751,0.5000,2.0000,2.0000,0.6667,0.1111
2d8a413c-9727-4a6a-8fc0-42bb4d8573d2,905bd711-6c1a-4bb8-9c8d-808f8a4b9705,0.0000,12.6486,1.0000,0.0000,0.0000,0.0000,0.2727
2d8a413c-9727-4a6a-8fc0-42bb4d8573d2,925fcff5-826c-4439-8315-4d6434f6f7db,0.0000,12.3246,1.0000,0.0000,0.0000,0.6667,0.1111
2d8a413c-9727-4a6a-8fc0-42bb4d8573d2,fafe7552-d597-4e47-b1bb-0abd8cdcfe25,0.0000,5.0470,1.0000,0.0000,0.0000,0.0000,0.0000
2d8a413c-9727-4a6a-8fc0-42bb4d8573d2,2be2d465-90ce-4beb-b5dc-6c92bdf23287,0.0000,12.6980,1.0000,0.0000,0.0000,0.0000,0.2000
2d8a413c-9727-4a6a-8fc0-42bb4d8573d2,62694c2b-296e-4ea6-b29f-d6fce70f4ee0,0.0000,10.6877,1.0000,0.0000,0.0000,0.6667,0.1111
2d8a413c-9727-4a6a-8fc0-42bb4d8573d2,4a9b7b3e-39f8-4542-b6a3-2cdddbc64b84,0.0000,12.0623,1.0000,0.0000,0.0000,0.6667,0.1250
2d8a413c-9727-4a6a-8fc0-42bb4d8573d2,f2f08e2f-79b8-4a56-92e9-cfc0e2b94f70,2.0000,8.8897,0.5000,2.0000,2.0000,0.6667,0.3333
2d8a413c-9727-4a6a-8fc0-42bb4d8573d2,5a3d63bf-344c-4e6e-bc93-50b3b9150d26,0.0000,10.3654,1.0000,0.0000,0.0000,0.0000,0.0588
2d8a413c-9727-4a6a-8fc0-42bb4d8573d2,5c6cea65-33e0-4403-ac24-1f3e986820f5,2.0000,10.8517,0.5000,2.0000,2.0000,0.6667,0.2000
2d8a413c-9727-4a6a-8fc0-42bb4d8573d2,ce289378-48db-4c5b-817b-85a3f7170b6d,2.0000,10.7820,0.5000,2.0000,2.0000,0.0000,0.3846
2d8a413c-9727-4a6a-8fc0-42bb4d8573d2,8e122a6e-999f-4977-b4e1-21eb03cae87d,2.0000,6.9587,0.5000,2.0000,2.0000,0.6667,0.3043
2d8a413c-9727-4a6a-8fc0-42bb4d8573d2,6a94bf0c-f443-448e-ba57-f3aa2805cb05,0.0000,10.9951,1.0000,0.0000,0.0000,0.0000,0.1579
2d8a413c-9727-4a6a-8fc0-42bb4d8573d2,cfb5d567-1d11-4a1e-9030-f9ea119d29ab,0.0000,7.8939,1.0000,0.0000,0.0000,0.0000,0.0625
2d8a413c-9727-4a6a-8fc0-42bb4d8573d2,bd111f97-40ec-48c2-9537-3f4585fd3c61,0.0000,9.2420,1.0000,0.0000,0.0000,0.0000,0.0625
2d8a413c-9727-4a6a-8fc0-42bb4d8573d2,56043fae-9517-4a04-b8ca-05c203f26132,0.0000,4.5823,1.0000,0.0000,0.0000,0.0000,0.1875
2d8a413c-9727-4a6a-8fc0-42bb4d8573d2,cf50eb11-df20-4705-8b1b-2d77ce2403ef,0.0000,13.3528,1.0000,0.0000,0.0000,0.6667,0.0588
2d8a413c-9727-4a6a-8fc0-42bb4d8573d2,5de87467-8cbd-4a2d-90a3-7e283de285fa,0.0000,7.3146,1.0000,0.0000,0.0000,0.0000,0.1111
2d8a413c-9727-4a6a-8fc0-42bb4d8573d2,dcf216e8-416d-44ea-80bf-2587651dfd37,0.0000,7.5830,1.0000,0.0000,0.0000,0.0000,0.1111
2d8a413c-9727-4a6a-8fc0-42bb4d8573d2,e163b85d-9f81-4c13-8c8c-521c33484e74,2.0000,9.5790,0.5000,2.0000,2.0000,0.6667,0.3600
2d8a413c-9727-4a6a-8fc0-42bb4d8573d2,0f5bc599-7a61-4792-8bf7-b9f78eec50fc,2.0000,9.7943,0.5000,2.0000,2.0000,0.0000,0.3043
2d8a413c-9727-4a6a-8fc0-42bb4d8573d2,e5a14bb0-fea4-41eb-9bdd-aed3acec68b7,0.0000,11.0499,1.0000,0.0000,0.0000,0.6667,0.0000
2d8a413c-9727-4a6a-8fc0-42bb4d8573d2,d5cb26d7-030e-4b27-a7fc-8913c4a80794,2.0000,4.8035,0.5000,2.0000,2.0000,0.6667,0.3043
2d8a413c-9727-4a6a-8fc0-42bb4d8573d2,0f63c729-6dbc-48c2-9f43-89c37de9818f,0.0000,3.9892,1.0000,0.0000,0.0000,0.0000,0.0588
2d8a413c-9727-4a6a-8fc0-42bb4d8573d2,d73b320a-790d-4a0e-b13f-02a09cbaf3bf,0.0000,10.8886,1.0000,0.0000,0.0000,0.0000,0.1579
2d8a413c-9727-4a6a-8fc0-42bb4d8573d2,6f8acc59-cbf2-4b96-be3f-d5173828b422,0.0000,13.5967,1.0000,0.0000,0.0000,0.6667,0.2000
2d8a413c-9727-4a6a-8fc0-42bb4d8573d2,a9bef44c-9e90-409b-9b07-93db1d3be774,2.0000,10.2103,0.5000,2.0000,2.0000,0.6667,0.3600
2d8a413c-9727-4a6a-8fc0-42bb4d8573d2,62d0e0ab-0ed6-401f-b329-a12d20a79fb8,0.0000,15.0227,1.0000,0.0000,0.0000,0.0000,0.1579
2d8a413c-9727-4a6a-8fc0-42bb4d8573d2,c8403da2-d968-494c-bbbe-bc7855b370ab,0.0000,13.0826,1.0000,0.0000,0.0000,0.6667,0.0625
2d8a413c-9727-4a6a-8fc0-42bb4d8573d2,49e59cdd-4809-43f6-b618-1d0396a89857,2.0000,7.1981,0.5000,2.0000,2.0000,0.6667,0.3846
2d8a413c-9727-4a6a-8fc0-42bb4d8573d2,ccfc5874-fe2c-4d37-ab22-2f8deae33eae,2.0000,6.4340,0.5000,2.0000,2.0000,0.0000,0.3043
2d8a413c-9727-4a6a-8fc0-42bb4d8573d2,2b35aae8-7d5a-4e25-bd0b-8ae554405fa5,0.0000,13.6235,1.0000,0.0000,0.0000,0.6667,0.0625
2d8a413c-9727-4a6a-8fc0-42bb4d8573d2,642ee07e-29b6-45a7-9826-aa2f8e6f6fda,2.0000,11.0330,0.5000,2.0000,2.0000,0.6667,0.3600
2d8a413c-9727-4a6a-8fc0-42bb4d8573d2,18f05cad-c4a5-45a2-afda-2c6693684b81,0.0000,9.7093,1.0000,0.0000,0.0000,0.6667,0.0000
2d8a413c-9727-4a6a-8fc0-42bb4d8573d2,6db16bc6-1a3a-47dc-9b2e-e489ff3a30d3,2.0000,6.5892,0.5000,2.0000,2.0000,0.6667,0.3043
2d8a413c-9727-4a6a-8fc0-42bb4d8573d2,cf2e50ca-eb53-4a77-97c9-065f239b9c28,0.0000,10.0396,1.0000,0.0000,0.0000,0.6667,0.0625
2d8a413c-9727-4a6a-8fc0-42bb4d8573d2,2003d6e5-1b34-47a0-80b4-f960cc4d1c06,0.0000,6.9844,1.0000,0.0000,0.0000,0.6667,0.1579
2d8a413c-9727-4a6a-8fc0-42bb4d8573d2,692df9b4-47d2-48c1-8732-aa2dbd856038,0.0000,1.1223,1.0000,0.0000,0.0000,0.0000,0.2000
2d8a413c-9727-4a6a-8fc0-42bb4d8573d2,853d8cdf-bbba-40fe-bc3c-9dbf4a72e3ba,0.0000,9.6573,1.0000,0.0000,0.0000,0.6667,0.1579
2d8a413c-9727-4a6a-8fc0-42bb4d8573d2,2517b72c-41df-4f4a-a74f-4e6a4d8fb9a6,0.0000,10.0801,1.0000,0.0000,0.0000,0.6667,0.3043
2d8a413c-9727-4a6a-8fc0-42bb4d8573d2,f761d41a-5220-42bf-872b-6a75cea6e24b,0.0000,4.3358,1.0000,0.0000,0.0000,0.0000,0.0000
2d8a413c-9727-4a6a-8fc0-42bb4d8573d2,e8b9141c-9944-4c1d-beb1-2a3921ab8e1a,2.0000,8.0519,0.5000,2.0000,2.0000,0.6667,0.4074
2d8a413c-9727-4a6a-8fc0-42bb4d8573d2,ff4975cc-52b8-41ed-8a6f-c69487eab5e8,0.0000,9.9523,1.0000,0.0000,0.0000,0.6667,0.0588
2d8a413c-9727-4a6a-8fc0-42bb4d8573d2,22594200-2b3a-466f-9a4c-fc62849a043c,0.0000,8.2463,1.0000,0.0000,0.0000,0.6667,0.2000
2d8a413c-9727-4a6a-8fc0-42bb4d8573d2,76a03818-1adc-4462-a8d3-fd5cc8cde7c3,2.0000,8.3215,0.5000,2.0000,2.0000,0.6667,0.1579
2d8a413c-9727-4a6a-8fc0-42bb4d8573d2,14cbf3ff-91dd-4d34-92fe-f218d90b36a1,0.0000,10.6697,1.0000,0.0000,0.0000,0.0000,0.0588
61f121ba-cb60-465c-a2f5-9f2f14974ee8,905bd711-6c1a-4bb8-9c8d-808f8a4b9705,2.0000,10.6238,0.5000,2.0000,2.0000,0.6667,0.1818
61f121ba-cb60-465c-a2f5-9f2f14974ee8,925fcff5-826c-4439-8315-4d6434f6f7db,2.0000,7.9521,0.5000,2.0000,2.0000,0.6667,0.0000
61f121ba-cb60-465c-a2f5-9f2f14974ee8,fafe7552-d597-4e47-b1bb-0abd8cdcfe25,2.0000,10.8432,0.5000,2.0000,2.0000,0.6667,0.1111
61f121ba-cb60-465c-a2f5-9f2f14974ee8,2be2d465-90ce-4beb-b5dc-6c92bdf23287,2.0000,14.5699,0.5000,2.0000,2.0000,0.6667,0.1000
61f121ba-cb60-465c-a2f5-9f2f14974ee8,62694c2b-296e-4ea6-b29f-d6fce70f4ee0,2.0000,6.4494,0.5000,2.0000,2.0000,0.6667,0.0000
61f121ba-cb60-465c-a2f5-9f2f14974ee8,4a9b7b3e-39f8-4542-b6a3-2cdddbc64b84,2.0000,7.7273,0.5000,2.0000,2.0000,0.6667,0.2222
61f121ba-cb60-465c-a2f5-9f2f14974ee8,f2f08e2f-79b8-4a56-92e9-cfc0e2b94f70,0.0000,10.9650,1.0000,0.0000,0.0000,0.6667,0.2500
61f121ba-cb60-465c-a2f5-9f2f14974ee8,5a3d63bf-344c-4e6e-bc93-50b3b9150d26,2.0000,12.5619,0.5000,2.0000,2.0000,0.6667,0.0556
61f121ba-cb60-465c-a2f5-9f2f14974ee8,5c6cea65-33e0-4403-ac24-1f3e986820f5,0.0000,9.7858,1.0000,0.0000,0.0000,0.6667,0.1000
61f121ba-cb60-465c-a2f5-9f2f14974ee8,ce289378-48db-4c5b-817b-85a3f7170b6d,0.0000,7.9956,1.0000,0.0000,0.0000,0.6667,0.3077
61f121ba-cb60-465c-a2f5-9f2f14974ee8,8e122a6e-999f-4977-b4e1-21eb03cae87d,0.0000,7.8624,1.0000,0.0000,0.0000,0.6667,0.2174
61f121ba-cb60-465c-a2f5-9f2f14974ee8,6a94bf0c-f443-448e-ba57-f3aa2805cb05,2.0000,8.6498,0.5000,2.0000,2.0000,0.6667,0.0526
61f121ba-cb60-465c-a2f5-9f2f14974ee8,cfb5d567-1d11-4a1e-9030-f9ea119d29ab,2.0000,12.8153,0.5000,2.0000,2.0000,0.6667,0.1667
61f121ba-cb60-465c-a2f5-9f2f14974ee8,bd111f97-40ec-48c2-9537-3f4585fd3c61,2.0000,12.7648,0.5000,2.0000,2.0000,0.6667,0.1667
61f121ba-cb60-465c-a2f5-9f2f14974ee8,56043fae-9517-4a04-b8ca-05c203f26132,2.0000,10.8586,0.5000,2.0000,2.0000,0.6667,0.2778
61f121ba-cb60-465c-a2f5-9f2f14974ee8,cf50eb11-df20-4705-8b1b-2d77ce2403ef,2.0000,11.9579,0.5000,2.0000,2.0000,0.6667,0.0556
61f121ba-cb60-465c-a2f5-9f2f14974ee8,5de87467-8cbd-4a2d-90a3-7e283de285fa,2.0000,12.9066,0.5000,2.0000,2.0000,0.6667,0.0000
61f121ba-cb60-465c-a2f5-9f2f14974ee8,dcf216e8-416d-44ea-80bf-2587651dfd37,2.0000,13.1251,0.5000,2.0000,2.0000,0.6667,0.0000
61f121ba-cb60-465c-a2f5-9f2f14974ee8,e163b85d-9f81-4c13-8c8c-521c33484e74,0.0000,8.8592,1.0000,0.0000,0.0000,0.6667,0.2800
61f121ba-cb60-465c-a2f5-9f2f14974ee8,0f5bc599-7a61-4792-8bf7-b9f78eec50fc,0.0000,5.5825,1.0000,0.0000,0.0000,0.6667,0.2174
61f121ba-cb60-465c-a2f5-9f2f14974ee8,e5a14bb0-fea4-41eb-9bdd-aed3acec68b7,2.0000,9.9885,0.5000,2.0000,2.0000,0.6667,0.1111
61f121ba-cb60-465c-a2f5-9f2f14974ee8,d5cb26d7-030e-4b27-a7fc-8913c4a80794,0.0000,8.7493,1.0000,0.0000,0.0000,0.6667,0.2174
61f121ba-cb60-465c-a2f5-9f2f14974ee8,0f63c729-6dbc-48c2-9f43-89c37de9818f,2.0000,10.7544,0.5000,2.0000,2.0000,0.6667,0.0556
61f121ba-cb60-465c-a2f5-9f2f14974ee8,d73b320a-790d-4a0e-b13f-02a09cbaf3bf,2.0000,8.5449,0.5000,2.0000,2.0000,0.6667,0.0526
61f121ba-cb60-465c-a2f5-9f2f14974ee8,6f8acc59-cbf2-4b96-be3f-d5173828b422,2.0000,7.0780,0.5000,2.0000,2.0000,0.6667,0.1000
61f121ba-cb60-465c-a2f5-9f2f14974ee8,a9bef44c-9e90-409b-9b07-93db1d3be774,0.0000,8.2114,1.0000,0.0000,0.0000,0.6667,0.2800
61f121ba-cb60-465c-a2f5-9f2f14974ee8,62d0e0ab-0ed6-401f-b329-a12d20a79fb8,2.0000,9.4180,0.5000,2.0000,2.0000,0.6667,0.0526
61f121ba-cb60-465c-a2f5-9f2f14974ee8,c8403da2-d968-494c-bbbe-bc7855b370ab,2.0000,6.6776,0.5000,2.0000,2.0000,0.6667,0.1667
61f121ba-cb60-465c-a2f5-9f2f14974ee8,49e59cdd-4809-43f6-b618-1d0396a89857,0.0000,9.8774,1.0000,0.0000,0.0000,0.6667,0.3077
61f121ba-cb60-465c-a2f5-9f2f14974ee8,ccfc5874-fe2c-4d37-ab22-2f8deae33eae,0.0000,8.5547,1.0000,0.0000,0.0000,0.6667,0.2174
61f121ba-cb60-465c-a2f5-9f2f14974ee8,2b35aae8-7d5a-4e25-bd0b-8ae554405fa5,2.0000,7.7205,0.5000,2.0000,2.0000,0.6667,0.1667
61f121ba-cb60-465c-a2f5-9f2f14974ee8,642ee07e-29b6-45a7-9826-aa2f8e6f6fda,0.0000,5.7254,1.0000,0.0000,0.0000,0.6667,0.2800
61f121ba-cb60-465c-a2f5-9f2f14974ee8,18f05cad-c4a5-45a2-afda-2c6693684b81,2.0000,12.7745,0.5000,2.0000,2.0000,0.0000,0.1111
61f121ba-cb60-465c-a2f5-9f2f14974ee8,6db16bc6-1a3a-47dc-9b2e-e489ff3a30d3,0.0000,7.5664,1.0000,0.0000,0.0000,0.0000,0.2174
61f121ba-cb60-465c-a2f5-9f2f14974ee8,cf2e50ca-eb53-4a77-97c9-065f239b9c28,2.0000,13.8886,0.5000,2.0000,2.0000,0.0000,0.1667
61f121ba-cb60-465c-a2f5-9f2f14974ee8,2003d6e5-1b34-47a0-80b4-f960cc4d1c06,2.0000,6.7780,0.5000,2.0000,2.0000,0.6667,0.0526
61f121ba-cb60-465c-a2f5-9f2f14974ee8,692df9b4-47d2-48c1-8732-aa2dbd856038,2.0000,9.0700,0.5000,2.0000,2.0000,0.6667,0.1000
61f121ba-cb60-465c-a2f5-9f2f14974ee8,853d8cdf-bbba-40fe-bc3c-9dbf4a72e3ba,2.0000,8.3260,0.5000,2.0000,2.0000,0.6667,0.0526
61f121ba-cb60-465c-a2f5-9f2f14974ee8,2517b72c-41df-4f4a-a74f-4e6a4d8fb9a6,2.0000,9.1722,0.5000,2.0000,2.0000,0.6667,0.2174
61f121ba-cb60-465c-a2f5-9f2f14974ee8,f761d41a-5220-42bf-872b-6a75cea6e24b,2.0000,11.1532,0.5000,2.0000,2.0000,0.6667,0.1111
61f121ba-cb60-465c-a2f5-9f2f14974ee8,e8b9141c-9944-4c1d-beb1-2a3921ab8e1a,0.0000,4.8186,1.0000,0.0000,0.0000,0.6667,0.3333
61f121ba-cb60-465c-a2f5-9f2f14974ee8,ff4975cc-52b8-41ed-8a6f-c69487eab5e8,2.0000,5.5971,0.5000,2.0000,2.0000,0.6667,0.0556
61f121ba-cb60-465c-a2f5-9f2f14974ee8,22594200-2b3a-466f-9a4c-fc62849a043c,2.0000,7.4196,0.5000,2.0000,2.0000,0.6667,0.1000
61f121ba-cb60-465c-a2f5-9f2f14974ee8,76a03818-1adc-4462-a8d3-fd5cc8cde7c3,0.0000,7.1521,1.0000,0.0000,0.0000,0.0000,0.0526
61f121ba-cb60-465c-a2f5-9f2f14974ee8,14cbf3ff-91dd-4d34-92fe-f218d90b36a1,2.0000,7.6812,0.5000,2.0000,2.0000,0.6667,0.0556
905bd711-6c1a-4bb8-9c8d-808f8a4b9705,925fcff5-826c-4439-8315-4d6434f6f7db,0.0000,15.3174,1.0000,0.0000,0.0000,0.6667,0.1818
905bd711-6c1a-4bb8-9c8d-808f8a4b9705,fafe7552-d597-4e47-b1bb-0abd8cdcfe25,0.0000,9.7421,1.0000,0.0000,0.0000,0.0000,0.2727
905bd711-6c1a-4bb8-9c8d-808f8a4b9705,2be2d465-90ce-4beb-b5dc-6c92bdf23287,0.0000,5.0594,1.0000,0.0000,0.0000,0.0000,0.0909
905bd711-6c1a-4bb8-9c8d-808f8a4b9705,62694c2b-296e-4ea6-b29f-d6fce70f4ee0,0.0000,15.6949,1.0000,0.0000,0.0000,0.6667,0.1818
905bd711-6c1a-4bb8-9c8d-808f8a4b9705,4a9b7b3e-39f8-4542-b6a3-2cdddbc64b84,0.0000,15.1571,1.0000,0.0000,0.0000,0.6667,0.3636
905bd711-6c1a-4bb8-9c8d-808f8a4b9705,f2f08e2f-79b8-4a56-92e9-cfc0e2b94f70,2.0000,7.8689,0.5000,2.0000,2.0000,0.6667,0.0833
905bd711-6c1a-4bb8-9c8d-808f8a4b9705,5a3d63bf-344c-4e6e-bc93-50b3b9150d26,0.0000,5.9980,1.0000,0.0000,0.0000,0.0000,0.2273
905bd711-6c1a-4bb8-9c8d-808f8a4b9705,5c6cea65-33e0-4403-ac24-1f3e986820f5,2.0000,5.7824,0.5000,2.0000,2.0000,0.6667,0.0909
905bd711-6c1a-4bb8-9c8d-808f8a4b9705,ce289378-48db-4c5b-817b-85a3f7170b6d,2.0000,6.0597,0.5000,2.0000,2.0000,0.0000,0.1538
905bd711-6c1a-4bb8-9c8d-808f8a4b9705,8e122a6e-999f-4977-b4e1-21eb03cae87d,2.0000,9.8375,0.5000,2.0000,2.0000,0.6667,0.0435
905bd711-6c1a-4bb8-9c8d-808f8a4b9705,6a94bf0c-f443-448e-ba57-f3aa2805cb05,0.0000,5.3995,1.0000,0.0000,0.0000,0.0000,0.1364
905bd711-6c1a-4bb8-9c8d-808f8a4b9705,cfb5d567-1d11-4a1e-9030-f9ea119d29ab,0.0000,6.2545,1.0000,0.0000,0.0000,0.0000,0.3182
905bd711-6c1a-4bb8-9c8d-808f8a4b9705,bd111f97-40ec-48c2-9537-3f4585fd3c61,0.0000,13.4148,1.0000,0.0000,0.0000,0.0000,0.3182
905bd711-6c1a-4bb8-9c8d-808f8a4b9705,56043fae-9517-4a04-b8ca-05c203f26132,0.0000,9.1296,1.0000,0.0000,0.0000,0.0000,0.4091
905bd711-6c1a-4bb8-9c8d-808f8a4b9705,cf50eb11-df20-4705-8b1b-2d77ce2403ef,0.0000,9.9829,1.0000,0.0000,0.0000,0.6667,0.2273
905bd711-6c1a-4bb8-9c8d-808f8a4b9705,5de87467-8cbd-4a2d-90a3-7e283de285fa,0.0000,6.4266,1.0000,0.0000,0.0000,0.0000,0.1818
905bd711-6c1a-4bb8-9c8d-808f8a4b9705,dcf216e8-416d-44ea-80bf-2587651dfd37,0.0000,6.8368,1.0000,0.0000,0.0000,0.0000,0.1818
905bd711-6c1a-4bb8-9c8d-808f8a4b9705,e163b85d-9f81-4c13-8c8c-521c33484e74,2.0000,9.5814,0.5000,2.0000,2.0000,0.6667,0.1200
905bd711-6c1a-4bb8-9c8d-808f8a4b9705,0f5bc599-7a61-4792-8bf7-b9f78eec50fc,2.0000,11.4698,0.5000,2.0000,2.0000,0.0000,0.0435
905bd711-6c1a-4bb8-9c8d-808f8a4b9705,e5a14bb0-fea4-41eb-9bdd-aed3acec68b7,0.0000,13.1643,1.0000,0.0000,0.0000,0.6667,0.2727
905bd711-6c1a-4bb8-9c8d-808f8a4b9705,d5cb26d7-030e-4b27-a7fc-8913c4a80794,2.0000,9.8693,0.5000,2.0000,2.0000,0.6667,0.0435
905bd711-6c1a-4bb8-9c8d-808f8a4b9705,0f63c729-6dbc-48c2-9f43-89c37de9818f,0.0000,9.8706,1.0000,0.0000,0.0000,0.0000,0.2273
905bd711-6c1a-4bb8-9c8d-808f8a4b9705,d73b320a-790d-4a0e-b13f-02a09cbaf3bf,0.0000,4.4301,1.0000,0.0000,0.0000,0.0000,0.1364
905bd711-6c1a-4bb8-9c8d-808f8a4b9705,6f8acc59-cbf2-4b96-be3f-d5173828b422,0.0000,10.8276,1.0000,0.0000,0.0000,0.6667,0.0909
905bd711-6c1a-4bb8-9c8d-808f8a4b9705,a9bef44c-9e90-409b-9b07-93db1d3be774,2.0000,6.6749,0.5000,2.0000,2.0000,0.6667,0.1200
905bd711-6c1a-4bb8-9c8d-808f8a4b9705,62d0e0ab-0ed6-401f-b329-a12d20a79fb8,0.0000,9.7346,1.0000,0.0000,0.0000,0.0000,0.1364
905bd711-6c1a-4bb8-9c8d-808f8a4b9705,c8403da2-d968-494c-bbbe-bc7855b370ab,0.0000,10.5632,1.0000,0.0000,0.0000,0.6667,0.3182
905bd711-6c1a-4bb8-9c8d-808f8a4b9705,49e59cdd-4809-43f6-b618-1d0396a89857,2.0000,7.2892,0.5000,2.0000,2.0000,0.6667,0.1538
905bd711-6c1a-4bb8-9c8d-808f8a4b9705,ccfc5874-fe2c-4d37-ab22-2f8deae33eae,2.0000,6.6737,0.5000,2.0000,2.0000,0.0000,0.0435
905bd711-6c1a-4bb8-9c8d-808f8a4b9705,2b35aae8-7d5a-4e25-bd0b-8ae554405fa5,0.0000,11.4589,1.0000,0.0000,0.0000,0.6667,0.3182
905bd711-6c1a-4bb8-9c8d-808f8a4b9705,642ee07e-29b6-45a7-9826-aa2f8e6f6fda,2.0000,10.5830,0.5000,2.0000,2.0000,0.6667,0.1200
905bd711-6c1a-4bb8-9c8d-808f8a4b9705,18f05cad-c4a5-45a2-afda-2c6693684b81,0.0000,13.9168,1.0000,0.0000,0.0000,0.6667,0.2727
905bd711-6c1a-4bb8-9c8d-808f8a4b9705,6db16bc6-1a3a-47dc-9b2e-e489ff3a30d3,2.0000,7.4335,0.5000,2.0000,2.0000,0.6667,0.0435
905bd711-6c1a-4bb8-9c8d-808f8a4b9705,cf2e50ca-eb53-4a77-97c9-065f239b9c28,0.0000,12.1566,1.0000,0.0000,0.0000,0.6667,0.3182
905bd711-6c1a-4bb8-9c8d-808f8a4b9705,2003d6e5-1b34-47a0-80b4-f960cc4d1c06,0.0000,15.5512,1.0000,0.0000,0.0000,0.6667,0.1364
905bd711-6c1a-4bb8-9c8d-808f8a4b9705,692df9b4-47d2-48c1-8732-aa2dbd856038,0.0000,12.9281,1.0000,0.0000,0.0000,0.0000,0.0909
905bd711-6c1a-4bb8-9c8d-808f8a4b9705,853d8cdf-bbba-40fe-bc3c-9dbf4a72e3ba,0.0000,12.6191,1.0000,0.0000,0.0000,0.6667,0.1364
905bd711-6c1a-4bb8-9c8d-808f8a4b9705,2517b72c-41df-4f4a-a74f-4e6a4d8fb9a6,0.0000,12.8501,1.0000,0.0000,0.0000,0.6667,0.0435
905bd711-6c1a-4bb8-9c8d-808f8a4b9705,f761d41a-5220-42bf-872b-6a75cea6e24b,0.0000,10.2013,1.0000,0.0000,0.0000,0.0000,0.2727
905bd711-6c1a-4bb8-9c8d-808f8a4b9705,e8b9141c-9944-4c1d-beb1-2a3921ab8e1a,2.0000,9.9650,0.5000,2.0000,2.0000,0.6667,0.1852
905bd711-6c1a-4bb8-9c8d-808f8a4b9705,ff4975cc-52b8-41ed-8a6f-c69487eab5e8,0.0000,15.4630,1.0000,0.0000,0.0000,0.6667,0.2273
905bd711-6c1a-4bb8-9c8d-808f8a4b9705,22594200-2b3a-466f-9a4c-fc62849a043c,0.0000,13.5193,1.0000,0.0000,0.0000,0.6667,0.0909
905bd711-6c1a-4bb8-9c8d-808f8a4b9705,76a03818-1adc-4462-a8d3-fd5cc8cde7c3,2.0000,12.3785,0.5000,2.0000,2.0000,0.6667,0.1364
905bd711-6c1a-4bb8-9c8d-808f8a4b9705,14cbf3ff-91dd-4d34-92fe-f218d90b36a1,0.0000,4.1629,1.0000,0.0000,0.0000,0.0000,0.2273
925fcff5-826c-4439-8315-4d6434f6f7db,fafe7552-d597-4e47-b1bb-0abd8cdcfe25,0.0000,12.2929,1.0000,0.0000,0.0000,0.6667,0.1111
925fcff5-826c-4439-8315-4d6434f6f7db,2be2d465-90ce-4beb-b5dc-6c92bdf23287,0.0000,18.8844,1.0000,0.0000,0.0000,0.6667,0.1000
925fcff5-826c-4439-8315-4d6434f6f7db,62694c2b-296e-4ea6-b29f-d6fce70f4ee0,0.0000,3.6195,1.0000,0.0000,0.0000,0.0000,0.0000
925fcff5-826c-4439-8315-4d6434f6f7db,4a9b7b3e-39f8-4542-b6a3-2cdddbc64b84,0.0000,5.2050,1.0000,0.0000,0.0000,0.0000,0.2222
925fcff5-826c-4439-8315-4d6434f6f7db,f2f08e2f-79b8-4a56-92e9-cfc0e2b94f70,2.0000,11.9167,0.5000,2.0000,2.0000,0.0000,0.2500
925fcff5-826c-4439-8315-4d6434f6f7db,5a3d63bf-344c-4e6e-bc93-50b3b9150d26,0.0000,15.7737,1.0000,0.0000,0.0000,0.6667,0.0556
925fcff5-826c-4439-8315-4d6434f6f7db,5c6cea65-33e0-4403-ac24-1f3e986820f5,2.0000,12.7422,0.5000,2.0000,2.0000,0.0000,0.1000
925fcff5-826c-4439-8315-4d6434f6f7db,ce289378-48db-4c5b-817b-85a3f7170b6d,2.0000,12.7223,0.5000,2.0000,2.0000,0.6667,0.3077
925fcff5-826c-4439-8315-4d6434f6f7db,8e122a6e-999f-4977-b4e1-21eb03cae87d,2.0000,12.0569,0.5000,2.0000,2.0000,0.0000,0.2174
925fcff5-826c-4439-8315-4d6434f6f7db,6a94bf0c-f443-448e-ba57-f3aa2805cb05,0.0000,12.7062,1.0000,0.0000,0.0000,0.6667,0.0526
925fcff5-826c-4439-8315-4d6434f6f7db,cfb5d567-1d11-4a1e-9030-f9ea119d29ab,0.0000,15.3864,1.0000,0.0000,0.0000,0.6667,0.1667
925fcff5-826c-4439-8315-4d6434f6f7db,bd111f97-40ec-48c2-9537-3f4585fd3c61,0.0000,13.7572,1.0000,0.0000,0.0000,0.6667,0.1667
925fcff5-826c-4439-8315-4d6434f6f7db,56043fae-9517-4a04-b8ca-05c203f26132,0.0000,16.0882,1.0000,0.0000,0.0000,0.6667,0.2778
925fcff5-826c-4439-8315-4d6434f6f7db,cf50eb11-df20-4705-8b1b-2d77ce2403ef,0.0000,10.4489,1.0000,0.0000,0.0000,0.0000,0.0556
925fcff5-826c-4439-8315-4d6434f6f7db,5de87467-8cbd-4a2d-90a3-7e283de285fa,0.0000,15.6263,1.0000,0.0000,0.0000,0.6667,0.0000
925fcff5-826c-4439-8315-4d6434f6f7db,dcf216e8-416d-44ea-80bf-2587651dfd37,0.0000,15.5456,1.0000,0.0000,0.0000,0.6667,0.0000
925fcff5-826c-4439-8315-4d6434f6f7db,e163b85d-9f81-4c13-8c8c-521c33484e74,2.0000,9.3866,0.5000,2.0000,2.0000,0.0000,0.2800
925fcff5-826c-4439-8315-4d6434f6f7db,0f5bc599-7a61-4792-8bf7-b9f78eec50fc,2.0000,7.5387,0.5000,2.0000,2.0000,0.6667,0.2174
925fcff5-826c-4439-8315-4d6434f6f7db,e5a14bb0-fea4-41eb-9bdd-aed3acec68b7,0.0000,10.0985,1.0000,0.0000,0.0000,0.0000,0.1111
925fcff5-826c-4439-8315-4d6434f6f7db,d5cb26d7-030e-4b27-a7fc-8913c4a80794,2.0000,13.2824,0.5000,2.0000,2.0000,0.0000,0.2174
925fcff5-826c-4439-8315-4d6434f6f7db,0f63c729-6dbc-48c2-9f43-89c37de9818f,0.0000,12.0637,1.0000,0.0000,0.0000,0.6667,0.0556
925fcff5-826c-4439-8315-4d6434f6f7db,d73b320a-790d-4a0e-b13f-02a09cbaf3bf,0.0000,12.6131,1.0000,0.0000,0.0000,0.6667,0.0526
925fcff5-826c-4439-8315-4d6434f6f7db,6f8acc59-cbf2-4b96-be3f-d5173828b422,0.0000,10.2259,1.0000,0.0000,0.0000,0.0000,0.1000
925fcff5-826c-4439-8315-4d6434f6f7db,a9bef44c-9e90-409b-9b07-93db1d3be774,2.0000,10.9776,0.5000,2.0000,2.0000,0.0000,0.2800
925fcff5-826c-4439-8315-4d6434f6f7db,62d0e0ab-0ed6-401f-b329-a12d20a79fb8,0.0000,11.6541,1.0000,0.0000,0.0000,0.6667,0.0526
925fcff5-826c-4439-8315-4d6434f6f7db,c8403da2-d968-494c-bbbe-bc7855b370ab,0.0000,6.7326,1.0000,0.0000,0.0000,0.0000,0.1667
925fcff5-826c-4439-8315-4d6434f6f7db,49e59cdd-4809-43f6-b618-1d0396a89857,2.0000,12.4223,0.5000,2.0000,2.0000,0.0000,0.3077
925fcff5-826c-4439-8315-4d6434f6f7db,ccfc5874-fe2c-4d37-ab22-2f8deae33eae,2.0000,11.0601,0.5000,2.0000,2.0000,0.6667,0.2174
925fcff5-826c-4439-8315-4d6434f6f7db,2b35aae8-7d5a-4e25-bd0b-8ae554405fa5,0.0000,7.2960,1.0000,0.0000,0.0000,0.0000,0.1667
925fcff5-826c-4439-8315-4d6434f6f7db,642ee07e-29b6-45a7-9826-aa2f8e6f6fda,2.0000,8.8556,0.5000,2.0000,2.0000,0.0000,0.2800
925fcff5-826c-4439-8315-4d6434f6f7db,18f05cad-c4a5-45a2-afda-2c6693684b81,0.0000,13.8830,1.0000,0.0000,0.0000,0.6667,0.1111
925fcff5-826c-4439-8315-4d6434f6f7db,6db16bc6-1a3a-47dc-9b2e-e489ff3a30d3,2.0000,14.5212,0.5000,2.0000,2.0000,0.6667,0.2174
925fcff5-826c-4439-8315-4d6434f6f7db,cf2e50ca-eb53-4a77-97c9-065f239b9c28,0.0000,15.6784,1.0000,0.0000,0.0000,0.6667,0.1667
925fcff5-826c-4439-8315-4d6434f6f7db,2003d6e5-1b34-47a0-80b4-f960cc4d1c06,0.0000,6.4503,1.0000,0.0000,0.0000,0.0000,0.0526
925fcff5-826c-4439-8315-4d6434f6f7db,692df9b4-47d2-48c1-8732-aa2dbd856038,0.0000,13.1469,1.0000,0.0000,0.0000,0.6667,0.1000
925fcff5-826c-4439-8315-4d6434f6f7db,853d8cdf-bbba-40fe-bc3c-9dbf4a72e3ba,0.0000,8.9601,1.0000,0.0000,0.0000,0.0000,0.0526
925fcff5-826c-4439-8315-4d6434f6f7db,2517b72c-41df-4f4a-a74f-4e6a4d8fb9a6,0.0000,6.4280,1.0000,0.0000,0.0000,0.0000,0.2174
925fcff5-826c-4439-8315-4d6434f6f7db,f761d41a-5220-42bf-872b-6a75cea6e24b,0.0000,12.4243,1.0000,0.0000,0.0000,0.6667,0.1111
925fcff5-826c-4439-8315-4d6434f6f7db,e8b9141c-9944-4c1d-beb1-2a3921ab8e1a,2.0000,10.5410,0.5000,2.0000,2.0000,0.0000,0.3333
925fcff5-826c-4439-8315-4d6434f6f7db,ff4975cc-52b8-41ed-8a6f-c69487eab5e8,0.0000,2.7603,1.0000,0.0000,0.0000,0.0000,0.0556
925fcff5-826c-4439-8315-4d6434f6f7db,22594200-2b3a-466f-9a4c-fc62849a043c,0.0000,9.2775,1.0000,0.0000,0.0000,0.0000,0.1000
925fcff5-826c-4439-8315-4d6434f6f7db,76a03818-1adc-4462-a8d3-fd5cc8cde7c3,2.0000,9.3590,0.5000,2.0000,2.0000,0.6667,0.0526
925fcff5-826c-4439-8315-4d6434f6f7db,14cbf3ff-91dd-4d34-92fe-f218d90b36a1,0.0000,12.8690,1.0000,0.0000,0.0000,0.6667,0.0556
fafe7552-d597-4e47-b1bb-0abd8cdcfe25,2be2d465-90ce-4beb-b5dc-6c92bdf23287,0.0000,9.8092,1.0000,0.0000,0.0000,0.0000,0.2000
fafe7552-d597-4e47-b1bb-0abd8cdcfe25,62694c2b-296e-4ea6-b29f-d6fce70f4ee0,0.0000,14.1996,1.0000,0.0000,0.0000,0.6667,0.1111
fafe7552-d597-4e47-b1bb-0abd8cdcfe25,4a9b7b3e-39f8-4542-b6a3-2cdddbc64b84,0.0000,11.8675,1.0000,0.0000,0.0000,0.6667,0.1250
fafe7552-d597-4e47-b1bb-0abd8cdcfe25,f2f08e2f-79b8-4a56-92e9-cfc0e2b94f70,2.0000,7.8876,0.5000,2.0000,2.0000,0.6667,0.3333
fafe7552-d597-4e47-b1bb-0abd8cdcfe25,5a3d63bf-344c-4e6e-bc93-50b3b9150d26,0.0000,7.2678,1.0000,0.0000,0.0000,0.0000,0.0588
fafe7552-d597-4e47-b1bb-0abd8cdcfe25,5c6cea65-33e0-4403-ac24-1f3e986820f5,2.0000,7.0606,0.5000,2.0000,2.0000,0.6667,0.2000
fafe7552-d597-4e47-b1bb-0abd8cdcfe25,ce289378-48db-4c5b-817b-85a3f7170b6d,2.0000,8.3456,0.5000,2.0000,2.0000,0.0000,0.3846
fafe7552-d597-4e47-b1bb-0abd8cdcfe25,8e122a6e-999f-4977-b4e1-21eb03cae87d,2.0000,9.7819,0.5000,2.0000,2.0000,0.6667,0.3043
fafe7552-d597-4e47-b1bb-0abd8cdcfe25,6a94bf0c-f443-448e-ba57-f3aa2805cb05,0.0000,7.0304,1.0000,0.0000,0.0000,0.0000,0.1579
fafe7552-d597-4e47-b1bb-0abd8cdcfe25,cfb5d567-1d11-4a1e-9030-f9ea119d29ab,0.0000,4.7812,1.0000,0.0000,0.0000,0.0000,0.0625
fafe7552-d597-4e47-b1bb-0abd8cdcfe25,bd111f97-40ec-48c2-9537-3f4585fd3c61,0.0000,7.6720,1.0000,0.0000,0.0000,0.0000,0.0625
fafe7552-d597-4e47-b1bb-0abd8cdcfe25,56043fae-9517-4a04-b8ca-05c203f26132,0.0000,5.3785,1.0000,0.0000,0.0000,0.0000,0.1875
fafe7552-d597-4e47-b1bb-0abd8cdcfe25,cf50eb11-df20-4705-8b1b-2d77ce2403ef,0.0000,10.6341,1.0000,0.0000,0.0000,0.6667,0.0588
fafe7552-d597-4e47-b1bb-0abd8cdcfe25,5de87467-8cbd-4a2d-90a3-7e283de285fa,0.0000,4.7621,1.0000,0.0000,0.0000,0.0000,0.1111
fafe7552-d597-4e47-b1bb-0abd8cdcfe25,dcf216e8-416d-44ea-80bf-2587651dfd37,0.0000,4.7119,1.0000,0.0000,0.0000,0.0000,0.1111
fafe7552-d597-4e47-b1bb-0abd8cdcfe25,e163b85d-9f81-4c13-8c8c-521c33484e74,2.0000,9.1607,0.5000,2.0000,2.0000,0.6667,0.3600
fafe7552-d597-4e47-b1bb-0abd8cdcfe25,0f5bc599-7a61-4792-8bf7-b9f78eec50fc,2.0000,10.5570,0.5000,2.0000,2.0000,0.0000,0.3043
fafe7552-d597-4e47-b1bb-0abd8cdcfe25,e5a14bb0-fea4-41eb-9bdd-aed3acec68b7,0.0000,11.8200,1.0000,0.0000,0.0000,0.6667,0.0000
fafe7552-d597-4e47-b1bb-0abd8cdcfe25,d5cb26d7-030e-4b27-a7fc-8913c4a80794,2.0000,7.6211,0.5000,2.0000,2.0000,0.6667,0.3043
fafe7552-d597-4e47-b1bb-0abd8cdcfe25,0f63c729-6dbc-48c2-9f43-89c37de9818f,0.0000,4.5002,1.0000,0.0000,0.0000,0.0000,0.0588
fafe7552-d597-4e47-b1bb-0abd8cdcfe25,d73b320a-790d-4a0e-b13f-02a09cbaf3bf,0.0000,6.4489,1.0000,0.0000,0.0000,0.0000,0.1579
fafe7552-d597-4e47-b1bb-0abd8cdcfe25,6f8acc59-cbf2-4b96-be3f-d5173828b422,0.0000,14.5111,1.0000,0.0000,0.0000,0.6667,0.2000
fafe7552-d597-4e47-b1bb-0abd8cdcfe25,a9bef44c-9e90-409b-9b07-93db1d3be774,2.0000,8.5702,0.5000,2.0000,2.0000,0.6667,0.3600
fafe7552-d597-4e47-b1bb-0abd8cdcfe25,62d0e0ab-0ed6-401f-b329-a12d20a79fb8,0.0000,10.8623,1.0000,0.0000,0.0000,0.0000,0.1579
fafe7552-d597-4e47-b1bb-0abd8cdcfe25,c8403da2-d968-494c-bbbe-bc7855b370ab,0.0000,11.8710,1.0000,0.0000,0.0000,0.6667,0.0625
fafe7552-d597-4e47-b1bb-0abd8cdcfe25,49e59cdd-4809-43f6-b618-1d0396a89857,2.0000,7.2120,0.5000,2.0000,2.0000,0.6667,0.3846
fafe7552-d597-4e47-b1bb-0abd8cdcfe25,ccfc5874-fe2c-4d37-ab22-2f8deae33eae,2.0000,6.3453,0.5000,2.0000,2.0000,0.0000,0.3043
fafe7552-d597-4e47-b1bb-0abd8cdcfe25,2b35aae8-7d5a-4e25-bd0b-8ae554405fa5,0.0000,9.6997,1.0000,0.0000,0.0000,0.6667,0.0625
fafe7552-d597-4e47-b1bb-0abd8cdcfe25,642ee07e-29b6-45a7-9826-aa2f8e6f6fda,2.0000,11.8708,0.5000,2.0000,2.0000,0.6667,0.3600
fafe7552-d597-4e47-b1bb-0abd8cdcfe25,18f05cad-c4a5-45a2-afda-2c6693684b81,0.0000,10.4830,1.0000,0.0000,0.0000,0.6667,0.0000
fafe7552-d597-4e47-b1bb-0abd8cdcfe25,6db16bc6-1a3a-47dc-9b2e-e489ff3a30d3,2.0000,8.7625,0.5000,2.0000,2.0000,0.6667,0.3043
fafe7552-d597-4e47-b1bb-0abd8cdcfe25,cf2e50ca-eb53-4a77-97c9-065f239b9c28,0.0000,9.5481,1.0000,0.0000,0.0000,0.6667,0.0625
fafe7552-d597-4e47-b1bb-0abd8cdcfe25,2003d6e5-1b34-47a0-80b4-f960cc4d1c06,0.0000,10.6426,1.0000,0.0000,0.0000,0.6667,0.1579
fafe7552-d597-4e47-b1bb-0abd8cdcfe25,692df9b4-47d2-48c1-8732-aa2dbd856038,0.0000,5.7350,1.0000,0.0000,0.0000,0.0000,0.2000
fafe7552-d597-4e47-b1bb-0abd8cdcfe25,853d8cdf-bbba-40fe-bc3c-9dbf4a72e3ba,0.0000,10.7752,1.0000,0.0000,0.0000,0.6667,0.1579
fafe7552-d597-4e47-b1bb-0abd8cdcfe25,2517b72c-41df-4f4a-a74f-4e6a4d8fb9a6,0.0000,10.4293,1.0000,0.0000,0.0000,0.6667,0.3043
fafe7552-d597-4e47-b1bb-0abd8cdcfe25,f761d41a-5220-42bf-872b-6a75cea6e24b,0.0000,4.7650,1.0000,0.0000,0.0000,0.0000,0.0000
fafe7552-d597-4e47-b1bb-0abd8cdcfe25,e8b9141c-9944-4c1d-beb1-2a3921ab8e1a,2.0000,6.9495,0.5000,2.0000,2.0000,0.6667,0.4074
fafe7552-d597-4e47-b1bb-0abd8cdcfe25,ff4975cc-52b8-41ed-8a6f-c69487eab5e8,0.0000,13.1156,1.0000,0.0000,0.0000,0.6667,0.0588
fafe7552-d597-4e47-b1bb-0abd8cdcfe25,22594200-2b3a-466f-9a4c-fc62849a043c,0.0000,10.7557,1.0000,0.0000,0.0000,0.6667,0.2000
fafe7552-d597-4e47-b1bb-0abd8cdcfe25,76a03818-1adc-4462-a8d3-fd5cc8cde7c3,2.0000,10.4344,0.5000,2.0000,2.0000,0.6667,0.1579
fafe7552-d597-4e47-b1bb-0abd8cdcfe25,14cbf3ff-91dd-4d34-92fe-f218d90b36a1,0.0000,10.4656,1.0000,0.0000,0.0000,0.0000,0.0588
2be2d465-90ce-4beb-b5dc-6c92bdf23287,62694c2b-296e-4ea6-b29f-d6fce70f4ee0,0.0000,19.5550,1.0000,0.0000,0.0000,0.6667,0.1000
2be2d465-90ce-4beb-b5dc-6c92bdf23287,4a9b7b3e-39f8-4542-b6a3-2cdddbc64b84,0.0000,19.0143,1.0000,0.0000,0.0000,0.6667,0.3000
2be2d465-90ce-4beb-b5dc-6c92bdf23287,f2f08e2f-79b8-4a56-92e9-cfc0e2b94f70,2.0000,8.8143,0.5000,2.0000,2.0000,0.6667,0.1667
2be2d465-90ce-4beb-b5dc-6c92bdf23287,5a3d63bf-344c-4e6e-bc93-50b3b9150d26,0.0000,3.3926,1.0000,0.0000,0.0000,0.0000,0.1500
2be2d465-90ce-4beb-b5dc-6c92bdf23287,5c6cea65-33e0-4403-ac24-1f3e986820f5,2.0000,9.1623,0.5000,2.0000,2.0000,0.6667,0.0000
2be2d465-90ce-4beb-b5dc-6c92bdf23287,ce289378-48db-4c5b-817b-85a3f7170b6d,2.0000,8.5727,0.5000,2.0000,2.0000,0.0000,0.2308
2be2d465-90ce-4beb-b5dc-6c92bdf23287,8e122a6e-999f-4977-b4e1-21eb03cae87d,2.0000,13.1960,0.5000,2.0000,2.0000,0.6667,0.1304
2be2d465-90ce-4beb-b5dc-6c92bdf23287,6a94bf0c-f443-448e-ba57-f3aa2805cb05,0.0000,9.9520,1.0000,0.0000,0.0000,0.0000,0.0500
2be2d465-90ce-4beb-b5dc-6c92bdf23287,cfb5d567-1d11-4a1e-9030-f9ea119d29ab,0.0000,5.1257,1.0000,0.0000,0.0000,0.0000,0.2500
2be2d465-90ce-4beb-b5dc-6c92bdf23287,bd111f97-40ec-48c2-9537-3f4585fd3c61,0.0000,13.9096,1.0000,0.0000,0.0000,0.0000,0.2500
2be2d465-90ce-4beb-b5dc-6c92bdf23287,56043fae-9517-4a04-b8ca-05c203f26132,0.0000,8.6074,1.0000,0.0000,0.0000,0.0000,0.3500
2be2d465-90ce-4beb-b5dc-6c92bdf23287,cf50eb11-df20-4705-8b1b-2d77ce2403ef,0.0000,10.7926,1.0000,0.0000,0.0000,0.6667,0.1500
2be2d465-90ce-4beb-b5dc-6c92bdf23287,5de87467-8cbd-4a2d-90a3-7e283de285fa,0.0000,5.8599,1.0000,0.0000,0.0000,0.0000,0.1000
2be2d465-90ce-4beb-b5dc-6c92bdf23287,dcf216e8-416d-44ea-80bf-2587651dfd37,0.0000,5.7944,1.0000,0.0000,0.0000,0.0000,0.1000
2be2d465-90ce-4beb-b5dc-6c92bdf23287,e163b85d-9f81-4c13-8c8c-521c33484e74,2.0000,13.1237,0.5000,2.0000,2.0000,0.6667,0.2000
2be2d465-90ce-4beb-b5dc-6c92bdf23287,0f5bc599-7a61-4792-8bf7-b9f78eec50fc,2.0000,14.6424,0.5000,2.0000,2.0000,0.0000,0.1304
2be2d465-90ce-4beb-b5dc-6c92bdf23287,e5a14bb0-fea4-41eb-9bdd-aed3acec68b7,0.0000,15.0107,1.0000,0.0000,0.0000,0.6667,0.2000
2be2d465-90ce-4beb-b5dc-6c92bdf23287,d5cb26d7-030e-4b27-a7fc-8913c4a80794,2.0000,11.0268,0.5000,2.0000,2.0000,0.6667,0.1304
2be2d465-90ce-4beb-b5dc-6c92bdf23287,0f63c729-6dbc-48c2-9f43-89c37de9818f,0.0000,9.1400,1.0000,0.0000,0.0000,0.0000,0.1500
2be2d465-90ce-4beb-b5dc-6c92bdf23287,d73b320a-790d-4a0e-b13f-02a09cbaf3bf,0.0000,9.3178,1.0000,0.0000,0.0000,0.0000,0.0500
2be2d465-90ce-4beb-b5dc-6c92bdf23287,6f8acc59-cbf2-4b96-be3f-d5173828b422,0.0000,15.0450,1.0000,0.0000,0.0000,0.6667,0.0000
2be2d465-90ce-4beb-b5dc-6c92bdf23287,a9bef44c-9e90-409b-9b07-93db1d3be774,2.0000,9.8976,0.5000,2.0000,2.0000,0.6667,0.2000
2be2d465-90ce-4beb-b5dc-6c92bdf23287,62d0e0ab-0ed6-401f-b329-a12d20a79fb8,0.0000,14.4870,1.0000,0.0000,0.0000,0.0000,0.0500
2be2d465-90ce-4beb-b5dc-6c92bdf23287,c8403da2-d968-494c-bbbe-bc7855b370ab,0.0000,14.8637,1.0000,0.0000,0.0000,0.6667,0.2500
2be2d465-90ce-4beb-b5dc-6c92bdf23287,49e59cdd-4809-43f6-b618-1d0396a89857,2.0000,6.7875,0.5000,2.0000,2.0000,0.6667,0.2308
2be2d465-90ce-4beb-b5dc-6c92bdf23287,ccfc5874-fe2c-4d37-ab22-2f8deae33eae,2.0000,7.9737,0.5000,2.0000,2.0000,0.0000,0.1304
2be2d465-90ce-4beb-b5dc-6c92bdf23287,2b35aae8-7d5a-4e25-bd0b-8ae554405fa5,0.0000,15.8870,1.0000,0.0000,0.0000,0.6667,0.2500
2be2d465-90ce-4beb-b5dc-6c92bdf23287,642ee07e-29b6-45a7-9826-aa2f8e6f6fda,2.0000,13.9533,0.5000,2.0000,2.0000,0.6667,0.2000
2be2d465-90ce-4beb-b5dc-6c92bdf23287,18f05cad-c4a5-45a2-afda-2c6693684b81,0.0000,14.1897,1.0000,0.0000,0.0000,0.6667,0.2000
2be2d465-90ce-4beb-b5dc-6c92bdf23287,6db16bc6-1a3a-47dc-9b2e-e489ff3a30d3,2.0000,8.8486,0.5000,2.0000,2.0000,0.6667,0.1304
2be2d465-90ce-4beb-b5dc-6c92bdf23287,cf2e50ca-eb53-4a77-97c9-065f239b9c28,0.0000,12.2066,1.0000,0.0000,0.0000,0.6667,0.2500
2be2d465-90ce-4beb-b5dc-6c92bdf23287,2003d6e5-1b34-47a0-80b4-f960cc4d1c06,0.0000,18.0535,1.0000,0.0000,0.0000,0.6667,0.0500
2be2d465-90ce-4beb-b5dc-6c92bdf23287,692df9b4-47d2-48c1-8732-aa2dbd856038,0.0000,12.5589,1.0000,0.0000,0.0000,0.0000,0.0000
2be2d465-90ce-4beb-b5dc-6c92bdf23287,853d8cdf-bbba-40fe-bc3c-9dbf4a72e3ba,0.0000,15.1470,1.0000,0.0000,0.0000,0.6667,0.0500
2be2d465-90ce-4beb-b5dc-6c92bdf23287,2517b72c-41df-4f4a-a74f-4e6a4d8fb9a6,0.0000,14.3491,1.0000,0.0000,0.0000,0.6667,0.1304
2be2d465-90ce-4beb-b5dc-6c92bdf23287,f761d41a-5220-42bf-872b-6a75cea6e24b,0.0000,9.1162,1.0000,0.0000,0.0000,0.0000,0.2000
2be2d465-90ce-4beb-b5dc-6c92bdf23287,e8b9141c-9944-4c1d-beb1-2a3921ab8e1a,2.0000,12.7048,0.5000,2.0000,2.0000,0.6667,0.2593
2be2d465-90ce-4beb-b5dc-6c92bdf23287,ff4975cc-52b8-41ed-8a6f-c69487eab5e8,0.0000,19.2483,1.0000,0.0000,0.0000,0.6667,0.1500
2be2d465-90ce-4beb-b5dc-6c92bdf23287,22594200-2b3a-466f-9a4c-fc62849a043c,0.0000,15.8778,1.0000,0.0000,0.0000,0.6667,0.0000
2be2d465-90ce-4beb-b5dc-6c92bdf23287,76a03818-1adc-4462-a8d3-fd5cc8cde7c3,2.0000,14.6405,0.5000,2.0000,2.0000,0.6667,0.0500
2be2d465-90ce-4beb-b5dc-6c92bdf23287,14cbf3ff-91dd-4d34-92fe-f218d90b36a1,0.0000,7.9441,1.0000,0.0000,0.0000,0.0000,0.1500
62694c2b-296e-4ea6-b29f-d6fce70f4ee0,4a9b7b3e-39f8-4542-b6a3-2cdddbc64b84,0.0000,3.2178,1.0000,0.0000,0.0000,0.0000,0.2222
62694c2b-296e-4ea6-b29f-d6fce70f4ee0,f2f08e2f-79b8-4a56-92e9-cfc0e2b94f70,2.0000,13.3728,0.5000,2.0000,2.0000,0.0000,0.2500
62694c2b-296e-4ea6-b29f-d6fce70f4ee0,5a3d63bf-344c-4e6e-bc93-50b3b9150d26,0.0000,17.9653,1.0000,0.0000,0.0000,0.6667,0.0556
62694c2b-296e-4ea6-b29f-d6fce70f4ee0,5c6cea65-33e0-4403-ac24-1f3e986820f5,2.0000,13.3758,0.5000,2.0000,2.0000,0.0000,0.1000
62694c2b-296e-4ea6-b29f-d6fce70f4ee0,ce289378-48db-4c5b-817b-85a3f7170b6d,2.0000,14.0756,0.5000,2.0000,2.0000,0.6667,0.3077
62694c2b-296e-4ea6-b29f-d6fce70f4ee0,8e122a6e-999f-4977-b4e1-21eb03cae87d,2.0000,10.4278,0.5000,2.0000,2.0000,0.0000,0.2174
62694c2b-296e-4ea6-b29f-d6fce70f4ee0,6a94bf0c-f443-448e-ba57-f3aa2805cb05,0.0000,14.1469,1.0000,0.0000,0.0000,0.6667,0.0526
62694c2b-296e-4ea6-b29f-d6fce70f4ee0,cfb5d567-1d11-4a1e-9030-f9ea119d29ab,0.0000,16.6650,1.0000,0.0000,0.0000,0.6667,0.1667
62694c2b-296e-4ea6-b29f-d6fce70f4ee0,bd111f97-40ec-48c2-9537-3f4585fd3c61,0.0000,12.9096,1.0000,0.0000,0.0000,0.6667,0.1667
62694c2b-296e-4ea6-b29f-d6fce70f4ee0,56043fae-9517-4a04-b8ca-05c203f26132,0.0000,14.3551,1.0000,0.0000,0.0000,0.6667,0.2778
62694c2b-296e-4ea6-b29f-d6fce70f4ee0,cf50eb11-df20-4705-8b1b-2d77ce2403ef,0.0000,11.9061,1.0000,0.0000,0.0000,0.0000,0.0556
62694c2b-296e-4ea6-b29f-d6fce70f4ee0,5de87467-8cbd-4a2d-90a3-7e283de285fa,0.0000,16.5251,1.0000,0.0000,0.0000,0.6667,0.0000
62694c2b-296e-4ea6-b29f-d6fce70f4ee0,dcf216e8-416d-44ea-80bf-2587651dfd37,0.0000,16.8475,1.0000,0.0000,0.0000,0.6667,0.0000
62694c2b-296e-4ea6-b29f-d6fce70f4ee0,e163b85d-9f81-4c13-8c8c-521c33484e74,2.0000,11.4286,0.5000,2.0000,2.0000,0.0000,0.2800
62694c2b-296e-4ea6-b29f-d6fce70f4ee0,0f5bc599-7a61-4792-8bf7-b9f78eec50fc,2.0000,6.1565,0.5000,2.0000,2.0000,0.6667,0.2174
62694c2b-296e-4ea6-b29f-d6fce70f4ee0,e5a14bb0-fea4-41eb-9bdd-aed3acec68b7,0.0000,9.7023,1.0000,0.0000,0.0000,0.0000,0.1111
62694c2b-296e-4ea6-b29f-d6fce70f4ee0,d5cb26d7-030e-4b27-a7fc-8913c4a80794,2.0000,11.6809,0.5000,2.0000,2.0000,0.0000,0.2174
62694c2b-296e-4ea6-b29f-d6fce70f4ee0,0f63c729-6dbc-48c2-9f43-89c37de9818f,0.0000,12.9489,1.0000,0.0000,0.0000,0.6667,0.0556
62694c2b-296e-4ea6-b29f-d6fce70f4ee0,d73b320a-790d-4a0e-b13f-02a09cbaf3bf,0.0000,13.7936,1.0000,0.0000,0.0000,0.6667,0.0526
62694c2b-296e-4ea6-b29f-d6fce70f4ee0,6f8acc59-cbf2-4b96-be3f-d5173828b422,0.0000,7.9838,1.0000,0.0000,0.0000,0.0000,0.1000
62694c2b-296e-4ea6-b29f-d6fce70f4ee0,a9bef44c-9e90-409b-9b07-93db1d3be774,2.0000,13.0008,0.5000,2.0000,2.0000,0.0000,0.2800
62694c2b-296e-4ea6-b29f-d6fce70f4ee0,62d0e0ab-0ed6-401f-b329-a12d20a79fb8,0.0000,13.2226,1.0000,0.0000,0.0000,0.6667,0.0526
62694c2b-296e-4ea6-b29f-d6fce70f4ee0,c8403da2-d968-494c-bbbe-bc7855b370ab,0.0000,8.5195,1.0000,0.0000,0.0000,0.0000,0.1667
62694c2b-296e-4ea6-b29f-d6fce70f4ee0,49e59cdd-4809-43f6-b618-1d0396a89857,2.0000,13.3714,0.5000,2.0000,2.0000,0.0000,0.3077
62694c2b-296e-4ea6-b29f-d6fce70f4ee0,ccfc5874-fe2c-4d37-ab22-2f8deae33eae,2.0000,11.9810,0.5000,2.0000,2.0000,0.6667,0.2174
62694c2b-296e-4ea6-b29f-d6fce70f4ee0,2b35aae8-7d5a-4e25-bd0b-8ae554405fa5,0.0000,8.4289,1.0000,0.0000,0.0000,0.0000,0.1667
62694c2b-296e-4ea6-b29f-d6fce70f4ee0,642ee07e-29b6-45a7-9826-aa2f8e6f6fda,2.0000,7.3549,0.5000,2.0000,2.0000,0.0000,0.2800
62694c2b-296e-4ea6-b29f-d6fce70f4ee0,18f05cad-c4a5-45a2-afda-2c6693684b81,0.0000,13.4494,1.0000,0.0000,0.0000,0.6667,0.1111
62694c2b-296e-4ea6-b29f-d6fce70f4ee0,6db16bc6-1a3a-47dc-9b2e-e489ff3a30d3,2.0000,12.4887,0.5000,2.0000,2.0000,0.6667,0.2174
62694c2b-296e-4ea6-b29f-d6fce70f4ee0,cf2e50ca-eb53-4a77-97c9-065f239b9c28,0.0000,14.8966,1.0000,0.0000,0.0000,0.6667,0.1667
62694c2b-296e-4ea6-b29f-d6fce70f4ee0,2003d6e5-1b34-47a0-80b4-f960cc4d1c06,0.0000,5.8385,1.0000,0.0000,0.0000,0.0000,0.0526
62694c2b-296e-4ea6-b29f-d6fce70f4ee0,692df9b4-47d2-48c1-8732-aa2dbd856038,0.0000,11.2057,1.0000,0.0000,0.0000,0.6667,0.1000
62694c2b-296e-4ea6-b29f-d6fce70f4ee0,853d8cdf-bbba-40fe-bc3c-9dbf4a72e3ba,0.0000,7.9440,1.0000,0.0000,0.0000,0.0000,0.0526
62694c2b-296e-4ea6-b29f-d6fce70f4ee0,2517b72c-41df-4f4a-a74f-4e6a4d8fb9a6,0.0000,7.9118,1.0000,0.0000,0.0000,0.0000,0.2174
62694c2b-296e-4ea6-b29f-d6fce70f4ee0,f761d41a-5220-42bf-872b-6a75cea6e24b,0.0000,13.4543,1.0000,0.0000,0.0000,0.6667,0.1111
62694c2b-296e-4ea6-b29f-d6fce70f4ee0,e8b9141c-9944-4c1d-beb1-2a3921ab8e1a,2.0000,9.2753,0.5000,2.0000,2.0000,0.0000,0.3333
62694c2b-296e-4ea6-b29f-d6fce70f4ee0,ff4975cc-52b8-41ed-8a6f-c69487eab5e8,0.0000,1.6858,1.0000,0.0000,0.0000,0.0000,0.0556
62694c2b-296e-4ea6-b29f-d6fce70f4ee0,22594200-2b3a-466f-9a4c-fc62849a043c,0.0000,7.8578,1.0000,0.0000,0.0000,0.0000,0.1000
62694c2b-296e-4ea6-b29f-d6fce70f4ee0,76a03818-1adc-4462-a8d3-fd5cc8cde7c3,2.0000,8.3458,0.5000,2.0000,2.0000,0.6667,0.0526
62694c2b-296e-4ea6-b29f-d6fce70f4ee0,14cbf3ff-91dd-4d34-92fe-f218d90b36a1,0.0000,13.1446,1.0000,0.0000,0.0000,0.6667,0.0556
4a9b7b3e-39f8-4542-b6a3-2cdddbc64b84,f2f08e2f-79b8-4a56-92e9-cfc0e2b94f70,2.0000,14.1756,0.5000,2.0000,2.0000,0.0000,0.4167
4a9b7b3e-39f8-4542-b6a3-2cdddbc64b84,5a3d63bf-344c-4e6e-bc93-50b3b9150d26,0.0000,16.9862,1.0000,0.0000,0.0000,0.6667,0.1765
4a9b7b3e-39f8-4542-b6a3-2cdddbc64b84,5c6cea65-33e0-4403-ac24-1f3e986820f5,2.0000,11.0325,0.5000,2.0000,2.0000,0.0000,0.3000
4a9b7b3e-39f8-4542-b6a3-2cdddbc64b84,ce289378-48db-4c5b-817b-85a3f7170b6d,2.0000,13.3511,0.5000,2.0000,2.0000,0.6667,0.4615
4a9b7b3e-39f8-4542-b6a3-2cdddbc64b84,8e122a6e-999f-4977-b4e1-21eb03cae87d,2.0000,10.8128,0.5000,2.0000,2.0000,0.0000,0.3913
4a9b7b3e-39f8-4542-b6a3-2cdddbc64b84,6a94bf0c-f443-448e-ba57-f3aa2805cb05,0.0000,11.8341,1.0000,0.0000,0.0000,0.6667,0.2632
4a9b7b3e-39f8-4542-b6a3-2cdddbc64b84,cfb5d567-1d11-4a1e-9030-f9ea119d29ab,0.0000,15.8932,1.0000,0.0000,0.0000,0.6667,0.0667
4a9b7b3e-39f8-4542-b6a3-2cdddbc64b84,bd111f97-40ec-48c2-9537-3f4585fd3c61,0.0000,11.6539,1.0000,0.0000,0.0000,0.6667,0.0667
4a9b7b3e-39f8-4542-b6a3-2cdddbc64b84,56043fae-9517-4a04-b8ca-05c203f26132,0.0000,13.0677,1.0000,0.0000,0.0000,0.6667,0.0714
4a9b7b3e-39f8-4542-b6a3-2cdddbc64b84,cf50eb11-df20-4705-8b1b-2d77ce2403ef,0.0000,11.1485,1.0000,0.0000,0.0000,0.0000,0.1765
4a9b7b3e-39f8-4542-b6a3-2cdddbc64b84,5de87467-8cbd-4a2d-90a3-7e283de285fa,0.0000,15.8144,1.0000,0.0000,0.0000,0.6667,0.2222
4a9b7b3e-39f8-4542-b6a3-2cdddbc64b84,dcf216e8-416d-44ea-80bf-2587651dfd37,0.0000,16.0709,1.0000,0.0000,0.0000,0.6667,0.2222
4a9b7b3e-39f8-4542-b6a3-2cdddbc64b84,e163b85d-9f81-4c13-8c8c-521c33484e74,2.0000,11.8093,0.5000,2.0000,2.0000,0.0000,0.4400
4a9b7b3e-39f8-4542-b6a3-2cdddbc64b84,0f5bc599-7a61-4792-8bf7-b9f78eec50fc,2.0000,7.1672,0.5000,2.0000,2.0000,0.6667,0.3913
4a9b7b3e-39f8-4542-b6a3-2cdddbc64b84,e5a14bb0-fea4-41eb-9bdd-aed3acec68b7,0.0000,10.9218,1.0000,0.0000,0.0000,0.0000,0.1250
4a9b7b3e-39f8-4542-b6a3-2cdddbc64b84,d5cb26d7-030e-4b27-a7fc-8913c4a80794,2.0000,11.9875,0.5000,2.0000,2.0000,0.0000,0.3913
4a9b7b3e-39f8-4542-b6a3-2cdddbc64b84,0f63c729-6dbc-48c2-9f43-89c37de9818f,0.0000,14.5845,1.0000,0.0000,0.0000,0.6667,0.1765
4a9b7b3e-39f8-4542-b6a3-2cdddbc64b84,d73b320a-790d-4a0e-b13f-02a09cbaf3bf,0.0000,11.7068,1.0000,0.0000,0.0000,0.6667,0.2632
4a9b7b3e-39f8-4542-b6a3-2cdddbc64b84,6f8acc59-cbf2-4b96-be3f-d5173828b422,0.0000,9.8090,1.0000,0.0000,0.0000,0.0000,0.3000
4a9b7b3e-39f8-4542-b6a3-2cdddbc64b84,a9bef44c-9e90-409b-9b07-93db1d3be774,2.0000,13.6969,0.5000,2.0000,2.0000,0.0000,0.4400
4a9b7b3e-39f8-4542-b6a3-2cdddbc64b84,62d0e0ab-0ed6-401f-b329-a12d20a79fb8,0.0000,11.1263,1.0000,0.0000,0.0000,0.6667,0.2632
4a9b7b3e-39f8-4542-b6a3-2cdddbc64b84,c8403da2-d968-494c-bbbe-bc7855b370ab,0.0000,9.4404,1.0000,0.0000,0.0000,0.0000,0.0667
4a9b7b3e-39f8-4542-b6a3-2cdddbc64b84,49e59cdd-4809-43f6-b618-1d0396a89857,2.0000,15.2350,0.5000,2.0000,2.0000,0.0000,0.4615
4a9b7b3e-39f8-4542-b6a3-2cdddbc64b84,ccfc5874-fe2c-4d37-ab22-2f8deae33eae,2.0000,13.7601,0.5000,2.0000,2.0000,0.6667,0.3913
4a9b7b3e-39f8-4542-b6a3-2cdddbc64b84,2b35aae8-7d5a-4e25-bd0b-8ae554405fa5,0.0000,6.4001,1.0000,0.0000,0.0000,0.0000,0.0667
4a9b7b3e-39f8-4542-b6a3-2cdddbc64b84,642ee07e-29b6-45a7-9826-aa2f8e6f6fda,2.0000,8.7663,0.5000,2.0000,2.0000,0.0000,0.4400
4a9b7b3e-39f8-4542-b6a3-2cdddbc64b84,18f05cad-c4a5-45a2-afda-2c6693684b81,0.0000,14.5770,1.0000,0.0000,0.0000,0.6667,0.1250
4a9b7b3e-39f8-4542-b6a3-2cdddbc64b84,6db16bc6-1a3a-47dc-9b2e-e489ff3a30d3,2.0000,13.1058,0.5000,2.0000,2.0000,0.6667,0.3913
4a9b7b3e-39f8-4542-b6a3-2cdddbc64b84,cf2e50ca-eb53-4a77-97c9-065f239b9c28,0.0000,14.6780,1.0000,0.0000,0.0000,0.6667,0.0667
4a9b7b3e-39f8-4542-b6a3-2cdddbc64b84,2003d6e5-1b34-47a0-80b4-f960cc4d1c06,0.0000,6.8452,1.0000,0.0000,0.0000,0.0000,0.2632
4a9b7b3e-39f8-4542-b6a3-2cdddbc64b84,692df9b4-47d2-48c1-8732-aa2dbd856038,0.0000,12.7520,1.0000,0.0000,0.0000,0.6667,0.3000
4a9b7b3e-39f8-4542-b6a3-2cdddbc64b84,853d8cdf-bbba-40fe-bc3c-9dbf4a72e3ba,0.0000,6.9717,1.0000,0.0000,0.0000,0.0000,0.2632
4a9b7b3e-39f8-4542-b6a3-2cdddbc64b84,2517b72c-41df-4f4a-a74f-4e6a4d8fb9a6,0.0000,9.7136,1.0000,0.0000,0.0000,0.0000,0.3913
4a9b7b3e-39f8-4542-b6a3-2cdddbc64b84,f761d41a-5220-42bf-872b-6a75cea6e24b,0.0000,15.1329,1.0000,0.0000,0.0000,0.6667,0.1250
4a9b7b3e-39f8-4542-b6a3-2cdddbc64b84,e8b9141c-9944-4c1d-beb1-2a3921ab8e1a,2.0000,6.7881,0.5000,2.0000,2.0000,0.0000,0.4815
4a9b7b3e-39f8-4542-b6a3-2cdddbc64b84,ff4975cc-52b8-41ed-8a6f-c69487eab5e8,0.0000,2.8493,1.0000,0.0000,0.0000,0.0000,0.1765
4a9b7b3e-39f8-4542-b6a3-2cdddbc64b84,22594200-2b3a-466f-9a4c-fc62849a043c,0.0000,8.2557,1.0000,0.0000,0.0000,0.0000,0.3000
4a9b7b3e-39f8-4542-b6a3-2cdddbc64b84,76a03818-1adc-4462-a8d3-fd5cc8cde7c3,2.0000,10.5228,0.5000,2.0000,2.0000,0.6667,0.2632
4a9b7b3e-39f8-4542-b6a3-2cdddbc64b84,14cbf3ff-91dd-4d34-92fe-f218d90b36a1,0.0000,14.9325,1.0000,0.0000,0.0000,0.6667,0.1765
f2f08e2f-79b8-4a56-92e9-cfc0e2b94f70,5a3d63bf-344c-4e6e-bc93-50b3b9150d26,2.0000,9.3957,0.5000,2.0000,2.0000,0.6667,0.2917
f2f08e2f-79b8-4a56-92e9-cfc0e2b94f70,5c6cea65-33e0-4403-ac24-1f3e986820f5,0.0000,8.7975,1.0000,0.0000,0.0000,0.0000,0.1667
f2f08e2f-79b8-4a56-92e9-cfc0e2b94f70,ce289378-48db-4c5b-817b-85a3f7170b6d,0.0000,7.8400,1.0000,0.0000,0.0000,0.6667,0.0769
f2f08e2f-79b8-4a56-92e9-cfc0e2b94f70,8e122a6e-999f-4977-b4e1-21eb03cae87d,0.0000,6.5358,1.0000,0.0000,0.0000,0.0000,0.0417
f2f08e2f-79b8-4a56-92e9-cfc0e2b94f70,6a94bf0c-f443-448e-ba57-f3aa2805cb05,2.0000,10.5901,0.5000,2.0000,2.0000,0.6667,0.2083
f2f08e2f-79b8-4a56-92e9-cfc0e2b94f70,cfb5d567-1d11-4a1e-9030-f9ea119d29ab,2.0000,6.0800,0.5000,2.0000,2.0000,0.6667,0.3750
f2f08e2f-79b8-4a56-92e9-cfc0e2b94f70,bd111f97-40ec-48c2-9537-3f4585fd3c61,2.0000,10.0942,0.5000,2.0000,2.0000,0.6667,0.3750
f2f08e2f-79b8-4a56-92e9-cfc0e2b94f70,56043fae-9517-4a04-b8ca-05c203f26132,2.0000,9.5770,0.5000,2.0000,2.0000,0.6667,0.4583
f2f08e2f-79b8-4a56-92e9-cfc0e2b94f70,cf50eb11-df20-4705-8b1b-2d77ce2403ef,2.0000,7.8708,0.5000,2.0000,2.0000,0.0000,0.2917
f2f08e2f-79b8-4a56-92e9-cfc0e2b94f70,5de87467-8cbd-4a2d-90a3-7e283de285fa,2.0000,6.7440,0.5000,2.0000,2.0000,0.6667,0.2500
f2f08e2f-79b8-4a56-92e9-cfc0e2b94f70,dcf216e8-416d-44ea-80bf-2587651dfd37,2.0000,6.4427,0.5000,2.0000,2.0000,0.6667,0.2500
f2f08e2f-79b8-4a56-92e9-cfc0e2b94f70,e163b85d-9f81-4c13-8c8c-521c33484e74,0.0000,4.8495,1.0000,0.0000,0.0000,0.0000,0.0400
f2f08e2f-79b8-4a56-92e9-cfc0e2b94f70,0f5bc599-7a61-4792-8bf7-b9f78eec50fc,0.0000,9.5225,1.0000,0.0000,0.0000,0.6667,0.0417
f2f08e2f-79b8-4a56-92e9-cfc0e2b94f70,e5a14bb0-fea4-41eb-9bdd-aed3acec68b7,2.0000,7.0719,0.5000,2.0000,2.0000,0.0000,0.3333
f2f08e2f-79b8-4a56-92e9-cfc0e2b94f70,d5cb26d7-030e-4b27-a7fc-8913c4a80794,0.0000,4.2391,1.0000,0.0000,0.0000,0.0000,0.0417
f2f08e2f-79b8-4a56-92e9-cfc0e2b94f70,0f63c729-6dbc-48c2-9f43-89c37de9818f,2.0000,5.8815,0.5000,2.0000,2.0000,0.6667,0.2917
f2f08e2f-79b8-4a56-92e9-cfc0e2b94f70,d73b320a-790d-4a0e-b13f-02a09cbaf3bf,2.0000,9.9196,0.5000,2.0000,2.0000,0.6667,0.2083
f2f08e2f-79b8-4a56-92e9-cfc0e2b94f70,6f8acc59-cbf2-4b96-be3f-d5173828b422,2.0000,10.3831,0.5000,2.0000,2.0000,0.0000,0.1667
f2f08e2f-79b8-4a56-92e9-cfc0e2b94f70,a9bef44c-9e90-409b-9b07-93db1d3be774,0.0000,6.2597,1.0000,0.0000,0.0000,0.0000,0.0400
f2f08e2f-79b8-4a56-92e9-cfc0e2b94f70,62d0e0ab-0ed6-401f-b329-a12d20a79fb8,2.0000,13.6769,0.5000,2.0000,2.0000,0.6667,0.2083
f2f08e2f-79b8-4a56-92e9-cfc0e2b94f70,c8403da2-d968-494c-bbbe-bc7855b370ab,2.0000,8.5202,0.5000,2.0000,2.0000,0.0000,0.3750
f2f08e2f-79b8-4a56-92e9-cfc0e2b94f70,49e59cdd-4809-43f6-b618-1d0396a89857,0.0000,5.2108,1.0000,0.0000,0.0000,0.0000,0.0769
f2f08e2f-79b8-4a56-92e9-cfc0e2b94f70,ccfc5874-fe2c-4d37-ab22-2f8deae33eae,0.0000,4.7531,1.0000,0.0000,0.0000,0.6667,0.0417
f2f08e2f-79b8-4a56-92e9-cfc0e2b94f70,2b35aae8-7d5a-4e25-bd0b-8ae554405fa5,2.0000,12.5264,0.5000,2.0000,2.0000,0.0000,0.3750
f2f08e2f-79b8-4a56-92e9-cfc0e2b94f70,642ee07e-29b6-45a7-9826-aa2f8e6f6fda,0.0000,7.3885,1.0000,0.0000,0.0000,0.0000,0.0400
f2f08e2f-79b8-4a56-92e9-cfc0e2b94f70,18f05cad-c4a5-45a2-afda-2c6693684b81,2.0000,7.4886,0.5000,2.0000,2.0000,0.6667,0.3333
f2f08e2f-79b8-4a56-92e9-cfc0e2b94f70,6db16bc6-1a3a-47dc-9b2e-e489ff3a30d3,0.0000,6.2857,1.0000,0.0000,0.0000,0.6667,0.0417
f2f08e2f-79b8-4a56-92e9-cfc0e2b94f70,cf2e50ca-eb53-4a77-97c9-065f239b9c28,2.0000,10.0376,0.5000,2.0000,2.0000,0.6667,0.3750
f2f08e2f-79b8-4a56-92e9-cfc0e2b94f70,2003d6e5-1b34-47a0-80b4-f960cc4d1c06,2.0000,10.7828,0.5000,2.0000,2.0000,0.0000,0.2083
f2f08e2f-79b8-4a56-92e9-cfc0e2b94f70,692df9b4-47d2-48c1-8732-aa2dbd856038,2.0000,9.5526,0.5000,2.0000,2.0000,0.6667,0.1667
f2f08e2f-79b8-4a56-92e9-cfc0e2b94f70,853d8cdf-bbba-40fe-bc3c-9dbf4a72e3ba,2.0000,9.9214,0.5000,2.0000,2.0000,0.0000,0.2083
f2f08e2f-79b8-4a56-92e9-cfc0e2b94f70,2517b72c-41df-4f4a-a74f-4e6a4d8fb9a6,2.0000,7.6463,0.5000,2.0000,2.0000,0.0000,0.0417
f2f08e2f-79b8-4a56-92e9-cfc0e2b94f70,f761d41a-5220-42bf-872b-6a75cea6e24b,2.0000,6.2096,0.5000,2.0000,2.0000,0.6667,0.3333
f2f08e2f-79b8-4a56-92e9-cfc0e2b94f70,e8b9141c-9944-4c1d-beb1-2a3921ab8e1a,0.0000,11.8789,1.0000,0.0000,0.0000,0.0000,0.1111
f2f08e2f-79b8-4a56-92e9-cfc0e2b94f70,ff4975cc-52b8-41ed-8a6f-c69487eab5e8,2.0000,12.6672,0.5000,2.0000,2.0000,0.0000,0.2917
f2f08e2f-79b8-4a56-92e9-cfc0e2b94f70,22594200-2b3a-466f-9a4c-fc62849a043c,2.0000,7.5232,0.5000,2.0000,2.0000,0.0000,0.1667
f2f08e2f-79b8-4a56-92e9-cfc0e2b94f70,76a03818-1adc-4462-a8d3-fd5cc8cde7c3,0.0000,8.3986,1.0000,0.0000,0.0000,0.6667,0.2083
f2f08e2f-79b8-4a56-92e9-cfc0e2b94f70,14cbf3ff-91dd-4d34-92fe-f218d90b36a1,2.0000,7.2544,0.5000,2.0000,2.0000,0.6667,0.2917
5a3d63bf-344c-4e6e-bc93-50b3b9150d26,5c6cea65-33e0-4403-ac24-1f3e986820f5,2.0000,9.4566,0.5000,2.0000,2.0000,0.6667,0.1500
5a3d63bf-344c-4e6e-bc93-50b3b9150d26,ce289378-48db-4c5b-817b-85a3f7170b6d,2.0000,5.9106,0.5000,2.0000,2.0000,0.0000,0.3462
5a3d63bf-344c-4e6e-bc93-50b3b9150d26,8e122a6e-999f-4977-b4e1-21eb03cae87d,2.0000,11.1471,0.5000,2.0000,2.0000,0.6667,0.2609
5a3d63bf-344c-4e6e-bc93-50b3b9150d26,6a94bf0c-f443-448e-ba57-f3aa2805cb05,0.0000,7.1652,1.0000,0.0000,0.0000,0.0000,0.1053
5a3d63bf-344c-4e6e-bc93-50b3b9150d26,cfb5d567-1d11-4a1e-9030-f9ea119d29ab,0.0000,6.0304,1.0000,0.0000,0.0000,0.0000,0.1176
5a3d63bf-344c-4e6e-bc93-50b3b9150d26,bd111f97-40ec-48c2-9537-3f4585fd3c61,0.0000,13.7179,1.0000,0.0000,0.0000,0.0000,0.1176
5a3d63bf-344c-4e6e-bc93-50b3b9150d26,56043fae-9517-4a04-b8ca-05c203f26132,0.0000,6.5642,1.0000,0.0000,0.0000,0.0000,0.2353
5a3d63bf-344c-4e6e-bc93-50b3b9150d26,cf50eb11-df20-4705-8b1b-2d77ce2403ef,0.0000,12.8179,1.0000,0.0000,0.0000,0.6667,0.0000
5a3d63bf-344c-4e6e-bc93-50b3b9150d26,5de87467-8cbd-4a2d-90a3-7e283de285fa,0.0000,6.1833,1.0000,0.0000,0.0000,0.0000,0.0556
5a3d63bf-344c-4e6e-bc93-50b3b9150d26,dcf216e8-416d-44ea-80bf-2587651dfd37,0.0000,6.1261,1.0000,0.0000,0.0000,0.0000,0.0556
5a3d63bf-344c-4e6e-bc93-50b3b9150d26,e163b85d-9f81-4c13-8c8c-521c33484e74,2.0000,10.0353,0.5000,2.0000,2.0000,0.6667,0.3200
5a3d63bf-344c-4e6e-bc93-50b3b9150d26,0f5bc599-7a61-4792-8bf7-b9f78eec50fc,2.0000,14.7048,0.5000,2.0000,2.0000,0.0000,0.2609
5a3d63bf-344c-4e6e-bc93-50b3b9150d26,e5a14bb0-fea4-41eb-9bdd-aed3acec68b7,0.0000,15.3434,1.0000,0.0000,0.0000,0.6667,0.0588
5a3d63bf-344c-4e6e-bc93-50b3b9150d26,d5cb26d7-030e-4b27-a7fc-8913c4a80794,2.0000,8.9443,0.5000,2.0000,2.0000,0.6667,0.2609
5a3d63bf-344c-4e6e-bc93-50b3b9150d26,0f63c729-6dbc-48c2-9f43-89c37de9818f,0.0000,10.1975,1.0000,0.0000,0.0000,0.0000,0.0000
5a3d63bf-344c-4e6e-bc93-50b3b9150d26,d73b320a-790d-4a0e-b13f-02a09cbaf3bf,0.0000,7.0035,1.0000,0.0000,0.0000,0.0000,0.1053
5a3d63bf-344c-4e6e-bc93-50b3b9150d26,6f8acc59-cbf2-4b96-be3f-d5173828b422,0.0000,15.2566,1.0000,0.0000,0.0000,0.6667,0.1500
5a3d63bf-344c-4e6e-bc93-50b3b9150d26,a9bef44c-9e90-409b-9b07-93db1d3be774,2.0000,7.6247,0.5000,2.0000,2.0000,0.6667,0.3200
5a3d63bf-344c-4e6e-bc93-50b3b9150d26,62d0e0ab-0ed6-401f-b329-a12d20a79fb8,0.0000,11.8254,1.0000,0.0000,0.0000,0.0000,0.1053
5a3d63bf-344c-4e6e-bc93-50b3b9150d26,c8403da2-d968-494c-bbbe-bc7855b370ab,0.0000,11.9389,1.0000,0.0000,0.0000,0.6667,0.1176
5a3d63bf-344c-4e6e-bc93-50b3b9150d26,49e59cdd-4809-43f6-b618-1d0396a89857,2.0000,8.3385,0.5000,2.0000,2.0000,0.6667,0.3462
5a3d63bf-344c-4e6e-bc93-50b3b9150d26,ccfc5874-fe2c-4d37-ab22-2f8deae33eae,2.0000,7.9799,0.5000,2.0000,2.0000,0.0000,0.2609
5a3d63bf-344c-4e6e-bc93-50b3b9150d26,2b35aae8-7d5a-4e25-bd0b-8ae554405fa5,0.0000,12.8885,1.0000,0.0000,0.0000,0.6667,0.1176
5a3d63bf-344c-4e6e-bc93-50b3b9150d26,642ee07e-29b6-45a7-9826-aa2f8e6f6fda,2.0000,13.7818,0.5000,2.0000,2.0000,0.6667,0.3200
5a3d63bf-344c-4e6e-bc93-50b3b9150d26,18f05cad-c4a5-45a2-afda-2c6693684b81,0.0000,14.4898,1.0000,0.0000,0.0000,0.6667,0.0588
5a3d63bf-344c-4e6e-bc93-50b3b9150d26,6db16bc6-1a3a-47dc-9b2e-e489ff3a30d3,2.0000,7.0456,0.5000,2.0000,2.0000,0.6667,0.2609
5a3d63bf-344c-4e6e-bc93-50b3b9150d26,cf2e50ca-eb53-4a77-97c9-065f239b9c28,0.0000,12.2558,1.0000,0.0000,0.0000,0.6667,0.1176
5a3d63bf-344c-4e6e-bc93-50b3b9150d26,2003d6e5-1b34-47a0-80b4-f960cc4d1c06,0.0000,15.6335,1.0000,0.0000,0.0000,0.6667,0.1053
5a3d63bf-344c-4e6e-bc93-50b3b9150d26,692df9b4-47d2-48c1-8732-aa2dbd856038,0.0000,10.4783,1.0000,0.0000,0.0000,0.0000,0.1500
5a3d63bf-344c-4e6e-bc93-50b3b9150d26,853d8cdf-bbba-40fe-bc3c-9dbf4a72e3ba,0.0000,13.0872,1.0000,0.0000,0.0000,0.6667,0.1053
5a3d63bf-344c-4e6e-bc93-50b3b9150d26,2517b72c-41df-4f4a-a74f-4e6a4d8fb9a6,0.0000,15.5791,1.0000,0.0000,0.0000,0.6667,0.2609
5a3d63bf-344c-4e6e-bc93-50b3b9150d26,f761d41a-5220-42bf-872b-6a75cea6e24b,0.0000,10.2036,1.0000,0.0000,0.0000,0.0000,0.0588
5a3d63bf-344c-4e6e-bc93-50b3b9150d26,e8b9141c-9944-4c1d-beb1-2a3921ab8e1a,2.0000,10.3555,0.5000,2.0000,2.0000,0.6667,0.3704
5a3d63bf-344c-4e6e-bc93-50b3b9150d26,ff4975cc-52b8-41ed-8a6f-c69487eab5e8,0.0000,16.9742,1.0000,0.0000,0.0000,0.6667,0.0000
5a3d63bf-344c-4e6e-bc93-50b3b9150d26,22594200-2b3a-466f-9a4c-fc62849a043c,0.0000,13.8896,1.0000,0.0000,0.0000,0.6667,0.1500
5a3d63bf-344c-4e6e-bc93-50b3b9150d26,76a03818-1adc-4462-a8d3-fd5cc8cde7c3,2.0000,14.9641,0.5000,2.0000,2.0000,0.6667,0.1053
5a3d63bf-344c-4e6e-bc93-50b3b9150d26,14cbf3ff-91dd-4d34-92fe-f218d90b36a1,0.0000,9.4301,1.0000,0.0000,0.0000,0.0000,0.0000
5c6cea65-33e0-4403-ac24-1f3e986820f5,ce289378-48db-4c5b-817b-85a3f7170b6d,0.0000,10.1352,1.0000,0.0000,0.0000,0.6667,0.2308
5c6cea65-33e0-4403-ac24-1f3e986820f5,8e122a6e-999f-4977-b4e1-21eb03cae87d,0.0000,8.5986,1.0000,0.0000,0.0000,0.0000,0.1304
5c6cea65-33e0-4403-ac24-1f3e986820f5,6a94bf0c-f443-448e-ba57-f3aa2805cb05,2.0000,6.1037,0.5000,2.0000,2.0000,0.6667,0.0500
5c6cea65-33e0-4403-ac24-1f3e986820f5,cfb5d567-1d11-4a1e-9030-f9ea119d29ab,2.0000,8.1285,0.5000,2.0000,2.0000,0.6667,0.2500
5c6cea65-33e0-4403-ac24-1f3e986820f5,bd111f97-40ec-48c2-9537-3f4585fd3c61,2.0000,11.6437,0.5000,2.0000,2.0000,0.6667,0.2500
5c6cea65-33e0-4403-ac24-1f3e986820f5,56043fae-9517-4a04-b8ca-05c203f26132,2.0000,10.9075,0.5000,2.0000,2.0000,0.6667,0.3500
5c6cea65-33e0-4403-ac24-1f3e986820f5,cf50eb11-df20-4705-8b1b-2d77ce2403ef,2.0000,11.2530,0.5000,2.0000,2.0000,0.0000,0.1500
5c6cea65-33e0-4403-ac24-1f3e986820f5,5de87467-8cbd-4a2d-90a3-7e283de285fa,2.0000,8.2881,0.5000,2.0000,2.0000,0.6667,0.1000
5c6cea65-33e0-4403-ac24-1f3e986820f5,dcf216e8-416d-44ea-80bf-2587651dfd37,2.0000,8.5751,0.5000,2.0000,2.0000,0.6667,0.1000
5c6cea65-33e0-4403-ac24-1f3e986820f5,e163b85d-9f81-4c13-8c8c-521c33484e74,0.0000,8.5283,1.0000,0.0000,0.0000,0.0000,0.2000
5c6cea65-33e0-4403-ac24-1f3e986820f5,0f5bc599-7a61-4792-8bf7-b9f78eec50fc,0.0000,8.8713,1.0000,0.0000,0.0000,0.6667,0.1304
5c6cea65-33e0-4403-ac24-1f3e986820f5,e5a14bb0-fea4-41eb-9bdd-aed3acec68b7,2.0000,12.8898,0.5000,2.0000,2.0000,0.0000,0.2000
5c6cea65-33e0-4403-ac24-1f3e986820f5,d5cb26d7-030e-4b27-a7fc-8913c4a80794,0.0000,10.7131,1.0000,0.0000,0.0000,0.0000,0.1304
5c6cea65-33e0-4403-ac24-1f3e986820f5,0f63c729-6dbc-48c2-9f43-89c37de9818f,2.0000,7.9593,0.5000,2.0000,2.0000,0.6667,0.1500
5c6cea65-33e0-4403-ac24-1f3e986820f5,d73b320a-790d-4a0e-b13f-02a09cbaf3bf,2.0000,5.3616,0.5000,2.0000,2.0000,0.6667,0.0500
5c6cea65-33e0-4403-ac24-1f3e986820f5,6f8acc59-cbf2-4b96-be3f-d5173828b422,2.0000,10.9229,0.5000,2.0000,2.0000,0.0000,0.0000
5c6cea65-33e0-4403-ac24-1f3e986820f5,a9bef44c-9e90-409b-9b07-93db1d3be774,0.0000,5.3007,1.0000,0.0000,0.0000,0.0000,0.2000
5c6cea65-33e0-4403-ac24-1f3e986820f5,62d0e0ab-0ed6-401f-b329-a12d20a79fb8,2.0000,8.0769,0.5000,2.0000,2.0000,0.6667,0.0500
5c6cea65-33e0-4403-ac24-1f3e986820f5,c8403da2-d968-494c-bbbe-bc7855b370ab,2.0000,10.5518,0.5000,2.0000,2.0000,0.0000,0.2500
5c6cea65-33e0-4403-ac24-1f3e986820f5,49e59cdd-4809-43f6-b618-1d0396a89857,0.0000,5.8796,1.0000,0.0000,0.0000,0.0000,0.2308
5c6cea65-33e0-4403-ac24-1f3e986820f5,ccfc5874-fe2c-4d37-ab22-2f8deae33eae,0.0000,5.2962,1.0000,0.0000,0.0000,0.6667,0.1304
5c6cea65-33e0-4403-ac24-1f3e986820f5,2b35aae8-7d5a-4e25-bd0b-8ae554405fa5,2.0000,8.4687,0.5000,2.0000,2.0000,0.0000,0.2500
5c6cea65-33e0-4403-ac24-1f3e986820f5,642ee07e-29b6-45a7-9826-aa2f8e6f6fda,0.0000,10.5616,1.0000,0.0000,0.0000,0.0000,0.2000
5c6cea65-33e0-4403-ac24-1f3e986820f5,18f05cad-c4a5-45a2-afda-2c6693684b81,2.0000,14.0419,0.5000,2.0000,2.0000,0.6667,0.2000
5c6cea65-33e0-4403-ac24-1f3e986820f5,6db16bc6-1a3a-47dc-9b2e-e489ff3a30d3,0.0000,9.2920,1.0000,0.0000,0.0000,0.6667,0.1304
5c6cea65-33e0-4403-ac24-1f3e986820f5,cf2e50ca-eb53-4a77-97c9-065f239b9c28,2.0000,13.6336,0.5000,2.0000,2.0000,0.6667,0.2500
5c6cea65-33e0-4403-ac24-1f3e986820f5,2003d6e5-1b34-47a0-80b4-f960cc4d1c06,2.0000,12.9293,0.5000,2.0000,2.0000,0.0000,0.0500
5c6cea65-33e0-4403-ac24-1f3e986820f5,692df9b4-47d2-48c1-8732-aa2dbd856038,2.0000,11.1314,0.5000,2.0000,2.0000,0.6667,0.0000
5c6cea65-33e0-4403-ac24-1f3e986820f5,853d8cdf-bbba-40fe-bc3c-9dbf4a72e3ba,2.0000,13.3301,0.5000,2.0000,2.0000,0.0000,0.0500
5c6cea65-33e0-4403-ac24-1f3e986820f5,2517b72c-41df-4f4a-a74f-4e6a4d8fb9a6,2.0000,10.4526,0.5000,2.0000,2.0000,0.0000,0.1304
5c6cea65-33e0-4403-ac24-1f3e986820f5,f761d41a-5220-42bf-872b-6a75cea6e24b,2.0000,8.3369,0.5000,2.0000,2.0000,0.6667,0.2000
5c6cea65-33e0-4403-ac24-1f3e986820f5,e8b9141c-9944-4c1d-beb1-2a3921ab8e1a,0.0000,5.9414,1.0000,0.0000,0.0000,0.0000,0.2593
5c6cea65-33e0-4403-ac24-1f3e986820f5,ff4975cc-52b8-41ed-8a6f-c69487eab5e8,2.0000,12.9083,0.5000,2.0000,2.0000,0.0000,0.1500
5c6cea65-33e0-4403-ac24-1f3e986820f5,22594200-2b3a-466f-9a4c-fc62849a043c,2.0000,13.2091,0.5000,2.0000,2.0000,0.0000,0.0000
5c6cea65-33e0-4403-ac24-1f3e986820f5,76a03818-1adc-4462-a8d3-fd5cc8cde7c3,0.0000,9.3992,1.0000,0.0000,0.0000,0.6667,0.0500
5c6cea65-33e0-4403-ac24-1f3e986820f5,14cbf3ff-91dd-4d34-92fe-f218d90b36a1,2.0000,6.4637,0.5000,2.0000,2.0000,0.6667,0.1500
ce289378-48db-4c5b-817b-85a3f7170b6d,8e122a6e-999f-4977-b4e1-21eb03cae87d,0.0000,10.0735,1.0000,0.0000,0.0000,0.6667,0.1154
ce289378-48db-4c5b-817b-85a3f7170b6d,6a94bf0c-f443-448e-ba57-f3aa2805cb05,2.0000,5.6301,0.5000,2.0000,2.0000,0.0000,0.2692
ce289378-48db-4c5b-817b-85a3f7170b6d,cfb5d567-1d11-4a1e-9030-f9ea119d29ab,2.0000,7.6699,0.5000,2.0000,2.0000,0.0000,0.4231
ce289378-48db-4c5b-817b-85a3f7170b6d,bd111f97-40ec-48c2-9537-3f4585fd3c61,2.0000,13.4103,0.5000,2.0000,2.0000,0.0000,0.4231
ce289378-48db-4c5b-817b-85a3f7170b6d,56043fae-9517-4a04-b8ca-05c203f26132,2.0000,8.0549,0.5000,2.0000,2.0000,0.0000,0.5000
ce289378-48db-4c5b-817b-85a3f7170b6d,cf50eb11-df20-4705-8b1b-2d77ce2403ef,2.0000,11.0633,0.5000,2.0000,2.0000,0.6667,0.3462
ce289378-48db-4c5b-817b-85a3f7170b6d,5de87467-8cbd-4a2d-90a3-7e283de285fa,2.0000,8.3002,0.5000,2.0000,2.0000,0.0000,0.3077
ce289378-48db-4c5b-817b-85a3f7170b6d,dcf216e8-416d-44ea-80bf-2587651dfd37,2.0000,8.2765,0.5000,2.0000,2.0000,0.0000,0.3077
ce289378-48db-4c5b-817b-85a3f7170b6d,e163b85d-9f81-4c13-8c8c-521c33484e74,0.0000,8.1506,1.0000,0.0000,0.0000,0.6667,0.0385
ce289378-48db-4c5b-817b-85a3f7170b6d,0f5bc599-7a61-4792-8bf7-b9f78eec50fc,0.0000,11.8073,1.0000,0.0000,0.0000,0.0000,0.1154
ce289378-48db-4c5b-817b-85a3f7170b6d,e5a14bb0-fea4-41eb-9bdd-aed3acec68b7,2.0000,13.1189,0.5000,2.0000,2.0000,0.6667,0.3846
ce289378-48db-4c5b-817b-85a3f7170b6d,d5cb26d7-030e-4b27-a7fc-8913c4a80794,0.0000,7.7353,1.0000,0.0000,0.0000,0.6667,0.1154
ce289378-48db-4c5b-817b-85a3f7170b6d,0f63c729-6dbc-48c2-9f43-89c37de9818f,2.0000,11.2387,0.5000,2.0000,2.0000,0.0000,0.3462
ce289378-48db-4c5b-817b-85a3f7170b6d,d73b320a-790d-4a0e-b13f-02a09cbaf3bf,2.0000,6.2136,0.5000,2.0000,2.0000,0.0000,0.2692
ce289378-48db-4c5b-817b-85a3f7170b6d,6f8acc59-cbf2-4b96-be3f-d5173828b422,2.0000,11.0185,0.5000,2.0000,2.0000,0.6667,0.2308
ce289378-48db-4c5b-817b-85a3f7170b6d,a9bef44c-9e90-409b-9b07-93db1d3be774,0.0000,7.7058,1.0000,0.0000,0.0000,0.6667,0.0385
ce289378-48db-4c5b-817b-85a3f7170b6d,62d0e0ab-0ed6-401f-b329-a12d20a79fb8,2.0000,8.6705,0.5000,2.0000,2.0000,0.0000,0.2692
ce289378-48db-4c5b-817b-85a3f7170b6d,c8403da2-d968-494c-bbbe-bc7855b370ab,2.0000,8.0479,0.5000,2.0000,2.0000,0.6667,0.4231
ce289378-48db-4c5b-817b-85a3f7170b6d,49e59cdd-4809-43f6-b618-1d0396a89857,0.0000,9.1894,1.0000,0.0000,0.0000,0.6667,0.0000
ce289378-48db-4c5b-817b-85a3f7170b6d,ccfc5874-fe2c-4d37-ab22-2f8deae33eae,0.0000,7.7927,1.0000,0.0000,0.0000,0.0000,0.1154
ce289378-48db-4c5b-817b-85a3f7170b6d,2b35aae8-7d5a-4e25-bd0b-8ae554405fa5,2.0000,8.6688,0.5000,2.0000,2.0000,0.6667,0.4231
ce289378-48db-4c5b-817b-85a3f7170b6d,642ee07e-29b6-45a7-9826-aa2f8e6f6fda,0.0000,10.2019,1.0000,0.0000,0.0000,0.6667,0.0385
ce289378-48db-4c5b-817b-85a3f7170b6d,18f05cad-c4a5-45a2-afda-2c6693684b81,2.0000,13.8093,0.5000,2.0000,2.0000,0.6667,0.3846
ce289378-48db-4c5b-817b-85a3f7170b6d,6db16bc6-1a3a-47dc-9b2e-e489ff3a30d3,0.0000,6.4059,1.0000,0.0000,0.0000,0.6667,0.1154
ce289378-48db-4c5b-817b-85a3f7170b6d,cf2e50ca-eb53-4a77-97c9-065f239b9c28,2.0000,11.9152,0.5000,2.0000,2.0000,0.6667,0.4231
ce289378-48db-4c5b-817b-85a3f7170b6d,2003d6e5-1b34-47a0-80b4-f960cc4d1c06,2.0000,12.9741,0.5000,2.0000,2.0000,0.6667,0.2692
ce289378-48db-4c5b-817b-85a3f7170b6d,692df9b4-47d2-48c1-8732-aa2dbd856038,2.0000,11.5227,0.5000,2.0000,2.0000,0.0000,0.2308
ce289378-48db-4c5b-817b-85a3f7170b6d,853d8cdf-bbba-40fe-bc3c-9dbf4a72e3ba,2.0000,10.2657,0.5000,2.0000,2.0000,0.6667,0.2692
ce289378-48db-4c5b-817b-85a3f7170b6d,2517b72c-41df-4f4a-a74f-4e6a4d8fb9a6,2.0000,13.5361,0.5000,2.0000,2.0000,0.6667,0.1154
ce289378-48db-4c5b-817b-85a3f7170b6d,f761d41a-5220-42bf-872b-6a75cea6e24b,2.0000,11.6390,0.5000,2.0000,2.0000,0.0000,0.3846
ce289378-48db-4c5b-817b-85a3f7170b6d,e8b9141c-9944-4c1d-beb1-2a3921ab8e1a,0.0000,9.8861,1.0000,0.0000,0.0000,0.6667,0.0370
ce289378-48db-4c5b-817b-85a3f7170b6d,ff4975cc-52b8-41ed-8a6f-c69487eab5e8,2.0000,13.2438,0.5000,2.0000,2.0000,0.6667,0.3462
ce289378-48db-4c5b-817b-85a3f7170b6d,22594200-2b3a-466f-9a4c-fc62849a043c,2.0000,11.3766,0.5000,2.0000,2.0000,0.6667,0.2308
ce289378-48db-4c5b-817b-85a3f7170b6d,76a03818-1adc-4462-a8d3-fd5cc8cde7c3,0.0000,13.8448,1.0000,0.0000,0.0000,0.6667,0.2692
ce289378-48db-4c5b-817b-85a3f7170b6d,14cbf3ff-91dd-4d34-92fe-f218d90b36a1,2.0000,8.4610,0.5000,2.0000,2.0000,0.0000,0.3462
8e122a6e-999f-4977-b4e1-21eb03cae87d,6a94bf0c-f443-448e-ba57-f3aa2805cb05,2.0000,10.3582,0.5000,2.0000,2.0000,0.6667,0.1739
8e122a6e-999f-4977-b4e1-21eb03cae87d,cfb5d567-1d11-4a1e-9030-f9ea119d29ab,2.0000,10.7244,0.5000,2.0000,2.0000,0.6667,0.3478
8e122a6e-999f-4977-b4e1-21eb03cae87d,bd111f97-40ec-48c2-9537-3f4585fd3c61,2.0000,11.4190,0.5000,2.0000,2.0000,0.6667,0.3478
8e122a6e-999f-4977-b4e1-21eb03cae87d,56043fae-9517-4a04-b8ca-05c203f26132,2.0000,7.7799,0.5000,2.0000,2.0000,0.6667,0.4348
8e122a6e-999f-4977-b4e1-21eb03cae87d,cf50eb11-df20-4705-8b1b-2d77ce2403ef,2.0000,11.7847,0.5000,2.0000,2.0000,0.0000,0.2609
8e122a6e-999f-4977-b4e1-21eb03cae87d,5de87467-8cbd-4a2d-90a3-7e283de285fa,2.0000,10.4159,0.5000,2.0000,2.0000,0.6667,0.2174
8e122a6e-999f-4977-b4e1-21eb03cae87d,dcf216e8-416d-44ea-80bf-2587651dfd37,2.0000,10.7318,0.5000,2.0000,2.0000,0.6667,0.2174
8e122a6e-999f-4977-b4e1-21eb03cae87d,e163b85d-9f81-4c13-8c8c-521c33484e74,0.0000,3.0250,1.0000,0.0000,0.0000,0.0000,0.0800
8e122a6e-999f-4977-b4e1-21eb03cae87d,0f5bc599-7a61-4792-8bf7-b9f78eec50fc,0.0000,9.2858,1.0000,0.0000,0.0000,0.6667,0.0000
8e122a6e-999f-4977-b4e1-21eb03cae87d,e5a14bb0-fea4-41eb-9bdd-aed3acec68b7,2.0000,8.2900,0.5000,2.0000,2.0000,0.0000,0.3043
8e122a6e-999f-4977-b4e1-21eb03cae87d,d5cb26d7-030e-4b27-a7fc-8913c4a80794,0.0000,2.6593,1.0000,0.0000,0.0000,0.0000,0.0000
8e122a6e-999f-4977-b4e1-21eb03cae87d,0f63c729-6dbc-48c2-9f43-89c37de9818f,2.0000,9.7455,0.5000,2.0000,2.0000,0.6667,0.2609
8e122a6e-999f-4977-b4e1-21eb03cae87d,d73b320a-790d-4a0e-b13f-02a09cbaf3bf,2.0000,9.8732,0.5000,2.0000,2.0000,0.6667,0.1739
8e122a6e-999f-4977-b4e1-21eb03cae87d,6f8acc59-cbf2-4b96-be3f-d5173828b422,2.0000,8.6894,0.5000,2.0000,2.0000,0.0000,0.1304
8e122a6e-999f-4977-b4e1-21eb03cae87d,a9bef44c-9e90-409b-9b07-93db1d3be774,0.0000,4.7117,1.0000,0.0000,0.0000,0.0000,0.0800
8e122a6e-999f-4977-b4e1-21eb03cae87d,62d0e0ab-0ed6-401f-b329-a12d20a79fb8,2.0000,12.1824,0.5000,2.0000,2.0000,0.6667,0.1739
8e122a6e-999f-4977-b4e1-21eb03cae87d,c8403da2-d968-494c-bbbe-bc7855b370ab,2.0000,7.6056,0.5000,2.0000,2.0000,0.0000,0.3478
8e122a6e-999f-4977-b4e1-21eb03cae87d,49e59cdd-4809-43f6-b618-1d0396a89857,0.0000,9.8774,1.0000,0.0000,0.0000,0.0000,0.1154
8e122a6e-999f-4977-b4e1-21eb03cae87d,ccfc5874-fe2c-4d37-ab22-2f8deae33eae,0.0000,9.1002,1.0000,0.0000,0.0000,0.6667,0.0000
8e122a6e-999f-4977-b4e1-21eb03cae87d,2b35aae8-7d5a-4e25-bd0b-8ae554405fa5,2.0000,11.0782,0.5000,2.0000,2.0000,0.0000,0.3478
8e122a6e-999f-4977-b4e1-21eb03cae87d,642ee07e-29b6-45a7-9826-aa2f8e6f6fda,0.0000,6.7206,1.0000,0.0000,0.0000,0.0000,0.0800
8e122a6e-999f-4977-b4e1-21eb03cae87d,18f05cad-c4a5-45a2-afda-2c6693684b81,2.0000,9.3078,0.5000,2.0000,2.0000,0.6667,0.3043
8e122a6e-999f-4977-b4e1-21eb03cae87d,6db16bc6-1a3a-47dc-9b2e-e489ff3a30d3,0.0000,5.2431,1.0000,0.0000,0.0000,0.6667,0.0000
8e122a6e-999f-4977-b4e1-21eb03cae87d,cf2e50ca-eb53-4a77-97c9-065f239b9c28,2.0000,10.9632,0.5000,2.0000,2.0000,0.6667,0.3478
8e122a6e-999f-4977-b4e1-21eb03cae87d,2003d6e5-1b34-47a0-80b4-f960cc4d1c06,2.0000,9.0079,0.5000,2.0000,2.0000,0.0000,0.1739
8e122a6e-999f-4977-b4e1-21eb03cae87d,692df9b4-47d2-48c1-8732-aa2dbd856038,2.0000,7.5974,0.5000,2.0000,2.0000,0.6667,0.1304
8e122a6e-999f-4977-b4e1-21eb03cae87d,853d8cdf-bbba-40fe-bc3c-9dbf4a72e3ba,2.0000,7.9368,0.5000,2.0000,2.0000,0.0000,0.1739
8e122a6e-999f-4977-b4e1-21eb03cae87d,2517b72c-41df-4f4a-a74f-4e6a4d8fb9a6,2.0000,11.5926,0.5000,2.0000,2.0000,0.0000,0.0000
8e122a6e-999f-4977-b4e1-21eb03cae87d,f761d41a-5220-42bf-872b-6a75cea6e24b,2.0000,10.2143,0.5000,2.0000,2.0000,0.6667,0.3043
8e122a6e-999f-4977-b4e1-21eb03cae87d,e8b9141c-9944-4c1d-beb1-2a3921ab8e1a,0.0000,7.9359,1.0000,0.0000,0.0000,0.0000,0.1481
8e122a6e-999f-4977-b4e1-21eb03cae87d,ff4975cc-52b8-41ed-8a6f-c69487eab5e8,2.0000,9.8548,0.5000,2.0000,2.0000,0.0000,0.2609
8e122a6e-999f-4977-b4e1-21eb03cae87d,22594200-2b3a-466f-9a4c-fc62849a043c,2.0000,5.4856,0.5000,2.0000,2.0000,0.0000,0.1304
8e122a6e-999f-4977-b4e1-21eb03cae87d,76a03818-1adc-4462-a8d3-fd5cc8cde7c3,0.0000,7.6297,1.0000,0.0000,0.0000,0.6667,0.1739
8e122a6e-999f-4977-b4e1-21eb03cae87d,14cbf3ff-91dd-4d34-92fe-f218d90b36a1,2.0000,9.9747,0.5000,2.0000,2.0000,0.6667,0.2609
6a94bf0c-f443-448e-ba57-f3aa2805cb05,cfb5d567-1d11-4a1e-9030-f9ea119d29ab,0.0000,10.5998,1.0000,0.0000,0.0000,0.0000,0.2105
6a94bf0c-f443-448e-ba57-f3aa2805cb05,bd111f97-40ec-48c2-9537-3f4585fd3c61,0.0000,13.6251,1.0000,0.0000,0.0000,0.0000,0.2105
6a94bf0c-f443-448e-ba57-f3aa2805cb05,56043fae-9517-4a04-b8ca-05c203f26132,0.0000,10.8066,1.0000,0.0000,0.0000,0.0000,0.3158
6a94bf0c-f443-448e-ba57-f3aa2805cb05,cf50eb11-df20-4705-8b1b-2d77ce2403ef,0.0000,14.4525,1.0000,0.0000,0.0000,0.6667,0.1053
6a94bf0c-f443-448e-ba57-f3aa2805cb05,5de87467-8cbd-4a2d-90a3-7e283de285fa,0.0000,11.0879,1.0000,0.0000,0.0000,0.0000,0.0526
6a94bf0c-f443-448e-ba57-f3aa2805cb05,dcf216e8-416d-44ea-80bf-2587651dfd37,0.0000,11.0900,1.0000,0.0000,0.0000,0.0000,0.0526
6a94bf0c-f443-448e-ba57-f3aa2805cb05,e163b85d-9f81-4c13-8c8c-521c33484e74,2.0000,8.8138,0.5000,2.0000,2.0000,0.6667,0.2400
6a94bf0c-f443-448e-ba57-f3aa2805cb05,0f5bc599-7a61-4792-8bf7-b9f78eec50fc,2.0000,11.4541,0.5000,2.0000,2.0000,0.0000,0.1739
6a94bf0c-f443-448e-ba57-f3aa2805cb05,e5a14bb0-fea4-41eb-9bdd-aed3acec68b7,0.0000,15.6239,1.0000,0.0000,0.0000,0.6667,0.1579
6a94bf0c-f443-448e-ba57-f3aa2805cb05,d5cb26d7-030e-4b27-a7fc-8913c4a80794,2.0000,10.1324,0.5000,2.0000,2.0000,0.6667,0.1739
6a94bf0c-f443-448e-ba57-f3aa2805cb05,0f63c729-6dbc-48c2-9f43-89c37de9818f,0.0000,11.3221,1.0000,0.0000,0.0000,0.0000,0.1053
6a94bf0c-f443-448e-ba57-f3aa2805cb05,d73b320a-790d-4a0e-b13f-02a09cbaf3bf,0.0000,1.1106,1.0000,0.0000,0.0000,0.0000,0.0000
6a94bf0c-f443-448e-ba57-f3aa2805cb05,6f8acc59-cbf2-4b96-be3f-d5173828b422,0.0000,12.2416,1.0000,0.0000,0.0000,0.6667,0.0500
6a94bf0c-f443-448e-ba57-f3aa2805cb05,a9bef44c-9e90-409b-9b07-93db1d3be774,2.0000,7.4597,0.5000,2.0000,2.0000,0.6667,0.2400
6a94bf0c-f443-448e-ba57-f3aa2805cb05,62d0e0ab-0ed6-401f-b329-a12d20a79fb8,0.0000,5.0892,1.0000,0.0000,0.0000,0.0000,0.0000
6a94bf0c-f443-448e-ba57-f3aa2805cb05,c8403da2-d968-494c-bbbe-bc7855b370ab,0.0000,9.6115,1.0000,0.0000,0.0000,0.6667,0.2105
6a94bf0c-f443-448e-ba57-f3aa2805cb05,49e59cdd-4809-43f6-b618-1d0396a89857,2.0000,8.7277,0.5000,2.0000,2.0000,0.6667,0.2692
6a94bf0c-f443-448e-ba57-f3aa2805cb05,ccfc5874-fe2c-4d37-ab22-2f8deae33eae,2.0000,7.5935,0.5000,2.0000,2.0000,0.0000,0.1739
6a94bf0c-f443-448e-ba57-f3aa2805cb05,2b35aae8-7d5a-4e25-bd0b-8ae554405fa5,0.0000,6.4654,1.0000,0.0000,0.0000,0.6667,0.2105
6a94bf0c-f443-448e-ba57-f3aa2805cb05,642ee07e-29b6-45a7-9826-aa2f8e6f6fda,2.0000,12.3913,0.5000,2.0000,2.0000,0.6667,0.2400
6a94bf0c-f443-448e-ba57-f3aa2805cb05,18f05cad-c4a5-45a2-afda-2c6693684b81,0.0000,16.6033,1.0000,0.0000,0.0000,0.6667,0.1579
6a94bf0c-f443-448e-ba57-f3aa2805cb05,6db16bc6-1a3a-47dc-9b2e-e489ff3a30d3,2.0000,8.1752,0.5000,2.0000,2.0000,0.6667,0.1739
6a94bf0c-f443-448e-ba57-f3aa2805cb05,cf2e50ca-eb53-4a77-97c9-065f239b9c28,0.0000,15.9116,1.0000,0.0000,0.0000,0.6667,0.2105
6a94bf0c-f443-448e-ba57-f3aa2805cb05,2003d6e5-1b34-47a0-80b4-f960cc4d1c06,0.0000,13.2858,1.0000,0.0000,0.0000,0.6667,0.0000
6a94bf0c-f443-448e-ba57-f3aa2805cb05,692df9b4-47d2-48c1-8732-aa2dbd856038,0.0000,11.5993,1.0000,0.0000,0.0000,0.0000,0.0500
6a94bf0c-f443-448e-ba57-f3aa2805cb05,853d8cdf-bbba-40fe-bc3c-9dbf4a72e3ba,0.0000,13.4812,1.0000,0.0000,0.0000,0.6667,0.0000
6a94bf0c-f443-448e-ba57-f3aa2805cb05,2517b72c-41df-4f4a-a74f-4e6a4d8fb9a6,0.0000,13.9901,1.0000,0.0000,0.0000,0.6667,0.1739
6a94bf0c-f443-448e-ba57-f3aa2805cb05,f761d41a-5220-42bf-872b-6a75cea6e24b,0.0000,11.7076,1.0000,0.0000,0.0000,0.0000,0.1579
6a94bf0c-f443-448e-ba57-f3aa2805cb05,e8b9141c-9944-4c1d-beb1-2a3921ab8e1a,2.0000,7.2073,0.5000,2.0000,2.0000,0.6667,0.2963
6a94bf0c-f443-448e-ba57-f3aa2805cb05,ff4975cc-52b8-41ed-8a6f-c69487eab5e8,0.0000,13.2042,1.0000,0.0000,0.0000,0.6667,0.1053
6a94bf0c-f443-448e-ba57-f3aa2805cb05,22594200-2b3a-466f-9a4c-fc62849a043c,0.0000,13.8578,1.0000,0.0000,0.0000,0.6667,0.0500
6a94bf0c-f443-448e-ba57-f3aa2805cb05,76a03818-1adc-4462-a8d3-fd5cc8cde7c3,2.0000,13.3587,0.5000,2.0000,2.0000,0.6667,0.0000
6a94bf0c-f443-448e-ba57-f3aa2805cb05,14cbf3ff-91dd-4d34-92fe-f218d90b36a1,0.0000,5.2150,1.0000,0.0000,0.0000,0.0000,0.1053
cfb5d567-1d11-4a1e-9030-f9ea119d29ab,bd111f97-40ec-48c2-9537-3f4585fd3c61,0.0000,9.4624,1.0000,0.0000,0.0000,0.0000,0.0000
cfb5d567-1d11-4a1e-9030-f9ea119d29ab,56043fae-9517-4a04-b8ca-05c203f26132,0.0000,4.2705,1.0000,0.0000,0.0000,0.0000,0.1333
cfb5d567-1d11-4a1e-9030-f9ea119d29ab,cf50eb11-df20-4705-8b1b-2d77ce2403ef,0.0000,7.4608,1.0000,0.0000,0.0000,0.6667,0.1176
cfb5d567-1d11-4a1e-9030-f9ea119d29ab,5de87467-8cbd-4a2d-90a3-7e283de285fa,0.0000,1.6203,1.0000,0.0000,0.0000,0.0000,0.1667
cfb5d567-1d11-4a1e-9030-f9ea119d29ab,dcf216e8-416d-44ea-80bf-2587651dfd37,0.0000,1.3036,1.0000,0.0000,0.0000,0.0000,0.1667
cfb5d567-1d11-4a1e-9030-f9ea119d29ab,e163b85d-9f81-4c13-8c8c-521c33484e74,2.0000,10.4846,0.5000,2.0000,2.0000,0.6667,0.4000
cfb5d567-1d11-4a1e-9030-f9ea119d29ab,0f5bc599-7a61-4792-8bf7-b9f78eec50fc,2.0000,12.0257,0.5000,2.0000,2.0000,0.0000,0.3478
cfb5d567-1d11-4a1e-9030-f9ea119d29ab,e5a14bb0-fea4-41eb-9bdd-aed3acec68b7,0.0000,11.3132,1.0000,0.0000,0.0000,0.6667,0.0625
cfb5d567-1d11-4a1e-9030-f9ea119d29ab,d5cb26d7-030e-4b27-a7fc-8913c4a80794,2.0000,8.4643,0.5000,2.0000,2.0000,0.6667,0.3478
cfb5d567-1d11-4a1e-9030-f9ea119d29ab,0f63c729-6dbc-48c2-9f43-89c37de9818f,0.0000,4.6999,1.0000,0.0000,0.0000,0.0000,0.1176
cfb5d567-1d11-4a1e-9030-f9ea119d29ab,d73b320a-790d-4a0e-b13f-02a09cbaf3bf,0.0000,9.9192,1.0000,0.0000,0.0000,0.0000,0.2105
cfb5d567-1d11-4a1e-9030-f9ea119d29ab,6f8acc59-cbf2-4b96-be3f-d5173828b422,0.0000,14.0469,1.0000,0.0000,0.0000,0.6667,0.2500
cfb5d567-1d11-4a1e-9030-f9ea119d29ab,a9bef44c-9e90-409b-9b07-93db1d3be774,2.0000,8.5786,0.5000,2.0000,2.0000,0.6667,0.4000
cfb5d567-1d11-4a1e-9030-f9ea119d29ab,62d0e0ab-0ed6-401f-b329-a12d20a79fb8,0.0000,14.5055,1.0000,0.0000,0.0000,0.0000,0.2105
cfb5d567-1d11-4a1e-9030-f9ea119d29ab,c8403da2-d968-494c-bbbe-bc7855b370ab,0.0000,12.8850,1.0000,0.0000,0.0000,0.6667,0.0000
cfb5d567-1d11-4a1e-9030-f9ea119d29ab,49e59cdd-4809-43f6-b618-1d0396a89857,2.0000,5.8014,0.5000,2.0000,2.0000,0.6667,0.4231
cfb5d567-1d11-4a1e-9030-f9ea119d29ab,ccfc5874-fe2c-4d37-ab22-2f8deae33eae,2.0000,6.3341,0.5000,2.0000,2.0000,0.0000,0.3478
cfb5d567-1d11-4a1e-9030-f9ea119d29ab,2b35aae8-7d5a-4e25-bd0b-8ae554405fa5,0.0000,13.8690,1.0000,0.0000,0.0000,0.6667,0.0000
cfb5d567-1d11-4a1e-9030-f9ea119d29ab,642ee07e-29b6-45a7-9826-aa2f8e6f6fda,2.0000,11.4922,0.5000,2.0000,2.0000,0.6667,0.4000
cfb5d567-1d11-4a1e-9030-f9ea119d29ab,18f05cad-c4a5-45a2-afda-2c6693684b81,0.0000,9.9342,1.0000,0.0000,0.0000,0.6667,0.0625
cfb5d567-1d11-4a1e-9030-f9ea119d29ab,6db16bc6-1a3a-47dc-9b2e-e489ff3a30d3,2.0000,8.5665,0.5000,2.0000,2.0000,0.6667,0.3478
cfb5d567-1d11-4a1e-9030-f9ea119d29ab,cf2e50ca-eb53-4a77-97c9-065f239b9c28,0.0000,7.9745,1.0000,0.0000,0.0000,0.6667,0.0000
cfb5d567-1d11-4a1e-9030-f9ea119d29ab,2003d6e5-1b34-47a0-80b4-f960cc4d1c06,0.0000,13.8476,1.0000,0.0000,0.0000,0.6667,0.2105
cfb5d567-1d11-4a1e-9030-f9ea119d29ab,692df9b4-47d2-48c1-8732-aa2dbd856038,0.0000,8.0481,1.0000,0.0000,0.0000,0.0000,0.2500
cfb5d567-1d11-4a1e-9030-f9ea119d29ab,853d8cdf-bbba-40fe-bc3c-9dbf4a72e3ba,0.0000,11.0960,1.0000,0.0000,0.0000,0.6667,0.2105
cfb5d567-1d11-4a1e-9030-f9ea119d29ab,2517b72c-41df-4f4a-a74f-4e6a4d8fb9a6,0.0000,10.5289,1.0000,0.0000,0.0000,0.6667,0.3478
cfb5d567-1d11-4a1e-9030-f9ea119d29ab,f761d41a-5220-42bf-872b-6a75cea6e24b,0.0000,4.7059,1.0000,0.0000,0.0000,0.0000,0.0625
cfb5d567-1d11-4a1e-9030-f9ea119d29ab,e8b9141c-9944-4c1d-beb1-2a3921ab8e1a,2.0000,10.3197,0.5000,2.0000,2.0000,0.6667,0.4444
cfb5d567-1d11-4a1e-9030-f9ea119d29ab,ff4975cc-52b8-41ed-8a6f-c69487eab5e8,0.0000,16.0598,1.0000,0.0000,0.0000,0.6667,0.1176
cfb5d567-1d11-4a1e-9030-f9ea119d29ab,22594200-2b3a-466f-9a4c-fc62849a043c,0.0000,11.7757,1.0000,0.0000,0.0000,0.6667,0.2500
cfb5d567-1d11-4a1e-9030-f9ea119d29ab,76a03818-1adc-4462-a8d3-fd5cc8cde7c3,2.0000,11.4794,0.5000,2.0000,2.0000,0.6667,0.2105
cfb5d567-1d11-4a1e-9030-f9ea119d29ab,14cbf3ff-91dd-4d34-92fe-f218d90b36a1,0.0000,9.2559,1.0000,0.0000,0.0000,0.0000,0.1176
bd111f97-40ec-48c2-9537-3f4585fd3c61,56043fae-9517-4a04-b8ca-05c203f26132,0.0000,8.8915,1.0000,0.0000,0.0000,0.0000,0.1333
bd111f97-40ec-48c2-9537-3f4585fd3c61,cf50eb11-df20-4705-8b1b-2d77ce2403ef,0.0000,7.9898,1.0000,0.0000,0.0000,0.6667,0.1176
bd111f97-40ec-48c2-9537-3f4585fd3c61,5de87467-8cbd-4a2d-90a3-7e283de285fa,0.0000,8.7163,1.0000,0.0000,0.0000,0.0000,0.1667
bd111f97-40ec-48c2-9537-3f4585fd3c61,dcf216e8-416d-44ea-80bf-2587651dfd37,0.0000,9.1010,1.0000,0.0000,0.0000,0.0000,0.1667
bd111f97-40ec-48c2-9537-3f4585fd3c61,e163b85d-9f81-4c13-8c8c-521c33484e74,2.0000,11.8371,0.5000,2.0000,2.0000,0.6667,0.4000
bd111f97-40ec-48c2-9537-3f4585fd3c61,0f5bc599-7a61-4792-8bf7-b9f78eec50fc,2.0000,8.2768,0.5000,2.0000,2.0000,0.0000,0.3478
bd111f97-40ec-48c2-9537-3f4585fd3c61,e5a14bb0-fea4-41eb-9bdd-aed3acec68b7,0.0000,6.9353,1.0000,0.0000,0.0000,0.6667,0.0625
bd111f97-40ec-48c2-9537-3f4585fd3c61,d5cb26d7-030e-4b27-a7fc-8913c4a80794,2.0000,10.0436,0.5000,2.0000,2.0000,0.6667,0.3478
bd111f97-40ec-48c2-9537-3f4585fd3c61,0f63c729-6dbc-48c2-9f43-89c37de9818f,0.0000,8.6249,1.0000,0.0000,0.0000,0.0000,0.1176
bd111f97-40ec-48c2-9537-3f4585fd3c61,d73b320a-790d-4a0e-b13f-02a09cbaf3bf,0.0000,12.9048,1.0000,0.0000,0.0000,0.0000,0.2105
bd111f97-40ec-48c2-9537-3f4585fd3c61,6f8acc59-cbf2-4b96-be3f-d5173828b422,0.0000,12.4729,1.0000,0.0000,0.0000,0.6667,0.2500
bd111f97-40ec-48c2-9537-3f4585fd3c61,a9bef44c-9e90-409b-9b07-93db1d3be774,2.0000,14.0380,0.5000,2.0000,2.0000,0.6667,0.4000
bd111f97-40ec-48c2-9537-3f4585fd3c61,62d0e0ab-0ed6-401f-b329-a12d20a79fb8,0.0000,16.5854,1.0000,0.0000,0.0000,0.0000,0.2105
bd111f97-40ec-48c2-9537-3f4585fd3c61,c8403da2-d968-494c-bbbe-bc7855b370ab,0.0000,15.1316,1.0000,0.0000,0.0000,0.6667,0.0000
bd111f97-40ec-48c2-9537-3f4585fd3c61,49e59cdd-4809-43f6-b618-1d0396a89857,2.0000,11.9576,0.5000,2.0000,2.0000,0.6667,0.4231
bd111f97-40ec-48c2-9537-3f4585fd3c61,ccfc5874-fe2c-4d37-ab22-2f8deae33eae,2.0000,11.3561,0.5000,2.0000,2.0000,0.0000,0.3478
bd111f97-40ec-48c2-9537-3f4585fd3c61,2b35aae8-7d5a-4e25-bd0b-8ae554405fa5,0.0000,13.6180,1.0000,0.0000,0.0000,0.6667,0.0000
bd111f97-40ec-48c2-9537-3f4585fd3c61,642ee07e-29b6-45a7-9826-aa2f8e6f6fda,2.0000,9.9351,0.5000,2.0000,2.0000,0.6667,0.4000
bd111f97-40ec-48c2-9537-3f4585fd3c61,18f05cad-c4a5-45a2-afda-2c6693684b81,0.0000,3.7454,1.0000,0.0000,0.0000,0.6667,0.0625
bd111f97-40ec-48c2-9537-3f4585fd3c61,6db16bc6-1a3a-47dc-9b2e-e489ff3a30d3,2.0000,12.4568,0.5000,2.0000,2.0000,0.6667,0.3478
bd111f97-40ec-48c2-9537-3f4585fd3c61,cf2e50ca-eb53-4a77-97c9-065f239b9c28,0.0000,3.2453,1.0000,0.0000,0.0000,0.6667,0.0000
bd111f97-40ec-48c2-9537-3f4585fd3c61,2003d6e5-1b34-47a0-80b4-f960cc4d1c06,0.0000,9.1785,1.0000,0.0000,0.0000,0.6667,0.2105
bd111f97-40ec-48c2-9537-3f4585fd3c61,692df9b4-47d2-48c1-8732-aa2dbd856038,0.0000,9.3347,1.0000,0.0000,0.0000,0.0000,0.2500
bd111f97-40ec-48c2-9537-3f4585fd3c61,853d8cdf-bbba-40fe-bc3c-9dbf4a72e3ba,0.0000,8.2634,1.0000,0.0000,0.0000,0.6667,0.2105
bd111f97-40ec-48c2-9537-3f4585fd3c61,2517b72c-41df-4f4a-a74f-4e6a4d8fb9a6,0.0000,8.9223,1.0000,0.0000,0.0000,0.6667,0.3478
bd111f97-40ec-48c2-9537-3f4585fd3c61,f761d41a-5220-42bf-872b-6a75cea6e24b,0.0000,8.8213,1.0000,0.0000,0.0000,0.0000,0.0625
bd111f97-40ec-48c2-9537-3f4585fd3c61,e8b9141c-9944-4c1d-beb1-2a3921ab8e1a,2.0000,10.0625,0.5000,2.0000,2.0000,0.6667,0.4444
bd111f97-40ec-48c2-9537-3f4585fd3c61,ff4975cc-52b8-41ed-8a6f-c69487eab5e8,0.0000,12.8846,1.0000,0.0000,0.0000,0.6667,0.1176
bd111f97-40ec-48c2-9537-3f4585fd3c61,22594200-2b3a-466f-9a4c-fc62849a043c,0.0000,8.4504,1.0000,0.0000,0.0000,0.6667,0.2500
bd111f97-40ec-48c2-9537-3f4585fd3c61,76a03818-1adc-4462-a8d3-fd5cc8cde7c3,2.0000,8.3974,0.5000,2.0000,2.0000,0.6667,0.2105
bd111f97-40ec-48c2-9537-3f4585fd3c61,14cbf3ff-91dd-4d34-92fe-f218d90b36a1,0.0000,14.3618,1.0000,0.0000,0.0000,0.0000,0.1176
56043fae-9517-4a04-b8ca-05c203f26132,cf50eb11-df20-4705-8b1b-2d77ce2403ef,0.0000,10.8161,1.0000,0.0000,0.0000,0.6667,0.2353
56043fae-9517-4a04-b8ca-05c203f26132,5de87467-8cbd-4a2d-90a3-7e283de285fa,0.0000,3.0782,1.0000,0.0000,0.0000,0.0000,0.2778
56043fae-9517-4a04-b8ca-05c203f26132,dcf216e8-416d-44ea-80bf-2587651dfd37,0.0000,3.3436,1.0000,0.0000,0.0000,0.0000,0.2778
56043fae-9517-4a04-b8ca-05c203f26132,e163b85d-9f81-4c13-8c8c-521c33484e74,2.0000,10.4654,0.5000,2.0000,2.0000,0.6667,0.4800
56043fae-9517-4a04-b8ca-05c203f26132,0f5bc599-7a61-4792-8bf7-b9f78eec50fc,2.0000,12.3323,0.5000,2.0000,2.0000,0.0000,0.4348
56043fae-9517-4a04-b8ca-05c203f26132,e5a14bb0-fea4-41eb-9bdd-aed3acec68b7,0.0000,11.8393,1.0000,0.0000,0.0000,0.6667,0.1875
56043fae-9517-4a04-b8ca-05c203f26132,d5cb26d7-030e-4b27-a7fc-8913c4a80794,2.0000,5.5034,0.5000,2.0000,2.0000,0.6667,0.4348
56043fae-9517-4a04-b8ca-05c203f26132,0f63c729-6dbc-48c2-9f43-89c37de9818f,0.0000,7.4253,1.0000,0.0000,0.0000,0.0000,0.2353
56043fae-9517-4a04-b8ca-05c203f26132,d73b320a-790d-4a0e-b13f-02a09cbaf3bf,0.0000,10.5219,1.0000,0.0000,0.0000,0.0000,0.3158
56043fae-9517-4a04-b8ca-05c203f26132,6f8acc59-cbf2-4b96-be3f-d5173828b422,0.0000,14.2839,1.0000,0.0000,0.0000,0.6667,0.3500
56043fae-9517-4a04-b8ca-05c203f26132,a9bef44c-9e90-409b-9b07-93db1d3be774,2.0000,10.1923,0.5000,2.0000,2.0000,0.6667,0.4800
56043fae-9517-4a04-b8ca-05c203f26132,62d0e0ab-0ed6-401f-b329-a12d20a79fb8,0.0000,15.2625,1.0000,0.0000,0.0000,0.0000,0.3158
56043fae-9517-4a04-b8ca-05c203f26132,c8403da2-d968-494c-bbbe-bc7855b370ab,0.0000,13.8029,1.0000,0.0000,0.0000,0.6667,0.1333
56043fae-9517-4a04-b8ca-05c203f26132,49e59cdd-4809-43f6-b618-1d0396a89857,2.0000,9.7919,0.5000,2.0000,2.0000,0.6667,0.5000
56043fae-9517-4a04-b8ca-05c203f26132,ccfc5874-fe2c-4d37-ab22-2f8deae33eae,2.0000,9.3271,0.5000,2.0000,2.0000,0.0000,0.4348
56043fae-9517-4a04-b8ca-05c203f26132,2b35aae8-7d5a-4e25-bd0b-8ae554405fa5,0.0000,14.0781,1.0000,0.0000,0.0000,0.6667,0.1333
56043fae-9517-4a04-b8ca-05c203f26132,642ee07e-29b6-45a7-9826-aa2f8e6f6fda,2.0000,11.6679,0.5000,2.0000,2.0000,0.6667,0.4800
56043fae-9517-4a04-b8ca-05c203f26132,18f05cad-c4a5-45a2-afda-2c6693684b81,0.0000,10.1101,1.0000,0.0000,0.0000,0.6667,0.1875
56043fae-9517-4a04-b8ca-05c203f26132,6db16bc6-1a3a-47dc-9b2e-e489ff3a30d3,2.0000,6.1310,0.5000,2.0000,2.0000,0.6667,0.4348
56043fae-9517-4a04-b8ca-05c203f26132,cf2e50ca-eb53-4a77-97c9-065f239b9c28,0.0000,7.4466,1.0000,0.0000,0.0000,0.6667,0.1333
56043fae-9517-4a04-b8ca-05c203f26132,2003d6e5-1b34-47a0-80b4-f960cc4d1c06,0.0000,11.1086,1.0000,0.0000,0.0000,0.6667,0.3158
56043fae-9517-4a04-b8ca-05c203f26132,692df9b4-47d2-48c1-8732-aa2dbd856038,0.0000,4.1349,1.0000,0.0000,0.0000,0.0000,0.3500
56043fae-9517-4a04-b8ca-05c203f26132,853d8cdf-bbba-40fe-bc3c-9dbf4a72e3ba,0.0000,8.1831,1.0000,0.0000,0.0000,0.6667,0.3158
56043fae-9517-4a04-b8ca-05c203f26132,2517b72c-41df-4f4a-a74f-4e6a4d8fb9a6,0.0000,13.7845,1.0000,0.0000,0.0000,0.6667,0.4348
56043fae-9517-4a04-b8ca-05c203f26132,f761d41a-5220-42bf-872b-6a75cea6e24b,0.0000,7.1894,1.0000,0.0000,0.0000,0.0000,0.1875
56043fae-9517-4a04-b8ca-05c203f26132,e8b9141c-9944-4c1d-beb1-2a3921ab8e1a,2.0000,7.9460,0.5000,2.0000,2.0000,0.6667,0.5185
56043fae-9517-4a04-b8ca-05c203f26132,ff4975cc-52b8-41ed-8a6f-c69487eab5e8,0.0000,13.8400,1.0000,0.0000,0.0000,0.6667,0.2353
56043fae-9517-4a04-b8ca-05c203f26132,22594200-2b3a-466f-9a4c-fc62849a043c,0.0000,8.8165,1.0000,0.0000,0.0000,0.6667,0.3500
56043fae-9517-4a04-b8ca-05c203f26132,76a03818-1adc-4462-a8d3-fd5cc8cde7c3,2.0000,12.0105,0.5000,2.0000,2.0000,0.6667,0.3158
56043fae-9517-4a04-b8ca-05c203f26132,14cbf3ff-91dd-4d34-92fe-f218d90b36a1,0.0000,12.6349,1.0000,0.0000,0.0000,0.0000,0.2353
cf50eb11-df20-4705-8b1b-2d77ce2403ef,5de87467-8cbd-4a2d-90a3-7e283de285fa,0.0000,8.0442,1.0000,0.0000,0.0000,0.6667,0.0556
cf50eb11-df20-4705-8b1b-2d77ce2403ef,dcf216e8-416d-44ea-80bf-2587651dfd37,0.0000,7.9815,1.0000,0.0000,0.0000,0.6667,0.0556
cf50eb11-df20-4705-8b1b-2d77ce2403ef,e163b85d-9f81-4c13-8c8c-521c33484e74,2.0000,10.0676,0.5000,2.0000,2.0000,0.0000,0.3200
cf50eb11-df20-4705-8b1b-2d77ce2403ef,0f5bc599-7a61-4792-8bf7-b9f78eec50fc,2.0000,8.7187,0.5000,2.0000,2.0000,0.6667,0.2609
cf50eb11-df20-4705-8b1b-2d77ce2403ef,e5a14bb0-fea4-41eb-9bdd-aed3acec68b7,0.0000,4.6672,1.0000,0.0000,0.0000,0.0000,0.0588
cf50eb11-df20-4705-8b1b-2d77ce2403ef,d5cb26d7-030e-4b27-a7fc-8913c4a80794,2.0000,11.6737,0.5000,2.0000,2.0000,0.0000,0.2609
cf50eb11-df20-4705-8b1b-2d77ce2403ef,0f63c729-6dbc-48c2-9f43-89c37de9818f,0.0000,9.6311,1.0000,0.0000,0.0000,0.6667,0.0000
cf50eb11-df20-4705-8b1b-2d77ce2403ef,d73b320a-790d-4a0e-b13f-02a09cbaf3bf,0.0000,13.6812,1.0000,0.0000,0.0000,0.6667,0.1053
cf50eb11-df20-4705-8b1b-2d77ce2403ef,6f8acc59-cbf2-4b96-be3f-d5173828b422,0.0000,11.9198,1.0000,0.0000,0.0000,0.0000,0.1500
cf50eb11-df20-4705-8b1b-2d77ce2403ef,a9bef44c-9e90-409b-9b07-93db1d3be774,2.0000,11.8006,0.5000,2.0000,2.0000,0.0000,0.3200
cf50eb11-df20-4705-8b1b-2d77ce2403ef,62d0e0ab-0ed6-401f-b329-a12d20a79fb8,0.0000,15.7030,1.0000,0.0000,0.0000,0.6667,0.1053
cf50eb11-df20-4705-8b1b-2d77ce2403ef,c8403da2-d968-494c-bbbe-bc7855b370ab,0.0000,11.3218,1.0000,0.0000,0.0000,0.0000,0.1176
cf50eb11-df20-4705-8b1b-2d77ce2403ef,49e59cdd-4809-43f6-b618-1d0396a89857,2.0000,10.9117,0.5000,2.0000,2.0000,0.0000,0.3462
cf50eb11-df20-4705-8b1b-2d77ce2403ef,ccfc5874-fe2c-4d37-ab22-2f8deae33eae,2.0000,11.2429,0.5000,2.0000,2.0000,0.6667,0.2609
cf50eb11-df20-4705-8b1b-2d77ce2403ef,2b35aae8-7d5a-4e25-bd0b-8ae554405fa5,0.0000,12.1276,1.0000,0.0000,0.0000,0.0000,0.1176
cf50eb11-df20-4705-8b1b-2d77ce2403ef,642ee07e-29b6-45a7-9826-aa2f8e6f6fda,2.0000,8.5162,0.5000,2.0000,2.0000,0.0000,0.3200
cf50eb11-df20-4705-8b1b-2d77ce2403ef,18f05cad-c4a5-45a2-afda-2c6693684b81,0.0000,8.2197,1.0000,0.0000,0.0000,0.6667,0.0588
cf50eb11-df20-4705-8b1b-2d77ce2403ef,6db16bc6-1a3a-47dc-9b2e-e489ff3a30d3,2.0000,13.5870,0.5000,2.0000,2.0000,0.6667,0.2609
cf50eb11-df20-4705-8b1b-2d77ce2403ef,cf2e50ca-eb53-4a77-97c9-065f239b9c28,0.0000,7.6306,1.0000,0.0000,0.0000,0.6667,0.1176
cf50eb11-df20-4705-8b1b-2d77ce2403ef,2003d6e5-1b34-47a0-80b4-f960cc4d1c06,0.0000,7.8752,1.0000,0.0000,0.0000,0.0000,0.1053
cf50eb11-df20-4705-8b1b-2d77ce2403ef,692df9b4-47d2-48c1-8732-aa2dbd856038,0.0000,13.8370,1.0000,0.0000,0.0000,0.6667,0.1500
cf50eb11-df20-4705-8b1b-2d77ce2403ef,853d8cdf-bbba-40fe-bc3c-9dbf4a72e3ba,0.0000,4.9471,1.0000,0.0000,0.0000,0.0000,0.1053
cf50eb11-df20-4705-8b1b-2d77ce2403ef,2517b72c-41df-4f4a-a74f-4e6a4d8fb9a6,0.0000,4.2985,1.0000,0.0000,0.0000,0.0000,0.2609
cf50eb11-df20-4705-8b1b-2d77ce2403ef,f761d41a-5220-42bf-872b-6a75cea6e24b,0.0000,9.9380,1.0000,0.0000,0.0000,0.6667,0.0588
cf50eb11-df20-4705-8b1b-2d77ce2403ef,e8b9141c-9944-4c1d-beb1-2a3921ab8e1a,2.0000,11.2308,0.5000,2.0000,2.0000,0.0000,0.3704
cf50eb11-df20-4705-8b1b-2d77ce2403ef,ff4975cc-52b8-41ed-8a6f-c69487eab5e8,0.0000,11.2888,1.0000,0.0000,0.0000,0.0000,0.0000
cf50eb11-df20-4705-8b1b-2d77ce2403ef,22594200-2b3a-466f-9a4c-fc62849a043c,0.0000,6.5059,1.0000,0.0000,0.0000,0.0000,0.1500
cf50eb11-df20-4705-8b1b-2d77ce2403ef,76a03818-1adc-4462-a8d3-fd5cc8cde7c3,2.0000,9.3716,0.5000,2.0000,2.0000,0.6667,0.1053
cf50eb11-df20-4705-8b1b-2d77ce2403ef,14cbf3ff-91dd-4d34-92fe-f218d90b36a1,0.0000,12.5699,1.0000,0.0000,0.0000,0.6667,0.0000
5de87467-8cbd-4a2d-90a3-7e283de285fa,dcf216e8-416d-44ea-80bf-2587651dfd37,0.0000,0.5259,1.0000,0.0000,0.0000,0.0000,0.0000
5de87467-8cbd-4a2d-90a3-7e283de285fa,e163b85d-9f81-4c13-8c8c-521c33484e74,2.0000,10.5263,0.5000,2.0000,2.0000,0.6667,0.2800
5de87467-8cbd-4a2d-90a3-7e283de285fa,0f5bc599-7a61-4792-8bf7-b9f78eec50fc,2.0000,11.9446,0.5000,2.0000,2.0000,0.0000,0.2174
5de87467-8cbd-4a2d-90a3-7e283de285fa,e5a14bb0-fea4-41eb-9bdd-aed3acec68b7,0.0000,10.9196,1.0000,0.0000,0.0000,0.6667,0.1111
5de87467-8cbd-4a2d-90a3-7e283de285fa,d5cb26d7-030e-4b27-a7fc-8913c4a80794,2.0000,8.1917,0.5000,2.0000,2.0000,0.6667,0.2174
5de87467-8cbd-4a2d-90a3-7e283de285fa,0f63c729-6dbc-48c2-9f43-89c37de9818f,0.0000,4.5505,1.0000,0.0000,0.0000,0.0000,0.0556
5de87467-8cbd-4a2d-90a3-7e283de285fa,d73b320a-790d-4a0e-b13f-02a09cbaf3bf,0.0000,10.3319,1.0000,0.0000,0.0000,0.0000,0.0526
5de87467-8cbd-4a2d-90a3-7e283de285fa,6f8acc59-cbf2-4b96-be3f-d5173828b422,0.0000,14.0906,1.0000,0.0000,0.0000,0.6667,0.1000
5de87467-8cbd-4a2d-90a3-7e283de285fa,a9bef44c-9e90-409b-9b07-93db1d3be774,2.0000,9.1652,0.5000,2.0000,2.0000,0.6667,0.2800
5de87467-8cbd-4a2d-90a3-7e283de285fa,62d0e0ab-0ed6-401f-b329-a12d20a79fb8,0.0000,15.1448,1.0000,0.0000,0.0000,0.0000,0.0526
5de87467-8cbd-4a2d-90a3-7e283de285fa,c8403da2-d968-494c-bbbe-bc7855b370ab,0.0000,13.3655,1.0000,0.0000,0.0000,0.6667,0.1667
5de87467-8cbd-4a2d-90a3-7e283de285fa,49e59cdd-4809-43f6-b618-1d0396a89857,2.0000,6.9908,0.5000,2.0000,2.0000,0.6667,0.3077
5de87467-8cbd-4a2d-90a3-7e283de285fa,ccfc5874-fe2c-4d37-ab22-2f8deae33eae,2.0000,6.8312,0.5000,2.0000,2.0000,0.0000,0.2174
5de87467-8cbd-4a2d-90a3-7e283de285fa,2b35aae8-7d5a-4e25-bd0b-8ae554405fa5,0.0000,14.3253,1.0000,0.0000,0.0000,0.6667,0.1667
5de87467-8cbd-4a2d-90a3-7e283de285fa,642ee07e-29b6-45a7-9826-aa2f8e6f6fda,2.0000,11.4153,0.5000,2.0000,2.0000,0.6667,0.2800
5de87467-8cbd-4a2d-90a3-7e283de285fa,18f05cad-c4a5-45a2-afda-2c6693684b81,0.0000,9.1420,1.0000,0.0000,0.0000,0.6667,0.1111
5de87467-8cbd-4a2d-90a3-7e283de285fa,6db16bc6-1a3a-47dc-9b2e-e489ff3a30d3,2.0000,8.6115,0.5000,2.0000,2.0000,0.6667,0.2174
5de87467-8cbd-4a2d-90a3-7e283de285fa,cf2e50ca-eb53-4a77-97c9-065f239b9c28,0.0000,7.0255,1.0000,0.0000,0.0000,0.6667,0.1667
5de87467-8cbd-4a2d-90a3-7e283de285fa,2003d6e5-1b34-47a0-80b4-f960cc4d1c06,0.0000,13.5223,1.0000,0.0000,0.0000,0.6667,0.0526
5de87467-8cbd-4a2d-90a3-7e283de285fa,692df9b4-47d2-48c1-8732-aa2dbd856038,0.0000,6.7914,1.0000,0.0000,0.0000,0.0000,0.1000
5de87467-8cbd-4a2d-90a3-7e283de285fa,853d8cdf-bbba-40fe-bc3c-9dbf4a72e3ba,0.0000,10.7505,1.0000,0.0000,0.0000,0.6667,0.0526
5de87467-8cbd-4a2d-90a3-7e283de285fa,2517b72c-41df-4f4a-a74f-4e6a4d8fb9a6,0.0000,10.8922,1.0000,0.0000,0.0000,0.6667,0.2174
5de87467-8cbd-4a2d-90a3-7e283de285fa,f761d41a-5220-42bf-872b-6a75cea6e24b,0.0000,4.2447,1.0000,0.0000,0.0000,0.0000,0.1111
5de87467-8cbd-4a2d-90a3-7e283de285fa,e8b9141c-9944-4c1d-beb1-2a3921ab8e1a,2.0000,10.4106,0.5000,2.0000,2.0000,0.6667,0.3333
5de87467-8cbd-4a2d-90a3-7e283de285fa,ff4975cc-52b8-41ed-8a6f-c69487eab5e8,0.0000,15.9721,1.0000,0.0000,0.0000,0.6667,0.0556
5de87467-8cbd-4a2d-90a3-7e283de285fa,22594200-2b3a-466f-9a4c-fc62849a043c,0.0000,11.3838,1.0000,0.0000,0.0000,0.6667,0.1000
5de87467-8cbd-4a2d-90a3-7e283de285fa,76a03818-1adc-4462-a8d3-fd5cc8cde7c3,2.0000,11.1882,0.5000,2.0000,2.0000,0.6667,0.0526
5de87467-8cbd-4a2d-90a3-7e283de285fa,14cbf3ff-91dd-4d34-92fe-f218d90b36a1,0.0000,9.8323,1.0000,0.0000,0.0000,0.0000,0.0556
dcf216e8-416d-44ea-80bf-2587651dfd37,e163b85d-9f81-4c13-8c8c-521c33484e74,2.0000,10.5622,0.5000,2.0000,2.0000,0.6667,0.2800
dcf216e8-416d-44ea-80bf-2587651dfd37,0f5bc599-7a61-4792-8bf7-b9f78eec50fc,2.0000,12.3813,0.5000,2.0000,2.0000,0.0000,0.2174
dcf216e8-416d-44ea-80bf-2587651dfd37,e5a14bb0-fea4-41eb-9bdd-aed3acec68b7,0.0000,11.3305,1.0000,0.0000,0.0000,0.6667,0.1111
dcf216e8-416d-44ea-80bf-2587651dfd37,d5cb26d7-030e-4b27-a7fc-8913c4a80794,2.0000,8.5245,0.5000,2.0000,2.0000,0.6667,0.2174
dcf216e8-416d-44ea-80bf-2587651dfd37,0f63c729-6dbc-48c2-9f43-89c37de9818f,0.0000,4.7003,1.0000,0.0000,0.0000,0.0000,0.0556
dcf216e8-416d-44ea-80bf-2587651dfd37,d73b320a-790d-4a0e-b13f-02a09cbaf3bf,0.0000,10.3856,1.0000,0.0000,0.0000,0.0000,0.0526
dcf216e8-416d-44ea-80bf-2587651dfd37,6f8acc59-cbf2-4b96-be3f-d5173828b422,0.0000,14.5404,1.0000,0.0000,0.0000,0.6667,0.1000
dcf216e8-416d-44ea-80bf-2587651dfd37,a9bef44c-9e90-409b-9b07-93db1d3be774,2.0000,9.0490,0.5000,2.0000,2.0000,0.6667,0.2800
dcf216e8-416d-44ea-80bf-2587651dfd37,62d0e0ab-0ed6-401f-b329-a12d20a79fb8,0.0000,15.0553,1.0000,0.0000,0.0000,0.0000,0.0526
dcf216e8-416d-44ea-80bf-2587651dfd37,c8403da2-d968-494c-bbbe-bc7855b370ab,0.0000,13.2975,1.0000,0.0000,0.0000,0.6667,0.1667
dcf216e8-416d-44ea-80bf-2587651dfd37,49e59cdd-4809-43f6-b618-1d0396a89857,2.0000,6.8564,0.5000,2.0000,2.0000,0.6667,0.3077
dcf216e8-416d-44ea-80bf-2587651dfd37,ccfc5874-fe2c-4d37-ab22-2f8deae33eae,2.0000,6.7785,0.5000,2.0000,2.0000,0.0000,0.2174
dcf216e8-416d-44ea-80bf-2587651dfd37,2b35aae8-7d5a-4e25-bd0b-8ae554405fa5,0.0000,14.2927,1.0000,0.0000,0.0000,0.6667,0.1667
dcf216e8-416d-44ea-80bf-2587651dfd37,642ee07e-29b6-45a7-9826-aa2f8e6f6fda,2.0000,11.8408,0.5000,2.0000,2.0000,0.6667,0.2800
dcf216e8-416d-44ea-80bf-2587651dfd37,18f05cad-c4a5-45a2-afda-2c6693684b81,0.0000,9.5306,1.0000,0.0000,0.0000,0.6667,0.1111
dcf216e8-416d-44ea-80bf-2587651dfd37,6db16bc6-1a3a-47dc-9b2e-e489ff3a30d3,2.0000,8.9318,0.5000,2.0000,2.0000,0.6667,0.2174
dcf216e8-416d-44ea-80bf-2587651dfd37,cf2e50ca-eb53-4a77-97c9-065f239b9c28,0.0000,7.3918,1.0000,0.0000,0.0000,0.6667,0.1667
dcf216e8-416d-44ea-80bf-2587651dfd37,2003d6e5-1b34-47a0-80b4-f960cc4d1c06,0.0000,13.7313,1.0000,0.0000,0.0000,0.6667,0.0526
dcf216e8-416d-44ea-80bf-2587651dfd37,692df9b4-47d2-48c1-8732-aa2dbd856038,0.0000,7.1009,1.0000,0.0000,0.0000,0.0000,0.1000
dcf216e8-416d-44ea-80bf-2587651dfd37,853d8cdf-bbba-40fe-bc3c-9dbf4a72e3ba,0.0000,11.0005,1.0000,0.0000,0.0000,0.6667,0.0526
dcf216e8-416d-44ea-80bf-2587651dfd37,2517b72c-41df-4f4a-a74f-4e6a4d8fb9a6,0.0000,10.8621,1.0000,0.0000,0.0000,0.6667,0.2174
dcf216e8-416d-44ea-80bf-2587651dfd37,f761d41a-5220-42bf-872b-6a75cea6e24b,0.0000,4.2702,1.0000,0.0000,0.0000,0.0000,0.1111
dcf216e8-416d-44ea-80bf-2587651dfd37,e8b9141c-9944-4c1d-beb1-2a3921ab8e1a,2.0000,10.6169,0.5000,2.0000,2.0000,0.6667,0.3333
dcf216e8-416d-44ea-80bf-2587651dfd37,ff4975cc-52b8-41ed-8a6f-c69487eab5e8,0.0000,16.1929,1.0000,0.0000,0.0000,0.6667,0.0556
dcf216e8-416d-44ea-80bf-2587651dfd37,22594200-2b3a-466f-9a4c-fc62849a043c,0.0000,11.6486,1.0000,0.0000,0.0000,0.6667,0.1000
dcf216e8-416d-44ea-80bf-2587651dfd37,76a03818-1adc-4462-a8d3-fd5cc8cde7c3,2.0000,11.6269,0.5000,2.0000,2.0000,0.6667,0.0526
dcf216e8-416d-44ea-80bf-2587651dfd37,14cbf3ff-91dd-4d34-92fe-f218d90b36a1,0.0000,9.9755,1.0000,0.0000,0.0000,0.0000,0.0556
e163b85d-9f81-4c13-8c8c-521c33484e74,0f5bc599-7a61-4792-8bf7-b9f78eec50fc,0.0000,9.5412,1.0000,0.0000,0.0000,0.6667,0.0800
e163b85d-9f81-4c13-8c8c-521c33484e74,e5a14bb0-fea4-41eb-9bdd-aed3acec68b7,2.0000,8.0422,0.5000,2.0000,2.0000,0.0000,0.3600
e163b85d-9f81-4c13-8c8c-521c33484e74,d5cb26d7-030e-4b27-a7fc-8913c4a80794,0.0000,5.3464,1.0000,0.0000,0.0000,0.0000,0.0800
e163b85d-9f81-4c13-8c8c-521c33484e74,0f63c729-6dbc-48c2-9f43-89c37de9818f,2.0000,10.0306,0.5000,2.0000,2.0000,0.6667,0.3200
e163b85d-9f81-4c13-8c8c-521c33484e74,d73b320a-790d-4a0e-b13f-02a09cbaf3bf,2.0000,8.8069,0.5000,2.0000,2.0000,0.6667,0.2400
e163b85d-9f81-4c13-8c8c-521c33484e74,6f8acc59-cbf2-4b96-be3f-d5173828b422,2.0000,9.1785,0.5000,2.0000,2.0000,0.0000,0.2000
e163b85d-9f81-4c13-8c8c-521c33484e74,a9bef44c-9e90-409b-9b07-93db1d3be774,0.0000,3.5579,1.0000,0.0000,0.0000,0.0000,0.0000
e163b85d-9f81-4c13-8c8c-521c33484e74,62d0e0ab-0ed6-401f-b329-a12d20a79fb8,2.0000,10.1794,0.5000,2.0000,2.0000,0.6667,0.2400
e163b85d-9f81-4c13-8c8c-521c33484e74,c8403da2-d968-494c-bbbe-bc7855b370ab,2.0000,5.2681,0.5000,2.0000,2.0000,0.0000,0.4000
e163b85d-9f81-4c13-8c8c-521c33484e74,49e59cdd-4809-43f6-b618-1d0396a89857,0.0000,9.8014,1.0000,0.0000,0.0000,0.0000,0.0385
e163b85d-9f81-4c13-8c8c-521c33484e74,ccfc5874-fe2c-4d37-ab22-2f8deae33eae,0.0000,8.8404,1.0000,0.0000,0.0000,0.6667,0.0800
e163b85d-9f81-4c13-8c8c-521c33484e74,2b35aae8-7d5a-4e25-bd0b-8ae554405fa5,2.0000,8.6309,0.5000,2.0000,2.0000,0.0000,0.4000
e163b85d-9f81-4c13-8c8c-521c33484e74,642ee07e-29b6-45a7-9826-aa2f8e6f6fda,0.0000,7.1071,1.0000,0.0000,0.0000,0.0000,0.0000
e163b85d-9f81-4c13-8c8c-521c33484e74,18f05cad-c4a5-45a2-afda-2c6693684b81,2.0000,9.4579,0.5000,2.0000,2.0000,0.6667,0.3600
e163b85d-9f81-4c13-8c8c-521c33484e74,6db16bc6-1a3a-47dc-9b2e-e489ff3a30d3,0.0000,7.4819,1.0000,0.0000,0.0000,0.6667,0.0800
e163b85d-9f81-4c13-8c8c-521c33484e74,cf2e50ca-eb53-4a77-97c9-065f239b9c28,2.0000,11.8022,0.5000,2.0000,2.0000,0.6667,0.4000
e163b85d-9f81-4c13-8c8c-521c33484e74,2003d6e5-1b34-47a0-80b4-f960cc4d1c06,2.0000,9.3879,0.5000,2.0000,2.0000,0.0000,0.2400
e163b85d-9f81-4c13-8c8c-521c33484e74,692df9b4-47d2-48c1-8732-aa2dbd856038,2.0000,10.3987,0.5000,2.0000,2.0000,0.6667,0.2000
e163b85d-9f81-4c13-8c8c-521c33484e74,853d8cdf-bbba-40fe-bc3c-9dbf4a72e3ba,2.0000,8.7058,0.5000,2.0000,2.0000,0.0000,0.2400
e163b85d-9f81-4c13-8c8c-521c33484e74,2517b72c-41df-4f4a-a74f-4e6a4d8fb9a6,2.0000,9.9768,0.5000,2.0000,2.0000,0.0000,0.0800
e163b85d-9f81-4c13-8c8c-521c33484e74,f761d41a-5220-42bf-872b-6a75cea6e24b,2.0000,10.4121,0.5000,2.0000,2.0000,0.6667,0.3600
e163b85d-9f81-4c13-8c8c-521c33484e74,e8b9141c-9944-4c1d-beb1-2a3921ab8e1a,0.0000,9.6068,1.0000,0.0000,0.0000,0.0000,0.0741
e163b85d-9f81-4c13-8c8c-521c33484e74,ff4975cc-52b8-41ed-8a6f-c69487eab5e8,2.0000,10.1357,0.5000,2.0000,2.0000,0.0000,0.3200
e163b85d-9f81-4c13-8c8c-521c33484e74,22594200-2b3a-466f-9a4c-fc62849a043c,2.0000,6.2883,0.5000,2.0000,2.0000,0.0000,0.2000
e163b85d-9f81-4c13-8c8c-521c33484e74,76a03818-1adc-4462-a8d3-fd5cc8cde7c3,0.0000,8.4854,1.0000,0.0000,0.0000,0.6667,0.2400
e163b85d-9f81-4c13-8c8c-521c33484e74,14cbf3ff-91dd-4d34-92fe-f218d90b36a1,2.0000,9.7315,0.5000,2.0000,2.0000,0.6667,0.3200
0f5bc599-7a61-4792-8bf7-b9f78eec50fc,e5a14bb0-fea4-41eb-9bdd-aed3acec68b7,2.0000,6.2221,0.5000,2.0000,2.0000,0.6667,0.3043
0f5bc599-7a61-4792-8bf7-b9f78eec50fc,d5cb26d7-030e-4b27-a7fc-8913c4a80794,0.0000,10.1690,1.0000,0.0000,0.0000,0.6667,0.0000
0f5bc599-7a61-4792-8bf7-b9f78eec50fc,0f63c729-6dbc-48c2-9f43-89c37de9818f,2.0000,8.9347,0.5000,2.0000,2.0000,0.0000,0.2609
0f5bc599-7a61-4792-8bf7-b9f78eec50fc,d73b320a-790d-4a0e-b13f-02a09cbaf3bf,2.0000,10.7602,0.5000,2.0000,2.0000,0.0000,0.1739
0f5bc599-7a61-4792-8bf7-b9f78eec50fc,6f8acc59-cbf2-4b96-be3f-d5173828b422,2.0000,5.8757,0.5000,2.0000,2.0000,0.6667,0.1304
0f5bc599-7a61-4792-8bf7-b9f78eec50fc,a9bef44c-9e90-409b-9b07-93db1d3be774,0.0000,10.2611,1.0000,0.0000,0.0000,0.6667,0.0800
0f5bc599-7a61-4792-8bf7-b9f78eec50fc,62d0e0ab-0ed6-401f-b329-a12d20a79fb8,2.0000,12.0126,0.5000,2.0000,2.0000,0.0000,0.1739
0f5bc599-7a61-4792-8bf7-b9f78eec50fc,c8403da2-d968-494c-bbbe-bc7855b370ab,2.0000,8.3725,0.5000,2.0000,2.0000,0.6667,0.3478
0f5bc599-7a61-4792-8bf7-b9f78eec50fc,49e59cdd-4809-43f6-b618-1d0396a89857,0.0000,9.3970,1.0000,0.0000,0.0000,0.6667,0.1154
0f5bc599-7a61-4792-8bf7-b9f78eec50fc,ccfc5874-fe2c-4d37-ab22-2f8deae33eae,0.0000,8.4254,1.0000,0.0000,0.0000,0.0000,0.0000
0f5bc599-7a61-4792-8bf7-b9f78eec50fc,2b35aae8-7d5a-4e25-bd0b-8ae554405fa5,2.0000,8.4422,0.5000,2.0000,2.0000,0.6667,0.3478
0f5bc599-7a61-4792-8bf7-b9f78eec50fc,642ee07e-29b6-45a7-9826-aa2f8e6f6fda,0.0000,3.1668,1.0000,0.0000,0.0000,0.6667,0.0800
0f5bc599-7a61-4792-8bf7-b9f78eec50fc,18f05cad-c4a5-45a2-afda-2c6693684b81,2.0000,9.3362,0.5000,2.0000,2.0000,0.6667,0.3043
0f5bc599-7a61-4792-8bf7-b9f78eec50fc,6db16bc6-1a3a-47dc-9b2e-e489ff3a30d3,0.0000,10.9312,1.0000,0.0000,0.0000,0.6667,0.0000
0f5bc599-7a61-4792-8bf7-b9f78eec50fc,cf2e50ca-eb53-4a77-97c9-065f239b9c28,2.0000,10.2881,0.5000,2.0000,2.0000,0.6667,0.3478
0f5bc599-7a61-4792-8bf7-b9f78eec50fc,2003d6e5-1b34-47a0-80b4-f960cc4d1c06,2.0000,6.8563,0.5000,2.0000,2.0000,0.6667,0.1739
0f5bc599-7a61-4792-8bf7-b9f78eec50fc,692df9b4-47d2-48c1-8732-aa2dbd856038,2.0000,10.2302,0.5000,2.0000,2.0000,0.0000,0.1304
0f5bc599-7a61-4792-8bf7-b9f78eec50fc,853d8cdf-bbba-40fe-bc3c-9dbf4a72e3ba,2.0000,8.2065,0.5000,2.0000,2.0000,0.6667,0.1739
0f5bc599-7a61-4792-8bf7-b9f78eec50fc,2517b72c-41df-4f4a-a74f-4e6a4d8fb9a6,2.0000,6.2405,0.5000,2.0000,2.0000,0.6667,0.0000
0f5bc599-7a61-4792-8bf7-b9f78eec50fc,f761d41a-5220-42bf-872b-6a75cea6e24b,2.0000,9.5450,0.5000,2.0000,2.0000,0.0000,0.3043
0f5bc599-7a61-4792-8bf7-b9f78eec50fc,e8b9141c-9944-4c1d-beb1-2a3921ab8e1a,0.0000,6.9777,1.0000,0.0000,0.0000,0.6667,0.1481
0f5bc599-7a61-4792-8bf7-b9f78eec50fc,ff4975cc-52b8-41ed-8a6f-c69487eab5e8,2.0000,6.2911,0.5000,2.0000,2.0000,0.6667,0.2609
0f5bc599-7a61-4792-8bf7-b9f78eec50fc,22594200-2b3a-466f-9a4c-fc62849a043c,2.0000,7.8170,0.5000,2.0000,2.0000,0.6667,0.1304
0f5bc599-7a61-4792-8bf7-b9f78eec50fc,76a03818-1adc-4462-a8d3-fd5cc8cde7c3,0.0000,3.6893,1.0000,0.0000,0.0000,0.6667,0.1739
0f5bc599-7a61-4792-8bf7-b9f78eec50fc,14cbf3ff-91dd-4d34-92fe-f218d90b36a1,2.0000,9.6027,0.5000,2.0000,2.0000,0.0000,0.2609
e5a14bb0-fea4-41eb-9bdd-aed3acec68b7,d5cb26d7-030e-4b27-a7fc-8913c4a80794,2.0000,8.3821,0.5000,2.0000,2.0000,0.0000,0.3043
e5a14bb0-fea4-41eb-9bdd-aed3acec68b7,0f63c729-6dbc-48c2-9f43-89c37de9818f,0.0000,9.9145,1.0000,0.0000,0.0000,0.6667,0.0588
e5a14bb0-fea4-41eb-9bdd-aed3acec68b7,d73b320a-790d-4a0e-b13f-02a09cbaf3bf,0.0000,14.8471,1.0000,0.0000,0.0000,0.6667,0.1579
e5a14bb0-fea4-41eb-9bdd-aed3acec68b7,6f8acc59-cbf2-4b96-be3f-d5173828b422,0.0000,8.2631,1.0000,0.0000,0.0000,0.0000,0.2000
e5a14bb0-fea4-41eb-9bdd-aed3acec68b7,a9bef44c-9e90-409b-9b07-93db1d3be774,2.0000,10.3298,0.5000,2.0000,2.0000,0.0000,0.3600
e5a14bb0-fea4-41eb-9bdd-aed3acec68b7,62d0e0ab-0ed6-401f-b329-a12d20a79fb8,0.0000,17.1345,1.0000,0.0000,0.0000,0.6667,0.1579
e5a14bb0-fea4-41eb-9bdd-aed3acec68b7,c8403da2-d968-494c-bbbe-bc7855b370ab,0.0000,9.7216,1.0000,0.0000,0.0000,0.0000,0.0625
e5a14bb0-fea4-41eb-9bdd-aed3acec68b7,49e59cdd-4809-43f6-b618-1d0396a89857,2.0000,11.7294,0.5000,2.0000,2.0000,0.0000,0.3846
e5a14bb0-fea4-41eb-9bdd-aed3acec68b7,ccfc5874-fe2c-4d37-ab22-2f8deae33eae,2.0000,11.2064,0.5000,2.0000,2.0000,0.6667,0.3043
e5a14bb0-fea4-41eb-9bdd-aed3acec68b7,2b35aae8-7d5a-4e25-bd0b-8ae554405fa5,0.0000,13.4357,1.0000,0.0000,0.0000,0.0000,0.0625
e5a14bb0-fea4-41eb-9bdd-aed3acec68b7,642ee07e-29b6-45a7-9826-aa2f8e6f6fda,2.0000,4.5483,0.5000,2.0000,2.0000,0.0000,0.3600
e5a14bb0-fea4-41eb-9bdd-aed3acec68b7,18f05cad-c4a5-45a2-afda-2c6693684b81,0.0000,3.8621,1.0000,0.0000,0.0000,0.6667,0.0000
e5a14bb0-fea4-41eb-9bdd-aed3acec68b7,6db16bc6-1a3a-47dc-9b2e-e489ff3a30d3,2.0000,10.3241,0.5000,2.0000,2.0000,0.6667,0.3043
e5a14bb0-fea4-41eb-9bdd-aed3acec68b7,cf2e50ca-eb53-4a77-97c9-065f239b9c28,0.0000,7.2122,1.0000,0.0000,0.0000,0.6667,0.0625
e5a14bb0-fea4-41eb-9bdd-aed3acec68b7,2003d6e5-1b34-47a0-80b4-f960cc4d1c06,0.0000,6.0912,1.0000,0.0000,0.0000,0.0000,0.1579
e5a14bb0-fea4-41eb-9bdd-aed3acec68b7,692df9b4-47d2-48c1-8732-aa2dbd856038,0.0000,11.4012,1.0000,0.0000,0.0000,0.6667,0.2000
e5a14bb0-fea4-41eb-9bdd-aed3acec68b7,853d8cdf-bbba-40fe-bc3c-9dbf4a72e3ba,0.0000,5.0790,1.0000,0.0000,0.0000,0.0000,0.1579
e5a14bb0-fea4-41eb-9bdd-aed3acec68b7,2517b72c-41df-4f4a-a74f-4e6a4d8fb9a6,0.0000,4.8959,1.0000,0.0000,0.0000,0.0000,0.3043
e5a14bb0-fea4-41eb-9bdd-aed3acec68b7,f761d41a-5220-42bf-872b-6a75cea6e24b,0.0000,10.2900,1.0000,0.0000,0.0000,0.6667,0.0000
e5a14bb0-fea4-41eb-9bdd-aed3acec68b7,e8b9141c-9944-4c1d-beb1-2a3921ab8e1a,2.0000,11.2685,0.5000,2.0000,2.0000,0.0000,0.4074
e5a14bb0-fea4-41eb-9bdd-aed3acec68b7,ff4975cc-52b8-41ed-8a6f-c69487eab5e8,0.0000,9.6220,1.0000,0.0000,0.0000,0.0000,0.0588
e5a14bb0-fea4-41eb-9bdd-aed3acec68b7,22594200-2b3a-466f-9a4c-fc62849a043c,0.0000,3.3438,1.0000,0.0000,0.0000,0.0000,0.2000
e5a14bb0-fea4-41eb-9bdd-aed3acec68b7,76a03818-1adc-4462-a8d3-fd5cc8cde7c3,2.0000,5.8411,0.5000,2.0000,2.0000,0.6667,0.1579
e5a14bb0-fea4-41eb-9bdd-aed3acec68b7,14cbf3ff-91dd-4d34-92fe-f218d90b36a1,0.0000,12.6589,1.0000,0.0000,0.0000,0.6667,0.0588
d5cb26d7-030e-4b27-a7fc-8913c4a80794,0f63c729-6dbc-48c2-9f43-89c37de9818f,2.0000,7.7208,0.5000,2.0000,2.0000,0.6667,0.2609
d5cb26d7-030e-4b27-a7fc-8913c4a80794,d73b320a-790d-4a0e-b13f-02a09cbaf3bf,2.0000,9.8704,0.5000,2.0000,2.0000,0.6667,0.1739
d5cb26d7-030e-4b27-a7fc-8913c4a80794,6f8acc59-cbf2-4b96-be3f-d5173828b422,2.0000,10.6408,0.5000,2.0000,2.0000,0.0000,0.1304
d5cb26d7-030e-4b27-a7fc-8913c4a80794,a9bef44c-9e90-409b-9b07-93db1d3be774,0.0000,6.8963,1.0000,0.0000,0.0000,0.0000,0.0800
d5cb26d7-030e-4b27-a7fc-8913c4a80794,62d0e0ab-0ed6-401f-b329-a12d20a79fb8,2.0000,14.1424,0.5000,2.0000,2.0000,0.6667,0.1739
d5cb26d7-030e-4b27-a7fc-8913c4a80794,c8403da2-d968-494c-bbbe-bc7855b370ab,2.0000,9.5120,0.5000,2.0000,2.0000,0.0000,0.3478
d5cb26d7-030e-4b27-a7fc-8913c4a80794,49e59cdd-4809-43f6-b618-1d0396a89857,0.0000,7.6510,1.0000,0.0000,0.0000,0.0000,0.1154
d5cb26d7-030e-4b27-a7fc-8913c4a80794,ccfc5874-fe2c-4d37-ab22-2f8deae33eae,0.0000,6.7319,1.0000,0.0000,0.0000,0.6667,0.0000
d5cb26d7-030e-4b27-a7fc-8913c4a80794,2b35aae8-7d5a-4e25-bd0b-8ae554405fa5,2.0000,12.9396,0.5000,2.0000,2.0000,0.0000,0.3478
d5cb26d7-030e-4b27-a7fc-8913c4a80794,642ee07e-29b6-45a7-9826-aa2f8e6f6fda,0.0000,7.8096,1.0000,0.0000,0.0000,0.0000,0.0800
d5cb26d7-030e-4b27-a7fc-8913c4a80794,18f05cad-c4a5-45a2-afda-2c6693684b81,2.0000,8.0748,0.5000,2.0000,2.0000,0.6667,0.3043
d5cb26d7-030e-4b27-a7fc-8913c4a80794,6db16bc6-1a3a-47dc-9b2e-e489ff3a30d3,0.0000,2.8642,1.0000,0.0000,0.0000,0.6667,0.0000
d5cb26d7-030e-4b27-a7fc-8913c4a80794,cf2e50ca-eb53-4a77-97c9-065f239b9c28,2.0000,9.6000,0.5000,2.0000,2.0000,0.6667,0.3478
d5cb26d7-030e-4b27-a7fc-8913c4a80794,2003d6e5-1b34-47a0-80b4-f960cc4d1c06,2.0000,8.8895,0.5000,2.0000,2.0000,0.0000,0.1739
d5cb26d7-030e-4b27-a7fc-8913c4a80794,692df9b4-47d2-48c1-8732-aa2dbd856038,2.0000,5.4677,0.5000,2.0000,2.0000,0.6667,0.1304
d5cb26d7-030e-4b27-a7fc-8913c4a80794,853d8cdf-bbba-40fe-bc3c-9dbf4a72e3ba,2.0000,7.8214,0.5000,2.0000,2.0000,0.0000,0.1739
d5cb26d7-030e-4b27-a7fc-8913c4a80794,2517b72c-41df-4f4a-a74f-4e6a4d8fb9a6,2.0000,11.5482,0.5000,2.0000,2.0000,0.0000,0.0000
d5cb26d7-030e-4b27-a7fc-8913c4a80794,f761d41a-5220-42bf-872b-6a75cea6e24b,2.0000,8.1812,0.5000,2.0000,2.0000,0.6667,0.3043
d5cb26d7-030e-4b27-a7fc-8913c4a80794,e8b9141c-9944-4c1d-beb1-2a3921ab8e1a,0.0000,8.7121,1.0000,0.0000,0.0000,0.0000,0.1481
d5cb26d7-030e-4b27-a7fc-8913c4a80794,ff4975cc-52b8-41ed-8a6f-c69487eab5e8,2.0000,11.0613,0.5000,2.0000,2.0000,0.0000,0.2609
d5cb26d7-030e-4b27-a7fc-8913c4a80794,22594200-2b3a-466f-9a4c-fc62849a043c,2.0000,5.4384,0.5000,2.0000,2.0000,0.0000,0.1304
d5cb26d7-030e-4b27-a7fc-8913c4a80794,76a03818-1adc-4462-a8d3-fd5cc8cde7c3,0.0000,8.6651,1.0000,0.0000,0.0000,0.6667,0.1739
d5cb26d7-030e-4b27-a7fc-8913c4a80794,14cbf3ff-91dd-4d34-92fe-f218d90b36a1,2.0000,9.8309,0.5000,2.0000,2.0000,0.6667,0.2609
0f63c729-6dbc-48c2-9f43-89c37de9818f,d73b320a-790d-4a0e-b13f-02a09cbaf3bf,0.0000,10.6491,1.0000,0.0000,0.0000,0.0000,0.1053
0f63c729-6dbc-48c2-9f43-89c37de9818f,6f8acc59-cbf2-4b96-be3f-d5173828b422,0.0000,13.2543,1.0000,0.0000,0.0000,0.6667,0.1500
0f63c729-6dbc-48c2-9f43-89c37de9818f,a9bef44c-9e90-409b-9b07-93db1d3be774,2.0000,9.4273,0.5000,2.0000,2.0000,0.6667,0.3200
0f63c729-6dbc-48c2-9f43-89c37de9818f,62d0e0ab-0ed6-401f-b329-a12d20a79fb8,0.0000,14.8944,1.0000,0.0000,0.0000,0.0000,0.1053
0f63c729-6dbc-48c2-9f43-89c37de9818f,c8403da2-d968-494c-bbbe-bc7855b370ab,0.0000,12.9750,1.0000,0.0000,0.0000,0.6667,0.1176
0f63c729-6dbc-48c2-9f43-89c37de9818f,49e59cdd-4809-43f6-b618-1d0396a89857,2.0000,3.8347,0.5000,2.0000,2.0000,0.6667,0.3462
0f63c729-6dbc-48c2-9f43-89c37de9818f,ccfc5874-fe2c-4d37-ab22-2f8deae33eae,2.0000,3.8891,0.5000,2.0000,2.0000,0.0000,0.2609
0f63c729-6dbc-48c2-9f43-89c37de9818f,2b35aae8-7d5a-4e25-bd0b-8ae554405fa5,0.0000,13.8854,1.0000,0.0000,0.0000,0.6667,0.1176
0f63c729-6dbc-48c2-9f43-89c37de9818f,642ee07e-29b6-45a7-9826-aa2f8e6f6fda,2.0000,10.7133,0.5000,2.0000,2.0000,0.6667,0.3200
0f63c729-6dbc-48c2-9f43-89c37de9818f,18f05cad-c4a5-45a2-afda-2c6693684b81,0.0000,8.5588,1.0000,0.0000,0.0000,0.6667,0.0588
0f63c729-6dbc-48c2-9f43-89c37de9818f,6db16bc6-1a3a-47dc-9b2e-e489ff3a30d3,2.0000,9.2273,0.5000,2.0000,2.0000,0.6667,0.2609
0f63c729-6dbc-48c2-9f43-89c37de9818f,cf2e50ca-eb53-4a77-97c9-065f239b9c28,0.0000,9.3516,1.0000,0.0000,0.0000,0.6667,0.1176
0f63c729-6dbc-48c2-9f43-89c37de9818f,2003d6e5-1b34-47a0-80b4-f960cc4d1c06,0.0000,9.8214,1.0000,0.0000,0.0000,0.6667,0.1053
0f63c729-6dbc-48c2-9f43-89c37de9818f,692df9b4-47d2-48c1-8732-aa2dbd856038,0.0000,4.4831,1.0000,0.0000,0.0000,0.0000,0.1500
0f63c729-6dbc-48c2-9f43-89c37de9818f,853d8cdf-bbba-40fe-bc3c-9dbf4a72e3ba,0.0000,12.2715,1.0000,0.0000,0.0000,0.6667,0.1053
0f63c729-6dbc-48c2-9f43-89c37de9818f,2517b72c-41df-4f4a-a74f-4e6a4d8fb9a6,0.0000,6.5669,1.0000,0.0000,0.0000,0.6667,0.2609
0f63c729-6dbc-48c2-9f43-89c37de9818f,f761d41a-5220-42bf-872b-6a75cea6e24b,0.0000,0.6971,1.0000,0.0000,0.0000,0.0000,0.0588
0f63c729-6dbc-48c2-9f43-89c37de9818f,e8b9141c-9944-4c1d-beb1-2a3921ab8e1a,2.0000,10.5989,0.5000,2.0000,2.0000,0.6667,0.3704
0f63c729-6dbc-48c2-9f43-89c37de9818f,ff4975cc-52b8-41ed-8a6f-c69487eab5e8,0.0000,12.3578,1.0000,0.0000,0.0000,0.6667,0.0000
0f63c729-6dbc-48c2-9f43-89c37de9818f,22594200-2b3a-466f-9a4c-fc62849a043c,0.0000,10.9127,1.0000,0.0000,0.0000,0.6667,0.1500
0f63c729-6dbc-48c2-9f43-89c37de9818f,76a03818-1adc-4462-a8d3-fd5cc8cde7c3,2.0000,7.3081,0.5000,2.0000,2.0000,0.6667,0.1053
0f63c729-6dbc-48c2-9f43-89c37de9818f,14cbf3ff-91dd-4d34-92fe-f218d90b36a1,0.0000,7.3352,1.0000,0.0000,0.0000,0.0000,0.0000
d73b320a-790d-4a0e-b13f-02a09cbaf3bf,6f8acc59-cbf2-4b96-be3f-d5173828b422,0.0000,11.5663,1.0000,0.0000,0.0000,0.6667,0.0500
d73b320a-790d-4a0e-b13f-02a09cbaf3bf,a9bef44c-9e90-409b-9b07-93db1d3be774,2.0000,6.8543,0.5000,2.0000,2.0000,0.6667,0.2400
d73b320a-790d-4a0e-b13f-02a09cbaf3bf,62d0e0ab-0ed6-401f-b329-a12d20a79fb8,0.0000,5.5900,1.0000,0.0000,0.0000,0.0000,0.0000
d73b320a-790d-4a0e-b13f-02a09cbaf3bf,c8403da2-d968-494c-bbbe-bc7855b370ab,0.0000,9.5070,1.0000,0.0000,0.0000,0.6667,0.2105
d73b320a-790d-4a0e-b13f-02a09cbaf3bf,49e59cdd-4809-43f6-b618-1d0396a89857,2.0000,8.1133,0.5000,2.0000,2.0000,0.6667,0.2692
d73b320a-790d-4a0e-b13f-02a09cbaf3bf,ccfc5874-fe2c-4d37-ab22-2f8deae33eae,2.0000,6.9415,0.5000,2.0000,2.0000,0.0000,0.1739
d73b320a-790d-4a0e-b13f-02a09cbaf3bf,2b35aae8-7d5a-4e25-bd0b-8ae554405fa5,0.0000,7.1758,1.0000,0.0000,0.0000,0.6667,0.2105
d73b320a-790d-4a0e-b13f-02a09cbaf3bf,642ee07e-29b6-45a7-9826-aa2f8e6f6fda,2.0000,11.6607,0.5000,2.0000,2.0000,0.6667,0.2400
d73b320a-790d-4a0e-b13f-02a09cbaf3bf,18f05cad-c4a5-45a2-afda-2c6693684b81,0.0000,15.8478,1.0000,0.0000,0.0000,0.6667,0.1579
d73b320a-790d-4a0e-b13f-02a09cbaf3bf,6db16bc6-1a3a-47dc-9b2e-e489ff3a30d3,2.0000,7.8813,0.5000,2.0000,2.0000,0.6667,0.1739
d73b320a-790d-4a0e-b13f-02a09cbaf3bf,cf2e50ca-eb53-4a77-97c9-065f239b9c28,0.0000,15.1712,1.0000,0.0000,0.0000,0.6667,0.2105
d73b320a-790d-4a0e-b13f-02a09cbaf3bf,2003d6e5-1b34-47a0-80b4-f960cc4d1c06,0.0000,13.1885,1.0000,0.0000,0.0000,0.6667,0.0000
d73b320a-790d-4a0e-b13f-02a09cbaf3bf,692df9b4-47d2-48c1-8732-aa2dbd856038,0.0000,11.4198,1.0000,0.0000,0.0000,0.0000,0.0500
d73b320a-790d-4a0e-b13f-02a09cbaf3bf,853d8cdf-bbba-40fe-bc3c-9dbf4a72e3ba,0.0000,13.1587,1.0000,0.0000,0.0000,0.6667,0.0000
d73b320a-790d-4a0e-b13f-02a09cbaf3bf,2517b72c-41df-4f4a-a74f-4e6a4d8fb9a6,0.0000,13.3106,1.0000,0.0000,0.0000,0.6667,0.1739
d73b320a-790d-4a0e-b13f-02a09cbaf3bf,f761d41a-5220-42bf-872b-6a75cea6e24b,0.0000,11.0420,1.0000,0.0000,0.0000,0.0000,0.1579
d73b320a-790d-4a0e-b13f-02a09cbaf3bf,e8b9141c-9944-4c1d-beb1-2a3921ab8e1a,2.0000,6.9499,0.5000,2.0000,2.0000,0.6667,0.2963
d73b320a-790d-4a0e-b13f-02a09cbaf3bf,ff4975cc-52b8-41ed-8a6f-c69487eab5e8,0.0000,13.0267,1.0000,0.0000,0.0000,0.6667,0.1053
d73b320a-790d-4a0e-b13f-02a09cbaf3bf,22594200-2b3a-466f-9a4c-fc62849a043c,0.0000,13.5013,1.0000,0.0000,0.0000,0.6667,0.0500
d73b320a-790d-4a0e-b13f-02a09cbaf3bf,76a03818-1adc-4462-a8d3-fd5cc8cde7c3,2.0000,12.5685,0.5000,2.0000,2.0000,0.6667,0.0000
d73b320a-790d-4a0e-b13f-02a09cbaf3bf,14cbf3ff-91dd-4d34-92fe-f218d90b36a1,0.0000,4.8418,1.0000,0.0000,0.0000,0.0000,0.1053
6f8acc59-cbf2-4b96-be3f-d5173828b422,a9bef44c-9e90-409b-9b07-93db1d3be774,2.0000,8.9273,0.5000,2.0000,2.0000,0.0000,0.2000
6f8acc59-cbf2-4b96-be3f-d5173828b422,62d0e0ab-0ed6-401f-b329-a12d20a79fb8,0.0000,10.2553,1.0000,0.0000,0.0000,0.6667,0.0500
6f8acc59-cbf2-4b96-be3f-d5173828b422,c8403da2-d968-494c-bbbe-bc7855b370ab,0.0000,4.6467,1.0000,0.0000,0.0000,0.0000,0.2500
6f8acc59-cbf2-4b96-be3f-d5173828b422,49e59cdd-4809-43f6-b618-1d0396a89857,2.0000,12.2408,0.5000,2.0000,2.0000,0.0000,0.2308
6f8acc59-cbf2-4b96-be3f-d5173828b422,ccfc5874-fe2c-4d37-ab22-2f8deae33eae,2.0000,11.3938,0.5000,2.0000,2.0000,0.6667,0.1304
6f8acc59-cbf2-4b96-be3f-d5173828b422,2b35aae8-7d5a-4e25-bd0b-8ae554405fa5,0.0000,6.9005,1.0000,0.0000,0.0000,0.0000,0.2500
6f8acc59-cbf2-4b96-be3f-d5173828b422,642ee07e-29b6-45a7-9826-aa2f8e6f6fda,2.0000,4.4857,0.5000,2.0000,2.0000,0.0000,0.2000
6f8acc59-cbf2-4b96-be3f-d5173828b422,18f05cad-c4a5-45a2-afda-2c6693684b81,0.0000,11.3510,1.0000,0.0000,0.0000,0.6667,0.2000
6f8acc59-cbf2-4b96-be3f-d5173828b422,6db16bc6-1a3a-47dc-9b2e-e489ff3a30d3,2.0000,10.1987,0.5000,2.0000,2.0000,0.6667,0.1304
6f8acc59-cbf2-4b96-be3f-d5173828b422,cf2e50ca-eb53-4a77-97c9-065f239b9c28,0.0000,13.0492,1.0000,0.0000,0.0000,0.6667,0.2500
6f8acc59-cbf2-4b96-be3f-d5173828b422,2003d6e5-1b34-47a0-80b4-f960cc4d1c06,0.0000,11.6524,1.0000,0.0000,0.0000,0.0000,0.0500
6f8acc59-cbf2-4b96-be3f-d5173828b422,692df9b4-47d2-48c1-8732-aa2dbd856038,0.0000,13.9939,1.0000,0.0000,0.0000,0.6667,0.0000
6f8acc59-cbf2-4b96-be3f-d5173828b422,853d8cdf-bbba-40fe-bc3c-9dbf4a72e3ba,0.0000,10.7659,1.0000,0.0000,0.0000,0.0000,0.0500
6f8acc59-cbf2-4b96-be3f-d5173828b422,2517b72c-41df-4f4a-a74f-4e6a4d8fb9a6,0.0000,11.0690,1.0000,0.0000,0.0000,0.0000,0.1304
6f8acc59-cbf2-4b96-be3f-d5173828b422,f761d41a-5220-42bf-872b-6a75cea6e24b,0.0000,13.7913,1.0000,0.0000,0.0000,0.6667,0.2000
6f8acc59-cbf2-4b96-be3f-d5173828b422,e8b9141c-9944-4c1d-beb1-2a3921ab8e1a,2.0000,10.7265,0.5000,2.0000,2.0000,0.0000,0.2593
6f8acc59-cbf2-4b96-be3f-d5173828b422,ff4975cc-52b8-41ed-8a6f-c69487eab5e8,0.0000,8.9560,1.0000,0.0000,0.0000,0.0000,0.1500
6f8acc59-cbf2-4b96-be3f-d5173828b422,22594200-2b3a-466f-9a4c-fc62849a043c,0.0000,9.6958,1.0000,0.0000,0.0000,0.0000,0.0000
6f8acc59-cbf2-4b96-be3f-d5173828b422,76a03818-1adc-4462-a8d3-fd5cc8cde7c3,2.0000,8.0827,0.5000,2.0000,2.0000,0.6667,0.0500
6f8acc59-cbf2-4b96-be3f-d5173828b422,14cbf3ff-91dd-4d34-92fe-f218d90b36a1,0.0000,9.6017,1.0000,0.0000,0.0000,0.6667,0.1500
a9bef44c-9e90-409b-9b07-93db1d3be774,62d0e0ab-0ed6-401f-b329-a12d20a79fb8,2.0000,9.2278,0.5000,2.0000,2.0000,0.6667,0.2400
a9bef44c-9e90-409b-9b07-93db1d3be774,c8403da2-d968-494c-bbbe-bc7855b370ab,2.0000,5.4162,0.5000,2.0000,2.0000,0.0000,0.4000
a9bef44c-9e90-409b-9b07-93db1d3be774,49e59cdd-4809-43f6-b618-1d0396a89857,0.0000,6.8485,1.0000,0.0000,0.0000,0.0000,0.0385
a9bef44c-9e90-409b-9b07-93db1d3be774,ccfc5874-fe2c-4d37-ab22-2f8deae33eae,0.0000,6.1739,1.0000,0.0000,0.0000,0.6667,0.0800
a9bef44c-9e90-409b-9b07-93db1d3be774,2b35aae8-7d5a-4e25-bd0b-8ae554405fa5,2.0000,9.5286,0.5000,2.0000,2.0000,0.0000,0.4000
a9bef44c-9e90-409b-9b07-93db1d3be774,642ee07e-29b6-45a7-9826-aa2f8e6f6fda,0.0000,7.6785,1.0000,0.0000,0.0000,0.0000,0.0000
a9bef44c-9e90-409b-9b07-93db1d3be774,18f05cad-c4a5-45a2-afda-2c6693684b81,2.0000,11.5699,0.5000,2.0000,2.0000,0.6667,0.3600
a9bef44c-9e90-409b-9b07-93db1d3be774,6db16bc6-1a3a-47dc-9b2e-e489ff3a30d3,0.0000,5.5928,1.0000,0.0000,0.0000,0.6667,0.0800
a9bef44c-9e90-409b-9b07-93db1d3be774,cf2e50ca-eb53-4a77-97c9-065f239b9c28,2.0000,13.3377,0.5000,2.0000,2.0000,0.6667,0.4000
a9bef44c-9e90-409b-9b07-93db1d3be774,2003d6e5-1b34-47a0-80b4-f960cc4d1c06,2.0000,12.3092,0.5000,2.0000,2.0000,0.0000,0.2400
a9bef44c-9e90-409b-9b07-93db1d3be774,692df9b4-47d2-48c1-8732-aa2dbd856038,2.0000,10.6891,0.5000,2.0000,2.0000,0.6667,0.2000
a9bef44c-9e90-409b-9b07-93db1d3be774,853d8cdf-bbba-40fe-bc3c-9dbf4a72e3ba,2.0000,11.5768,0.5000,2.0000,2.0000,0.0000,0.2400
a9bef44c-9e90-409b-9b07-93db1d3be774,2517b72c-41df-4f4a-a74f-4e6a4d8fb9a6,2.0000,11.4572,0.5000,2.0000,2.0000,0.0000,0.0800
a9bef44c-9e90-409b-9b07-93db1d3be774,f761d41a-5220-42bf-872b-6a75cea6e24b,2.0000,9.6743,0.5000,2.0000,2.0000,0.6667,0.3600
a9bef44c-9e90-409b-9b07-93db1d3be774,e8b9141c-9944-4c1d-beb1-2a3921ab8e1a,0.0000,7.6776,1.0000,0.0000,0.0000,0.0000,0.0741
a9bef44c-9e90-409b-9b07-93db1d3be774,ff4975cc-52b8-41ed-8a6f-c69487eab5e8,2.0000,12.1505,0.5000,2.0000,2.0000,0.0000,0.3200
a9bef44c-9e90-409b-9b07-93db1d3be774,22594200-2b3a-466f-9a4c-fc62849a043c,2.0000,9.3320,0.5000,2.0000,2.0000,0.0000,0.2000
a9bef44c-9e90-409b-9b07-93db1d3be774,76a03818-1adc-4462-a8d3-fd5cc8cde7c3,0.0000,9.7824,1.0000,0.0000,0.0000,0.6667,0.2400
a9bef44c-9e90-409b-9b07-93db1d3be774,14cbf3ff-91dd-4d34-92fe-f218d90b36a1,2.0000,7.0045,0.5000,2.0000,2.0000,0.6667,0.3200
62d0e0ab-0ed6-401f-b329-a12d20a79fb8,c8403da2-d968-494c-bbbe-bc7855b370ab,0.0000,8.0546,1.0000,0.0000,0.0000,0.6667,0.2105
62d0e0ab-0ed6-401f-b329-a12d20a79fb8,49e59cdd-4809-43f6-b618-1d0396a89857,2.0000,12.6887,0.5000,2.0000,2.0000,0.6667,0.2692
62d0e0ab-0ed6-401f-b329-a12d20a79fb8,ccfc5874-fe2c-4d37-ab22-2f8deae33eae,2.0000,11.4492,0.5000,2.0000,2.0000,0.0000,0.1739
62d0e0ab-0ed6-401f-b329-a12d20a79fb8,2b35aae8-7d5a-4e25-bd0b-8ae554405fa5,0.0000,5.0033,1.0000,0.0000,0.0000,0.6667,0.2105
62d0e0ab-0ed6-401f-b329-a12d20a79fb8,642ee07e-29b6-45a7-9826-aa2f8e6f6fda,2.0000,12.9397,0.5000,2.0000,2.0000,0.6667,0.2400
62d0e0ab-0ed6-401f-b329-a12d20a79fb8,18f05cad-c4a5-45a2-afda-2c6693684b81,0.0000,19.4348,1.0000,0.0000,0.0000,0.6667,0.1579
62d0e0ab-0ed6-401f-b329-a12d20a79fb8,6db16bc6-1a3a-47dc-9b2e-e489ff3a30d3,2.0000,12.8344,0.5000,2.0000,2.0000,0.6667,0.1739
62d0e0ab-0ed6-401f-b329-a12d20a79fb8,cf2e50ca-eb53-4a77-97c9-065f239b9c28,0.0000,19.1539,1.0000,0.0000,0.0000,0.6667,0.2105
62d0e0ab-0ed6-401f-b329-a12d20a79fb8,2003d6e5-1b34-47a0-80b4-f960cc4d1c06,0.0000,14.6385,1.0000,0.0000,0.0000,0.6667,0.0000
62d0e0ab-0ed6-401f-b329-a12d20a79fb8,692df9b4-47d2-48c1-8732-aa2dbd856038,0.0000,15.7658,1.0000,0.0000,0.0000,0.0000,0.0500
62d0e0ab-0ed6-401f-b329-a12d20a79fb8,853d8cdf-bbba-40fe-bc3c-9dbf4a72e3ba,0.0000,14.9336,1.0000,0.0000,0.0000,0.6667,0.0000
62d0e0ab-0ed6-401f-b329-a12d20a79fb8,2517b72c-41df-4f4a-a74f-4e6a4d8fb9a6,0.0000,14.8917,1.0000,0.0000,0.0000,0.6667,0.1739
62d0e0ab-0ed6-401f-b329-a12d20a79fb8,f761d41a-5220-42bf-872b-6a75cea6e24b,0.0000,15.3525,1.0000,0.0000,0.0000,0.0000,0.1579
62d0e0ab-0ed6-401f-b329-a12d20a79fb8,e8b9141c-9944-4c1d-beb1-2a3921ab8e1a,2.0000,9.6366,0.5000,2.0000,2.0000,0.6667,0.2963
62d0e0ab-0ed6-401f-b329-a12d20a79fb8,ff4975cc-52b8-41ed-8a6f-c69487eab5e8,0.0000,12.6542,1.0000,0.0000,0.0000,0.6667,0.1053
62d0e0ab-0ed6-401f-b329-a12d20a79fb8,22594200-2b3a-466f-9a4c-fc62849a043c,0.0000,15.6260,1.0000,0.0000,0.0000,0.6667,0.0500
62d0e0ab-0ed6-401f-b329-a12d20a79fb8,76a03818-1adc-4462-a8d3-fd5cc8cde7c3,2.0000,14.8336,0.5000,2.0000,2.0000,0.6667,0.0000
62d0e0ab-0ed6-401f-b329-a12d20a79fb8,14cbf3ff-91dd-4d34-92fe-f218d90b36a1,0.0000,9.4343,1.0000,0.0000,0.0000,0.0000,0.1053
c8403da2-d968-494c-bbbe-bc7855b370ab,49e59cdd-4809-43f6-b618-1d0396a89857,2.0000,11.7988,0.5000,2.0000,2.0000,0.0000,0.4231
c8403da2-d968-494c-bbbe-bc7855b370ab,ccfc5874-fe2c-4d37-ab22-2f8deae33eae,2.0000,10.5193,0.5000,2.0000,2.0000,0.6667,0.3478
c8403da2-d968-494c-bbbe-bc7855b370ab,2b35aae8-7d5a-4e25-bd0b-8ae554405fa5,0.0000,4.2627,1.0000,0.0000,0.0000,0.0000,0.0000
c8403da2-d968-494c-bbbe-bc7855b370ab,642ee07e-29b6-45a7-9826-aa2f8e6f6fda,2.0000,5.5314,0.5000,2.0000,2.0000,0.0000,0.4000
c8403da2-d968-494c-bbbe-bc7855b370ab,18f05cad-c4a5-45a2-afda-2c6693684b81,0.0000,12.8263,1.0000,0.0000,0.0000,0.6667,0.0625
c8403da2-d968-494c-bbbe-bc7855b370ab,6db16bc6-1a3a-47dc-9b2e-e489ff3a30d3,2.0000,9.4819,0.5000,2.0000,2.0000,0.6667,0.3478
c8403da2-d968-494c-bbbe-bc7855b370ab,cf2e50ca-eb53-4a77-97c9-065f239b9c28,0.0000,15.2039,1.0000,0.0000,0.0000,0.6667,0.0000
c8403da2-d968-494c-bbbe-bc7855b370ab,2003d6e5-1b34-47a0-80b4-f960cc4d1c06,0.0000,10.5733,1.0000,0.0000,0.0000,0.0000,0.2105
c8403da2-d968-494c-bbbe-bc7855b370ab,692df9b4-47d2-48c1-8732-aa2dbd856038,0.0000,13.9366,1.0000,0.0000,0.0000,0.6667,0.2500
c8403da2-d968-494c-bbbe-bc7855b370ab,853d8cdf-bbba-40fe-bc3c-9dbf4a72e3ba,0.0000,9.9160,1.0000,0.0000,0.0000,0.0000,0.2105
c8403da2-d968-494c-bbbe-bc7855b370ab,2517b72c-41df-4f4a-a74f-4e6a4d8fb9a6,0.0000,10.4552,1.0000,0.0000,0.0000,0.0000,0.3478
c8403da2-d968-494c-bbbe-bc7855b370ab,f761d41a-5220-42bf-872b-6a75cea6e24b,0.0000,13.3927,1.0000,0.0000,0.0000,0.6667,0.0625
c8403da2-d968-494c-bbbe-bc7855b370ab,e8b9141c-9944-4c1d-beb1-2a3921ab8e1a,2.0000,9.9251,0.5000,2.0000,2.0000,0.0000,0.4444
c8403da2-d968-494c-bbbe-bc7855b370ab,ff4975cc-52b8-41ed-8a6f-c69487eab5e8,0.0000,7.9829,1.0000,0.0000,0.0000,0.0000,0.1176
c8403da2-d968-494c-bbbe-bc7855b370ab,22594200-2b3a-466f-9a4c-fc62849a043c,0.0000,8.5380,1.0000,0.0000,0.0000,0.0000,0.2500
c8403da2-d968-494c-bbbe-bc7855b370ab,76a03818-1adc-4462-a8d3-fd5cc8cde7c3,2.0000,10.4224,0.5000,2.0000,2.0000,0.6667,0.2105
c8403da2-d968-494c-bbbe-bc7855b370ab,14cbf3ff-91dd-4d34-92fe-f218d90b36a1,0.0000,9.9183,1.0000,0.0000,0.0000,0.6667,0.1176
49e59cdd-4809-43f6-b618-1d0396a89857,ccfc5874-fe2c-4d37-ab22-2f8deae33eae,0.0000,1.6721,1.0000,0.0000,0.0000,0.6667,0.1154
49e59cdd-4809-43f6-b618-1d0396a89857,2b35aae8-7d5a-4e25-bd0b-8ae554405fa5,2.0000,13.0061,0.5000,2.0000,2.0000,0.0000,0.4231
49e59cdd-4809-43f6-b618-1d0396a89857,642ee07e-29b6-45a7-9826-aa2f8e6f6fda,0.0000,10.7593,1.0000,0.0000,0.0000,0.0000,0.0385
49e59cdd-4809-43f6-b618-1d0396a89857,18f05cad-c4a5-45a2-afda-2c6693684b81,2.0000,11.6971,0.5000,2.0000,2.0000,0.6667,0.3846
49e59cdd-4809-43f6-b618-1d0396a89857,6db16bc6-1a3a-47dc-9b2e-e489ff3a30d3,0.0000,6.8166,1.0000,0.0000,0.0000,0.6667,0.1154
49e59cdd-4809-43f6-b618-1d0396a89857,cf2e50ca-eb53-4a77-97c9-065f239b9c28,2.0000,12.7576,0.5000,2.0000,2.0000,0.6667,0.4231
49e59cdd-4809-43f6-b618-1d0396a89857,2003d6e5-1b34-47a0-80b4-f960cc4d1c06,2.0000,11.7008,0.5000,2.0000,2.0000,0.0000,0.2692
49e59cdd-4809-43f6-b618-1d0396a89857,692df9b4-47d2-48c1-8732-aa2dbd856038,2.0000,7.4332,0.5000,2.0000,2.0000,0.6667,0.2308
49e59cdd-4809-43f6-b618-1d0396a89857,853d8cdf-bbba-40fe-bc3c-9dbf4a72e3ba,2.0000,13.9769,0.5000,2.0000,2.0000,0.0000,0.2692
49e59cdd-4809-43f6-b618-1d0396a89857,2517b72c-41df-4f4a-a74f-4e6a4d8fb9a6,2.0000,7.9936,0.5000,2.0000,2.0000,0.0000,0.1154
49e59cdd-4809-43f6-b618-1d0396a89857,f761d41a-5220-42bf-872b-6a75cea6e24b,2.0000,3.9927,0.5000,2.0000,2.0000,0.6667,0.3846
49e59cdd-4809-43f6-b618-1d0396a89857,e8b9141c-9944-4c1d-beb1-2a3921ab8e1a,0.0000,9.6268,1.0000,0.0000,0.0000,0.0000,0.0370
49e59cdd-4809-43f6-b618-1d0396a89857,ff4975cc-52b8-41ed-8a6f-c69487eab5e8,2.0000,12.9342,0.5000,2.0000,2.0000,0.0000,0.3462
49e59cdd-4809-43f6-b618-1d0396a89857,22594200-2b3a-466f-9a4c-fc62849a043c,2.0000,12.6261,0.5000,2.0000,2.0000,0.0000,0.2308
49e59cdd-4809-43f6-b618-1d0396a89857,76a03818-1adc-4462-a8d3-fd5cc8cde7c3,0.0000,8.3833,1.0000,0.0000,0.0000,0.6667,0.2692
49e59cdd-4809-43f6-b618-1d0396a89857,14cbf3ff-91dd-4d34-92fe-f218d90b36a1,2.0000,4.7078,0.5000,2.0000,2.0000,0.6667,0.3462
ccfc5874-fe2c-4d37-ab22-2f8deae33eae,2b35aae8-7d5a-4e25-bd0b-8ae554405fa5,2.0000,11.5522,0.5000,2.0000,2.0000,0.6667,0.3478
ccfc5874-fe2c-4d37-ab22-2f8deae33eae,642ee07e-29b6-45a7-9826-aa2f8e6f6fda,0.0000,9.7864,1.0000,0.0000,0.0000,0.6667,0.0800
ccfc5874-fe2c-4d37-ab22-2f8deae33eae,18f05cad-c4a5-45a2-afda-2c6693684b81,2.0000,11.3909,0.5000,2.0000,2.0000,0.6667,0.3043
ccfc5874-fe2c-4d37-ab22-2f8deae33eae,6db16bc6-1a3a-47dc-9b2e-e489ff3a30d3,0.0000,5.9360,1.0000,0.0000,0.0000,0.6667,0.0000
ccfc5874-fe2c-4d37-ab22-2f8deae33eae,cf2e50ca-eb53-4a77-97c9-065f239b9c28,2.0000,12.4094,0.5000,2.0000,2.0000,0.6667,0.3478
ccfc5874-fe2c-4d37-ab22-2f8deae33eae,2003d6e5-1b34-47a0-80b4-f960cc4d1c06,2.0000,10.2944,0.5000,2.0000,2.0000,0.6667,0.1739
ccfc5874-fe2c-4d37-ab22-2f8deae33eae,692df9b4-47d2-48c1-8732-aa2dbd856038,2.0000,6.9075,0.5000,2.0000,2.0000,0.0000,0.1304
ccfc5874-fe2c-4d37-ab22-2f8deae33eae,853d8cdf-bbba-40fe-bc3c-9dbf4a72e3ba,2.0000,12.7398,0.5000,2.0000,2.0000,0.6667,0.1739
ccfc5874-fe2c-4d37-ab22-2f8deae33eae,2517b72c-41df-4f4a-a74f-4e6a4d8fb9a6,2.0000,7.8005,0.5000,2.0000,2.0000,0.6667,0.0000
ccfc5874-fe2c-4d37-ab22-2f8deae33eae,f761d41a-5220-42bf-872b-6a75cea6e24b,2.0000,4.2136,0.5000,2.0000,2.0000,0.0000,0.3043
ccfc5874-fe2c-4d37-ab22-2f8deae33eae,e8b9141c-9944-4c1d-beb1-2a3921ab8e1a,0.0000,8.6496,1.0000,0.0000,0.0000,0.6667,0.1481
ccfc5874-fe2c-4d37-ab22-2f8deae33eae,ff4975cc-52b8-41ed-8a6f-c69487eab5e8,2.0000,11.4303,0.5000,2.0000,2.0000,0.6667,0.2609
ccfc5874-fe2c-4d37-ab22-2f8deae33eae,22594200-2b3a-466f-9a4c-fc62849a043c,2.0000,11.5139,0.5000,2.0000,2.0000,0.6667,0.1304
ccfc5874-fe2c-4d37-ab22-2f8deae33eae,76a03818-1adc-4462-a8d3-fd5cc8cde7c3,0.0000,7.9907,1.0000,0.0000,0.0000,0.6667,0.1739
ccfc5874-fe2c-4d37-ab22-2f8deae33eae,14cbf3ff-91dd-4d34-92fe-f218d90b36a1,2.0000,4.5976,0.5000,2.0000,2.0000,0.0000,0.2609
2b35aae8-7d5a-4e25-bd0b-8ae554405fa5,642ee07e-29b6-45a7-9826-aa2f8e6f6fda,2.0000,9.3447,0.5000,2.0000,2.0000,0.0000,0.4000
2b35aae8-7d5a-4e25-bd0b-8ae554405fa5,18f05cad-c4a5-45a2-afda-2c6693684b81,0.0000,16.5568,1.0000,0.0000,0.0000,0.6667,0.0625
2b35aae8-7d5a-4e25-bd0b-8ae554405fa5,6db16bc6-1a3a-47dc-9b2e-e489ff3a30d3,2.0000,12.9324,0.5000,2.0000,2.0000,0.6667,0.3478
2b35aae8-7d5a-4e25-bd0b-8ae554405fa5,cf2e50ca-eb53-4a77-97c9-065f239b9c28,0.0000,16.4548,1.0000,0.0000,0.0000,0.6667,0.0000
2b35aae8-7d5a-4e25-bd0b-8ae554405fa5,2003d6e5-1b34-47a0-80b4-f960cc4d1c06,0.0000,10.6189,1.0000,0.0000,0.0000,0.0000,0.2105
2b35aae8-7d5a-4e25-bd0b-8ae554405fa5,692df9b4-47d2-48c1-8732-aa2dbd856038,0.0000,14.4937,1.0000,0.0000,0.0000,0.6667,0.2500
2b35aae8-7d5a-4e25-bd0b-8ae554405fa5,853d8cdf-bbba-40fe-bc3c-9dbf4a72e3ba,0.0000,10.7679,1.0000,0.0000,0.0000,0.0000,0.2105
2b35aae8-7d5a-4e25-bd0b-8ae554405fa5,2517b72c-41df-4f4a-a74f-4e6a4d8fb9a6,0.0000,11.3358,1.0000,0.0000,0.0000,0.0000,0.3478
2b35aae8-7d5a-4e25-bd0b-8ae554405fa5,f761d41a-5220-42bf-872b-6a75cea6e24b,0.0000,14.3999,1.0000,0.0000,0.0000,0.6667,0.0625
2b35aae8-7d5a-4e25-bd0b-8ae554405fa5,e8b9141c-9944-4c1d-beb1-2a3921ab8e1a,2.0000,7.3666,0.5000,2.0000,2.0000,0.0000,0.4444
2b35aae8-7d5a-4e25-bd0b-8ae554405fa5,ff4975cc-52b8-41ed-8a6f-c69487eab5e8,0.0000,7.9049,1.0000,0.0000,0.0000,0.0000,0.1176
2b35aae8-7d5a-4e25-bd0b-8ae554405fa5,22594200-2b3a-466f-9a4c-fc62849a043c,0.0000,11.8405,1.0000,0.0000,0.0000,0.0000,0.2500
2b35aae8-7d5a-4e25-bd0b-8ae554405fa5,76a03818-1adc-4462-a8d3-fd5cc8cde7c3,2.0000,11.8033,0.5000,2.0000,2.0000,0.6667,0.2105
2b35aae8-7d5a-4e25-bd0b-8ae554405fa5,14cbf3ff-91dd-4d34-92fe-f218d90b36a1,0.0000,11.5185,1.0000,0.0000,0.0000,0.6667,0.1176
642ee07e-29b6-45a7-9826-aa2f8e6f6fda,18f05cad-c4a5-45a2-afda-2c6693684b81,2.0000,7.7302,0.5000,2.0000,2.0000,0.6667,0.3600
642ee07e-29b6-45a7-9826-aa2f8e6f6fda,6db16bc6-1a3a-47dc-9b2e-e489ff3a30d3,0.0000,8.1484,1.0000,0.0000,0.0000,0.6667,0.0800
642ee07e-29b6-45a7-9826-aa2f8e6f6fda,cf2e50ca-eb53-4a77-97c9-065f239b9c28,2.0000,9.9837,0.5000,2.0000,2.0000,0.6667,0.4000
642ee07e-29b6-45a7-9826-aa2f8e6f6fda,2003d6e5-1b34-47a0-80b4-f960cc4d1c06,2.0000,8.4662,0.5000,2.0000,2.0000,0.0000,0.2400
642ee07e-29b6-45a7-9826-aa2f8e6f6fda,692df9b4-47d2-48c1-8732-aa2dbd856038,2.0000,11.5162,0.5000,2.0000,2.0000,0.6667,0.2000
642ee07e-29b6-45a7-9826-aa2f8e6f6fda,853d8cdf-bbba-40fe-bc3c-9dbf4a72e3ba,2.0000,7.3593,0.5000,2.0000,2.0000,0.0000,0.2400
642ee07e-29b6-45a7-9826-aa2f8e6f6fda,2517b72c-41df-4f4a-a74f-4e6a4d8fb9a6,2.0000,7.9540,0.5000,2.0000,2.0000,0.0000,0.0800
642ee07e-29b6-45a7-9826-aa2f8e6f6fda,f761d41a-5220-42bf-872b-6a75cea6e24b,2.0000,11.2291,0.5000,2.0000,2.0000,0.6667,0.3600
642ee07e-29b6-45a7-9826-aa2f8e6f6fda,e8b9141c-9944-4c1d-beb1-2a3921ab8e1a,0.0000,8.2177,1.0000,0.0000,0.0000,0.0000,0.0741
642ee07e-29b6-45a7-9826-aa2f8e6f6fda,ff4975cc-52b8-41ed-8a6f-c69487eab5e8,2.0000,7.6043,0.5000,2.0000,2.0000,0.0000,0.3200
642ee07e-29b6-45a7-9826-aa2f8e6f6fda,22594200-2b3a-466f-9a4c-fc62849a043c,2.0000,5.6098,0.5000,2.0000,2.0000,0.0000,0.2000
642ee07e-29b6-45a7-9826-aa2f8e6f6fda,76a03818-1adc-4462-a8d3-fd5cc8cde7c3,0.0000,5.3453,1.0000,0.0000,0.0000,0.6667,0.2400
642ee07e-29b6-45a7-9826-aa2f8e6f6fda,14cbf3ff-91dd-4d34-92fe-f218d90b36a1,2.0000,9.9604,0.5000,2.0000,2.0000,0.6667,0.3200
18f05cad-c4a5-45a2-afda-2c6693684b81,6db16bc6-1a3a-47dc-9b2e-e489ff3a30d3,2.0000,10.2765,0.5000,2.0000,2.0000,0.0000,0.3043
18f05cad-c4a5-45a2-afda-2c6693684b81,cf2e50ca-eb53-4a77-97c9-065f239b9c28,0.0000,3.4626,1.0000,0.0000,0.0000,0.0000,0.0625
18f05cad-c4a5-45a2-afda-2c6693684b81,2003d6e5-1b34-47a0-80b4-f960cc4d1c06,0.0000,9.7133,1.0000,0.0000,0.0000,0.6667,0.1579
18f05cad-c4a5-45a2-afda-2c6693684b81,692df9b4-47d2-48c1-8732-aa2dbd856038,0.0000,9.7813,1.0000,0.0000,0.0000,0.6667,0.2000
18f05cad-c4a5-45a2-afda-2c6693684b81,853d8cdf-bbba-40fe-bc3c-9dbf4a72e3ba,0.0000,8.5944,1.0000,0.0000,0.0000,0.6667,0.1579
18f05cad-c4a5-45a2-afda-2c6693684b81,2517b72c-41df-4f4a-a74f-4e6a4d8fb9a6,0.0000,8.6303,1.0000,0.0000,0.0000,0.6667,0.3043
18f05cad-c4a5-45a2-afda-2c6693684b81,f761d41a-5220-42bf-872b-6a75cea6e24b,0.0000,8.6443,1.0000,0.0000,0.0000,0.6667,0.0000
18f05cad-c4a5-45a2-afda-2c6693684b81,e8b9141c-9944-4c1d-beb1-2a3921ab8e1a,2.0000,13.1609,0.5000,2.0000,2.0000,0.6667,0.4074
18f05cad-c4a5-45a2-afda-2c6693684b81,ff4975cc-52b8-41ed-8a6f-c69487eab5e8,0.0000,13.3804,1.0000,0.0000,0.0000,0.6667,0.0588
18f05cad-c4a5-45a2-afda-2c6693684b81,22594200-2b3a-466f-9a4c-fc62849a043c,0.0000,6.3720,1.0000,0.0000,0.0000,0.6667,0.2000
18f05cad-c4a5-45a2-afda-2c6693684b81,76a03818-1adc-4462-a8d3-fd5cc8cde7c3,2.0000,7.7467,0.5000,2.0000,2.0000,0.0000,0.1579
18f05cad-c4a5-45a2-afda-2c6693684b81,14cbf3ff-91dd-4d34-92fe-f218d90b36a1,0.0000,13.7475,1.0000,0.0000,0.0000,0.6667,0.0588
6db16bc6-1a3a-47dc-9b2e-e489ff3a30d3,cf2e50ca-eb53-4a77-97c9-065f239b9c28,2.0000,11.7510,0.5000,2.0000,2.0000,0.0000,0.3478
6db16bc6-1a3a-47dc-9b2e-e489ff3a30d3,2003d6e5-1b34-47a0-80b4-f960cc4d1c06,2.0000,10.9985,0.5000,2.0000,2.0000,0.6667,0.1739
6db16bc6-1a3a-47dc-9b2e-e489ff3a30d3,692df9b4-47d2-48c1-8732-aa2dbd856038,2.0000,6.8559,0.5000,2.0000,2.0000,0.6667,0.1304
6db16bc6-1a3a-47dc-9b2e-e489ff3a30d3,853d8cdf-bbba-40fe-bc3c-9dbf4a72e3ba,2.0000,9.7456,0.5000,2.0000,2.0000,0.6667,0.1739
6db16bc6-1a3a-47dc-9b2e-e489ff3a30d3,2517b72c-41df-4f4a-a74f-4e6a4d8fb9a6,2.0000,13.3485,0.5000,2.0000,2.0000,0.6667,0.0000
6db16bc6-1a3a-47dc-9b2e-e489ff3a30d3,f761d41a-5220-42bf-872b-6a75cea6e24b,2.0000,9.5187,0.5000,2.0000,2.0000,0.6667,0.3043
6db16bc6-1a3a-47dc-9b2e-e489ff3a30d3,e8b9141c-9944-4c1d-beb1-2a3921ab8e1a,0.0000,7.5641,1.0000,0.0000,0.0000,0.6667,0.1481
6db16bc6-1a3a-47dc-9b2e-e489ff3a30d3,ff4975cc-52b8-41ed-8a6f-c69487eab5e8,2.0000,12.1780,0.5000,2.0000,2.0000,0.6667,0.2609
6db16bc6-1a3a-47dc-9b2e-e489ff3a30d3,22594200-2b3a-466f-9a4c-fc62849a043c,2.0000,7.5196,0.5000,2.0000,2.0000,0.6667,0.1304
6db16bc6-1a3a-47dc-9b2e-e489ff3a30d3,76a03818-1adc-4462-a8d3-fd5cc8cde7c3,0.0000,10.9480,1.0000,0.0000,0.0000,0.0000,0.1739
6db16bc6-1a3a-47dc-9b2e-e489ff3a30d3,14cbf3ff-91dd-4d34-92fe-f218d90b36a1,2.0000,7.7769,0.5000,2.0000,2.0000,0.6667,0.2609
cf2e50ca-eb53-4a77-97c9-065f239b9c28,2003d6e5-1b34-47a0-80b4-f960cc4d1c06,0.0000,11.2766,1.0000,0.0000,0.0000,0.6667,0.2105
cf2e50ca-eb53-4a77-97c9-065f239b9c28,692df9b4-47d2-48c1-8732-aa2dbd856038,0.0000,9.8230,1.0000,0.0000,0.0000,0.6667,0.2500
cf2e50ca-eb53-4a77-97c9-065f239b9c28,853d8cdf-bbba-40fe-bc3c-9dbf4a72e3ba,0.0000,8.1151,1.0000,0.0000,0.0000,0.6667,0.2105
cf2e50ca-eb53-4a77-97c9-065f239b9c28,2517b72c-41df-4f4a-a74f-4e6a4d8fb9a6,0.0000,10.8054,1.0000,0.0000,0.0000,0.6667,0.3478
cf2e50ca-eb53-4a77-97c9-065f239b9c28,f761d41a-5220-42bf-872b-6a75cea6e24b,0.0000,9.2982,1.0000,0.0000,0.0000,0.6667,0.0625
cf2e50ca-eb53-4a77-97c9-065f239b9c28,e8b9141c-9944-4c1d-beb1-2a3921ab8e1a,2.0000,12.1730,0.5000,2.0000,2.0000,0.6667,0.4444
cf2e50ca-eb53-4a77-97c9-065f239b9c28,ff4975cc-52b8-41ed-8a6f-c69487eab5e8,0.0000,14.8871,1.0000,0.0000,0.0000,0.6667,0.1176
cf2e50ca-eb53-4a77-97c9-065f239b9c28,22594200-2b3a-466f-9a4c-fc62849a043c,0.0000,8.7051,1.0000,0.0000,0.0000,0.6667,0.2500
cf2e50ca-eb53-4a77-97c9-065f239b9c28,76a03818-1adc-4462-a8d3-fd5cc8cde7c3,2.0000,9.6423,0.5000,2.0000,2.0000,0.0000,0.2105
cf2e50ca-eb53-4a77-97c9-065f239b9c28,14cbf3ff-91dd-4d34-92fe-f218d90b36a1,0.0000,15.1760,1.0000,0.0000,0.0000,0.6667,0.1176
2003d6e5-1b34-47a0-80b4-f960cc4d1c06,692df9b4-47d2-48c1-8732-aa2dbd856038,0.0000,7.8963,1.0000,0.0000,0.0000,0.6667,0.0500
2003d6e5-1b34-47a0-80b4-f960cc4d1c06,853d8cdf-bbba-40fe-bc3c-9dbf4a72e3ba,0.0000,3.4358,1.0000,0.0000,0.0000,0.0000,0.0000
2003d6e5-1b34-47a0-80b4-f960cc4d1c06,2517b72c-41df-4f4a-a74f-4e6a4d8fb9a6,0.0000,3.8071,1.0000,0.0000,0.0000,0.0000,0.1739
2003d6e5-1b34-47a0-80b4-f960cc4d1c06,f761d41a-5220-42bf-872b-6a75cea6e24b,0.0000,10.2579,1.0000,0.0000,0.0000,0.6667,0.1579
2003d6e5-1b34-47a0-80b4-f960cc4d1c06,e8b9141c-9944-4c1d-beb1-2a3921ab8e1a,2.0000,7.9514,0.5000,2.0000,2.0000,0.0000,0.2963
2003d6e5-1b34-47a0-80b4-f960cc4d1c06,ff4975cc-52b8-41ed-8a6f-c69487eab5e8,0.0000,4.4112,1.0000,0.0000,0.0000,0.0000,0.1053
2003d6e5-1b34-47a0-80b4-f960cc4d1c06,22594200-2b3a-466f-9a4c-fc62849a043c,0.0000,3.9851,1.0000,0.0000,0.0000,0.0000,0.0500
2003d6e5-1b34-47a0-80b4-f960cc4d1c06,76a03818-1adc-4462-a8d3-fd5cc8cde7c3,2.0000,7.6267,0.5000,2.0000,2.0000,0.6667,0.0000
2003d6e5-1b34-47a0-80b4-f960cc4d1c06,14cbf3ff-91dd-4d34-92fe-f218d90b36a1,0.0000,13.3465,1.0000,0.0000,0.0000,0.6667,0.1053
692df9b4-47d2-48c1-8732-aa2dbd856038,853d8cdf-bbba-40fe-bc3c-9dbf4a72e3ba,0.0000,10.2455,1.0000,0.0000,0.0000,0.6667,0.0500
692df9b4-47d2-48c1-8732-aa2dbd856038,2517b72c-41df-4f4a-a74f-4e6a4d8fb9a6,0.0000,10.6708,1.0000,0.0000,0.0000,0.6667,0.1304
692df9b4-47d2-48c1-8732-aa2dbd856038,f761d41a-5220-42bf-872b-6a75cea6e24b,0.0000,4.1244,1.0000,0.0000,0.0000,0.0000,0.2000
692df9b4-47d2-48c1-8732-aa2dbd856038,e8b9141c-9944-4c1d-beb1-2a3921ab8e1a,2.0000,8.5568,0.5000,2.0000,2.0000,0.6667,0.2593
692df9b4-47d2-48c1-8732-aa2dbd856038,ff4975cc-52b8-41ed-8a6f-c69487eab5e8,0.0000,10.8655,1.0000,0.0000,0.0000,0.6667,0.1500
692df9b4-47d2-48c1-8732-aa2dbd856038,22594200-2b3a-466f-9a4c-fc62849a043c,0.0000,8.7714,1.0000,0.0000,0.0000,0.6667,0.0000
692df9b4-47d2-48c1-8732-aa2dbd856038,76a03818-1adc-4462-a8d3-fd5cc8cde7c3,2.0000,8.8350,0.5000,2.0000,2.0000,0.6667,0.0500
692df9b4-47d2-48c1-8732-aa2dbd856038,14cbf3ff-91dd-4d34-92fe-f218d90b36a1,0.0000,11.0474,1.0000,0.0000,0.0000,0.0000,0.1500
853d8cdf-bbba-40fe-bc3c-9dbf4a72e3ba,2517b72c-41df-4f4a-a74f-4e6a4d8fb9a6,0.0000,6.1872,1.0000,0.0000,0.0000,0.0000,0.1739
853d8cdf-bbba-40fe-bc3c-9dbf4a72e3ba,f761d41a-5220-42bf-872b-6a75cea6e24b,0.0000,12.6420,1.0000,0.0000,0.0000,0.6667,0.1579
853d8cdf-bbba-40fe-bc3c-9dbf4a72e3ba,e8b9141c-9944-4c1d-beb1-2a3921ab8e1a,2.0000,8.1350,0.5000,2.0000,2.0000,0.0000,0.2963
853d8cdf-bbba-40fe-bc3c-9dbf4a72e3ba,ff4975cc-52b8-41ed-8a6f-c69487eab5e8,0.0000,7.1664,1.0000,0.0000,0.0000,0.0000,0.1053
853d8cdf-bbba-40fe-bc3c-9dbf4a72e3ba,22594200-2b3a-466f-9a4c-fc62849a043c,0.0000,2.6189,1.0000,0.0000,0.0000,0.0000,0.0500
853d8cdf-bbba-40fe-bc3c-9dbf4a72e3ba,76a03818-1adc-4462-a8d3-fd5cc8cde7c3,2.0000,9.7327,0.5000,2.0000,2.0000,0.6667,0.0000
853d8cdf-bbba-40fe-bc3c-9dbf4a72e3ba,14cbf3ff-91dd-4d34-92fe-f218d90b36a1,0.0000,14.7041,1.0000,0.0000,0.0000,0.6667,0.1053
2517b72c-41df-4f4a-a74f-4e6a4d8fb9a6,f761d41a-5220-42bf-872b-6a75cea6e24b,0.0000,6.8100,1.0000,0.0000,0.0000,0.6667,0.3043
2517b72c-41df-4f4a-a74f-4e6a4d8fb9a6,e8b9141c-9944-4c1d-beb1-2a3921ab8e1a,2.0000,11.0104,0.5000,2.0000,2.0000,0.0000,0.1481
2517b72c-41df-4f4a-a74f-4e6a4d8fb9a6,ff4975cc-52b8-41ed-8a6f-c69487eab5e8,0.0000,7.2528,1.0000,0.0000,0.0000,0.0000,0.2609
2517b72c-41df-4f4a-a74f-4e6a4d8fb9a6,22594200-2b3a-466f-9a4c-fc62849a043c,0.0000,6.5220,1.0000,0.0000,0.0000,0.0000,0.1304
2517b72c-41df-4f4a-a74f-4e6a4d8fb9a6,76a03818-1adc-4462-a8d3-fd5cc8cde7c3,2.0000,6.6216,0.5000,2.0000,2.0000,0.6667,0.1739
2517b72c-41df-4f4a-a74f-4e6a4d8fb9a6,14cbf3ff-91dd-4d34-92fe-f218d90b36a1,0.0000,9.8458,1.0000,0.0000,0.0000,0.6667,0.2609
f761d41a-5220-42bf-872b-6a75cea6e24b,e8b9141c-9944-4c1d-beb1-2a3921ab8e1a,2.0000,10.9645,0.5000,2.0000,2.0000,0.6667,0.4074
f761d41a-5220-42bf-872b-6a75cea6e24b,ff4975cc-52b8-41ed-8a6f-c69487eab5e8,0.0000,12.8650,1.0000,0.0000,0.0000,0.6667,0.0588
f761d41a-5220-42bf-872b-6a75cea6e24b,22594200-2b3a-466f-9a4c-fc62849a043c,0.0000,11.2605,1.0000,0.0000,0.0000,0.6667,0.2000
f761d41a-5220-42bf-872b-6a75cea6e24b,76a03818-1adc-4462-a8d3-fd5cc8cde7c3,2.0000,7.8494,0.5000,2.0000,2.0000,0.6667,0.1579
f761d41a-5220-42bf-872b-6a75cea6e24b,14cbf3ff-91dd-4d34-92fe-f218d90b36a1,0.0000,7.6382,1.0000,0.0000,0.0000,0.0000,0.0588
e8b9141c-9944-4c1d-beb1-2a3921ab8e1a,ff4975cc-52b8-41ed-8a6f-c69487eab5e8,2.0000,8.0834,0.5000,2.0000,2.0000,0.0000,0.3704
e8b9141c-9944-4c1d-beb1-2a3921ab8e1a,22594200-2b3a-466f-9a4c-fc62849a043c,2.0000,8.2511,0.5000,2.0000,2.0000,0.0000,0.2593
e8b9141c-9944-4c1d-beb1-2a3921ab8e1a,76a03818-1adc-4462-a8d3-fd5cc8cde7c3,0.0000,8.1122,1.0000,0.0000,0.0000,0.6667,0.2963
e8b9141c-9944-4c1d-beb1-2a3921ab8e1a,14cbf3ff-91dd-4d34-92fe-f218d90b36a1,2.0000,10.9943,0.5000,2.0000,2.0000,0.6667,0.3704
ff4975cc-52b8-41ed-8a6f-c69487eab5e8,22594200-2b3a-466f-9a4c-fc62849a043c,0.0000,7.3304,1.0000,0.0000,0.0000,0.0000,0.1500
ff4975cc-52b8-41ed-8a6f-c69487eab5e8,76a03818-1adc-4462-a8d3-fd5cc8cde7c3,2.0000,8.3394,0.5000,2.0000,2.0000,0.6667,0.1053
ff4975cc-52b8-41ed-8a6f-c69487eab5e8,14cbf3ff-91dd-4d34-92fe-f218d90b36a1,0.0000,13.0565,1.0000,0.0000,0.0000,0.6667,0.0000
22594200-2b3a-466f-9a4c-fc62849a043c,76a03818-1adc-4462-a8d3-fd5cc8cde7c3,2.0000,7.9134,0.5000,2.0000,2.0000,0.6667,0.0500
22594200-2b3a-466f-9a4c-fc62849a043c,14cbf3ff-91dd-4d34-92fe-f218d90b36a1,0.0000,13.5292,1.0000,0.0000,0.0000,0.6667,0.1500
76a03818-1adc-4462-a8d3-fd5cc8cde7c3,14cbf3ff-91dd-4d34-92fe-f218d90b36a1,2.0000,9.9982,0.5000,2.0000,2.0000,0.6667,0.1053
