scenarioId_A,scenarioId_B,graphEditDistance,entityPositionDistance,jaccardRoomConnectivity,roleDistributionDistance,depthProfileDistance,doorStateDistance,furnitureCountDistance
02d6be08-bf98-4287-89dc-2d78be6dcd38,d4f1fbad-ce0d-486b-87bd-775511c1244e,2.0000,11.3633,0.5000,2.0000,2.0000,0.0000,0.1538
02d6be08-bf98-4287-89dc-2d78be6dcd38,b745a1cd-1b79-4279-8f07-6e70fdb52328,2.0000,8.6237,0.5000,2.0000,2.0000,0.0000,0.2692
02d6be08-bf98-4287-89dc-2d78be6dcd38,18965103-6853-40c2-9492-80318d19aea5,2.0000,11.0516,0.5000,2.0000,2.0000,0.0000,0.1923
02d6be08-bf98-4287-89dc-2d78be6dcd38,0828bdb4-f0be-448b-b61d-3f608eebf402,0.0000,12.0586,1.0000,0.0000,0.0000,0.6667,0.0000
02d6be08-bf98-4287-89dc-2d78be6dcd38,92fe4406-59d6-47a8-8d84-bc9fac1e4e6c,0.0000,10.4486,1.0000,0.0000,0.0000,0.6667,0.0714
02d6be08-bf98-4287-89dc-2d78be6dcd38,1beb711d-2dab-45cf-8744-5cf732abf09e,2.0000,9.8277,0.5000,2.0000,2.0000,0.6667,0.1154
02d6be08-bf98-4287-89dc-2d78be6dcd38,48135ce9-51a1-4054-9e53-664c69be3269,2.0000,13.3043,0.5000,2.0000,2.0000,0.6667,0.1923
02d6be08-bf98-4287-89dc-2d78be6dcd38,9974adb1-840e-4c12-8c5a-99d4269979d6,0.0000,7.6542,1.0000,0.0000,0.0000,0.0000,0.2121
02d6be08-bf98-4287-89dc-2d78be6dcd38,ad8a568c-ec19-4a05-b3eb-85be21135da3,2.0000,11.4842,0.5000,2.0000,2.0000,0.0000,0.1154
02d6be08-bf98-4287-89dc-2d78be6dcd38,6e976f21-ce6b-4769-84a4-193506c56632,0.0000,3.5914,1.0000,0.0000,0.0000,0.0000,0.1875
02d6be08-bf98-4287-89dc-2d78be6dcd38,11af1cdc-2f2d-4cc9-ab31-144a23730f0d,0.0000,7.7804,1.0000,0.0000,0.0000,0.6667,0.0000
02d6be08-bf98-4287-89dc-2d78be6dcd38,2657869e-d306-41aa-9b22-a9395bdba806,0.0000,7.7858,1.0000,0.0000,0.0000,0.0000,0.0370
02d6be08-bf98-4287-89dc-2d78be6dcd38,1fd8f017-3535-49a1-8c07-2d6c4cd162ba,2.0000,10.3101,0.5000,2.0000,2.0000,0.0000,0.1154
02d6be08-bf98-4287-89dc-2d78be6dcd38,1a6422cc-3f8c-47bb-b341-085a1a0c0216,0.0000,8.6287,1.0000,0.0000,0.0000,0.0000,0.0000
02d6be08-bf98-4287-89dc-2d78be6dcd38,646a92fa-ec4e-4160-9c74-9e6fd4db9e55,0.0000,5.8685,1.0000,0.0000,0.0000,0.6667,0.1613
02d6be08-bf98-4287-89dc-2d78be6dcd38,ca6baa77-10f8-432a-bafc-c850551c8f78,0.0000,9.7562,1.0000,0.0000,0.0000,0.0000,0.1034
02d6be08-bf98-4287-89dc-2d78be6dcd38,592ee7ca-1e74-47ad-87ee-001a1ea7d7c8,2.0000,8.4608,0.5000,2.0000,2.0000,0.6667,0.2692
02d6be08-bf98-4287-89dc-2d78be6dcd38,64fbe5ce-1bef-4931-b014-c33d9e5a2054,2.0000,12.6532,0.5000,2.0000,2.0000,0.0000,0.1538
02d6be08-bf98-4287-89dc-2d78be6dcd38,bd16aa67-95d6-4d37-814f-48a6e42f8f31,2.0000,7.0514,0.5000,2.0000,2.0000,0.0000,0.0385
02d6be08-bf98-4287-89dc-2d78be6dcd38,5ea95498-2879-4306-a2bc-f1d88d018de4,2.0000,6.2390,0.5000,2.0000,2.0000,0.6667,0.2308
02d6be08-bf98-4287-89dc-2d78be6dcd38,c8084389-f635-4f4c-adf4-b23f38248ee9,0.0000,9.1891,1.0000,0.0000,0.0000,0.6667,0.1333
02d6be08-bf98-4287-89dc-2d78be6dcd38,11b4879c-a825-4a4b-902b-f821672b9927,0.0000,9.0852,1.0000,0.0000,0.0000,0.6667,0.0370
02d6be08-bf98-4287-89dc-2d78be6dcd38,e19561ae-403a-4d73-bdb8-ca197e40b836,2.0000,5.0314,0.5000,2.0000,2.0000,0.6667,0.1923
02d6be08-bf98-4287-89dc-2d78be6dcd38,8b65a0a2-23de-40ad-97ec-d7a7117c8020,2.0000,11.1106,0.5000,2.0000,2.0000,0.0000,0.1154
02d6be08-bf98-4287-89dc-2d78be6dcd38,fb457f02-79d9-4cd8-80c1-1a4cd76d2d60,2.0000,11.3798,0.5000,2.0000,2.0000,0.0000,0.0769
02d6be08-bf98-4287-89dc-2d78be6dcd38,d92b4620-3913-44fe-852a-67ddc3c13b36,0.0000,2.9138,1.0000,0.0000,0.0000,0.6667,0.0370
02d6be08-bf98-4287-89dc-2d78be6dcd38,76dd5051-efcd-4750-8788-d0043750910f,0.0000,7.5853,1.0000,0.0000,0.0000,0.6667,0.0000
02d6be08-bf98-4287-89dc-2d78be6dcd38,ea1f80f0-62f3-4852-85b2-4f9c324b26a2,0.0000,9.8674,1.0000,0.0000,0.0000,0.6667,0.0370
02d6be08-bf98-4287-89dc-2d78be6dcd38,5b372c89-6d70-4276-a9fe-d4a9ffe9e0af,2.0000,12.6209,0.5000,2.0000,2.0000,0.0000,0.2308
02d6be08-bf98-4287-89dc-2d78be6dcd38,eb0958ef-c187-4392-95d9-d703217e20f2,2.0000,11.7943,0.5000,2.0000,2.0000,0.0000,0.1154
02d6be08-bf98-4287-89dc-2d78be6dcd38,d600c8fd-02b9-442e-94a7-8cfcfd0902e5,2.0000,12.0823,0.5000,2.0000,2.0000,0.6667,0.0385
02d6be08-bf98-4287-89dc-2d78be6dcd38,d43a4529-c3d6-47a7-bf16-51d83c463e35,0.0000,7.8646,1.0000,0.0000,0.0000,0.0000,0.0714
02d6be08-bf98-4287-89dc-2d78be6dcd38,8b912a7e-96de-4da8-a91d-f1ddafa36f9b,2.0000,12.4692,0.5000,2.0000,2.0000,0.6667,0.1923
02d6be08-bf98-4287-89dc-2d78be6dcd38,637d55e6-25d5-43aa-95e1-e71da53b4a65,0.0000,3.6959,1.0000,0.0000,0.0000,0.6667,0.1034
02d6be08-bf98-4287-89dc-2d78be6dcd38,7a051738-24d2-4d72-bbfa-9f81c092b5d4,0.0000,9.0545,1.0000,0.0000,0.0000,0.6667,0.0000
02d6be08-bf98-4287-89dc-2d78be6dcd38,0fcb9700-df04-4531-a3d8-d6169f91eae5,2.0000,9.3712,0.5000,2.0000,2.0000,0.6667,0.0385
02d6be08-bf98-4287-89dc-2d78be6dcd38,e3cd235f-f77c-4448-8fe5-62434f6ef801,2.0000,12.7795,0.5000,2.0000,2.0000,0.6667,0.1923
02d6be08-bf98-4287-89dc-2d78be6dcd38,d84d6202-1b0d-494e-83aa-282623351558,2.0000,11.3923,0.5000,2.0000,2.0000,0.0000,0.0769
02d6be08-bf98-4287-89dc-2d78be6dcd38,fb3bb871-3382-43a6-86cf-25862db66608,0.0000,7.7725,1.0000,0.0000,0.0000,0.6667,0.1034
02d6be08-bf98-4287-89dc-2d78be6dcd38,8b2ba48c-dea4-4586-8cdd-81d2a8b1aa73,2.0000,7.0690,0.5000,2.0000,2.0000,0.6667,0.1538
02d6be08-bf98-4287-89dc-2d78be6dcd38,b590db6d-3092-4a48-a3cd-8b3828f6fd97,2.0000,12.2505,0.5000,2.0000,2.0000,0.0000,0.1923
02d6be08-bf98-4287-89dc-2d78be6dcd38,1079305f-65fb-473e-9658-e7251b0824be,2.0000,11.0415,0.5000,2.0000,2.0000,0.6667,0.3077
02d6be08-bf98-4287-89dc-2d78be6dcd38,efdea335-b7fb-4a9f-b55c-05e6f649b42f,0.0000,6.0848,1.0000,0.0000,0.0000,0.6667,0.0370
02d6be08-bf98-4287-89dc-2d78be6dcd38,2a753e87-dc5b-4f7e-8441-59141fcc0cb2,2.0000,10.5446,0.5000,2.0000,2.0000,0.0000,0.0769
02d6be08-bf98-4287-89dc-2d78be6dcd38,09ce3282-4e7d-43e3-aad0-d8ba479e152e,2.0000,10.3048,0.5000,2.0000,2.0000,0.6667,0.1923
02d6be08-bf98-4287-89dc-2d78be6dcd38,130e102a-345e-41bc-8c2b-f9eddef31bd5,2.0000,11.0300,0.5000,2.0000,2.0000,0.6667,0.0769
02d6be08-bf98-4287-89dc-2d78be6dcd38,9ded00ab-0866-4032-92bf-5dc8fdc4d243,0.0000,5.5045,1.0000,0.0000,0.0000,0.6667,0.0769
02d6be08-bf98-4287-89dc-2d78be6dcd38,5d4d9a94-6aaa-4bbe-b639-a0eeb4e1c088,0.0000,8.1635,1.0000,0.0000,0.0000,0.6667,0.0714
02d6be08-bf98-4287-89dc-2d78be6dcd38,a8c5b81e-599a-4ed1-901b-356d1fc94e84,2.0000,12.0369,0.5000,2.0000,2.0000,0.6667,0.2308
02d6be08-bf98-4287-89dc-2d78be6dcd38,f19250f3-e0cf-4ebf-b106-1c75855eb8ed,2.0000,11.4089,0.5000,2.0000,2.0000,0.6667,0.0769
02d6be08-bf98-4287-89dc-2d78be6dcd38,6482a7eb-8182-43d4-8df9-1ad15f5bbf5d,0.0000,8.6365,1.0000,0.0000,0.0000,0.6667,0.0385
02d6be08-bf98-4287-89dc-2d78be6dcd38,5e5e895e-dd66-4fb6-a1d2-04f02c760fd8,2.0000,9.6691,0.5000,2.0000,2.0000,0.6667,0.1154
02d6be08-bf98-4287-89dc-2d78be6dcd38,ff1bb715-41ad-4a24-a31e-499bba5e889a,2.0000,9.1791,0.5000,2.0000,2.0000,0.6667,0.1154
02d6be08-bf98-4287-89dc-2d78be6dcd38,9fd672d7-152c-423e-af51-4b14f62db78f,2.0000,6.1763,0.5000,2.0000,2.0000,0.0000,0.2308
02d6be08-bf98-4287-89dc-2d78be6dcd38,0c07cbfe-8089-4618-8ea2-9d49c5c7676f,0.0000,8.0226,1.0000,0.0000,0.0000,0.6667,0.0385
02d6be08-bf98-4287-89dc-2d78be6dcd38,2db915b4-b287-4d07-8d78-0d79e2b715e6,2.0000,11.9149,0.5000,2.0000,2.0000,0.0000,0.2308
02d6be08-bf98-4287-89dc-2d78be6dcd38,1041fa72-e598-4a46-9d90-bbdb1a8c8cfa,2.0000,12.7489,0.5000,2.0000,2.0000,0.0000,0.3077
02d6be08-bf98-4287-89dc-2d78be6dcd38,e2678857-49ff-42d1-9649-47b147a8ed3e,0.0000,8.8520,1.0000,0.0000,0.0000,0.0000,0.0370
02d6be08-bf98-4287-89dc-2d78be6dcd38,0b2085d3-0fbc-4351-845e-5d9bccda34e5,2.0000,12.4668,0.5000,2.0000,2.0000,0.0000,0.1154
02d6be08-bf98-4287-89dc-2d78be6dcd38,0abcffc0-2fc7-4385-a82f-bbe80bfd51ae,2.0000,9.0386,0.5000,2.0000,2.0000,0.0000,0.1154
02d6be08-bf98-4287-89dc-2d78be6dcd38,d54c73cc-cc77-415e-aeff-dd22604f13cf,2.0000,12.8388,0.5000,2.0000,2.0000,0.0000,0.2308
02d6be08-bf98-4287-89dc-2d78be6dcd38,09bf266d-b272-4968-9251-ab34779e8344,2.0000,11.3858,0.5000,2.0000,2.0000,0.6667,0.0000
02d6be08-bf98-4287-89dc-2d78be6dcd38,b336cd79-f2f6-4913-b922-d1061f5fb2e1,2.0000,10.1372,0.5000,2.0000,2.0000,0.0000,0.1154
02d6be08-bf98-4287-89dc-2d78be6dcd38,c6e27378-0b9e-4d40-9dbf-057217176282,2.0000,11.3052,0.5000,2.0000,2.0000,0.0000,0.1154
02d6be08-bf98-4287-89dc-2d78be6dcd38,d9267fd4-495d-4d11-843c-cedddfeddabf,2.0000,10.7381,0.5000,2.0000,2.0000,0.6667,0.1923
02d6be08-bf98-4287-89dc-2d78be6dcd38,8dfa57b2-e8b0-4a9a-b5b6-86dc84f15e30,0.0000,2.7459,1.0000,0.0000,0.0000,0.6667,0.0714
02d6be08-bf98-4287-89dc-2d78be6dcd38,d9fa51da-ab2b-411c-a41b-ce2b5c23473b,2.0000,7.7682,0.5000,2.0000,2.0000,0.0000,0.1154
02d6be08-bf98-4287-89dc-2d78be6dcd38,4895c953-8e9a-4e62-b308-61d0f4106e69,2.0000,13.0983,0.5000,2.0000,2.0000,0.0000,0.1154
02d6be08-bf98-4287-89dc-2d78be6dcd38,c95936f5-0096-4c43-a2a2-4cc7a9b26504,0.0000,9.2372,1.0000,0.0000,0.0000,0.0000,0.0385
02d6be08-bf98-4287-89dc-2d78be6dcd38,535f130b-68ff-4463-83b0-d04785999fbb,2.0000,11.8140,0.5000,2.0000,2.0000,0.6667,0.2308
02d6be08-bf98-4287-89dc-2d78be6dcd38,5c952de4-19c5-4324-b3f4-48b0c2169833,2.0000,10.1717,0.5000,2.0000,2.0000,0.0000,0.1154
02d6be08-bf98-4287-89dc-2d78be6dcd38,ced92f16-312a-4b19-addf-523cfefee6c7,2.0000,8.0316,0.5000,2.0000,2.0000,0.0000,0.0000
02d6be08-bf98-4287-89dc-2d78be6dcd38,a11c3bca-9343-4869-8c77-38e616536f5e,2.0000,10.4451,0.5000,2.0000,2.0000,0.0000,0.2308
02d6be08-bf98-4287-89dc-2d78be6dcd38,110b5c81-0d3f-40bb-bc0d-cd4c327ce925,0.0000,8.5884,1.0000,0.0000,0.0000,0.6667,0.0370
02d6be08-bf98-4287-89dc-2d78be6dcd38,80481175-af46-455a-8bef-0c682e4c0cb6,0.0000,5.0535,1.0000,0.0000,0.0000,0.0000,0.0370
02d6be08-bf98-4287-89dc-2d78be6dcd38,422a1c98-ae36-47b0-8890-a8295b6cd85c,0.0000,7.6499,1.0000,0.0000,0.0000,0.6667,0.0385
02d6be08-bf98-4287-89dc-2d78be6dcd38,51d9466b-1ba9-4646-8257-1d21cb2ed954,0.0000,8.1563,1.0000,0.0000,0.0000,0.0000,0.0370
02d6be08-bf98-4287-89dc-2d78be6dcd38,03e8c72b-9c28-43b3-a50c-ba09195e3e3c,2.0000,9.1265,0.5000,2.0000,2.0000,0.6667,0.1538
02d6be08-bf98-4287-89dc-2d78be6dcd38,cf9b7960-9d27-4554-a98d-f1fa9bb1a5ca,0.0000,6.9275,1.0000,0.0000,0.0000,0.6667,0.1875
02d6be08-bf98-4287-89dc-2d78be6dcd38,bf0dfd9e-5489-4b04-ae78-ba2facc60792,2.0000,10.0492,0.5000,2.0000,2.0000,0.6667,0.1538
02d6be08-bf98-4287-89dc-2d78be6dcd38,4f2e86c2-4b73-47fc-bf83-31eb686d4ad0,2.0000,10.7467,0.5000,2.0000,2.0000,0.6667,0.1923
02d6be08-bf98-4287-89dc-2d78be6dcd38,ddd56f00-e94c-4f73-bc24-d6538d02d76f,0.0000,8.5254,1.0000,0.0000,0.0000,0.6667,0.1333
02d6be08-bf98-4287-89dc-2d78be6dcd38,67351bd4-8ebd-4ac5-b552-24308cef799f,0.0000,8.0070,1.0000,0.0000,0.0000,0.0000,0.0714
02d6be08-bf98-4287-89dc-2d78be6dcd38,7d591389-70df-411c-93e7-2948d4c04738,2.0000,8.4687,0.5000,2.0000,2.0000,0.0000,0.2308
02d6be08-bf98-4287-89dc-2d78be6dcd38,91fd5a9f-0848-4551-a1a2-9689a4125830,2.0000,6.9216,0.5000,2.0000,2.0000,0.0000,0.0714
02d6be08-bf98-4287-89dc-2d78be6dcd38,ae6b3203-494b-4066-b0ba-b923b393bced,2.0000,13.5758,0.5000,2.0000,2.0000,0.6667,0.1538
02d6be08-bf98-4287-89dc-2d78be6dcd38,4b0f1708-0377-46ec-b3a4-cc53fe72fcc8,2.0000,9.9338,0.5000,2.0000,2.0000,0.6667,0.1538
02d6be08-bf98-4287-89dc-2d78be6dcd38,17101d7a-983e-469a-82f0-3dbd27b59660,0.0000,7.3573,1.0000,0.0000,0.0000,0.0000,0.1034
02d6be08-bf98-4287-89dc-2d78be6dcd38,6c2f7b68-d439-46b0-b6c2-111ae90e59be,0.0000,10.8585,1.0000,0.0000,0.0000,0.6667,0.0714
02d6be08-bf98-4287-89dc-2d78be6dcd38,b07b0e33-0c1e-489d-8b69-aa1b4ae8d2ad,2.0000,10.5371,0.5000,2.0000,2.0000,0.6667,0.3462
02d6be08-bf98-4287-89dc-2d78be6dcd38,cb93662e-0aed-4f56-9500-1e7f2e128287,0.0000,10.1596,1.0000,0.0000,0.0000,0.6667,0.0370
02d6be08-bf98-4287-89dc-2d78be6dcd38,5c581ce7-7a4b-4fd5-86a2-16c83a3a7b68,2.0000,9.4653,0.5000,2.0000,2.0000,0.6667,0.1923
02d6be08-bf98-4287-89dc-2d78be6dcd38,f2deb05a-d512-48f4-b641-59e526831230,2.0000,11.7269,0.5000,2.0000,2.0000,0.6667,0.2692
02d6be08-bf98-4287-89dc-2d78be6dcd38,2908d1db-866e-4631-a655-8ac0a0da0e28,0.0000,9.0614,1.0000,0.0000,0.0000,0.6667,0.1333
02d6be08-bf98-4287-89dc-2d78be6dcd38,4481c909-2f78-4205-8334-e27d27305642,0.0000,5.3191,1.0000,0.0000,0.0000,0.6667,0.0000
02d6be08-bf98-4287-89dc-2d78be6dcd38,d450f16e-59ec-490a-8ce7-7968e10dd065,0.0000,3.6925,1.0000,0.0000,0.0000,0.6667,0.0714
02d6be08-bf98-4287-89dc-2d78be6dcd38,51625cea-8af7-4dca-9b2d-17750e3831ea,2.0000,11.5905,0.5000,2.0000,2.0000,0.0000,0.1538
02d6be08-bf98-4287-89dc-2d78be6dcd38,bb080865-5184-4114-942e-0a1b314c8016,2.0000,10.8107,0.5000,2.0000,2.0000,0.0000,0.1154
02d6be08-bf98-4287-89dc-2d78be6dcd38,8b354a1d-b301-4cd1-b271-878ba45ed85f,2.0000,11.4418,0.5000,2.0000,2.0000,0.0000,0.1923
d4f1fbad-ce0d-486b-87bd-775511c1244e,b745a1cd-1b79-4279-8f07-6e70fdb52328,0.0000,8.8048,1.0000,0.0000,0.0000,0.0000,0.1364
d4f1fbad-ce0d-486b-87bd-775511c1244e,18965103-6853-40c2-9492-80318d19aea5,0.0000,8.8705,1.0000,0.0000,0.0000,0.0000,0.0455
d4f1fbad-ce0d-486b-87bd-775511c1244e,0828bdb4-f0be-448b-b61d-3f608eebf402,2.0000,12.1113,0.5000,2.0000,2.0000,0.6667,0.1538
d4f1fbad-ce0d-486b-87bd-775511c1244e,92fe4406-59d6-47a8-8d84-bc9fac1e4e6c,2.0000,9.6161,0.5000,2.0000,2.0000,0.6667,0.2143
d4f1fbad-ce0d-486b-87bd-775511c1244e,1beb711d-2dab-45cf-8744-5cf732abf09e,0.0000,17.9692,1.0000,0.0000,0.0000,0.6667,0.0435
d4f1fbad-ce0d-486b-87bd-775511c1244e,48135ce9-51a1-4054-9e53-664c69be3269,0.0000,13.9822,1.0000,0.0000,0.0000,0.6667,0.0455
d4f1fbad-ce0d-486b-87bd-775511c1244e,9974adb1-840e-4c12-8c5a-99d4269979d6,2.0000,13.3183,0.5000,2.0000,2.0000,0.0000,0.3333
d4f1fbad-ce0d-486b-87bd-775511c1244e,ad8a568c-ec19-4a05-b3eb-85be21135da3,0.0000,3.6412,1.0000,0.0000,0.0000,0.0000,0.0435
d4f1fbad-ce0d-486b-87bd-775511c1244e,6e976f21-ce6b-4769-84a4-193506c56632,2.0000,12.4716,0.5000,2.0000,2.0000,0.0000,0.3125
d4f1fbad-ce0d-486b-87bd-775511c1244e,11af1cdc-2f2d-4cc9-ab31-144a23730f0d,2.0000,10.1259,0.5000,2.0000,2.0000,0.6667,0.1538
d4f1fbad-ce0d-486b-87bd-775511c1244e,2657869e-d306-41aa-9b22-a9395bdba806,2.0000,6.2539,0.5000,2.0000,2.0000,0.0000,0.1852
d4f1fbad-ce0d-486b-87bd-775511c1244e,1fd8f017-3535-49a1-8c07-2d6c4cd162ba,0.0000,7.4580,1.0000,0.0000,0.0000,0.0000,0.0435
d4f1fbad-ce0d-486b-87bd-775511c1244e,1a6422cc-3f8c-47bb-b341-085a1a0c0216,2.0000,11.8206,0.5000,2.0000,2.0000,0.0000,0.1538
d4f1fbad-ce0d-486b-87bd-775511c1244e,646a92fa-ec4e-4160-9c74-9e6fd4db9e55,2.0000,6.5704,0.5000,2.0000,2.0000,0.6667,0.2903
d4f1fbad-ce0d-486b-87bd-775511c1244e,ca6baa77-10f8-432a-bafc-c850551c8f78,2.0000,10.2834,0.5000,2.0000,2.0000,0.0000,0.2414
d4f1fbad-ce0d-486b-87bd-775511c1244e,592ee7ca-1e74-47ad-87ee-001a1ea7d7c8,0.0000,15.7818,1.0000,0.0000,0.0000,0.6667,0.1364
d4f1fbad-ce0d-486b-87bd-775511c1244e,64fbe5ce-1bef-4931-b014-c33d9e5a2054,0.0000,1.4790,1.0000,0.0000,0.0000,0.0000,0.0000
d4f1fbad-ce0d-486b-87bd-775511c1244e,bd16aa67-95d6-4d37-814f-48a6e42f8f31,0.0000,6.4956,1.0000,0.0000,0.0000,0.0000,0.1200
d4f1fbad-ce0d-486b-87bd-775511c1244e,5ea95498-2879-4306-a2bc-f1d88d018de4,0.0000,14.2723,1.0000,0.0000,0.0000,0.6667,0.0909
d4f1fbad-ce0d-486b-87bd-775511c1244e,c8084389-f635-4f4c-adf4-b23f38248ee9,2.0000,8.9350,0.5000,2.0000,2.0000,0.6667,0.2667
d4f1fbad-ce0d-486b-87bd-775511c1244e,11b4879c-a825-4a4b-902b-f821672b9927,2.0000,12.0037,0.5000,2.0000,2.0000,0.6667,0.1852
d4f1fbad-ce0d-486b-87bd-775511c1244e,e19561ae-403a-4d73-bdb8-ca197e40b836,0.0000,13.9795,1.0000,0.0000,0.0000,0.6667,0.0455
d4f1fbad-ce0d-486b-87bd-775511c1244e,8b65a0a2-23de-40ad-97ec-d7a7117c8020,0.0000,8.8905,1.0000,0.0000,0.0000,0.0000,0.0435
d4f1fbad-ce0d-486b-87bd-775511c1244e,fb457f02-79d9-4cd8-80c1-1a4cd76d2d60,0.0000,3.8556,1.0000,0.0000,0.0000,0.0000,0.0833
d4f1fbad-ce0d-486b-87bd-775511c1244e,d92b4620-3913-44fe-852a-67ddc3c13b36,2.0000,9.1859,0.5000,2.0000,2.0000,0.6667,0.1852
d4f1fbad-ce0d-486b-87bd-775511c1244e,76dd5051-efcd-4750-8788-d0043750910f,2.0000,11.3572,0.5000,2.0000,2.0000,0.6667,0.1538
d4f1fbad-ce0d-486b-87bd-775511c1244e,ea1f80f0-62f3-4852-85b2-4f9c324b26a2,2.0000,11.7308,0.5000,2.0000,2.0000,0.6667,0.1852
d4f1fbad-ce0d-486b-87bd-775511c1244e,5b372c89-6d70-4276-a9fe-d4a9ffe9e0af,0.0000,2.0753,1.0000,0.0000,0.0000,0.0000,0.0909
d4f1fbad-ce0d-486b-87bd-775511c1244e,eb0958ef-c187-4392-95d9-d703217e20f2,0.0000,0.9812,1.0000,0.0000,0.0000,0.0000,0.0435
d4f1fbad-ce0d-486b-87bd-775511c1244e,d600c8fd-02b9-442e-94a7-8cfcfd0902e5,0.0000,14.6110,1.0000,0.0000,0.0000,0.6667,0.1200
d4f1fbad-ce0d-486b-87bd-775511c1244e,d43a4529-c3d6-47a7-bf16-51d83c463e35,2.0000,14.6844,0.5000,2.0000,2.0000,0.0000,0.2143
d4f1fbad-ce0d-486b-87bd-775511c1244e,8b912a7e-96de-4da8-a91d-f1ddafa36f9b,0.0000,14.0494,1.0000,0.0000,0.0000,0.6667,0.0455
d4f1fbad-ce0d-486b-87bd-775511c1244e,637d55e6-25d5-43aa-95e1-e71da53b4a65,2.0000,8.9740,0.5000,2.0000,2.0000,0.6667,0.2414
d4f1fbad-ce0d-486b-87bd-775511c1244e,7a051738-24d2-4d72-bbfa-9f81c092b5d4,2.0000,14.0185,0.5000,2.0000,2.0000,0.6667,0.1538
d4f1fbad-ce0d-486b-87bd-775511c1244e,0fcb9700-df04-4531-a3d8-d6169f91eae5,0.0000,12.2206,1.0000,0.0000,0.0000,0.6667,0.1200
d4f1fbad-ce0d-486b-87bd-775511c1244e,e3cd235f-f77c-4448-8fe5-62434f6ef801,0.0000,17.5463,1.0000,0.0000,0.0000,0.6667,0.0455
d4f1fbad-ce0d-486b-87bd-775511c1244e,d84d6202-1b0d-494e-83aa-282623351558,0.0000,14.5381,1.0000,0.0000,0.0000,0.0000,0.0833
d4f1fbad-ce0d-486b-87bd-775511c1244e,fb3bb871-3382-43a6-86cf-25862db66608,2.0000,9.1538,0.5000,2.0000,2.0000,0.6667,0.2414
d4f1fbad-ce0d-486b-87bd-775511c1244e,8b2ba48c-dea4-4586-8cdd-81d2a8b1aa73,0.0000,11.9228,1.0000,0.0000,0.0000,0.6667,0.0000
d4f1fbad-ce0d-486b-87bd-775511c1244e,b590db6d-3092-4a48-a3cd-8b3828f6fd97,0.0000,8.6131,1.0000,0.0000,0.0000,0.0000,0.0455
d4f1fbad-ce0d-486b-87bd-775511c1244e,1079305f-65fb-473e-9658-e7251b0824be,0.0000,9.3925,1.0000,0.0000,0.0000,0.6667,0.1818
d4f1fbad-ce0d-486b-87bd-775511c1244e,efdea335-b7fb-4a9f-b55c-05e6f649b42f,2.0000,13.5197,0.5000,2.0000,2.0000,0.6667,0.1852
d4f1fbad-ce0d-486b-87bd-775511c1244e,2a753e87-dc5b-4f7e-8441-59141fcc0cb2,0.0000,4.7401,1.0000,0.0000,0.0000,0.0000,0.0833
d4f1fbad-ce0d-486b-87bd-775511c1244e,09ce3282-4e7d-43e3-aad0-d8ba479e152e,0.0000,11.8144,1.0000,0.0000,0.0000,0.6667,0.0455
d4f1fbad-ce0d-486b-87bd-775511c1244e,130e102a-345e-41bc-8c2b-f9eddef31bd5,0.0000,9.3826,1.0000,0.0000,0.0000,0.6667,0.0833
d4f1fbad-ce0d-486b-87bd-775511c1244e,9ded00ab-0866-4032-92bf-5dc8fdc4d243,2.0000,10.9077,0.5000,2.0000,2.0000,0.6667,0.0833
d4f1fbad-ce0d-486b-87bd-775511c1244e,5d4d9a94-6aaa-4bbe-b639-a0eeb4e1c088,2.0000,10.6129,0.5000,2.0000,2.0000,0.6667,0.2143
d4f1fbad-ce0d-486b-87bd-775511c1244e,a8c5b81e-599a-4ed1-901b-356d1fc94e84,0.0000,18.3364,1.0000,0.0000,0.0000,0.6667,0.0909
d4f1fbad-ce0d-486b-87bd-775511c1244e,f19250f3-e0cf-4ebf-b106-1c75855eb8ed,0.0000,18.4610,1.0000,0.0000,0.0000,0.6667,0.0833
d4f1fbad-ce0d-486b-87bd-775511c1244e,6482a7eb-8182-43d4-8df9-1ad15f5bbf5d,2.0000,12.5426,0.5000,2.0000,2.0000,0.6667,0.1200
d4f1fbad-ce0d-486b-87bd-775511c1244e,5e5e895e-dd66-4fb6-a1d2-04f02c760fd8,0.0000,15.5721,1.0000,0.0000,0.0000,0.6667,0.0435
d4f1fbad-ce0d-486b-87bd-775511c1244e,ff1bb715-41ad-4a24-a31e-499bba5e889a,0.0000,10.7356,1.0000,0.0000,0.0000,0.6667,0.0435
d4f1fbad-ce0d-486b-87bd-775511c1244e,9fd672d7-152c-423e-af51-4b14f62db78f,0.0000,8.2698,1.0000,0.0000,0.0000,0.0000,0.0909
d4f1fbad-ce0d-486b-87bd-775511c1244e,0c07cbfe-8089-4618-8ea2-9d49c5c7676f,2.0000,8.2195,0.5000,2.0000,2.0000,0.6667,0.1200
d4f1fbad-ce0d-486b-87bd-775511c1244e,2db915b4-b287-4d07-8d78-0d79e2b715e6,0.0000,8.3544,1.0000,0.0000,0.0000,0.0000,0.0909
d4f1fbad-ce0d-486b-87bd-775511c1244e,1041fa72-e598-4a46-9d90-bbdb1a8c8cfa,0.0000,4.9340,1.0000,0.0000,0.0000,0.0000,0.1818
d4f1fbad-ce0d-486b-87bd-775511c1244e,e2678857-49ff-42d1-9649-47b147a8ed3e,2.0000,12.8755,0.5000,2.0000,2.0000,0.0000,0.1852
d4f1fbad-ce0d-486b-87bd-775511c1244e,0b2085d3-0fbc-4351-845e-5d9bccda34e5,0.0000,13.4976,1.0000,0.0000,0.0000,0.0000,0.0435
d4f1fbad-ce0d-486b-87bd-775511c1244e,0abcffc0-2fc7-4385-a82f-bbe80bfd51ae,0.0000,7.7672,1.0000,0.0000,0.0000,0.0000,0.0435
d4f1fbad-ce0d-486b-87bd-775511c1244e,d54c73cc-cc77-415e-aeff-dd22604f13cf,0.0000,4.4670,1.0000,0.0000,0.0000,0.0000,0.0909
d4f1fbad-ce0d-486b-87bd-775511c1244e,09bf266d-b272-4968-9251-ab34779e8344,0.0000,11.4841,1.0000,0.0000,0.0000,0.6667,0.1538
d4f1fbad-ce0d-486b-87bd-775511c1244e,b336cd79-f2f6-4913-b922-d1061f5fb2e1,0.0000,7.2723,1.0000,0.0000,0.0000,0.0000,0.0435
d4f1fbad-ce0d-486b-87bd-775511c1244e,c6e27378-0b9e-4d40-9dbf-057217176282,0.0000,8.3179,1.0000,0.0000,0.0000,0.0000,0.0435
d4f1fbad-ce0d-486b-87bd-775511c1244e,d9267fd4-495d-4d11-843c-cedddfeddabf,0.0000,13.5830,1.0000,0.0000,0.0000,0.6667,0.0455
d4f1fbad-ce0d-486b-87bd-775511c1244e,8dfa57b2-e8b0-4a9a-b5b6-86dc84f15e30,2.0000,13.0458,0.5000,2.0000,2.0000,0.6667,0.2143
d4f1fbad-ce0d-486b-87bd-775511c1244e,d9fa51da-ab2b-411c-a41b-ce2b5c23473b,0.0000,6.9657,1.0000,0.0000,0.0000,0.0000,0.0435
d4f1fbad-ce0d-486b-87bd-775511c1244e,4895c953-8e9a-4e62-b308-61d0f4106e69,0.0000,2.8181,1.0000,0.0000,0.0000,0.0000,0.0435
d4f1fbad-ce0d-486b-87bd-775511c1244e,c95936f5-0096-4c43-a2a2-4cc7a9b26504,2.0000,10.1231,0.5000,2.0000,2.0000,0.0000,0.1200
d4f1fbad-ce0d-486b-87bd-775511c1244e,535f130b-68ff-4463-83b0-d04785999fbb,0.0000,18.0139,1.0000,0.0000,0.0000,0.6667,0.0909
d4f1fbad-ce0d-486b-87bd-775511c1244e,5c952de4-19c5-4324-b3f4-48b0c2169833,0.0000,6.2104,1.0000,0.0000,0.0000,0.0000,0.0435
d4f1fbad-ce0d-486b-87bd-775511c1244e,ced92f16-312a-4b19-addf-523cfefee6c7,0.0000,7.3235,1.0000,0.0000,0.0000,0.0000,0.1538
d4f1fbad-ce0d-486b-87bd-775511c1244e,a11c3bca-9343-4869-8c77-38e616536f5e,0.0000,8.9241,1.0000,0.0000,0.0000,0.0000,0.0909
d4f1fbad-ce0d-486b-87bd-775511c1244e,110b5c81-0d3f-40bb-bc0d-cd4c327ce925,2.0000,12.9643,0.5000,2.0000,2.0000,0.6667,0.1852
d4f1fbad-ce0d-486b-87bd-775511c1244e,80481175-af46-455a-8bef-0c682e4c0cb6,2.0000,7.4429,0.5000,2.0000,2.0000,0.0000,0.1852
d4f1fbad-ce0d-486b-87bd-775511c1244e,422a1c98-ae36-47b0-8890-a8295b6cd85c,2.0000,9.1567,0.5000,2.0000,2.0000,0.6667,0.1200
d4f1fbad-ce0d-486b-87bd-775511c1244e,51d9466b-1ba9-4646-8257-1d21cb2ed954,2.0000,12.2011,0.5000,2.0000,2.0000,0.0000,0.1852
d4f1fbad-ce0d-486b-87bd-775511c1244e,03e8c72b-9c28-43b3-a50c-ba09195e3e3c,0.0000,12.9994,1.0000,0.0000,0.0000,0.6667,0.0000
d4f1fbad-ce0d-486b-87bd-775511c1244e,cf9b7960-9d27-4554-a98d-f1fa9bb1a5ca,2.0000,8.4115,0.5000,2.0000,2.0000,0.6667,0.3125
d4f1fbad-ce0d-486b-87bd-775511c1244e,bf0dfd9e-5489-4b04-ae78-ba2facc60792,0.0000,15.9993,1.0000,0.0000,0.0000,0.6667,0.0000
d4f1fbad-ce0d-486b-87bd-775511c1244e,4f2e86c2-4b73-47fc-bf83-31eb686d4ad0,0.0000,11.5651,1.0000,0.0000,0.0000,0.6667,0.0455
d4f1fbad-ce0d-486b-87bd-775511c1244e,ddd56f00-e94c-4f73-bc24-d6538d02d76f,2.0000,6.8074,0.5000,2.0000,2.0000,0.6667,0.2667
d4f1fbad-ce0d-486b-87bd-775511c1244e,67351bd4-8ebd-4ac5-b552-24308cef799f,2.0000,10.7068,0.5000,2.0000,2.0000,0.0000,0.2143
d4f1fbad-ce0d-486b-87bd-775511c1244e,7d591389-70df-411c-93e7-2948d4c04738,0.0000,5.6742,1.0000,0.0000,0.0000,0.0000,0.0909
d4f1fbad-ce0d-486b-87bd-775511c1244e,91fd5a9f-0848-4551-a1a2-9689a4125830,0.0000,7.1369,1.0000,0.0000,0.0000,0.0000,0.2143
d4f1fbad-ce0d-486b-87bd-775511c1244e,ae6b3203-494b-4066-b0ba-b923b393bced,0.0000,16.1925,1.0000,0.0000,0.0000,0.6667,0.0000
d4f1fbad-ce0d-486b-87bd-775511c1244e,4b0f1708-0377-46ec-b3a4-cc53fe72fcc8,0.0000,11.4890,1.0000,0.0000,0.0000,0.6667,0.0000
d4f1fbad-ce0d-486b-87bd-775511c1244e,17101d7a-983e-469a-82f0-3dbd27b59660,2.0000,5.8593,0.5000,2.0000,2.0000,0.0000,0.2414
d4f1fbad-ce0d-486b-87bd-775511c1244e,6c2f7b68-d439-46b0-b6c2-111ae90e59be,2.0000,13.5695,0.5000,2.0000,2.0000,0.6667,0.2143
d4f1fbad-ce0d-486b-87bd-775511c1244e,b07b0e33-0c1e-489d-8b69-aa1b4ae8d2ad,0.0000,13.7394,1.0000,0.0000,0.0000,0.6667,0.2273
d4f1fbad-ce0d-486b-87bd-775511c1244e,cb93662e-0aed-4f56-9500-1e7f2e128287,2.0000,11.1273,0.5000,2.0000,2.0000,0.6667,0.1852
d4f1fbad-ce0d-486b-87bd-775511c1244e,5c581ce7-7a4b-4fd5-86a2-16c83a3a7b68,0.0000,15.6413,1.0000,0.0000,0.0000,0.6667,0.0455
d4f1fbad-ce0d-486b-87bd-775511c1244e,f2deb05a-d512-48f4-b641-59e526831230,0.0000,13.2601,1.0000,0.0000,0.0000,0.6667,0.1364
d4f1fbad-ce0d-486b-87bd-775511c1244e,2908d1db-866e-4631-a655-8ac0a0da0e28,2.0000,15.2676,0.5000,2.0000,2.0000,0.6667,0.2667
d4f1fbad-ce0d-486b-87bd-775511c1244e,4481c909-2f78-4205-8334-e27d27305642,2.0000,12.5796,0.5000,2.0000,2.0000,0.6667,0.1538
d4f1fbad-ce0d-486b-87bd-775511c1244e,d450f16e-59ec-490a-8ce7-7968e10dd065,2.0000,9.0472,0.5000,2.0000,2.0000,0.6667,0.2143
d4f1fbad-ce0d-486b-87bd-775511c1244e,51625cea-8af7-4dca-9b2d-17750e3831ea,0.0000,9.0314,1.0000,0.0000,0.0000,0.0000,0.0000
d4f1fbad-ce0d-486b-87bd-775511c1244e,bb080865-5184-4114-942e-0a1b314c8016,0.0000,13.5351,1.0000,0.0000,0.0000,0.0000,0.0435
d4f1fbad-ce0d-486b-87bd-775511c1244e,8b354a1d-b301-4cd1-b271-878ba45ed85f,0.0000,8.5804,1.0000,0.0000,0.0000,0.0000,0.0455
b745a1cd-1b79-4279-8f07-6e70fdb52328,18965103-6853-40c2-9492-80318d19aea5,0.0000,9.6247,1.0000,0.0000,0.0000,0.0000,0.0952
b745a1cd-1b79-4279-8f07-6e70fdb52328,0828bdb4-f0be-448b-b61d-3f608eebf402,2.0000,7.6989,0.5000,2.0000,2.0000,0.6667,0.2692
b745a1cd-1b79-4279-8f07-6e70fdb52328,92fe4406-59d6-47a8-8d84-bc9fac1e4e6c,2.0000,10.2647,0.5000,2.0000,2.0000,0.6667,0.3214
b745a1cd-1b79-4279-8f07-6e70fdb52328,1beb711d-2dab-45cf-8744-5cf732abf09e,0.0000,12.5495,1.0000,0.0000,0.0000,0.6667,0.1739
b745a1cd-1b79-4279-8f07-6e70fdb52328,48135ce9-51a1-4054-9e53-664c69be3269,0.0000,14.0034,1.0000,0.0000,0.0000,0.6667,0.0952
b745a1cd-1b79-4279-8f07-6e70fdb52328,9974adb1-840e-4c12-8c5a-99d4269979d6,2.0000,11.7540,0.5000,2.0000,2.0000,0.0000,0.4242
b745a1cd-1b79-4279-8f07-6e70fdb52328,ad8a568c-ec19-4a05-b3eb-85be21135da3,0.0000,9.7869,1.0000,0.0000,0.0000,0.0000,0.1739
b745a1cd-1b79-4279-8f07-6e70fdb52328,6e976f21-ce6b-4769-84a4-193506c56632,2.0000,10.5984,0.5000,2.0000,2.0000,0.0000,0.4063
b745a1cd-1b79-4279-8f07-6e70fdb52328,11af1cdc-2f2d-4cc9-ab31-144a23730f0d,2.0000,11.2532,0.5000,2.0000,2.0000,0.6667,0.2692
b745a1cd-1b79-4279-8f07-6e70fdb52328,2657869e-d306-41aa-9b22-a9395bdba806,2.0000,10.2777,0.5000,2.0000,2.0000,0.0000,0.2963
b745a1cd-1b79-4279-8f07-6e70fdb52328,1fd8f017-3535-49a1-8c07-2d6c4cd162ba,0.0000,11.7413,1.0000,0.0000,0.0000,0.0000,0.1739
b745a1cd-1b79-4279-8f07-6e70fdb52328,1a6422cc-3f8c-47bb-b341-085a1a0c0216,2.0000,9.3508,0.5000,2.0000,2.0000,0.0000,0.2692
b745a1cd-1b79-4279-8f07-6e70fdb52328,646a92fa-ec4e-4160-9c74-9e6fd4db9e55,2.0000,6.6671,0.5000,2.0000,2.0000,0.6667,0.3871
b745a1cd-1b79-4279-8f07-6e70fdb52328,ca6baa77-10f8-432a-bafc-c850551c8f78,2.0000,9.7768,0.5000,2.0000,2.0000,0.0000,0.3448
b745a1cd-1b79-4279-8f07-6e70fdb52328,592ee7ca-1e74-47ad-87ee-001a1ea7d7c8,0.0000,13.3440,1.0000,0.0000,0.0000,0.6667,0.0000
b745a1cd-1b79-4279-8f07-6e70fdb52328,64fbe5ce-1bef-4931-b014-c33d9e5a2054,0.0000,9.2913,1.0000,0.0000,0.0000,0.0000,0.1364
b745a1cd-1b79-4279-8f07-6e70fdb52328,bd16aa67-95d6-4d37-814f-48a6e42f8f31,0.0000,11.5492,1.0000,0.0000,0.0000,0.0000,0.2400
b745a1cd-1b79-4279-8f07-6e70fdb52328,5ea95498-2879-4306-a2bc-f1d88d018de4,0.0000,11.8813,1.0000,0.0000,0.0000,0.6667,0.0500
b745a1cd-1b79-4279-8f07-6e70fdb52328,c8084389-f635-4f4c-adf4-b23f38248ee9,2.0000,9.7237,0.5000,2.0000,2.0000,0.6667,0.3667
b745a1cd-1b79-4279-8f07-6e70fdb52328,11b4879c-a825-4a4b-902b-f821672b9927,2.0000,8.7011,0.5000,2.0000,2.0000,0.6667,0.2963
b745a1cd-1b79-4279-8f07-6e70fdb52328,e19561ae-403a-4d73-bdb8-ca197e40b836,0.0000,11.3083,1.0000,0.0000,0.0000,0.6667,0.0952
b745a1cd-1b79-4279-8f07-6e70fdb52328,8b65a0a2-23de-40ad-97ec-d7a7117c8020,0.0000,4.0492,1.0000,0.0000,0.0000,0.0000,0.1739
b745a1cd-1b79-4279-8f07-6e70fdb52328,fb457f02-79d9-4cd8-80c1-1a4cd76d2d60,0.0000,8.7205,1.0000,0.0000,0.0000,0.0000,0.2083
b745a1cd-1b79-4279-8f07-6e70fdb52328,d92b4620-3913-44fe-852a-67ddc3c13b36,2.0000,8.3322,0.5000,2.0000,2.0000,0.6667,0.2963
b745a1cd-1b79-4279-8f07-6e70fdb52328,76dd5051-efcd-4750-8788-d0043750910f,2.0000,9.8298,0.5000,2.0000,2.0000,0.6667,0.2692
b745a1cd-1b79-4279-8f07-6e70fdb52328,ea1f80f0-62f3-4852-85b2-4f9c324b26a2,2.0000,12.0092,0.5000,2.0000,2.0000,0.6667,0.2963
b745a1cd-1b79-4279-8f07-6e70fdb52328,5b372c89-6d70-4276-a9fe-d4a9ffe9e0af,0.0000,10.2433,1.0000,0.0000,0.0000,0.0000,0.0500
b745a1cd-1b79-4279-8f07-6e70fdb52328,eb0958ef-c187-4392-95d9-d703217e20f2,0.0000,8.6693,1.0000,0.0000,0.0000,0.0000,0.1739
b745a1cd-1b79-4279-8f07-6e70fdb52328,d600c8fd-02b9-442e-94a7-8cfcfd0902e5,0.0000,12.5989,1.0000,0.0000,0.0000,0.6667,0.2400
b745a1cd-1b79-4279-8f07-6e70fdb52328,d43a4529-c3d6-47a7-bf16-51d83c463e35,2.0000,13.0363,0.5000,2.0000,2.0000,0.0000,0.3214
b745a1cd-1b79-4279-8f07-6e70fdb52328,8b912a7e-96de-4da8-a91d-f1ddafa36f9b,0.0000,9.7975,1.0000,0.0000,0.0000,0.6667,0.0952
b745a1cd-1b79-4279-8f07-6e70fdb52328,637d55e6-25d5-43aa-95e1-e71da53b4a65,2.0000,6.7391,0.5000,2.0000,2.0000,0.6667,0.3448
b745a1cd-1b79-4279-8f07-6e70fdb52328,7a051738-24d2-4d72-bbfa-9f81c092b5d4,2.0000,10.8268,0.5000,2.0000,2.0000,0.6667,0.2692
b745a1cd-1b79-4279-8f07-6e70fdb52328,0fcb9700-df04-4531-a3d8-d6169f91eae5,0.0000,10.2386,1.0000,0.0000,0.0000,0.6667,0.2400
b745a1cd-1b79-4279-8f07-6e70fdb52328,e3cd235f-f77c-4448-8fe5-62434f6ef801,0.0000,11.8813,1.0000,0.0000,0.0000,0.6667,0.0952
b745a1cd-1b79-4279-8f07-6e70fdb52328,d84d6202-1b0d-494e-83aa-282623351558,0.0000,8.6017,1.0000,0.0000,0.0000,0.0000,0.2083
b745a1cd-1b79-4279-8f07-6e70fdb52328,fb3bb871-3382-43a6-86cf-25862db66608,2.0000,11.7673,0.5000,2.0000,2.0000,0.6667,0.3448
b745a1cd-1b79-4279-8f07-6e70fdb52328,8b2ba48c-dea4-4586-8cdd-81d2a8b1aa73,0.0000,10.5515,1.0000,0.0000,0.0000,0.6667,0.1364
b745a1cd-1b79-4279-8f07-6e70fdb52328,b590db6d-3092-4a48-a3cd-8b3828f6fd97,0.0000,4.6576,1.0000,0.0000,0.0000,0.0000,0.0952
b745a1cd-1b79-4279-8f07-6e70fdb52328,1079305f-65fb-473e-9658-e7251b0824be,0.0000,13.9070,1.0000,0.0000,0.0000,0.6667,0.0526
b745a1cd-1b79-4279-8f07-6e70fdb52328,efdea335-b7fb-4a9f-b55c-05e6f649b42f,2.0000,10.7137,0.5000,2.0000,2.0000,0.6667,0.2963
b745a1cd-1b79-4279-8f07-6e70fdb52328,2a753e87-dc5b-4f7e-8441-59141fcc0cb2,0.0000,4.9865,1.0000,0.0000,0.0000,0.0000,0.2083
b745a1cd-1b79-4279-8f07-6e70fdb52328,09ce3282-4e7d-43e3-aad0-d8ba479e152e,0.0000,10.7543,1.0000,0.0000,0.0000,0.6667,0.0952
b745a1cd-1b79-4279-8f07-6e70fdb52328,130e102a-345e-41bc-8c2b-f9eddef31bd5,0.0000,14.0556,1.0000,0.0000,0.0000,0.6667,0.2083
b745a1cd-1b79-4279-8f07-6e70fdb52328,9ded00ab-0866-4032-92bf-5dc8fdc4d243,2.0000,6.0890,0.5000,2.0000,2.0000,0.6667,0.2083
b745a1cd-1b79-4279-8f07-6e70fdb52328,5d4d9a94-6aaa-4bbe-b639-a0eeb4e1c088,2.0000,7.9090,0.5000,2.0000,2.0000,0.6667,0.3214
b745a1cd-1b79-4279-8f07-6e70fdb52328,a8c5b81e-599a-4ed1-901b-356d1fc94e84,0.0000,13.9501,1.0000,0.0000,0.0000,0.6667,0.0500
b745a1cd-1b79-4279-8f07-6e70fdb52328,f19250f3-e0cf-4ebf-b106-1c75855eb8ed,0.0000,14.3867,1.0000,0.0000,0.0000,0.6667,0.2083
b745a1cd-1b79-4279-8f07-6e70fdb52328,6482a7eb-8182-43d4-8df9-1ad15f5bbf5d,2.0000,7.2569,0.5000,2.0000,2.0000,0.6667,0.2400
b745a1cd-1b79-4279-8f07-6e70fdb52328,5e5e895e-dd66-4fb6-a1d2-04f02c760fd8,0.0000,10.5460,1.0000,0.0000,0.0000,0.6667,0.1739
b745a1cd-1b79-4279-8f07-6e70fdb52328,ff1bb715-41ad-4a24-a31e-499bba5e889a,0.0000,12.8675,1.0000,0.0000,0.0000,0.6667,0.1739
b745a1cd-1b79-4279-8f07-6e70fdb52328,9fd672d7-152c-423e-af51-4b14f62db78f,0.0000,4.2726,1.0000,0.0000,0.0000,0.0000,0.0500
b745a1cd-1b79-4279-8f07-6e70fdb52328,0c07cbfe-8089-4618-8ea2-9d49c5c7676f,2.0000,11.3544,0.5000,2.0000,2.0000,0.6667,0.2400
b745a1cd-1b79-4279-8f07-6e70fdb52328,2db915b4-b287-4d07-8d78-0d79e2b715e6,0.0000,4.6972,1.0000,0.0000,0.0000,0.0000,0.0500
b745a1cd-1b79-4279-8f07-6e70fdb52328,1041fa72-e598-4a46-9d90-bbdb1a8c8cfa,0.0000,9.8964,1.0000,0.0000,0.0000,0.0000,0.0526
b745a1cd-1b79-4279-8f07-6e70fdb52328,e2678857-49ff-42d1-9649-47b147a8ed3e,2.0000,7.3045,0.5000,2.0000,2.0000,0.0000,0.2963
b745a1cd-1b79-4279-8f07-6e70fdb52328,0b2085d3-0fbc-4351-845e-5d9bccda34e5,0.0000,13.5562,1.0000,0.0000,0.0000,0.0000,0.1739
b745a1cd-1b79-4279-8f07-6e70fdb52328,0abcffc0-2fc7-4385-a82f-bbe80bfd51ae,0.0000,11.0136,1.0000,0.0000,0.0000,0.0000,0.1739
b745a1cd-1b79-4279-8f07-6e70fdb52328,d54c73cc-cc77-415e-aeff-dd22604f13cf,0.0000,8.2345,1.0000,0.0000,0.0000,0.0000,0.0500
b745a1cd-1b79-4279-8f07-6e70fdb52328,09bf266d-b272-4968-9251-ab34779e8344,0.0000,15.1555,1.0000,0.0000,0.0000,0.6667,0.2692
b745a1cd-1b79-4279-8f07-6e70fdb52328,b336cd79-f2f6-4913-b922-d1061f5fb2e1,0.0000,11.5217,1.0000,0.0000,0.0000,0.0000,0.1739
b745a1cd-1b79-4279-8f07-6e70fdb52328,c6e27378-0b9e-4d40-9dbf-057217176282,0.0000,9.9025,1.0000,0.0000,0.0000,0.0000,0.1739
b745a1cd-1b79-4279-8f07-6e70fdb52328,d9267fd4-495d-4d11-843c-cedddfeddabf,0.0000,12.1298,1.0000,0.0000,0.0000,0.6667,0.0952
b745a1cd-1b79-4279-8f07-6e70fdb52328,8dfa57b2-e8b0-4a9a-b5b6-86dc84f15e30,2.0000,10.5774,0.5000,2.0000,2.0000,0.6667,0.3214
b745a1cd-1b79-4279-8f07-6e70fdb52328,d9fa51da-ab2b-411c-a41b-ce2b5c23473b,0.0000,2.5378,1.0000,0.0000,0.0000,0.0000,0.1739
b745a1cd-1b79-4279-8f07-6e70fdb52328,4895c953-8e9a-4e62-b308-61d0f4106e69,0.0000,7.5211,1.0000,0.0000,0.0000,0.0000,0.1739
b745a1cd-1b79-4279-8f07-6e70fdb52328,c95936f5-0096-4c43-a2a2-4cc7a9b26504,2.0000,10.3730,0.5000,2.0000,2.0000,0.0000,0.2400
b745a1cd-1b79-4279-8f07-6e70fdb52328,535f130b-68ff-4463-83b0-d04785999fbb,0.0000,13.7644,1.0000,0.0000,0.0000,0.6667,0.0500
b745a1cd-1b79-4279-8f07-6e70fdb52328,5c952de4-19c5-4324-b3f4-48b0c2169833,0.0000,11.6816,1.0000,0.0000,0.0000,0.0000,0.1739
b745a1cd-1b79-4279-8f07-6e70fdb52328,ced92f16-312a-4b19-addf-523cfefee6c7,0.0000,2.6026,1.0000,0.0000,0.0000,0.0000,0.2692
b745a1cd-1b79-4279-8f07-6e70fdb52328,a11c3bca-9343-4869-8c77-38e616536f5e,0.0000,8.7256,1.0000,0.0000,0.0000,0.0000,0.0500
b745a1cd-1b79-4279-8f07-6e70fdb52328,110b5c81-0d3f-40bb-bc0d-cd4c327ce925,2.0000,11.6577,0.5000,2.0000,2.0000,0.6667,0.2963
b745a1cd-1b79-4279-8f07-6e70fdb52328,80481175-af46-455a-8bef-0c682e4c0cb6,2.0000,6.2583,0.5000,2.0000,2.0000,0.0000,0.2963
b745a1cd-1b79-4279-8f07-6e70fdb52328,422a1c98-ae36-47b0-8890-a8295b6cd85c,2.0000,7.2219,0.5000,2.0000,2.0000,0.6667,0.2400
b745a1cd-1b79-4279-8f07-6e70fdb52328,51d9466b-1ba9-4646-8257-1d21cb2ed954,2.0000,12.4918,0.5000,2.0000,2.0000,0.0000,0.2963
b745a1cd-1b79-4279-8f07-6e70fdb52328,03e8c72b-9c28-43b3-a50c-ba09195e3e3c,0.0000,9.8345,1.0000,0.0000,0.0000,0.6667,0.1364
b745a1cd-1b79-4279-8f07-6e70fdb52328,cf9b7960-9d27-4554-a98d-f1fa9bb1a5ca,2.0000,7.2887,0.5000,2.0000,2.0000,0.6667,0.4063
b745a1cd-1b79-4279-8f07-6e70fdb52328,bf0dfd9e-5489-4b04-ae78-ba2facc60792,0.0000,10.4992,1.0000,0.0000,0.0000,0.6667,0.1364
b745a1cd-1b79-4279-8f07-6e70fdb52328,4f2e86c2-4b73-47fc-bf83-31eb686d4ad0,0.0000,10.9340,1.0000,0.0000,0.0000,0.6667,0.0952
b745a1cd-1b79-4279-8f07-6e70fdb52328,ddd56f00-e94c-4f73-bc24-d6538d02d76f,2.0000,8.1517,0.5000,2.0000,2.0000,0.6667,0.3667
b745a1cd-1b79-4279-8f07-6e70fdb52328,67351bd4-8ebd-4ac5-b552-24308cef799f,2.0000,11.0258,0.5000,2.0000,2.0000,0.0000,0.3214
b745a1cd-1b79-4279-8f07-6e70fdb52328,7d591389-70df-411c-93e7-2948d4c04738,0.0000,6.6143,1.0000,0.0000,0.0000,0.0000,0.0500
b745a1cd-1b79-4279-8f07-6e70fdb52328,91fd5a9f-0848-4551-a1a2-9689a4125830,0.0000,11.7150,1.0000,0.0000,0.0000,0.0000,0.3214
b745a1cd-1b79-4279-8f07-6e70fdb52328,ae6b3203-494b-4066-b0ba-b923b393bced,0.0000,13.0102,1.0000,0.0000,0.0000,0.6667,0.1364
b745a1cd-1b79-4279-8f07-6e70fdb52328,4b0f1708-0377-46ec-b3a4-cc53fe72fcc8,0.0000,9.9970,1.0000,0.0000,0.0000,0.6667,0.1364
b745a1cd-1b79-4279-8f07-6e70fdb52328,17101d7a-983e-469a-82f0-3dbd27b59660,2.0000,9.4091,0.5000,2.0000,2.0000,0.0000,0.3448
b745a1cd-1b79-4279-8f07-6e70fdb52328,6c2f7b68-d439-46b0-b6c2-111ae90e59be,2.0000,10.3810,0.5000,2.0000,2.0000,0.6667,0.3214
b745a1cd-1b79-4279-8f07-6e70fdb52328,b07b0e33-0c1e-489d-8b69-aa1b4ae8d2ad,0.0000,11.0174,1.0000,0.0000,0.0000,0.6667,0.1053
b745a1cd-1b79-4279-8f07-6e70fdb52328,cb93662e-0aed-4f56-9500-1e7f2e128287,2.0000,9.9580,0.5000,2.0000,2.0000,0.6667,0.2963
b745a1cd-1b79-4279-8f07-6e70fdb52328,5c581ce7-7a4b-4fd5-86a2-16c83a3a7b68,0.0000,13.3195,1.0000,0.0000,0.0000,0.6667,0.0952
b745a1cd-1b79-4279-8f07-6e70fdb52328,f2deb05a-d512-48f4-b641-59e526831230,0.0000,13.9530,1.0000,0.0000,0.0000,0.6667,0.0000
b745a1cd-1b79-4279-8f07-6e70fdb52328,2908d1db-866e-4631-a655-8ac0a0da0e28,2.0000,11.8468,0.5000,2.0000,2.0000,0.6667,0.3667
b745a1cd-1b79-4279-8f07-6e70fdb52328,4481c909-2f78-4205-8334-e27d27305642,2.0000,9.5006,0.5000,2.0000,2.0000,0.6667,0.2692
b745a1cd-1b79-4279-8f07-6e70fdb52328,d450f16e-59ec-490a-8ce7-7968e10dd065,2.0000,6.8731,0.5000,2.0000,2.0000,0.6667,0.3214
b745a1cd-1b79-4279-8f07-6e70fdb52328,51625cea-8af7-4dca-9b2d-17750e3831ea,0.0000,9.9520,1.0000,0.0000,0.0000,0.0000,0.1364
b745a1cd-1b79-4279-8f07-6e70fdb52328,bb080865-5184-4114-942e-0a1b314c8016,0.0000,15.1331,1.0000,0.0000,0.0000,0.0000,0.1739
b745a1cd-1b79-4279-8f07-6e70fdb52328,8b354a1d-b301-4cd1-b271-878ba45ed85f,0.0000,10.1599,1.0000,0.0000,0.0000,0.0000,0.0952
18965103-6853-40c2-9492-80318d19aea5,0828bdb4-f0be-448b-b61d-3f608eebf402,2.0000,8.3669,0.5000,2.0000,2.0000,0.6667,0.1923
18965103-6853-40c2-9492-80318d19aea5,92fe4406-59d6-47a8-8d84-bc9fac1e4e6c,2.0000,8.5907,0.5000,2.0000,2.0000,0.6667,0.2500
18965103-6853-40c2-9492-80318d19aea5,1beb711d-2dab-45cf-8744-5cf732abf09e,0.0000,15.1107,1.0000,0.0000,0.0000,0.6667,0.0870
18965103-6853-40c2-9492-80318d19aea5,48135ce9-51a1-4054-9e53-664c69be3269,0.0000,5.8229,1.0000,0.0000,0.0000,0.6667,0.0000
18965103-6853-40c2-9492-80318d19aea5,9974adb1-840e-4c12-8c5a-99d4269979d6,2.0000,7.3000,0.5000,2.0000,2.0000,0.0000,0.3636
18965103-6853-40c2-9492-80318d19aea5,ad8a568c-ec19-4a05-b3eb-85be21135da3,0.0000,8.7196,1.0000,0.0000,0.0000,0.0000,0.0870
18965103-6853-40c2-9492-80318d19aea5,6e976f21-ce6b-4769-84a4-193506c56632,2.0000,12.0683,0.5000,2.0000,2.0000,0.0000,0.3438
18965103-6853-40c2-9492-80318d19aea5,11af1cdc-2f2d-4cc9-ab31-144a23730f0d,2.0000,5.5169,0.5000,2.0000,2.0000,0.6667,0.1923
18965103-6853-40c2-9492-80318d19aea5,2657869e-d306-41aa-9b22-a9395bdba806,2.0000,7.7064,0.5000,2.0000,2.0000,0.0000,0.2222
18965103-6853-40c2-9492-80318d19aea5,1fd8f017-3535-49a1-8c07-2d6c4cd162ba,0.0000,3.4619,1.0000,0.0000,0.0000,0.0000,0.0870
18965103-6853-40c2-9492-80318d19aea5,1a6422cc-3f8c-47bb-b341-085a1a0c0216,2.0000,5.0605,0.5000,2.0000,2.0000,0.0000,0.1923
18965103-6853-40c2-9492-80318d19aea5,646a92fa-ec4e-4160-9c74-9e6fd4db9e55,2.0000,9.5317,0.5000,2.0000,2.0000,0.6667,0.3226
18965103-6853-40c2-9492-80318d19aea5,ca6baa77-10f8-432a-bafc-c850551c8f78,2.0000,9.0116,0.5000,2.0000,2.0000,0.0000,0.2759
18965103-6853-40c2-9492-80318d19aea5,592ee7ca-1e74-47ad-87ee-001a1ea7d7c8,0.0000,11.0290,1.0000,0.0000,0.0000,0.6667,0.0952
18965103-6853-40c2-9492-80318d19aea5,64fbe5ce-1bef-4931-b014-c33d9e5a2054,0.0000,9.2400,1.0000,0.0000,0.0000,0.0000,0.0455
18965103-6853-40c2-9492-80318d19aea5,bd16aa67-95d6-4d37-814f-48a6e42f8f31,0.0000,6.0587,1.0000,0.0000,0.0000,0.0000,0.1600
18965103-6853-40c2-9492-80318d19aea5,5ea95498-2879-4306-a2bc-f1d88d018de4,0.0000,12.8650,1.0000,0.0000,0.0000,0.6667,0.0476
18965103-6853-40c2-9492-80318d19aea5,c8084389-f635-4f4c-adf4-b23f38248ee9,2.0000,7.8108,0.5000,2.0000,2.0000,0.6667,0.3000
18965103-6853-40c2-9492-80318d19aea5,11b4879c-a825-4a4b-902b-f821672b9927,2.0000,8.7204,0.5000,2.0000,2.0000,0.6667,0.2222
18965103-6853-40c2-9492-80318d19aea5,e19561ae-403a-4d73-bdb8-ca197e40b836,0.0000,12.6836,1.0000,0.0000,0.0000,0.6667,0.0000
18965103-6853-40c2-9492-80318d19aea5,8b65a0a2-23de-40ad-97ec-d7a7117c8020,0.0000,5.9143,1.0000,0.0000,0.0000,0.0000,0.0870
18965103-6853-40c2-9492-80318d19aea5,fb457f02-79d9-4cd8-80c1-1a4cd76d2d60,0.0000,8.9277,1.0000,0.0000,0.0000,0.0000,0.1250
18965103-6853-40c2-9492-80318d19aea5,d92b4620-3913-44fe-852a-67ddc3c13b36,2.0000,9.0521,0.5000,2.0000,2.0000,0.6667,0.2222
18965103-6853-40c2-9492-80318d19aea5,76dd5051-efcd-4750-8788-d0043750910f,2.0000,11.2423,0.5000,2.0000,2.0000,0.6667,0.1923
18965103-6853-40c2-9492-80318d19aea5,ea1f80f0-62f3-4852-85b2-4f9c324b26a2,2.0000,9.4947,0.5000,2.0000,2.0000,0.6667,0.2222
18965103-6853-40c2-9492-80318d19aea5,5b372c89-6d70-4276-a9fe-d4a9ffe9e0af,0.0000,9.4343,1.0000,0.0000,0.0000,0.0000,0.0476
18965103-6853-40c2-9492-80318d19aea5,eb0958ef-c187-4392-95d9-d703217e20f2,0.0000,8.5904,1.0000,0.0000,0.0000,0.0000,0.0870
18965103-6853-40c2-9492-80318d19aea5,d600c8fd-02b9-442e-94a7-8cfcfd0902e5,0.0000,8.0623,1.0000,0.0000,0.0000,0.6667,0.1600
18965103-6853-40c2-9492-80318d19aea5,d43a4529-c3d6-47a7-bf16-51d83c463e35,2.0000,12.2659,0.5000,2.0000,2.0000,0.0000,0.2500
18965103-6853-40c2-9492-80318d19aea5,8b912a7e-96de-4da8-a91d-f1ddafa36f9b,0.0000,10.0135,1.0000,0.0000,0.0000,0.6667,0.0000
18965103-6853-40c2-9492-80318d19aea5,637d55e6-25d5-43aa-95e1-e71da53b4a65,2.0000,10.3039,0.5000,2.0000,2.0000,0.6667,0.2759
18965103-6853-40c2-9492-80318d19aea5,7a051738-24d2-4d72-bbfa-9f81c092b5d4,2.0000,9.7208,0.5000,2.0000,2.0000,0.6667,0.1923
18965103-6853-40c2-9492-80318d19aea5,0fcb9700-df04-4531-a3d8-d6169f91eae5,0.0000,12.6237,1.0000,0.0000,0.0000,0.6667,0.1600
18965103-6853-40c2-9492-80318d19aea5,e3cd235f-f77c-4448-8fe5-62434f6ef801,0.0000,12.3066,1.0000,0.0000,0.0000,0.6667,0.0000
18965103-6853-40c2-9492-80318d19aea5,d84d6202-1b0d-494e-83aa-282623351558,0.0000,14.2630,1.0000,0.0000,0.0000,0.0000,0.1250
18965103-6853-40c2-9492-80318d19aea5,fb3bb871-3382-43a6-86cf-25862db66608,2.0000,10.4521,0.5000,2.0000,2.0000,0.6667,0.2759
18965103-6853-40c2-9492-80318d19aea5,8b2ba48c-dea4-4586-8cdd-81d2a8b1aa73,0.0000,14.0547,1.0000,0.0000,0.0000,0.6667,0.0455
18965103-6853-40c2-9492-80318d19aea5,b590db6d-3092-4a48-a3cd-8b3828f6fd97,0.0000,6.5675,1.0000,0.0000,0.0000,0.0000,0.0000
18965103-6853-40c2-9492-80318d19aea5,1079305f-65fb-473e-9658-e7251b0824be,0.0000,9.3215,1.0000,0.0000,0.0000,0.6667,0.1429
18965103-6853-40c2-9492-80318d19aea5,efdea335-b7fb-4a9f-b55c-05e6f649b42f,2.0000,9.4143,0.5000,2.0000,2.0000,0.6667,0.2222
18965103-6853-40c2-9492-80318d19aea5,2a753e87-dc5b-4f7e-8441-59141fcc0cb2,0.0000,10.4870,1.0000,0.0000,0.0000,0.0000,0.1250
18965103-6853-40c2-9492-80318d19aea5,09ce3282-4e7d-43e3-aad0-d8ba479e152e,0.0000,8.7572,1.0000,0.0000,0.0000,0.6667,0.0000
18965103-6853-40c2-9492-80318d19aea5,130e102a-345e-41bc-8c2b-f9eddef31bd5,0.0000,9.5262,1.0000,0.0000,0.0000,0.6667,0.1250
18965103-6853-40c2-9492-80318d19aea5,9ded00ab-0866-4032-92bf-5dc8fdc4d243,2.0000,13.3673,0.5000,2.0000,2.0000,0.6667,0.1250
18965103-6853-40c2-9492-80318d19aea5,5d4d9a94-6aaa-4bbe-b639-a0eeb4e1c088,2.0000,5.5267,0.5000,2.0000,2.0000,0.6667,0.2500
18965103-6853-40c2-9492-80318d19aea5,a8c5b81e-599a-4ed1-901b-356d1fc94e84,0.0000,13.7409,1.0000,0.0000,0.0000,0.6667,0.0476
18965103-6853-40c2-9492-80318d19aea5,f19250f3-e0cf-4ebf-b106-1c75855eb8ed,0.0000,14.5772,1.0000,0.0000,0.0000,0.6667,0.1250
18965103-6853-40c2-9492-80318d19aea5,6482a7eb-8182-43d4-8df9-1ad15f5bbf5d,2.0000,8.6427,0.5000,2.0000,2.0000,0.6667,0.1600
18965103-6853-40c2-9492-80318d19aea5,5e5e895e-dd66-4fb6-a1d2-04f02c760fd8,0.0000,13.0003,1.0000,0.0000,0.0000,0.6667,0.0870
18965103-6853-40c2-9492-80318d19aea5,ff1bb715-41ad-4a24-a31e-499bba5e889a,0.0000,11.2454,1.0000,0.0000,0.0000,0.6667,0.0870
18965103-6853-40c2-9492-80318d19aea5,9fd672d7-152c-423e-af51-4b14f62db78f,0.0000,12.2905,1.0000,0.0000,0.0000,0.0000,0.0476
18965103-6853-40c2-9492-80318d19aea5,0c07cbfe-8089-4618-8ea2-9d49c5c7676f,2.0000,8.4632,0.5000,2.0000,2.0000,0.6667,0.1600
18965103-6853-40c2-9492-80318d19aea5,2db915b4-b287-4d07-8d78-0d79e2b715e6,0.0000,7.4812,1.0000,0.0000,0.0000,0.0000,0.0476
18965103-6853-40c2-9492-80318d19aea5,1041fa72-e598-4a46-9d90-bbdb1a8c8cfa,0.0000,9.8436,1.0000,0.0000,0.0000,0.0000,0.1429
18965103-6853-40c2-9492-80318d19aea5,e2678857-49ff-42d1-9649-47b147a8ed3e,2.0000,8.6366,0.5000,2.0000,2.0000,0.0000,0.2222
18965103-6853-40c2-9492-80318d19aea5,0b2085d3-0fbc-4351-845e-5d9bccda34e5,0.0000,5.0922,1.0000,0.0000,0.0000,0.0000,0.0870
18965103-6853-40c2-9492-80318d19aea5,0abcffc0-2fc7-4385-a82f-bbe80bfd51ae,0.0000,5.2070,1.0000,0.0000,0.0000,0.0000,0.0870
18965103-6853-40c2-9492-80318d19aea5,d54c73cc-cc77-415e-aeff-dd22604f13cf,0.0000,4.6011,1.0000,0.0000,0.0000,0.0000,0.0476
18965103-6853-40c2-9492-80318d19aea5,09bf266d-b272-4968-9251-ab34779e8344,0.0000,7.4537,1.0000,0.0000,0.0000,0.6667,0.1923
18965103-6853-40c2-9492-80318d19aea5,b336cd79-f2f6-4913-b922-d1061f5fb2e1,0.0000,3.6432,1.0000,0.0000,0.0000,0.0000,0.0870
18965103-6853-40c2-9492-80318d19aea5,c6e27378-0b9e-4d40-9dbf-057217176282,0.0000,1.2395,1.0000,0.0000,0.0000,0.0000,0.0870
18965103-6853-40c2-9492-80318d19aea5,d9267fd4-495d-4d11-843c-cedddfeddabf,0.0000,6.9124,1.0000,0.0000,0.0000,0.6667,0.0000
18965103-6853-40c2-9492-80318d19aea5,8dfa57b2-e8b0-4a9a-b5b6-86dc84f15e30,2.0000,12.1450,0.5000,2.0000,2.0000,0.6667,0.2500
18965103-6853-40c2-9492-80318d19aea5,d9fa51da-ab2b-411c-a41b-ce2b5c23473b,0.0000,11.6655,1.0000,0.0000,0.0000,0.0000,0.0870
18965103-6853-40c2-9492-80318d19aea5,4895c953-8e9a-4e62-b308-61d0f4106e69,0.0000,7.3762,1.0000,0.0000,0.0000,0.0000,0.0870
18965103-6853-40c2-9492-80318d19aea5,c95936f5-0096-4c43-a2a2-4cc7a9b26504,2.0000,9.4358,0.5000,2.0000,2.0000,0.0000,0.1600
18965103-6853-40c2-9492-80318d19aea5,535f130b-68ff-4463-83b0-d04785999fbb,0.0000,13.0613,1.0000,0.0000,0.0000,0.6667,0.0476
18965103-6853-40c2-9492-80318d19aea5,5c952de4-19c5-4324-b3f4-48b0c2169833,0.0000,6.5418,1.0000,0.0000,0.0000,0.0000,0.0870
18965103-6853-40c2-9492-80318d19aea5,ced92f16-312a-4b19-addf-523cfefee6c7,0.0000,12.0329,1.0000,0.0000,0.0000,0.0000,0.1923
18965103-6853-40c2-9492-80318d19aea5,a11c3bca-9343-4869-8c77-38e616536f5e,0.0000,3.0888,1.0000,0.0000,0.0000,0.0000,0.0476
18965103-6853-40c2-9492-80318d19aea5,110b5c81-0d3f-40bb-bc0d-cd4c327ce925,2.0000,10.7501,0.5000,2.0000,2.0000,0.6667,0.2222
18965103-6853-40c2-9492-80318d19aea5,80481175-af46-455a-8bef-0c682e4c0cb6,2.0000,9.8826,0.5000,2.0000,2.0000,0.0000,0.2222
18965103-6853-40c2-9492-80318d19aea5,422a1c98-ae36-47b0-8890-a8295b6cd85c,2.0000,10.1730,0.5000,2.0000,2.0000,0.6667,0.1600
18965103-6853-40c2-9492-80318d19aea5,51d9466b-1ba9-4646-8257-1d21cb2ed954,2.0000,6.3843,0.5000,2.0000,2.0000,0.0000,0.2222
18965103-6853-40c2-9492-80318d19aea5,03e8c72b-9c28-43b3-a50c-ba09195e3e3c,0.0000,12.6709,1.0000,0.0000,0.0000,0.6667,0.0455
18965103-6853-40c2-9492-80318d19aea5,cf9b7960-9d27-4554-a98d-f1fa9bb1a5ca,2.0000,10.8491,0.5000,2.0000,2.0000,0.6667,0.3438
18965103-6853-40c2-9492-80318d19aea5,bf0dfd9e-5489-4b04-ae78-ba2facc60792,0.0000,13.1774,1.0000,0.0000,0.0000,0.6667,0.0455
18965103-6853-40c2-9492-80318d19aea5,4f2e86c2-4b73-47fc-bf83-31eb686d4ad0,0.0000,14.2722,1.0000,0.0000,0.0000,0.6667,0.0000
18965103-6853-40c2-9492-80318d19aea5,ddd56f00-e94c-4f73-bc24-d6538d02d76f,2.0000,6.5257,0.5000,2.0000,2.0000,0.6667,0.3000
18965103-6853-40c2-9492-80318d19aea5,67351bd4-8ebd-4ac5-b552-24308cef799f,2.0000,12.9119,0.5000,2.0000,2.0000,0.0000,0.2500
18965103-6853-40c2-9492-80318d19aea5,7d591389-70df-411c-93e7-2948d4c04738,0.0000,11.2017,1.0000,0.0000,0.0000,0.0000,0.0476
18965103-6853-40c2-9492-80318d19aea5,91fd5a9f-0848-4551-a1a2-9689a4125830,0.0000,6.7837,1.0000,0.0000,0.0000,0.0000,0.2500
18965103-6853-40c2-9492-80318d19aea5,ae6b3203-494b-4066-b0ba-b923b393bced,0.0000,10.6413,1.0000,0.0000,0.0000,0.6667,0.0455
18965103-6853-40c2-9492-80318d19aea5,4b0f1708-0377-46ec-b3a4-cc53fe72fcc8,0.0000,15.4088,1.0000,0.0000,0.0000,0.6667,0.0455
18965103-6853-40c2-9492-80318d19aea5,17101d7a-983e-469a-82f0-3dbd27b59660,2.0000,8.4608,0.5000,2.0000,2.0000,0.0000,0.2759
18965103-6853-40c2-9492-80318d19aea5,6c2f7b68-d439-46b0-b6c2-111ae90e59be,2.0000,6.7320,0.5000,2.0000,2.0000,0.6667,0.2500
18965103-6853-40c2-9492-80318d19aea5,b07b0e33-0c1e-489d-8b69-aa1b4ae8d2ad,0.0000,14.2134,1.0000,0.0000,0.0000,0.6667,0.1905
18965103-6853-40c2-9492-80318d19aea5,cb93662e-0aed-4f56-9500-1e7f2e128287,2.0000,6.7811,0.5000,2.0000,2.0000,0.6667,0.2222
18965103-6853-40c2-9492-80318d19aea5,5c581ce7-7a4b-4fd5-86a2-16c83a3a7b68,0.0000,10.7652,1.0000,0.0000,0.0000,0.6667,0.0000
18965103-6853-40c2-9492-80318d19aea5,f2deb05a-d512-48f4-b641-59e526831230,0.0000,13.9823,1.0000,0.0000,0.0000,0.6667,0.0952
18965103-6853-40c2-9492-80318d19aea5,2908d1db-866e-4631-a655-8ac0a0da0e28,2.0000,11.4460,0.5000,2.0000,2.0000,0.6667,0.3000
18965103-6853-40c2-9492-80318d19aea5,4481c909-2f78-4205-8334-e27d27305642,2.0000,9.0323,0.5000,2.0000,2.0000,0.6667,0.1923
18965103-6853-40c2-9492-80318d19aea5,d450f16e-59ec-490a-8ce7-7968e10dd065,2.0000,10.3092,0.5000,2.0000,2.0000,0.6667,0.2500
18965103-6853-40c2-9492-80318d19aea5,51625cea-8af7-4dca-9b2d-17750e3831ea,0.0000,1.1013,1.0000,0.0000,0.0000,0.0000,0.0455
18965103-6853-40c2-9492-80318d19aea5,bb080865-5184-4114-942e-0a1b314c8016,0.0000,6.7364,1.0000,0.0000,0.0000,0.0000,0.0870
18965103-6853-40c2-9492-80318d19aea5,8b354a1d-b301-4cd1-b271-878ba45ed85f,0.0000,1.3639,1.0000,0.0000,0.0000,0.0000,0.0000
0828bdb4-f0be-448b-b61d-3f608eebf402,92fe4406-59d6-47a8-8d84-bc9fac1e4e6c,0.0000,4.9944,1.0000,0.0000,0.0000,0.6667,0.0714
0828bdb4-f0be-448b-b61d-3f608eebf402,1beb711d-2dab-45cf-8744-5cf732abf09e,2.0000,11.9024,0.5000,2.0000,2.0000,0.6667,0.1154
0828bdb4-f0be-448b-b61d-3f608eebf402,48135ce9-51a1-4054-9e53-664c69be3269,2.0000,9.8312,0.5000,2.0000,2.0000,0.0000,0.1923
0828bdb4-f0be-448b-b61d-3f608eebf402,9974adb1-840e-4c12-8c5a-99d4269979d6,0.0000,9.6926,1.0000,0.0000,0.0000,0.6667,0.2121
0828bdb4-f0be-448b-b61d-3f608eebf402,ad8a568c-ec19-4a05-b3eb-85be21135da3,2.0000,12.9674,0.5000,2.0000,2.0000,0.6667,0.1154
0828bdb4-f0be-448b-b61d-3f608eebf402,6e976f21-ce6b-4769-84a4-193506c56632,0.0000,11.5568,1.0000,0.0000,0.0000,0.6667,0.1875
0828bdb4-f0be-448b-b61d-3f608eebf402,11af1cdc-2f2d-4cc9-ab31-144a23730f0d,0.0000,11.1360,1.0000,0.0000,0.0000,0.6667,0.0000
0828bdb4-f0be-448b-b61d-3f608eebf402,2657869e-d306-41aa-9b22-a9395bdba806,0.0000,10.3656,1.0000,0.0000,0.0000,0.6667,0.0370
0828bdb4-f0be-448b-b61d-3f608eebf402,1fd8f017-3535-49a1-8c07-2d6c4cd162ba,2.0000,8.9627,0.5000,2.0000,2.0000,0.6667,0.1154
0828bdb4-f0be-448b-b61d-3f608eebf402,1a6422cc-3f8c-47bb-b341-085a1a0c0216,0.0000,4.6398,1.0000,0.0000,0.0000,0.6667,0.0000
0828bdb4-f0be-448b-b61d-3f608eebf402,646a92fa-ec4e-4160-9c74-9e6fd4db9e55,0.0000,10.3752,1.0000,0.0000,0.0000,0.6667,0.1613
0828bdb4-f0be-448b-b61d-3f608eebf402,ca6baa77-10f8-432a-bafc-c850551c8f78,0.0000,6.5086,1.0000,0.0000,0.0000,0.6667,0.1034
0828bdb4-f0be-448b-b61d-3f608eebf402,592ee7ca-1e74-47ad-87ee-001a1ea7d7c8,2.0000,8.4823,0.5000,2.0000,2.0000,0.6667,0.2692
0828bdb4-f0be-448b-b61d-3f608eebf402,64fbe5ce-1bef-4931-b014-c33d9e5a2054,2.0000,12.1596,0.5000,2.0000,2.0000,0.6667,0.1538
0828bdb4-f0be-448b-b61d-3f608eebf402,bd16aa67-95d6-4d37-814f-48a6e42f8f31,2.0000,11.5062,0.5000,2.0000,2.0000,0.6667,0.0385
0828bdb4-f0be-448b-b61d-3f608eebf402,5ea95498-2879-4306-a2bc-f1d88d018de4,2.0000,10.6293,0.5000,2.0000,2.0000,0.6667,0.2308
0828bdb4-f0be-448b-b61d-3f608eebf402,c8084389-f635-4f4c-adf4-b23f38248ee9,0.0000,7.9074,1.0000,0.0000,0.0000,0.0000,0.1333
0828bdb4-f0be-448b-b61d-3f608eebf402,11b4879c-a825-4a4b-902b-f821672b9927,0.0000,8.0487,1.0000,0.0000,0.0000,0.0000,0.0370
0828bdb4-f0be-448b-b61d-3f608eebf402,e19561ae-403a-4d73-bdb8-ca197e40b836,2.0000,10.7567,0.5000,2.0000,2.0000,0.6667,0.1923
0828bdb4-f0be-448b-b61d-3f608eebf402,8b65a0a2-23de-40ad-97ec-d7a7117c8020,2.0000,7.8301,0.5000,2.0000,2.0000,0.6667,0.1154
0828bdb4-f0be-448b-b61d-3f608eebf402,fb457f02-79d9-4cd8-80c1-1a4cd76d2d60,2.0000,8.9385,0.5000,2.0000,2.0000,0.6667,0.0769
0828bdb4-f0be-448b-b61d-3f608eebf402,d92b4620-3913-44fe-852a-67ddc3c13b36,0.0000,10.9094,1.0000,0.0000,0.0000,0.6667,0.0370
0828bdb4-f0be-448b-b61d-3f608eebf402,76dd5051-efcd-4750-8788-d0043750910f,0.0000,11.7636,1.0000,0.0000,0.0000,0.6667,0.0000
0828bdb4-f0be-448b-b61d-3f608eebf402,ea1f80f0-62f3-4852-85b2-4f9c324b26a2,0.0000,8.9155,1.0000,0.0000,0.0000,0.6667,0.0370
0828bdb4-f0be-448b-b61d-3f608eebf402,5b372c89-6d70-4276-a9fe-d4a9ffe9e0af,2.0000,12.5145,0.5000,2.0000,2.0000,0.6667,0.2308
0828bdb4-f0be-448b-b61d-3f608eebf402,eb0958ef-c187-4392-95d9-d703217e20f2,2.0000,11.5663,0.5000,2.0000,2.0000,0.6667,0.1154
0828bdb4-f0be-448b-b61d-3f608eebf402,d600c8fd-02b9-442e-94a7-8cfcfd0902e5,2.0000,8.2461,0.5000,2.0000,2.0000,0.6667,0.0385
0828bdb4-f0be-448b-b61d-3f608eebf402,d43a4529-c3d6-47a7-bf16-51d83c463e35,0.0000,8.7238,1.0000,0.0000,0.0000,0.6667,0.0714
0828bdb4-f0be-448b-b61d-3f608eebf402,8b912a7e-96de-4da8-a91d-f1ddafa36f9b,2.0000,8.3339,0.5000,2.0000,2.0000,0.6667,0.1923
0828bdb4-f0be-448b-b61d-3f608eebf402,637d55e6-25d5-43aa-95e1-e71da53b4a65,0.0000,10.6643,1.0000,0.0000,0.0000,0.6667,0.1034
0828bdb4-f0be-448b-b61d-3f608eebf402,7a051738-24d2-4d72-bbfa-9f81c092b5d4,0.0000,5.9169,1.0000,0.0000,0.0000,0.0000,0.0000
0828bdb4-f0be-448b-b61d-3f608eebf402,0fcb9700-df04-4531-a3d8-d6169f91eae5,2.0000,10.9236,0.5000,2.0000,2.0000,0.6667,0.0385
0828bdb4-f0be-448b-b61d-3f608eebf402,e3cd235f-f77c-4448-8fe5-62434f6ef801,2.0000,7.7200,0.5000,2.0000,2.0000,0.6667,0.1923
0828bdb4-f0be-448b-b61d-3f608eebf402,d84d6202-1b0d-494e-83aa-282623351558,2.0000,9.6493,0.5000,2.0000,2.0000,0.6667,0.0769
0828bdb4-f0be-448b-b61d-3f608eebf402,fb3bb871-3382-43a6-86cf-25862db66608,0.0000,11.2237,1.0000,0.0000,0.0000,0.0000,0.1034
0828bdb4-f0be-448b-b61d-3f608eebf402,8b2ba48c-dea4-4586-8cdd-81d2a8b1aa73,2.0000,11.1936,0.5000,2.0000,2.0000,0.6667,0.1538
0828bdb4-f0be-448b-b61d-3f608eebf402,b590db6d-3092-4a48-a3cd-8b3828f6fd97,2.0000,8.4531,0.5000,2.0000,2.0000,0.6667,0.1923
0828bdb4-f0be-448b-b61d-3f608eebf402,1079305f-65fb-473e-9658-e7251b0824be,2.0000,10.9366,0.5000,2.0000,2.0000,0.0000,0.3077
0828bdb4-f0be-448b-b61d-3f608eebf402,efdea335-b7fb-4a9f-b55c-05e6f649b42f,0.0000,8.2621,1.0000,0.0000,0.0000,0.6667,0.0370
0828bdb4-f0be-448b-b61d-3f608eebf402,2a753e87-dc5b-4f7e-8441-59141fcc0cb2,2.0000,9.6580,0.5000,2.0000,2.0000,0.6667,0.0769
0828bdb4-f0be-448b-b61d-3f608eebf402,09ce3282-4e7d-43e3-aad0-d8ba479e152e,2.0000,8.5769,0.5000,2.0000,2.0000,0.6667,0.1923
0828bdb4-f0be-448b-b61d-3f608eebf402,130e102a-345e-41bc-8c2b-f9eddef31bd5,2.0000,11.2793,0.5000,2.0000,2.0000,0.6667,0.0769
0828bdb4-f0be-448b-b61d-3f608eebf402,9ded00ab-0866-4032-92bf-5dc8fdc4d243,0.0000,9.4387,1.0000,0.0000,0.0000,0.0000,0.0769
0828bdb4-f0be-448b-b61d-3f608eebf402,5d4d9a94-6aaa-4bbe-b639-a0eeb4e1c088,0.0000,5.7858,1.0000,0.0000,0.0000,0.0000,0.0714
0828bdb4-f0be-448b-b61d-3f608eebf402,a8c5b81e-599a-4ed1-901b-356d1fc94e84,2.0000,9.5661,0.5000,2.0000,2.0000,0.6667,0.2308
0828bdb4-f0be-448b-b61d-3f608eebf402,f19250f3-e0cf-4ebf-b106-1c75855eb8ed,2.0000,10.3911,0.5000,2.0000,2.0000,0.6667,0.0769
0828bdb4-f0be-448b-b61d-3f608eebf402,6482a7eb-8182-43d4-8df9-1ad15f5bbf5d,0.0000,5.5427,1.0000,0.0000,0.0000,0.6667,0.0385
0828bdb4-f0be-448b-b61d-3f608eebf402,5e5e895e-dd66-4fb6-a1d2-04f02c760fd8,2.0000,8.2505,0.5000,2.0000,2.0000,0.0000,0.1154
0828bdb4-f0be-448b-b61d-3f608eebf402,ff1bb715-41ad-4a24-a31e-499bba5e889a,2.0000,10.3996,0.5000,2.0000,2.0000,0.6667,0.1154
0828bdb4-f0be-448b-b61d-3f608eebf402,9fd672d7-152c-423e-af51-4b14f62db78f,2.0000,10.7895,0.5000,2.0000,2.0000,0.6667,0.2308
0828bdb4-f0be-448b-b61d-3f608eebf402,0c07cbfe-8089-4618-8ea2-9d49c5c7676f,0.0000,8.6002,1.0000,0.0000,0.0000,0.0000,0.0385
0828bdb4-f0be-448b-b61d-3f608eebf402,2db915b4-b287-4d07-8d78-0d79e2b715e6,2.0000,8.5746,0.5000,2.0000,2.0000,0.6667,0.2308
0828bdb4-f0be-448b-b61d-3f608eebf402,1041fa72-e598-4a46-9d90-bbdb1a8c8cfa,2.0000,10.1235,0.5000,2.0000,2.0000,0.6667,0.3077
0828bdb4-f0be-448b-b61d-3f608eebf402,e2678857-49ff-42d1-9649-47b147a8ed3e,0.0000,6.8223,1.0000,0.0000,0.0000,0.6667,0.0370
0828bdb4-f0be-448b-b61d-3f608eebf402,0b2085d3-0fbc-4351-845e-5d9bccda34e5,2.0000,9.4292,0.5000,2.0000,2.0000,0.6667,0.1154
0828bdb4-f0be-448b-b61d-3f608eebf402,0abcffc0-2fc7-4385-a82f-bbe80bfd51ae,2.0000,10.7890,0.5000,2.0000,2.0000,0.6667,0.1154
0828bdb4-f0be-448b-b61d-3f608eebf402,d54c73cc-cc77-415e-aeff-dd22604f13cf,2.0000,9.0888,0.5000,2.0000,2.0000,0.6667,0.2308
0828bdb4-f0be-448b-b61d-3f608eebf402,09bf266d-b272-4968-9251-ab34779e8344,2.0000,10.3844,0.5000,2.0000,2.0000,0.0000,0.0000
0828bdb4-f0be-448b-b61d-3f608eebf402,b336cd79-f2f6-4913-b922-d1061f5fb2e1,2.0000,8.8162,0.5000,2.0000,2.0000,0.6667,0.1154
0828bdb4-f0be-448b-b61d-3f608eebf402,c6e27378-0b9e-4d40-9dbf-057217176282,2.0000,8.7882,0.5000,2.0000,2.0000,0.6667,0.1154
0828bdb4-f0be-448b-b61d-3f608eebf402,d9267fd4-495d-4d11-843c-cedddfeddabf,2.0000,8.2583,0.5000,2.0000,2.0000,0.6667,0.1923
0828bdb4-f0be-448b-b61d-3f608eebf402,8dfa57b2-e8b0-4a9a-b5b6-86dc84f15e30,0.0000,11.7408,1.0000,0.0000,0.0000,0.0000,0.0714
0828bdb4-f0be-448b-b61d-3f608eebf402,d9fa51da-ab2b-411c-a41b-ce2b5c23473b,2.0000,9.3705,0.5000,2.0000,2.0000,0.6667,0.1154
0828bdb4-f0be-448b-b61d-3f608eebf402,4895c953-8e9a-4e62-b308-61d0f4106e69,2.0000,10.7136,0.5000,2.0000,2.0000,0.6667,0.1154
0828bdb4-f0be-448b-b61d-3f608eebf402,c95936f5-0096-4c43-a2a2-4cc7a9b26504,0.0000,7.1889,1.0000,0.0000,0.0000,0.6667,0.0385
0828bdb4-f0be-448b-b61d-3f608eebf402,535f130b-68ff-4463-83b0-d04785999fbb,2.0000,9.2660,0.5000,2.0000,2.0000,0.6667,0.2308
0828bdb4-f0be-448b-b61d-3f608eebf402,5c952de4-19c5-4324-b3f4-48b0c2169833,2.0000,10.4077,0.5000,2.0000,2.0000,0.6667,0.1154
0828bdb4-f0be-448b-b61d-3f608eebf402,ced92f16-312a-4b19-addf-523cfefee6c7,2.0000,9.4973,0.5000,2.0000,2.0000,0.6667,0.0000
0828bdb4-f0be-448b-b61d-3f608eebf402,a11c3bca-9343-4869-8c77-38e616536f5e,2.0000,6.3180,0.5000,2.0000,2.0000,0.6667,0.2308
0828bdb4-f0be-448b-b61d-3f608eebf402,110b5c81-0d3f-40bb-bc0d-cd4c327ce925,0.0000,8.6465,1.0000,0.0000,0.0000,0.6667,0.0370
0828bdb4-f0be-448b-b61d-3f608eebf402,80481175-af46-455a-8bef-0c682e4c0cb6,0.0000,10.1888,1.0000,0.0000,0.0000,0.6667,0.0370
0828bdb4-f0be-448b-b61d-3f608eebf402,422a1c98-ae36-47b0-8890-a8295b6cd85c,0.0000,8.2766,1.0000,0.0000,0.0000,0.6667,0.0385
0828bdb4-f0be-448b-b61d-3f608eebf402,51d9466b-1ba9-4646-8257-1d21cb2ed954,0.0000,9.0614,1.0000,0.0000,0.0000,0.6667,0.0370
0828bdb4-f0be-448b-b61d-3f608eebf402,03e8c72b-9c28-43b3-a50c-ba09195e3e3c,2.0000,10.2962,0.5000,2.0000,2.0000,0.6667,0.1538
0828bdb4-f0be-448b-b61d-3f608eebf402,cf9b7960-9d27-4554-a98d-f1fa9bb1a5ca,0.0000,7.9170,1.0000,0.0000,0.0000,0.6667,0.1875
0828bdb4-f0be-448b-b61d-3f608eebf402,bf0dfd9e-5489-4b04-ae78-ba2facc60792,2.0000,8.4685,0.5000,2.0000,2.0000,0.6667,0.1538
0828bdb4-f0be-448b-b61d-3f608eebf402,4f2e86c2-4b73-47fc-bf83-31eb686d4ad0,2.0000,10.6501,0.5000,2.0000,2.0000,0.6667,0.1923
0828bdb4-f0be-448b-b61d-3f608eebf402,ddd56f00-e94c-4f73-bc24-d6538d02d76f,0.0000,9.8410,1.0000,0.0000,0.0000,0.6667,0.1333
0828bdb4-f0be-448b-b61d-3f608eebf402,67351bd4-8ebd-4ac5-b552-24308cef799f,0.0000,9.5045,1.0000,0.0000,0.0000,0.6667,0.0714
0828bdb4-f0be-448b-b61d-3f608eebf402,7d591389-70df-411c-93e7-2948d4c04738,2.0000,11.6425,0.5000,2.0000,2.0000,0.6667,0.2308
0828bdb4-f0be-448b-b61d-3f608eebf402,91fd5a9f-0848-4551-a1a2-9689a4125830,2.0000,11.1871,0.5000,2.0000,2.0000,0.6667,0.0714
0828bdb4-f0be-448b-b61d-3f608eebf402,ae6b3203-494b-4066-b0ba-b923b393bced,2.0000,9.4437,0.5000,2.0000,2.0000,0.6667,0.1538
0828bdb4-f0be-448b-b61d-3f608eebf402,4b0f1708-0377-46ec-b3a4-cc53fe72fcc8,2.0000,12.9273,0.5000,2.0000,2.0000,0.0000,0.1538
0828bdb4-f0be-448b-b61d-3f608eebf402,17101d7a-983e-469a-82f0-3dbd27b59660,0.0000,11.3118,1.0000,0.0000,0.0000,0.6667,0.1034
0828bdb4-f0be-448b-b61d-3f608eebf402,6c2f7b68-d439-46b0-b6c2-111ae90e59be,0.0000,7.6644,1.0000,0.0000,0.0000,0.6667,0.0714
0828bdb4-f0be-448b-b61d-3f608eebf402,b07b0e33-0c1e-489d-8b69-aa1b4ae8d2ad,2.0000,12.0081,0.5000,2.0000,2.0000,0.0000,0.3462
0828bdb4-f0be-448b-b61d-3f608eebf402,cb93662e-0aed-4f56-9500-1e7f2e128287,0.0000,9.3010,1.0000,0.0000,0.0000,0.6667,0.0370
0828bdb4-f0be-448b-b61d-3f608eebf402,5c581ce7-7a4b-4fd5-86a2-16c83a3a7b68,2.0000,8.0094,0.5000,2.0000,2.0000,0.6667,0.1923
0828bdb4-f0be-448b-b61d-3f608eebf402,f2deb05a-d512-48f4-b641-59e526831230,2.0000,11.9996,0.5000,2.0000,2.0000,0.6667,0.2692
0828bdb4-f0be-448b-b61d-3f608eebf402,2908d1db-866e-4631-a655-8ac0a0da0e28,0.0000,8.4359,1.0000,0.0000,0.0000,0.0000,0.1333
0828bdb4-f0be-448b-b61d-3f608eebf402,4481c909-2f78-4205-8334-e27d27305642,0.0000,8.6517,1.0000,0.0000,0.0000,0.0000,0.0000
0828bdb4-f0be-448b-b61d-3f608eebf402,d450f16e-59ec-490a-8ce7-7968e10dd065,0.0000,10.5934,1.0000,0.0000,0.0000,0.6667,0.0714
0828bdb4-f0be-448b-b61d-3f608eebf402,51625cea-8af7-4dca-9b2d-17750e3831ea,2.0000,8.1846,0.5000,2.0000,2.0000,0.6667,0.1538
0828bdb4-f0be-448b-b61d-3f608eebf402,bb080865-5184-4114-942e-0a1b314c8016,2.0000,11.1207,0.5000,2.0000,2.0000,0.6667,0.1154
0828bdb4-f0be-448b-b61d-3f608eebf402,8b354a1d-b301-4cd1-b271-878ba45ed85f,2.0000,8.7945,0.5000,2.0000,2.0000,0.6667,0.1923
92fe4406-59d6-47a8-8d84-bc9fac1e4e6c,1beb711d-2dab-45cf-8744-5cf732abf09e,2.0000,13.7944,0.5000,2.0000,2.0000,0.0000,0.1786
92fe4406-59d6-47a8-8d84-bc9fac1e4e6c,48135ce9-51a1-4054-9e53-664c69be3269,2.0000,10.4446,0.5000,2.0000,2.0000,0.6667,0.2500
92fe4406-59d6-47a8-8d84-bc9fac1e4e6c,9974adb1-840e-4c12-8c5a-99d4269979d6,0.0000,9.6228,1.0000,0.0000,0.0000,0.6667,0.1515
92fe4406-59d6-47a8-8d84-bc9fac1e4e6c,ad8a568c-ec19-4a05-b3eb-85be21135da3,2.0000,12.2133,0.5000,2.0000,2.0000,0.6667,0.1786
92fe4406-59d6-47a8-8d84-bc9fac1e4e6c,6e976f21-ce6b-4769-84a4-193506c56632,0.0000,9.2928,1.0000,0.0000,0.0000,0.6667,0.1250
92fe4406-59d6-47a8-8d84-bc9fac1e4e6c,11af1cdc-2f2d-4cc9-ab31-144a23730f0d,0.0000,11.0762,1.0000,0.0000,0.0000,0.0000,0.0714
92fe4406-59d6-47a8-8d84-bc9fac1e4e6c,2657869e-d306-41aa-9b22-a9395bdba806,0.0000,7.5565,1.0000,0.0000,0.0000,0.6667,0.0357
92fe4406-59d6-47a8-8d84-bc9fac1e4e6c,1fd8f017-3535-49a1-8c07-2d6c4cd162ba,2.0000,5.4206,0.5000,2.0000,2.0000,0.6667,0.1786
92fe4406-59d6-47a8-8d84-bc9fac1e4e6c,1a6422cc-3f8c-47bb-b341-085a1a0c0216,0.0000,5.5681,1.0000,0.0000,0.0000,0.6667,0.0714
92fe4406-59d6-47a8-8d84-bc9fac1e4e6c,646a92fa-ec4e-4160-9c74-9e6fd4db9e55,0.0000,7.7153,1.0000,0.0000,0.0000,0.0000,0.0968
92fe4406-59d6-47a8-8d84-bc9fac1e4e6c,ca6baa77-10f8-432a-bafc-c850551c8f78,0.0000,6.5469,1.0000,0.0000,0.0000,0.6667,0.0345
92fe4406-59d6-47a8-8d84-bc9fac1e4e6c,592ee7ca-1e74-47ad-87ee-001a1ea7d7c8,2.0000,8.7802,0.5000,2.0000,2.0000,0.0000,0.3214
92fe4406-59d6-47a8-8d84-bc9fac1e4e6c,64fbe5ce-1bef-4931-b014-c33d9e5a2054,2.0000,9.9239,0.5000,2.0000,2.0000,0.6667,0.2143
92fe4406-59d6-47a8-8d84-bc9fac1e4e6c,bd16aa67-95d6-4d37-814f-48a6e42f8f31,2.0000,8.8707,0.5000,2.0000,2.0000,0.6667,0.1071
92fe4406-59d6-47a8-8d84-bc9fac1e4e6c,5ea95498-2879-4306-a2bc-f1d88d018de4,2.0000,9.8040,0.5000,2.0000,2.0000,0.0000,0.2857
92fe4406-59d6-47a8-8d84-bc9fac1e4e6c,c8084389-f635-4f4c-adf4-b23f38248ee9,0.0000,9.0072,1.0000,0.0000,0.0000,0.6667,0.0667
92fe4406-59d6-47a8-8d84-bc9fac1e4e6c,11b4879c-a825-4a4b-902b-f821672b9927,0.0000,11.1566,1.0000,0.0000,0.0000,0.6667,0.0357
92fe4406-59d6-47a8-8d84-bc9fac1e4e6c,e19561ae-403a-4d73-bdb8-ca197e40b836,2.0000,10.0213,0.5000,2.0000,2.0000,0.0000,0.2500
92fe4406-59d6-47a8-8d84-bc9fac1e4e6c,8b65a0a2-23de-40ad-97ec-d7a7117c8020,2.0000,10.1167,0.5000,2.0000,2.0000,0.6667,0.1786
92fe4406-59d6-47a8-8d84-bc9fac1e4e6c,fb457f02-79d9-4cd8-80c1-1a4cd76d2d60,2.0000,6.0000,0.5000,2.0000,2.0000,0.6667,0.1429
92fe4406-59d6-47a8-8d84-bc9fac1e4e6c,d92b4620-3913-44fe-852a-67ddc3c13b36,0.0000,9.6429,1.0000,0.0000,0.0000,0.0000,0.0357
92fe4406-59d6-47a8-8d84-bc9fac1e4e6c,76dd5051-efcd-4750-8788-d0043750910f,0.0000,13.6787,1.0000,0.0000,0.0000,0.0000,0.0714
92fe4406-59d6-47a8-8d84-bc9fac1e4e6c,ea1f80f0-62f3-4852-85b2-4f9c324b26a2,0.0000,7.8966,1.0000,0.0000,0.0000,0.0000,0.0357
92fe4406-59d6-47a8-8d84-bc9fac1e4e6c,5b372c89-6d70-4276-a9fe-d4a9ffe9e0af,2.0000,8.6956,0.5000,2.0000,2.0000,0.6667,0.2857
92fe4406-59d6-47a8-8d84-bc9fac1e4e6c,eb0958ef-c187-4392-95d9-d703217e20f2,2.0000,9.0974,0.5000,2.0000,2.0000,0.6667,0.1786
92fe4406-59d6-47a8-8d84-bc9fac1e4e6c,d600c8fd-02b9-442e-94a7-8cfcfd0902e5,2.0000,10.2158,0.5000,2.0000,2.0000,0.0000,0.1071
92fe4406-59d6-47a8-8d84-bc9fac1e4e6c,d43a4529-c3d6-47a7-bf16-51d83c463e35,0.0000,8.4108,1.0000,0.0000,0.0000,0.6667,0.0000
92fe4406-59d6-47a8-8d84-bc9fac1e4e6c,8b912a7e-96de-4da8-a91d-f1ddafa36f9b,2.0000,12.1850,0.5000,2.0000,2.0000,0.0000,0.2500
92fe4406-59d6-47a8-8d84-bc9fac1e4e6c,637d55e6-25d5-43aa-95e1-e71da53b4a65,0.0000,8.2818,1.0000,0.0000,0.0000,0.0000,0.0345
92fe4406-59d6-47a8-8d84-bc9fac1e4e6c,7a051738-24d2-4d72-bbfa-9f81c092b5d4,0.0000,7.9404,1.0000,0.0000,0.0000,0.6667,0.0714
92fe4406-59d6-47a8-8d84-bc9fac1e4e6c,0fcb9700-df04-4531-a3d8-d6169f91eae5,2.0000,13.6805,0.5000,2.0000,2.0000,0.0000,0.1071
92fe4406-59d6-47a8-8d84-bc9fac1e4e6c,e3cd235f-f77c-4448-8fe5-62434f6ef801,2.0000,10.7631,0.5000,2.0000,2.0000,0.0000,0.2500
92fe4406-59d6-47a8-8d84-bc9fac1e4e6c,d84d6202-1b0d-494e-83aa-282623351558,2.0000,12.7913,0.5000,2.0000,2.0000,0.6667,0.1429
92fe4406-59d6-47a8-8d84-bc9fac1e4e6c,fb3bb871-3382-43a6-86cf-25862db66608,0.0000,7.8530,1.0000,0.0000,0.0000,0.6667,0.0345
92fe4406-59d6-47a8-8d84-bc9fac1e4e6c,8b2ba48c-dea4-4586-8cdd-81d2a8b1aa73,2.0000,12.2744,0.5000,2.0000,2.0000,0.0000,0.2143
92fe4406-59d6-47a8-8d84-bc9fac1e4e6c,b590db6d-3092-4a48-a3cd-8b3828f6fd97,2.0000,11.1021,0.5000,2.0000,2.0000,0.6667,0.2500
92fe4406-59d6-47a8-8d84-bc9fac1e4e6c,1079305f-65fb-473e-9658-e7251b0824be,2.0000,8.3903,0.5000,2.0000,2.0000,0.6667,0.3571
92fe4406-59d6-47a8-8d84-bc9fac1e4e6c,efdea335-b7fb-4a9f-b55c-05e6f649b42f,0.0000,7.9945,1.0000,0.0000,0.0000,0.0000,0.0357
92fe4406-59d6-47a8-8d84-bc9fac1e4e6c,2a753e87-dc5b-4f7e-8441-59141fcc0cb2,2.0000,9.4160,0.5000,2.0000,2.0000,0.6667,0.1429
92fe4406-59d6-47a8-8d84-bc9fac1e4e6c,09ce3282-4e7d-43e3-aad0-d8ba479e152e,2.0000,10.2557,0.5000,2.0000,2.0000,0.0000,0.2500
92fe4406-59d6-47a8-8d84-bc9fac1e4e6c,130e102a-345e-41bc-8c2b-f9eddef31bd5,2.0000,8.6107,0.5000,2.0000,2.0000,0.0000,0.1429
92fe4406-59d6-47a8-8d84-bc9fac1e4e6c,9ded00ab-0866-4032-92bf-5dc8fdc4d243,0.0000,11.2423,1.0000,0.0000,0.0000,0.6667,0.1429
92fe4406-59d6-47a8-8d84-bc9fac1e4e6c,5d4d9a94-6aaa-4bbe-b639-a0eeb4e1c088,0.0000,7.3314,1.0000,0.0000,0.0000,0.6667,0.0000
92fe4406-59d6-47a8-8d84-bc9fac1e4e6c,a8c5b81e-599a-4ed1-901b-356d1fc94e84,2.0000,11.7033,0.5000,2.0000,2.0000,0.0000,0.2857
92fe4406-59d6-47a8-8d84-bc9fac1e4e6c,f19250f3-e0cf-4ebf-b106-1c75855eb8ed,2.0000,11.9487,0.5000,2.0000,2.0000,0.0000,0.1429
92fe4406-59d6-47a8-8d84-bc9fac1e4e6c,6482a7eb-8182-43d4-8df9-1ad15f5bbf5d,0.0000,8.6317,1.0000,0.0000,0.0000,0.0000,0.1071
92fe4406-59d6-47a8-8d84-bc9fac1e4e6c,5e5e895e-dd66-4fb6-a1d2-04f02c760fd8,2.0000,10.7564,0.5000,2.0000,2.0000,0.6667,0.1786
92fe4406-59d6-47a8-8d84-bc9fac1e4e6c,ff1bb715-41ad-4a24-a31e-499bba5e889a,2.0000,8.0553,0.5000,2.0000,2.0000,0.0000,0.1786
92fe4406-59d6-47a8-8d84-bc9fac1e4e6c,9fd672d7-152c-423e-af51-4b14f62db78f,2.0000,10.7468,0.5000,2.0000,2.0000,0.6667,0.2857
92fe4406-59d6-47a8-8d84-bc9fac1e4e6c,0c07cbfe-8089-4618-8ea2-9d49c5c7676f,0.0000,6.2725,1.0000,0.0000,0.0000,0.6667,0.1071
92fe4406-59d6-47a8-8d84-bc9fac1e4e6c,2db915b4-b287-4d07-8d78-0d79e2b715e6,2.0000,10.6567,0.5000,2.0000,2.0000,0.6667,0.2857
92fe4406-59d6-47a8-8d84-bc9fac1e4e6c,1041fa72-e598-4a46-9d90-bbdb1a8c8cfa,2.0000,6.8245,0.5000,2.0000,2.0000,0.6667,0.3571
92fe4406-59d6-47a8-8d84-bc9fac1e4e6c,e2678857-49ff-42d1-9649-47b147a8ed3e,0.0000,9.8201,1.0000,0.0000,0.0000,0.6667,0.0357
92fe4406-59d6-47a8-8d84-bc9fac1e4e6c,0b2085d3-0fbc-4351-845e-5d9bccda34e5,2.0000,9.7935,0.5000,2.0000,2.0000,0.6667,0.1786
92fe4406-59d6-47a8-8d84-bc9fac1e4e6c,0abcffc0-2fc7-4385-a82f-bbe80bfd51ae,2.0000,9.9312,0.5000,2.0000,2.0000,0.6667,0.1786
92fe4406-59d6-47a8-8d84-bc9fac1e4e6c,d54c73cc-cc77-415e-aeff-dd22604f13cf,2.0000,9.1846,0.5000,2.0000,2.0000,0.6667,0.2857
92fe4406-59d6-47a8-8d84-bc9fac1e4e6c,09bf266d-b272-4968-9251-ab34779e8344,2.0000,7.1580,0.5000,2.0000,2.0000,0.6667,0.0714
92fe4406-59d6-47a8-8d84-bc9fac1e4e6c,b336cd79-f2f6-4913-b922-d1061f5fb2e1,2.0000,5.3092,0.5000,2.0000,2.0000,0.6667,0.1786
92fe4406-59d6-47a8-8d84-bc9fac1e4e6c,c6e27378-0b9e-4d40-9dbf-057217176282,2.0000,8.7513,0.5000,2.0000,2.0000,0.6667,0.1786
92fe4406-59d6-47a8-8d84-bc9fac1e4e6c,d9267fd4-495d-4d11-843c-cedddfeddabf,2.0000,9.3095,0.5000,2.0000,2.0000,0.0000,0.2500
92fe4406-59d6-47a8-8d84-bc9fac1e4e6c,8dfa57b2-e8b0-4a9a-b5b6-86dc84f15e30,0.0000,9.8314,1.0000,0.0000,0.0000,0.6667,0.0000
92fe4406-59d6-47a8-8d84-bc9fac1e4e6c,d9fa51da-ab2b-411c-a41b-ce2b5c23473b,2.0000,8.1450,0.5000,2.0000,2.0000,0.6667,0.1786
92fe4406-59d6-47a8-8d84-bc9fac1e4e6c,4895c953-8e9a-4e62-b308-61d0f4106e69,2.0000,11.3591,0.5000,2.0000,2.0000,0.6667,0.1786
92fe4406-59d6-47a8-8d84-bc9fac1e4e6c,c95936f5-0096-4c43-a2a2-4cc7a9b26504,0.0000,6.2057,1.0000,0.0000,0.0000,0.6667,0.1071
92fe4406-59d6-47a8-8d84-bc9fac1e4e6c,535f130b-68ff-4463-83b0-d04785999fbb,2.0000,11.2292,0.5000,2.0000,2.0000,0.0000,0.2857
92fe4406-59d6-47a8-8d84-bc9fac1e4e6c,5c952de4-19c5-4324-b3f4-48b0c2169833,2.0000,6.3852,0.5000,2.0000,2.0000,0.6667,0.1786
92fe4406-59d6-47a8-8d84-bc9fac1e4e6c,ced92f16-312a-4b19-addf-523cfefee6c7,2.0000,8.4476,0.5000,2.0000,2.0000,0.6667,0.0714
92fe4406-59d6-47a8-8d84-bc9fac1e4e6c,a11c3bca-9343-4869-8c77-38e616536f5e,2.0000,6.2662,0.5000,2.0000,2.0000,0.6667,0.2857
92fe4406-59d6-47a8-8d84-bc9fac1e4e6c,110b5c81-0d3f-40bb-bc0d-cd4c327ce925,0.0000,10.0909,1.0000,0.0000,0.0000,0.0000,0.0357
92fe4406-59d6-47a8-8d84-bc9fac1e4e6c,80481175-af46-455a-8bef-0c682e4c0cb6,0.0000,7.3627,1.0000,0.0000,0.0000,0.6667,0.0357
92fe4406-59d6-47a8-8d84-bc9fac1e4e6c,422a1c98-ae36-47b0-8890-a8295b6cd85c,0.0000,8.5310,1.0000,0.0000,0.0000,0.0000,0.1071
92fe4406-59d6-47a8-8d84-bc9fac1e4e6c,51d9466b-1ba9-4646-8257-1d21cb2ed954,0.0000,8.7653,1.0000,0.0000,0.0000,0.6667,0.0357
92fe4406-59d6-47a8-8d84-bc9fac1e4e6c,03e8c72b-9c28-43b3-a50c-ba09195e3e3c,2.0000,13.1620,0.5000,2.0000,2.0000,0.0000,0.2143
92fe4406-59d6-47a8-8d84-bc9fac1e4e6c,cf9b7960-9d27-4554-a98d-f1fa9bb1a5ca,0.0000,9.2643,1.0000,0.0000,0.0000,0.0000,0.1250
92fe4406-59d6-47a8-8d84-bc9fac1e4e6c,bf0dfd9e-5489-4b04-ae78-ba2facc60792,2.0000,11.6050,0.5000,2.0000,2.0000,0.0000,0.2143
92fe4406-59d6-47a8-8d84-bc9fac1e4e6c,4f2e86c2-4b73-47fc-bf83-31eb686d4ad0,2.0000,10.9708,0.5000,2.0000,2.0000,0.0000,0.2500
92fe4406-59d6-47a8-8d84-bc9fac1e4e6c,ddd56f00-e94c-4f73-bc24-d6538d02d76f,0.0000,8.9035,1.0000,0.0000,0.0000,0.0000,0.0667
92fe4406-59d6-47a8-8d84-bc9fac1e4e6c,67351bd4-8ebd-4ac5-b552-24308cef799f,0.0000,10.6470,1.0000,0.0000,0.0000,0.6667,0.0000
92fe4406-59d6-47a8-8d84-bc9fac1e4e6c,7d591389-70df-411c-93e7-2948d4c04738,2.0000,11.0343,0.5000,2.0000,2.0000,0.6667,0.2857
92fe4406-59d6-47a8-8d84-bc9fac1e4e6c,91fd5a9f-0848-4551-a1a2-9689a4125830,2.0000,8.5462,0.5000,2.0000,2.0000,0.6667,0.0000
92fe4406-59d6-47a8-8d84-bc9fac1e4e6c,ae6b3203-494b-4066-b0ba-b923b393bced,2.0000,12.3095,0.5000,2.0000,2.0000,0.0000,0.2143
92fe4406-59d6-47a8-8d84-bc9fac1e4e6c,4b0f1708-0377-46ec-b3a4-cc53fe72fcc8,2.0000,14.1203,0.5000,2.0000,2.0000,0.6667,0.2143
92fe4406-59d6-47a8-8d84-bc9fac1e4e6c,17101d7a-983e-469a-82f0-3dbd27b59660,0.0000,8.6371,1.0000,0.0000,0.0000,0.6667,0.0345
92fe4406-59d6-47a8-8d84-bc9fac1e4e6c,6c2f7b68-d439-46b0-b6c2-111ae90e59be,0.0000,10.2585,1.0000,0.0000,0.0000,0.0000,0.0000
92fe4406-59d6-47a8-8d84-bc9fac1e4e6c,b07b0e33-0c1e-489d-8b69-aa1b4ae8d2ad,2.0000,13.2565,0.5000,2.0000,2.0000,0.6667,0.3929
92fe4406-59d6-47a8-8d84-bc9fac1e4e6c,cb93662e-0aed-4f56-9500-1e7f2e128287,0.0000,8.3618,1.0000,0.0000,0.0000,0.0000,0.0357
92fe4406-59d6-47a8-8d84-bc9fac1e4e6c,5c581ce7-7a4b-4fd5-86a2-16c83a3a7b68,2.0000,8.3674,0.5000,2.0000,2.0000,0.0000,0.2500
92fe4406-59d6-47a8-8d84-bc9fac1e4e6c,f2deb05a-d512-48f4-b641-59e526831230,2.0000,11.4390,0.5000,2.0000,2.0000,0.0000,0.3214
92fe4406-59d6-47a8-8d84-bc9fac1e4e6c,2908d1db-866e-4631-a655-8ac0a0da0e28,0.0000,9.7865,1.0000,0.0000,0.0000,0.6667,0.0667
92fe4406-59d6-47a8-8d84-bc9fac1e4e6c,4481c909-2f78-4205-8334-e27d27305642,0.0000,8.3213,1.0000,0.0000,0.0000,0.6667,0.0714
92fe4406-59d6-47a8-8d84-bc9fac1e4e6c,d450f16e-59ec-490a-8ce7-7968e10dd065,0.0000,7.9716,1.0000,0.0000,0.0000,0.0000,0.0000
92fe4406-59d6-47a8-8d84-bc9fac1e4e6c,51625cea-8af7-4dca-9b2d-17750e3831ea,2.0000,8.6492,0.5000,2.0000,2.0000,0.6667,0.2143
92fe4406-59d6-47a8-8d84-bc9fac1e4e6c,bb080865-5184-4114-942e-0a1b314c8016,2.0000,10.3225,0.5000,2.0000,2.0000,0.6667,0.1786
92fe4406-59d6-47a8-8d84-bc9fac1e4e6c,8b354a1d-b301-4cd1-b271-878ba45ed85f,2.0000,8.7808,0.5000,2.0000,2.0000,0.6667,0.2500
1beb711d-2dab-45cf-8744-5cf732abf09e,48135ce9-51a1-4054-9e53-664c69be3269,0.0000,14.6814,1.0000,0.0000,0.0000,0.6667,0.0870
1beb711d-2dab-45cf-8744-5cf732abf09e,9974adb1-840e-4c12-8c5a-99d4269979d6,2.0000,8.2530,0.5000,2.0000,2.0000,0.6667,0.3030
1beb711d-2dab-45cf-8744-5cf732abf09e,ad8a568c-ec19-4a05-b3eb-85be21135da3,0.0000,15.7887,1.0000,0.0000,0.0000,0.6667,0.0000
1beb711d-2dab-45cf-8744-5cf732abf09e,6e976f21-ce6b-4769-84a4-193506c56632,2.0000,8.3754,0.5000,2.0000,2.0000,0.6667,0.2813
1beb711d-2dab-45cf-8744-5cf732abf09e,11af1cdc-2f2d-4cc9-ab31-144a23730f0d,2.0000,12.0950,0.5000,2.0000,2.0000,0.0000,0.1154
1beb711d-2dab-45cf-8744-5cf732abf09e,2657869e-d306-41aa-9b22-a9395bdba806,2.0000,14.3424,0.5000,2.0000,2.0000,0.6667,0.1481
1beb711d-2dab-45cf-8744-5cf732abf09e,1fd8f017-3535-49a1-8c07-2d6c4cd162ba,0.0000,15.9231,1.0000,0.0000,0.0000,0.6667,0.0000
1beb711d-2dab-45cf-8744-5cf732abf09e,1a6422cc-3f8c-47bb-b341-085a1a0c0216,2.0000,11.6062,0.5000,2.0000,2.0000,0.6667,0.1154
1beb711d-2dab-45cf-8744-5cf732abf09e,646a92fa-ec4e-4160-9c74-9e6fd4db9e55,2.0000,13.1677,0.5000,2.0000,2.0000,0.0000,0.2581
1beb711d-2dab-45cf-8744-5cf732abf09e,ca6baa77-10f8-432a-bafc-c850551c8f78,2.0000,11.8203,0.5000,2.0000,2.0000,0.6667,0.2069
1beb711d-2dab-45cf-8744-5cf732abf09e,592ee7ca-1e74-47ad-87ee-001a1ea7d7c8,0.0000,6.5390,1.0000,0.0000,0.0000,0.0000,0.1739
1beb711d-2dab-45cf-8744-5cf732abf09e,64fbe5ce-1bef-4931-b014-c33d9e5a2054,0.0000,18.8930,1.0000,0.0000,0.0000,0.6667,0.0435
1beb711d-2dab-45cf-8744-5cf732abf09e,bd16aa67-95d6-4d37-814f-48a6e42f8f31,0.0000,14.5373,1.0000,0.0000,0.0000,0.6667,0.0800
1beb711d-2dab-45cf-8744-5cf732abf09e,5ea95498-2879-4306-a2bc-f1d88d018de4,0.0000,6.8536,1.0000,0.0000,0.0000,0.0000,0.1304
1beb711d-2dab-45cf-8744-5cf732abf09e,c8084389-f635-4f4c-adf4-b23f38248ee9,2.0000,13.9149,0.5000,2.0000,2.0000,0.6667,0.2333
1beb711d-2dab-45cf-8744-5cf732abf09e,11b4879c-a825-4a4b-902b-f821672b9927,2.0000,10.2972,0.5000,2.0000,2.0000,0.6667,0.1481
1beb711d-2dab-45cf-8744-5cf732abf09e,e19561ae-403a-4d73-bdb8-ca197e40b836,0.0000,6.3735,1.0000,0.0000,0.0000,0.0000,0.0870
1beb711d-2dab-45cf-8744-5cf732abf09e,8b65a0a2-23de-40ad-97ec-d7a7117c8020,0.0000,14.6416,1.0000,0.0000,0.0000,0.6667,0.0000
1beb711d-2dab-45cf-8744-5cf732abf09e,fb457f02-79d9-4cd8-80c1-1a4cd76d2d60,0.0000,17.4407,1.0000,0.0000,0.0000,0.6667,0.0417
1beb711d-2dab-45cf-8744-5cf732abf09e,d92b4620-3913-44fe-852a-67ddc3c13b36,2.0000,10.6908,0.5000,2.0000,2.0000,0.0000,0.1481
1beb711d-2dab-45cf-8744-5cf732abf09e,76dd5051-efcd-4750-8788-d0043750910f,2.0000,8.0719,0.5000,2.0000,2.0000,0.0000,0.1154
1beb711d-2dab-45cf-8744-5cf732abf09e,ea1f80f0-62f3-4852-85b2-4f9c324b26a2,2.0000,9.8283,0.5000,2.0000,2.0000,0.0000,0.1481
1beb711d-2dab-45cf-8744-5cf732abf09e,5b372c89-6d70-4276-a9fe-d4a9ffe9e0af,0.0000,19.1908,1.0000,0.0000,0.0000,0.6667,0.1304
1beb711d-2dab-45cf-8744-5cf732abf09e,eb0958ef-c187-4392-95d9-d703217e20f2,0.0000,18.1252,1.0000,0.0000,0.0000,0.6667,0.0000
1beb711d-2dab-45cf-8744-5cf732abf09e,d600c8fd-02b9-442e-94a7-8cfcfd0902e5,0.0000,9.3879,1.0000,0.0000,0.0000,0.0000,0.0800
1beb711d-2dab-45cf-8744-5cf732abf09e,d43a4529-c3d6-47a7-bf16-51d83c463e35,2.0000,7.2694,0.5000,2.0000,2.0000,0.6667,0.1786
1beb711d-2dab-45cf-8744-5cf732abf09e,8b912a7e-96de-4da8-a91d-f1ddafa36f9b,0.0000,10.9398,1.0000,0.0000,0.0000,0.0000,0.0870
1beb711d-2dab-45cf-8744-5cf732abf09e,637d55e6-25d5-43aa-95e1-e71da53b4a65,2.0000,11.2357,0.5000,2.0000,2.0000,0.0000,0.2069
1beb711d-2dab-45cf-8744-5cf732abf09e,7a051738-24d2-4d72-bbfa-9f81c092b5d4,2.0000,6.6575,0.5000,2.0000,2.0000,0.6667,0.1154
1beb711d-2dab-45cf-8744-5cf732abf09e,0fcb9700-df04-4531-a3d8-d6169f91eae5,0.0000,7.4551,1.0000,0.0000,0.0000,0.0000,0.0800
1beb711d-2dab-45cf-8744-5cf732abf09e,e3cd235f-f77c-4448-8fe5-62434f6ef801,0.0000,4.6799,1.0000,0.0000,0.0000,0.0000,0.0870
1beb711d-2dab-45cf-8744-5cf732abf09e,d84d6202-1b0d-494e-83aa-282623351558,0.0000,11.5909,1.0000,0.0000,0.0000,0.6667,0.0417
1beb711d-2dab-45cf-8744-5cf732abf09e,fb3bb871-3382-43a6-86cf-25862db66608,2.0000,11.5521,0.5000,2.0000,2.0000,0.6667,0.2069
1beb711d-2dab-45cf-8744-5cf732abf09e,8b2ba48c-dea4-4586-8cdd-81d2a8b1aa73,0.0000,9.4256,1.0000,0.0000,0.0000,0.0000,0.0435
1beb711d-2dab-45cf-8744-5cf732abf09e,b590db6d-3092-4a48-a3cd-8b3828f6fd97,0.0000,15.6869,1.0000,0.0000,0.0000,0.6667,0.0870
1beb711d-2dab-45cf-8744-5cf732abf09e,1079305f-65fb-473e-9658-e7251b0824be,0.0000,14.7289,1.0000,0.0000,0.0000,0.6667,0.2174
1beb711d-2dab-45cf-8744-5cf732abf09e,efdea335-b7fb-4a9f-b55c-05e6f649b42f,2.0000,7.6131,0.5000,2.0000,2.0000,0.0000,0.1481
1beb711d-2dab-45cf-8744-5cf732abf09e,2a753e87-dc5b-4f7e-8441-59141fcc0cb2,0.0000,15.7656,1.0000,0.0000,0.0000,0.6667,0.0417
1beb711d-2dab-45cf-8744-5cf732abf09e,09ce3282-4e7d-43e3-aad0-d8ba479e152e,0.0000,9.2290,1.0000,0.0000,0.0000,0.0000,0.0870
1beb711d-2dab-45cf-8744-5cf732abf09e,130e102a-345e-41bc-8c2b-f9eddef31bd5,0.0000,14.8848,1.0000,0.0000,0.0000,0.0000,0.0417
1beb711d-2dab-45cf-8744-5cf732abf09e,9ded00ab-0866-4032-92bf-5dc8fdc4d243,2.0000,10.4479,0.5000,2.0000,2.0000,0.6667,0.0417
1beb711d-2dab-45cf-8744-5cf732abf09e,5d4d9a94-6aaa-4bbe-b639-a0eeb4e1c088,2.0000,12.6529,0.5000,2.0000,2.0000,0.6667,0.1786
1beb711d-2dab-45cf-8744-5cf732abf09e,a8c5b81e-599a-4ed1-901b-356d1fc94e84,0.0000,3.0961,1.0000,0.0000,0.0000,0.0000,0.1304
1beb711d-2dab-45cf-8744-5cf732abf09e,f19250f3-e0cf-4ebf-b106-1c75855eb8ed,0.0000,3.4043,1.0000,0.0000,0.0000,0.0000,0.0417
1beb711d-2dab-45cf-8744-5cf732abf09e,6482a7eb-8182-43d4-8df9-1ad15f5bbf5d,2.0000,7.6517,0.5000,2.0000,2.0000,0.0000,0.0800
1beb711d-2dab-45cf-8744-5cf732abf09e,5e5e895e-dd66-4fb6-a1d2-04f02c760fd8,0.0000,7.3024,1.0000,0.0000,0.0000,0.6667,0.0000
1beb711d-2dab-45cf-8744-5cf732abf09e,ff1bb715-41ad-4a24-a31e-499bba5e889a,0.0000,9.8722,1.0000,0.0000,0.0000,0.0000,0.0000
1beb711d-2dab-45cf-8744-5cf732abf09e,9fd672d7-152c-423e-af51-4b14f62db78f,0.0000,12.9917,1.0000,0.0000,0.0000,0.6667,0.1304
1beb711d-2dab-45cf-8744-5cf732abf09e,0c07cbfe-8089-4618-8ea2-9d49c5c7676f,2.0000,12.2496,0.5000,2.0000,2.0000,0.6667,0.0800
1beb711d-2dab-45cf-8744-5cf732abf09e,2db915b4-b287-4d07-8d78-0d79e2b715e6,0.0000,15.8325,1.0000,0.0000,0.0000,0.6667,0.1304
1beb711d-2dab-45cf-8744-5cf732abf09e,1041fa72-e598-4a46-9d90-bbdb1a8c8cfa,0.0000,18.8180,1.0000,0.0000,0.0000,0.6667,0.2174
1beb711d-2dab-45cf-8744-5cf732abf09e,e2678857-49ff-42d1-9649-47b147a8ed3e,2.0000,9.7026,0.5000,2.0000,2.0000,0.6667,0.1481
1beb711d-2dab-45cf-8744-5cf732abf09e,0b2085d3-0fbc-4351-845e-5d9bccda34e5,0.0000,13.9889,1.0000,0.0000,0.0000,0.6667,0.0000
1beb711d-2dab-45cf-8744-5cf732abf09e,0abcffc0-2fc7-4385-a82f-bbe80bfd51ae,0.0000,12.3500,1.0000,0.0000,0.0000,0.6667,0.0000
1beb711d-2dab-45cf-8744-5cf732abf09e,d54c73cc-cc77-415e-aeff-dd22604f13cf,0.0000,17.7256,1.0000,0.0000,0.0000,0.6667,0.1304
1beb711d-2dab-45cf-8744-5cf732abf09e,09bf266d-b272-4968-9251-ab34779e8344,0.0000,14.9198,1.0000,0.0000,0.0000,0.6667,0.1154
1beb711d-2dab-45cf-8744-5cf732abf09e,b336cd79-f2f6-4913-b922-d1061f5fb2e1,0.0000,15.7381,1.0000,0.0000,0.0000,0.6667,0.0000
1beb711d-2dab-45cf-8744-5cf732abf09e,c6e27378-0b9e-4d40-9dbf-057217176282,0.0000,15.5169,1.0000,0.0000,0.0000,0.6667,0.0000
1beb711d-2dab-45cf-8744-5cf732abf09e,d9267fd4-495d-4d11-843c-cedddfeddabf,0.0000,9.6444,1.0000,0.0000,0.0000,0.0000,0.0870
1beb711d-2dab-45cf-8744-5cf732abf09e,8dfa57b2-e8b0-4a9a-b5b6-86dc84f15e30,2.0000,7.9946,0.5000,2.0000,2.0000,0.6667,0.1786
1beb711d-2dab-45cf-8744-5cf732abf09e,d9fa51da-ab2b-411c-a41b-ce2b5c23473b,0.0000,13.5628,1.0000,0.0000,0.0000,0.6667,0.0000
1beb711d-2dab-45cf-8744-5cf732abf09e,4895c953-8e9a-4e62-b308-61d0f4106e69,0.0000,18.0381,1.0000,0.0000,0.0000,0.6667,0.0000
1beb711d-2dab-45cf-8744-5cf732abf09e,c95936f5-0096-4c43-a2a2-4cc7a9b26504,2.0000,11.7829,0.5000,2.0000,2.0000,0.6667,0.0800
1beb711d-2dab-45cf-8744-5cf732abf09e,535f130b-68ff-4463-83b0-d04785999fbb,0.0000,3.3199,1.0000,0.0000,0.0000,0.0000,0.1304
1beb711d-2dab-45cf-8744-5cf732abf09e,5c952de4-19c5-4324-b3f4-48b0c2169833,0.0000,16.0772,1.0000,0.0000,0.0000,0.6667,0.0000
1beb711d-2dab-45cf-8744-5cf732abf09e,ced92f16-312a-4b19-addf-523cfefee6c7,0.0000,13.6809,1.0000,0.0000,0.0000,0.6667,0.1154
1beb711d-2dab-45cf-8744-5cf732abf09e,a11c3bca-9343-4869-8c77-38e616536f5e,0.0000,14.7101,1.0000,0.0000,0.0000,0.6667,0.1304
1beb711d-2dab-45cf-8744-5cf732abf09e,110b5c81-0d3f-40bb-bc0d-cd4c327ce925,2.0000,10.7490,0.5000,2.0000,2.0000,0.0000,0.1481
1beb711d-2dab-45cf-8744-5cf732abf09e,80481175-af46-455a-8bef-0c682e4c0cb6,2.0000,12.4923,0.5000,2.0000,2.0000,0.6667,0.1481
1beb711d-2dab-45cf-8744-5cf732abf09e,422a1c98-ae36-47b0-8890-a8295b6cd85c,2.0000,10.0513,0.5000,2.0000,2.0000,0.0000,0.0800
1beb711d-2dab-45cf-8744-5cf732abf09e,51d9466b-1ba9-4646-8257-1d21cb2ed954,2.0000,9.4900,0.5000,2.0000,2.0000,0.6667,0.1481
1beb711d-2dab-45cf-8744-5cf732abf09e,03e8c72b-9c28-43b3-a50c-ba09195e3e3c,0.0000,6.5588,1.0000,0.0000,0.0000,0.0000,0.0435
1beb711d-2dab-45cf-8744-5cf732abf09e,cf9b7960-9d27-4554-a98d-f1fa9bb1a5ca,2.0000,12.0423,0.5000,2.0000,2.0000,0.0000,0.2813
1beb711d-2dab-45cf-8744-5cf732abf09e,bf0dfd9e-5489-4b04-ae78-ba2facc60792,0.0000,7.3858,1.0000,0.0000,0.0000,0.0000,0.0435
1beb711d-2dab-45cf-8744-5cf732abf09e,4f2e86c2-4b73-47fc-bf83-31eb686d4ad0,0.0000,9.7350,1.0000,0.0000,0.0000,0.0000,0.0870
1beb711d-2dab-45cf-8744-5cf732abf09e,ddd56f00-e94c-4f73-bc24-d6538d02d76f,2.0000,11.8780,0.5000,2.0000,2.0000,0.0000,0.2333
1beb711d-2dab-45cf-8744-5cf732abf09e,67351bd4-8ebd-4ac5-b552-24308cef799f,2.0000,10.3544,0.5000,2.0000,2.0000,0.6667,0.1786
1beb711d-2dab-45cf-8744-5cf732abf09e,7d591389-70df-411c-93e7-2948d4c04738,0.0000,15.4061,1.0000,0.0000,0.0000,0.6667,0.1304
1beb711d-2dab-45cf-8744-5cf732abf09e,91fd5a9f-0848-4551-a1a2-9689a4125830,0.0000,14.2229,1.0000,0.0000,0.0000,0.6667,0.1786
1beb711d-2dab-45cf-8744-5cf732abf09e,ae6b3203-494b-4066-b0ba-b923b393bced,0.0000,6.3352,1.0000,0.0000,0.0000,0.0000,0.0435
1beb711d-2dab-45cf-8744-5cf732abf09e,4b0f1708-0377-46ec-b3a4-cc53fe72fcc8,0.0000,14.0533,1.0000,0.0000,0.0000,0.6667,0.0435
1beb711d-2dab-45cf-8744-5cf732abf09e,17101d7a-983e-469a-82f0-3dbd27b59660,2.0000,14.6002,0.5000,2.0000,2.0000,0.6667,0.2069
1beb711d-2dab-45cf-8744-5cf732abf09e,6c2f7b68-d439-46b0-b6c2-111ae90e59be,2.0000,8.8339,0.5000,2.0000,2.0000,0.0000,0.1786
1beb711d-2dab-45cf-8744-5cf732abf09e,b07b0e33-0c1e-489d-8b69-aa1b4ae8d2ad,0.0000,14.3212,1.0000,0.0000,0.0000,0.6667,0.2609
1beb711d-2dab-45cf-8744-5cf732abf09e,cb93662e-0aed-4f56-9500-1e7f2e128287,2.0000,9.9859,0.5000,2.0000,2.0000,0.0000,0.1481
1beb711d-2dab-45cf-8744-5cf732abf09e,5c581ce7-7a4b-4fd5-86a2-16c83a3a7b68,0.0000,6.8839,1.0000,0.0000,0.0000,0.0000,0.0870
1beb711d-2dab-45cf-8744-5cf732abf09e,f2deb05a-d512-48f4-b641-59e526831230,0.0000,6.4124,1.0000,0.0000,0.0000,0.0000,0.1739
1beb711d-2dab-45cf-8744-5cf732abf09e,2908d1db-866e-4631-a655-8ac0a0da0e28,2.0000,5.1268,0.5000,2.0000,2.0000,0.6667,0.2333
1beb711d-2dab-45cf-8744-5cf732abf09e,4481c909-2f78-4205-8334-e27d27305642,2.0000,7.0807,0.5000,2.0000,2.0000,0.6667,0.1154
1beb711d-2dab-45cf-8744-5cf732abf09e,d450f16e-59ec-490a-8ce7-7968e10dd065,2.0000,11.3173,0.5000,2.0000,2.0000,0.0000,0.1786
1beb711d-2dab-45cf-8744-5cf732abf09e,51625cea-8af7-4dca-9b2d-17750e3831ea,0.0000,15.7510,1.0000,0.0000,0.0000,0.6667,0.0435
1beb711d-2dab-45cf-8744-5cf732abf09e,bb080865-5184-4114-942e-0a1b314c8016,0.0000,12.0919,1.0000,0.0000,0.0000,0.6667,0.0000
1beb711d-2dab-45cf-8744-5cf732abf09e,8b354a1d-b301-4cd1-b271-878ba45ed85f,0.0000,15.6082,1.0000,0.0000,0.0000,0.6667,0.0870
48135ce9-51a1-4054-9e53-664c69be3269,9974adb1-840e-4c12-8c5a-99d4269979d6,2.0000,7.9187,0.5000,2.0000,2.0000,0.6667,0.3636
48135ce9-51a1-4054-9e53-664c69be3269,ad8a568c-ec19-4a05-b3eb-85be21135da3,0.0000,13.9464,1.0000,0.0000,0.0000,0.6667,0.0870
48135ce9-51a1-4054-9e53-664c69be3269,6e976f21-ce6b-4769-84a4-193506c56632,2.0000,12.4596,0.5000,2.0000,2.0000,0.6667,0.3438
48135ce9-51a1-4054-9e53-664c69be3269,11af1cdc-2f2d-4cc9-ab31-144a23730f0d,2.0000,8.6281,0.5000,2.0000,2.0000,0.6667,0.1923
48135ce9-51a1-4054-9e53-664c69be3269,2657869e-d306-41aa-9b22-a9395bdba806,2.0000,10.5224,0.5000,2.0000,2.0000,0.6667,0.2222
48135ce9-51a1-4054-9e53-664c69be3269,1fd8f017-3535-49a1-8c07-2d6c4cd162ba,0.0000,7.6219,1.0000,0.0000,0.0000,0.6667,0.0870
48135ce9-51a1-4054-9e53-664c69be3269,1a6422cc-3f8c-47bb-b341-085a1a0c0216,2.0000,6.5212,0.5000,2.0000,2.0000,0.6667,0.1923
48135ce9-51a1-4054-9e53-664c69be3269,646a92fa-ec4e-4160-9c74-9e6fd4db9e55,2.0000,14.6597,0.5000,2.0000,2.0000,0.6667,0.3226
48135ce9-51a1-4054-9e53-664c69be3269,ca6baa77-10f8-432a-bafc-c850551c8f78,2.0000,11.9619,0.5000,2.0000,2.0000,0.6667,0.2759
48135ce9-51a1-4054-9e53-664c69be3269,592ee7ca-1e74-47ad-87ee-001a1ea7d7c8,0.0000,10.1093,1.0000,0.0000,0.0000,0.6667,0.0952
48135ce9-51a1-4054-9e53-664c69be3269,64fbe5ce-1bef-4931-b014-c33d9e5a2054,0.0000,14.1164,1.0000,0.0000,0.0000,0.6667,0.0455
48135ce9-51a1-4054-9e53-664c69be3269,bd16aa67-95d6-4d37-814f-48a6e42f8f31,0.0000,10.8564,1.0000,0.0000,0.0000,0.6667,0.1600
48135ce9-51a1-4054-9e53-664c69be3269,5ea95498-2879-4306-a2bc-f1d88d018de4,0.0000,11.2001,1.0000,0.0000,0.0000,0.6667,0.0476
48135ce9-51a1-4054-9e53-664c69be3269,c8084389-f635-4f4c-adf4-b23f38248ee9,2.0000,12.3113,0.5000,2.0000,2.0000,0.0000,0.3000
48135ce9-51a1-4054-9e53-664c69be3269,11b4879c-a825-4a4b-902b-f821672b9927,2.0000,12.4251,0.5000,2.0000,2.0000,0.0000,0.2222
48135ce9-51a1-4054-9e53-664c69be3269,e19561ae-403a-4d73-bdb8-ca197e40b836,0.0000,11.9532,1.0000,0.0000,0.0000,0.6667,0.0000
48135ce9-51a1-4054-9e53-664c69be3269,8b65a0a2-23de-40ad-97ec-d7a7117c8020,0.0000,10.6173,1.0000,0.0000,0.0000,0.6667,0.0870
48135ce9-51a1-4054-9e53-664c69be3269,fb457f02-79d9-4cd8-80c1-1a4cd76d2d60,0.0000,14.1413,1.0000,0.0000,0.0000,0.6667,0.1250
48135ce9-51a1-4054-9e53-664c69be3269,d92b4620-3913-44fe-852a-67ddc3c13b36,2.0000,12.1917,0.5000,2.0000,2.0000,0.6667,0.2222
48135ce9-51a1-4054-9e53-664c69be3269,76dd5051-efcd-4750-8788-d0043750910f,2.0000,13.5834,0.5000,2.0000,2.0000,0.6667,0.1923
48135ce9-51a1-4054-9e53-664c69be3269,ea1f80f0-62f3-4852-85b2-4f9c324b26a2,2.0000,10.2902,0.5000,2.0000,2.0000,0.6667,0.2222
48135ce9-51a1-4054-9e53-664c69be3269,5b372c89-6d70-4276-a9fe-d4a9ffe9e0af,0.0000,14.2616,1.0000,0.0000,0.0000,0.6667,0.0476
48135ce9-51a1-4054-9e53-664c69be3269,eb0958ef-c187-4392-95d9-d703217e20f2,0.0000,13.6157,1.0000,0.0000,0.0000,0.6667,0.0870
48135ce9-51a1-4054-9e53-664c69be3269,d600c8fd-02b9-442e-94a7-8cfcfd0902e5,0.0000,6.3436,1.0000,0.0000,0.0000,0.6667,0.1600
48135ce9-51a1-4054-9e53-664c69be3269,d43a4529-c3d6-47a7-bf16-51d83c463e35,2.0000,12.5961,0.5000,2.0000,2.0000,0.6667,0.2500
48135ce9-51a1-4054-9e53-664c69be3269,8b912a7e-96de-4da8-a91d-f1ddafa36f9b,0.0000,12.0273,1.0000,0.0000,0.0000,0.6667,0.0000
48135ce9-51a1-4054-9e53-664c69be3269,637d55e6-25d5-43aa-95e1-e71da53b4a65,2.0000,12.6266,0.5000,2.0000,2.0000,0.6667,0.2759
48135ce9-51a1-4054-9e53-664c69be3269,7a051738-24d2-4d72-bbfa-9f81c092b5d4,2.0000,10.4742,0.5000,2.0000,2.0000,0.0000,0.1923
48135ce9-51a1-4054-9e53-664c69be3269,0fcb9700-df04-4531-a3d8-d6169f91eae5,0.0000,14.7936,1.0000,0.0000,0.0000,0.6667,0.1600
48135ce9-51a1-4054-9e53-664c69be3269,e3cd235f-f77c-4448-8fe5-62434f6ef801,0.0000,11.7292,1.0000,0.0000,0.0000,0.6667,0.0000
48135ce9-51a1-4054-9e53-664c69be3269,d84d6202-1b0d-494e-83aa-282623351558,0.0000,18.4264,1.0000,0.0000,0.0000,0.6667,0.1250
48135ce9-51a1-4054-9e53-664c69be3269,fb3bb871-3382-43a6-86cf-25862db66608,2.0000,10.9673,0.5000,2.0000,2.0000,0.0000,0.2759
48135ce9-51a1-4054-9e53-664c69be3269,8b2ba48c-dea4-4586-8cdd-81d2a8b1aa73,0.0000,16.2130,1.0000,0.0000,0.0000,0.6667,0.0455
48135ce9-51a1-4054-9e53-664c69be3269,b590db6d-3092-4a48-a3cd-8b3828f6fd97,0.0000,11.3700,1.0000,0.0000,0.0000,0.6667,0.0000
48135ce9-51a1-4054-9e53-664c69be3269,1079305f-65fb-473e-9658-e7251b0824be,0.0000,5.5681,1.0000,0.0000,0.0000,0.0000,0.1429
48135ce9-51a1-4054-9e53-664c69be3269,efdea335-b7fb-4a9f-b55c-05e6f649b42f,2.0000,10.7088,0.5000,2.0000,2.0000,0.6667,0.2222
48135ce9-51a1-4054-9e53-664c69be3269,2a753e87-dc5b-4f7e-8441-59141fcc0cb2,0.0000,14.9526,1.0000,0.0000,0.0000,0.6667,0.1250
48135ce9-51a1-4054-9e53-664c69be3269,09ce3282-4e7d-43e3-aad0-d8ba479e152e,0.0000,7.2109,1.0000,0.0000,0.0000,0.6667,0.0000
48135ce9-51a1-4054-9e53-664c69be3269,130e102a-345e-41bc-8c2b-f9eddef31bd5,0.0000,5.6393,1.0000,0.0000,0.0000,0.6667,0.1250
48135ce9-51a1-4054-9e53-664c69be3269,9ded00ab-0866-4032-92bf-5dc8fdc4d243,2.0000,16.9817,0.5000,2.0000,2.0000,0.0000,0.1250
48135ce9-51a1-4054-9e53-664c69be3269,5d4d9a94-6aaa-4bbe-b639-a0eeb4e1c088,2.0000,8.0744,0.5000,2.0000,2.0000,0.0000,0.2500
48135ce9-51a1-4054-9e53-664c69be3269,a8c5b81e-599a-4ed1-901b-356d1fc94e84,0.0000,13.2281,1.0000,0.0000,0.0000,0.6667,0.0476
48135ce9-51a1-4054-9e53-664c69be3269,f19250f3-e0cf-4ebf-b106-1c75855eb8ed,0.0000,14.4213,1.0000,0.0000,0.0000,0.6667,0.1250
48135ce9-51a1-4054-9e53-664c69be3269,6482a7eb-8182-43d4-8df9-1ad15f5bbf5d,2.0000,9.4419,0.5000,2.0000,2.0000,0.6667,0.1600
48135ce9-51a1-4054-9e53-664c69be3269,5e5e895e-dd66-4fb6-a1d2-04f02c760fd8,0.0000,15.2466,1.0000,0.0000,0.0000,0.0000,0.0870
48135ce9-51a1-4054-9e53-664c69be3269,ff1bb715-41ad-4a24-a31e-499bba5e889a,0.0000,9.8295,1.0000,0.0000,0.0000,0.6667,0.0870
48135ce9-51a1-4054-9e53-664c69be3269,9fd672d7-152c-423e-af51-4b14f62db78f,0.0000,17.2101,1.0000,0.0000,0.0000,0.6667,0.0476
48135ce9-51a1-4054-9e53-664c69be3269,0c07cbfe-8089-4618-8ea2-9d49c5c7676f,2.0000,8.0698,0.5000,2.0000,2.0000,0.0000,0.1600
48135ce9-51a1-4054-9e53-664c69be3269,2db915b4-b287-4d07-8d78-0d79e2b715e6,0.0000,12.1416,1.0000,0.0000,0.0000,0.6667,0.0476
48135ce9-51a1-4054-9e53-664c69be3269,1041fa72-e598-4a46-9d90-bbdb1a8c8cfa,0.0000,15.0314,1.0000,0.0000,0.0000,0.6667,0.1429
48135ce9-51a1-4054-9e53-664c69be3269,e2678857-49ff-42d1-9649-47b147a8ed3e,2.0000,10.8008,0.5000,2.0000,2.0000,0.6667,0.2222
48135ce9-51a1-4054-9e53-664c69be3269,0b2085d3-0fbc-4351-845e-5d9bccda34e5,0.0000,1.5272,1.0000,0.0000,0.0000,0.6667,0.0870
48135ce9-51a1-4054-9e53-664c69be3269,0abcffc0-2fc7-4385-a82f-bbe80bfd51ae,0.0000,9.2055,1.0000,0.0000,0.0000,0.6667,0.0870
48135ce9-51a1-4054-9e53-664c69be3269,d54c73cc-cc77-415e-aeff-dd22604f13cf,0.0000,9.6844,1.0000,0.0000,0.0000,0.6667,0.0476
48135ce9-51a1-4054-9e53-664c69be3269,09bf266d-b272-4968-9251-ab34779e8344,0.0000,3.8573,1.0000,0.0000,0.0000,0.0000,0.1923
48135ce9-51a1-4054-9e53-664c69be3269,b336cd79-f2f6-4913-b922-d1061f5fb2e1,0.0000,7.5314,1.0000,0.0000,0.0000,0.6667,0.0870
48135ce9-51a1-4054-9e53-664c69be3269,c6e27378-0b9e-4d40-9dbf-057217176282,0.0000,6.1587,1.0000,0.0000,0.0000,0.6667,0.0870
48135ce9-51a1-4054-9e53-664c69be3269,d9267fd4-495d-4d11-843c-cedddfeddabf,0.0000,5.7983,1.0000,0.0000,0.0000,0.6667,0.0000
48135ce9-51a1-4054-9e53-664c69be3269,8dfa57b2-e8b0-4a9a-b5b6-86dc84f15e30,2.0000,12.7066,0.5000,2.0000,2.0000,0.0000,0.2500
48135ce9-51a1-4054-9e53-664c69be3269,d9fa51da-ab2b-411c-a41b-ce2b5c23473b,0.0000,16.1625,1.0000,0.0000,0.0000,0.6667,0.0870
48135ce9-51a1-4054-9e53-664c69be3269,4895c953-8e9a-4e62-b308-61d0f4106e69,0.0000,12.1934,1.0000,0.0000,0.0000,0.6667,0.0870
48135ce9-51a1-4054-9e53-664c69be3269,c95936f5-0096-4c43-a2a2-4cc7a9b26504,2.0000,12.4280,0.5000,2.0000,2.0000,0.6667,0.1600
48135ce9-51a1-4054-9e53-664c69be3269,535f130b-68ff-4463-83b0-d04785999fbb,0.0000,12.6111,1.0000,0.0000,0.0000,0.6667,0.0476
48135ce9-51a1-4054-9e53-664c69be3269,5c952de4-19c5-4324-b3f4-48b0c2169833,0.0000,9.6858,1.0000,0.0000,0.0000,0.6667,0.0870
48135ce9-51a1-4054-9e53-664c69be3269,ced92f16-312a-4b19-addf-523cfefee6c7,0.0000,16.4707,1.0000,0.0000,0.0000,0.6667,0.1923
48135ce9-51a1-4054-9e53-664c69be3269,a11c3bca-9343-4869-8c77-38e616536f5e,0.0000,8.0729,1.0000,0.0000,0.0000,0.6667,0.0476
48135ce9-51a1-4054-9e53-664c69be3269,110b5c81-0d3f-40bb-bc0d-cd4c327ce925,2.0000,12.9246,0.5000,2.0000,2.0000,0.6667,0.2222
48135ce9-51a1-4054-9e53-664c69be3269,80481175-af46-455a-8bef-0c682e4c0cb6,2.0000,14.6819,0.5000,2.0000,2.0000,0.6667,0.2222
48135ce9-51a1-4054-9e53-664c69be3269,422a1c98-ae36-47b0-8890-a8295b6cd85c,2.0000,13.0109,0.5000,2.0000,2.0000,0.6667,0.1600
48135ce9-51a1-4054-9e53-664c69be3269,51d9466b-1ba9-4646-8257-1d21cb2ed954,2.0000,6.6708,0.5000,2.0000,2.0000,0.6667,0.2222
48135ce9-51a1-4054-9e53-664c69be3269,03e8c72b-9c28-43b3-a50c-ba09195e3e3c,0.0000,14.6309,1.0000,0.0000,0.0000,0.6667,0.0455
48135ce9-51a1-4054-9e53-664c69be3269,cf9b7960-9d27-4554-a98d-f1fa9bb1a5ca,2.0000,15.0906,0.5000,2.0000,2.0000,0.6667,0.3438
48135ce9-51a1-4054-9e53-664c69be3269,bf0dfd9e-5489-4b04-ae78-ba2facc60792,0.0000,15.6657,1.0000,0.0000,0.0000,0.6667,0.0455
48135ce9-51a1-4054-9e53-664c69be3269,4f2e86c2-4b73-47fc-bf83-31eb686d4ad0,0.0000,15.6493,1.0000,0.0000,0.0000,0.6667,0.0000
48135ce9-51a1-4054-9e53-664c69be3269,ddd56f00-e94c-4f73-bc24-d6538d02d76f,2.0000,11.4521,0.5000,2.0000,2.0000,0.6667,0.3000
48135ce9-51a1-4054-9e53-664c69be3269,67351bd4-8ebd-4ac5-b552-24308cef799f,2.0000,14.7325,0.5000,2.0000,2.0000,0.6667,0.2500
48135ce9-51a1-4054-9e53-664c69be3269,7d591389-70df-411c-93e7-2948d4c04738,0.0000,16.0399,1.0000,0.0000,0.0000,0.6667,0.0476
48135ce9-51a1-4054-9e53-664c69be3269,91fd5a9f-0848-4551-a1a2-9689a4125830,0.0000,10.7427,1.0000,0.0000,0.0000,0.6667,0.2500
48135ce9-51a1-4054-9e53-664c69be3269,ae6b3203-494b-4066-b0ba-b923b393bced,0.0000,10.2765,1.0000,0.0000,0.0000,0.6667,0.0455
48135ce9-51a1-4054-9e53-664c69be3269,4b0f1708-0377-46ec-b3a4-cc53fe72fcc8,0.0000,19.0474,1.0000,0.0000,0.0000,0.0000,0.0455
48135ce9-51a1-4054-9e53-664c69be3269,17101d7a-983e-469a-82f0-3dbd27b59660,2.0000,13.4975,0.5000,2.0000,2.0000,0.6667,0.2759
48135ce9-51a1-4054-9e53-664c69be3269,6c2f7b68-d439-46b0-b6c2-111ae90e59be,2.0000,7.9610,0.5000,2.0000,2.0000,0.6667,0.2500
48135ce9-51a1-4054-9e53-664c69be3269,b07b0e33-0c1e-489d-8b69-aa1b4ae8d2ad,0.0000,17.9617,1.0000,0.0000,0.0000,0.0000,0.1905
48135ce9-51a1-4054-9e53-664c69be3269,cb93662e-0aed-4f56-9500-1e7f2e128287,2.0000,9.5461,0.5000,2.0000,2.0000,0.6667,0.2222
48135ce9-51a1-4054-9e53-664c69be3269,5c581ce7-7a4b-4fd5-86a2-16c83a3a7b68,0.0000,9.0453,1.0000,0.0000,0.0000,0.6667,0.0000
48135ce9-51a1-4054-9e53-664c69be3269,f2deb05a-d512-48f4-b641-59e526831230,0.0000,13.4751,1.0000,0.0000,0.0000,0.6667,0.0952
48135ce9-51a1-4054-9e53-664c69be3269,2908d1db-866e-4631-a655-8ac0a0da0e28,2.0000,12.2097,0.5000,2.0000,2.0000,0.0000,0.3000
48135ce9-51a1-4054-9e53-664c69be3269,4481c909-2f78-4205-8334-e27d27305642,2.0000,9.1302,0.5000,2.0000,2.0000,0.0000,0.1923
48135ce9-51a1-4054-9e53-664c69be3269,d450f16e-59ec-490a-8ce7-7968e10dd065,2.0000,12.5674,0.5000,2.0000,2.0000,0.6667,0.2500
48135ce9-51a1-4054-9e53-664c69be3269,51625cea-8af7-4dca-9b2d-17750e3831ea,0.0000,5.3510,1.0000,0.0000,0.0000,0.6667,0.0455
48135ce9-51a1-4054-9e53-664c69be3269,bb080865-5184-4114-942e-0a1b314c8016,0.0000,3.5400,1.0000,0.0000,0.0000,0.6667,0.0870
48135ce9-51a1-4054-9e53-664c69be3269,8b354a1d-b301-4cd1-b271-878ba45ed85f,0.0000,6.0029,1.0000,0.0000,0.0000,0.6667,0.0000
9974adb1-840e-4c12-8c5a-99d4269979d6,ad8a568c-ec19-4a05-b3eb-85be21135da3,2.0000,11.9247,0.5000,2.0000,2.0000,0.0000,0.3030
9974adb1-840e-4c12-8c5a-99d4269979d6,6e976f21-ce6b-4769-84a4-193506c56632,0.0000,6.0111,1.0000,0.0000,0.0000,0.0000,0.0303
9974adb1-840e-4c12-8c5a-99d4269979d6,11af1cdc-2f2d-4cc9-ab31-144a23730f0d,0.0000,5.0257,1.0000,0.0000,0.0000,0.6667,0.2121
9974adb1-840e-4c12-8c5a-99d4269979d6,2657869e-d306-41aa-9b22-a9395bdba806,0.0000,9.4026,1.0000,0.0000,0.0000,0.0000,0.1818
9974adb1-840e-4c12-8c5a-99d4269979d6,1fd8f017-3535-49a1-8c07-2d6c4cd162ba,2.0000,8.5093,0.5000,2.0000,2.0000,0.0000,0.3030
9974adb1-840e-4c12-8c5a-99d4269979d6,1a6422cc-3f8c-47bb-b341-085a1a0c0216,0.0000,6.0451,1.0000,0.0000,0.0000,0.0000,0.2121
9974adb1-840e-4c12-8c5a-99d4269979d6,646a92fa-ec4e-4160-9c74-9e6fd4db9e55,0.0000,11.9396,1.0000,0.0000,0.0000,0.6667,0.0606
9974adb1-840e-4c12-8c5a-99d4269979d6,ca6baa77-10f8-432a-bafc-c850551c8f78,0.0000,9.5924,1.0000,0.0000,0.0000,0.0000,0.1212
9974adb1-840e-4c12-8c5a-99d4269979d6,592ee7ca-1e74-47ad-87ee-001a1ea7d7c8,2.0000,5.3870,0.5000,2.0000,2.0000,0.6667,0.4242
9974adb1-840e-4c12-8c5a-99d4269979d6,64fbe5ce-1bef-4931-b014-c33d9e5a2054,2.0000,14.2651,0.5000,2.0000,2.0000,0.0000,0.3333
9974adb1-840e-4c12-8c5a-99d4269979d6,bd16aa67-95d6-4d37-814f-48a6e42f8f31,2.0000,9.9013,0.5000,2.0000,2.0000,0.0000,0.2424
9974adb1-840e-4c12-8c5a-99d4269979d6,5ea95498-2879-4306-a2bc-f1d88d018de4,2.0000,8.4588,0.5000,2.0000,2.0000,0.6667,0.3939
9974adb1-840e-4c12-8c5a-99d4269979d6,c8084389-f635-4f4c-adf4-b23f38248ee9,0.0000,9.6363,1.0000,0.0000,0.0000,0.6667,0.0909
9974adb1-840e-4c12-8c5a-99d4269979d6,11b4879c-a825-4a4b-902b-f821672b9927,0.0000,6.6026,1.0000,0.0000,0.0000,0.6667,0.1818
9974adb1-840e-4c12-8c5a-99d4269979d6,e19561ae-403a-4d73-bdb8-ca197e40b836,2.0000,7.4608,0.5000,2.0000,2.0000,0.6667,0.3636
9974adb1-840e-4c12-8c5a-99d4269979d6,8b65a0a2-23de-40ad-97ec-d7a7117c8020,2.0000,8.8275,0.5000,2.0000,2.0000,0.0000,0.3030
9974adb1-840e-4c12-8c5a-99d4269979d6,fb457f02-79d9-4cd8-80c1-1a4cd76d2d60,2.0000,12.7628,0.5000,2.0000,2.0000,0.0000,0.2727
9974adb1-840e-4c12-8c5a-99d4269979d6,d92b4620-3913-44fe-852a-67ddc3c13b36,0.0000,8.5578,1.0000,0.0000,0.0000,0.6667,0.1818
9974adb1-840e-4c12-8c5a-99d4269979d6,76dd5051-efcd-4750-8788-d0043750910f,0.0000,7.7418,1.0000,0.0000,0.0000,0.6667,0.2121
9974adb1-840e-4c12-8c5a-99d4269979d6,ea1f80f0-62f3-4852-85b2-4f9c324b26a2,0.0000,6.3229,1.0000,0.0000,0.0000,0.6667,0.1818
9974adb1-840e-4c12-8c5a-99d4269979d6,5b372c89-6d70-4276-a9fe-d4a9ffe9e0af,2.0000,14.5793,0.5000,2.0000,2.0000,0.0000,0.3939
9974adb1-840e-4c12-8c5a-99d4269979d6,eb0958ef-c187-4392-95d9-d703217e20f2,2.0000,13.4275,0.5000,2.0000,2.0000,0.0000,0.3030
9974adb1-840e-4c12-8c5a-99d4269979d6,d600c8fd-02b9-442e-94a7-8cfcfd0902e5,2.0000,5.8549,0.5000,2.0000,2.0000,0.6667,0.2424
9974adb1-840e-4c12-8c5a-99d4269979d6,d43a4529-c3d6-47a7-bf16-51d83c463e35,0.0000,6.3980,1.0000,0.0000,0.0000,0.0000,0.1515
9974adb1-840e-4c12-8c5a-99d4269979d6,8b912a7e-96de-4da8-a91d-f1ddafa36f9b,2.0000,8.4739,0.5000,2.0000,2.0000,0.6667,0.3636
9974adb1-840e-4c12-8c5a-99d4269979d6,637d55e6-25d5-43aa-95e1-e71da53b4a65,0.0000,8.6012,1.0000,0.0000,0.0000,0.6667,0.1212
9974adb1-840e-4c12-8c5a-99d4269979d6,7a051738-24d2-4d72-bbfa-9f81c092b5d4,0.0000,7.1775,1.0000,0.0000,0.0000,0.6667,0.2121
9974adb1-840e-4c12-8c5a-99d4269979d6,0fcb9700-df04-4531-a3d8-d6169f91eae5,2.0000,8.0603,0.5000,2.0000,2.0000,0.6667,0.2424
9974adb1-840e-4c12-8c5a-99d4269979d6,e3cd235f-f77c-4448-8fe5-62434f6ef801,2.0000,8.1580,0.5000,2.0000,2.0000,0.6667,0.3636
9974adb1-840e-4c12-8c5a-99d4269979d6,d84d6202-1b0d-494e-83aa-282623351558,2.0000,11.5057,0.5000,2.0000,2.0000,0.0000,0.2727
9974adb1-840e-4c12-8c5a-99d4269979d6,fb3bb871-3382-43a6-86cf-25862db66608,0.0000,6.4035,1.0000,0.0000,0.0000,0.6667,0.1212
9974adb1-840e-4c12-8c5a-99d4269979d6,8b2ba48c-dea4-4586-8cdd-81d2a8b1aa73,2.0000,10.1618,0.5000,2.0000,2.0000,0.6667,0.3333
9974adb1-840e-4c12-8c5a-99d4269979d6,b590db6d-3092-4a48-a3cd-8b3828f6fd97,2.0000,10.0929,0.5000,2.0000,2.0000,0.0000,0.3636
9974adb1-840e-4c12-8c5a-99d4269979d6,1079305f-65fb-473e-9658-e7251b0824be,2.0000,10.2860,0.5000,2.0000,2.0000,0.6667,0.4545
9974adb1-840e-4c12-8c5a-99d4269979d6,efdea335-b7fb-4a9f-b55c-05e6f649b42f,0.0000,3.1880,1.0000,0.0000,0.0000,0.6667,0.1818
9974adb1-840e-4c12-8c5a-99d4269979d6,2a753e87-dc5b-4f7e-8441-59141fcc0cb2,2.0000,12.6755,0.5000,2.0000,2.0000,0.0000,0.2727
9974adb1-840e-4c12-8c5a-99d4269979d6,09ce3282-4e7d-43e3-aad0-d8ba479e152e,2.0000,7.1512,0.5000,2.0000,2.0000,0.6667,0.3636
9974adb1-840e-4c12-8c5a-99d4269979d6,130e102a-345e-41bc-8c2b-f9eddef31bd5,2.0000,10.5615,0.5000,2.0000,2.0000,0.6667,0.2727
9974adb1-840e-4c12-8c5a-99d4269979d6,9ded00ab-0866-4032-92bf-5dc8fdc4d243,0.0000,11.5171,1.0000,0.0000,0.0000,0.6667,0.2727
9974adb1-840e-4c12-8c5a-99d4269979d6,5d4d9a94-6aaa-4bbe-b639-a0eeb4e1c088,0.0000,7.0960,1.0000,0.0000,0.0000,0.6667,0.1515
9974adb1-840e-4c12-8c5a-99d4269979d6,a8c5b81e-599a-4ed1-901b-356d1fc94e84,2.0000,6.8755,0.5000,2.0000,2.0000,0.6667,0.3939
9974adb1-840e-4c12-8c5a-99d4269979d6,f19250f3-e0cf-4ebf-b106-1c75855eb8ed,2.0000,7.6263,0.5000,2.0000,2.0000,0.6667,0.2727
9974adb1-840e-4c12-8c5a-99d4269979d6,6482a7eb-8182-43d4-8df9-1ad15f5bbf5d,0.0000,8.9418,1.0000,0.0000,0.0000,0.6667,0.2424
9974adb1-840e-4c12-8c5a-99d4269979d6,5e5e895e-dd66-4fb6-a1d2-04f02c760fd8,2.0000,7.6603,0.5000,2.0000,2.0000,0.6667,0.3030
9974adb1-840e-4c12-8c5a-99d4269979d6,ff1bb715-41ad-4a24-a31e-499bba5e889a,2.0000,7.8813,0.5000,2.0000,2.0000,0.6667,0.3030
9974adb1-840e-4c12-8c5a-99d4269979d6,9fd672d7-152c-423e-af51-4b14f62db78f,2.0000,12.8242,0.5000,2.0000,2.0000,0.0000,0.3939
9974adb1-840e-4c12-8c5a-99d4269979d6,0c07cbfe-8089-4618-8ea2-9d49c5c7676f,0.0000,7.4683,1.0000,0.0000,0.0000,0.6667,0.2424
9974adb1-840e-4c12-8c5a-99d4269979d6,2db915b4-b287-4d07-8d78-0d79e2b715e6,2.0000,10.2192,0.5000,2.0000,2.0000,0.0000,0.3939
9974adb1-840e-4c12-8c5a-99d4269979d6,1041fa72-e598-4a46-9d90-bbdb1a8c8cfa,2.0000,13.7570,0.5000,2.0000,2.0000,0.0000,0.4545
9974adb1-840e-4c12-8c5a-99d4269979d6,e2678857-49ff-42d1-9649-47b147a8ed3e,0.0000,7.3228,1.0000,0.0000,0.0000,0.0000,0.1818
9974adb1-840e-4c12-8c5a-99d4269979d6,0b2085d3-0fbc-4351-845e-5d9bccda34e5,2.0000,7.0205,0.5000,2.0000,2.0000,0.0000,0.3030
9974adb1-840e-4c12-8c5a-99d4269979d6,0abcffc0-2fc7-4385-a82f-bbe80bfd51ae,2.0000,8.0101,0.5000,2.0000,2.0000,0.0000,0.3030
9974adb1-840e-4c12-8c5a-99d4269979d6,d54c73cc-cc77-415e-aeff-dd22604f13cf,2.0000,10.5153,0.5000,2.0000,2.0000,0.0000,0.3939
9974adb1-840e-4c12-8c5a-99d4269979d6,09bf266d-b272-4968-9251-ab34779e8344,2.0000,8.2222,0.5000,2.0000,2.0000,0.6667,0.2121
9974adb1-840e-4c12-8c5a-99d4269979d6,b336cd79-f2f6-4913-b922-d1061f5fb2e1,2.0000,8.4667,0.5000,2.0000,2.0000,0.0000,0.3030
9974adb1-840e-4c12-8c5a-99d4269979d6,c6e27378-0b9e-4d40-9dbf-057217176282,2.0000,7.8367,0.5000,2.0000,2.0000,0.0000,0.3030
9974adb1-840e-4c12-8c5a-99d4269979d6,d9267fd4-495d-4d11-843c-cedddfeddabf,2.0000,4.7869,0.5000,2.0000,2.0000,0.6667,0.3636
9974adb1-840e-4c12-8c5a-99d4269979d6,8dfa57b2-e8b0-4a9a-b5b6-86dc84f15e30,0.0000,5.9351,1.0000,0.0000,0.0000,0.6667,0.1515
9974adb1-840e-4c12-8c5a-99d4269979d6,d9fa51da-ab2b-411c-a41b-ce2b5c23473b,2.0000,12.8714,0.5000,2.0000,2.0000,0.0000,0.3030
9974adb1-840e-4c12-8c5a-99d4269979d6,4895c953-8e9a-4e62-b308-61d0f4106e69,2.0000,13.2042,0.5000,2.0000,2.0000,0.0000,0.3030
9974adb1-840e-4c12-8c5a-99d4269979d6,c95936f5-0096-4c43-a2a2-4cc7a9b26504,0.0000,9.7902,1.0000,0.0000,0.0000,0.0000,0.2424
9974adb1-840e-4c12-8c5a-99d4269979d6,535f130b-68ff-4463-83b0-d04785999fbb,2.0000,6.3726,0.5000,2.0000,2.0000,0.6667,0.3939
9974adb1-840e-4c12-8c5a-99d4269979d6,5c952de4-19c5-4324-b3f4-48b0c2169833,2.0000,11.0781,0.5000,2.0000,2.0000,0.0000,0.3030
9974adb1-840e-4c12-8c5a-99d4269979d6,ced92f16-312a-4b19-addf-523cfefee6c7,2.0000,13.0845,0.5000,2.0000,2.0000,0.0000,0.2121
9974adb1-840e-4c12-8c5a-99d4269979d6,a11c3bca-9343-4869-8c77-38e616536f5e,2.0000,8.6614,0.5000,2.0000,2.0000,0.0000,0.3939
9974adb1-840e-4c12-8c5a-99d4269979d6,110b5c81-0d3f-40bb-bc0d-cd4c327ce925,0.0000,6.9481,1.0000,0.0000,0.0000,0.6667,0.1818
9974adb1-840e-4c12-8c5a-99d4269979d6,80481175-af46-455a-8bef-0c682e4c0cb6,0.0000,11.2375,1.0000,0.0000,0.0000,0.0000,0.1818
9974adb1-840e-4c12-8c5a-99d4269979d6,422a1c98-ae36-47b0-8890-a8295b6cd85c,0.0000,11.3193,1.0000,0.0000,0.0000,0.6667,0.2424
9974adb1-840e-4c12-8c5a-99d4269979d6,51d9466b-1ba9-4646-8257-1d21cb2ed954,0.0000,3.4883,1.0000,0.0000,0.0000,0.0000,0.1818
9974adb1-840e-4c12-8c5a-99d4269979d6,03e8c72b-9c28-43b3-a50c-ba09195e3e3c,2.0000,7.6494,0.5000,2.0000,2.0000,0.6667,0.3333
9974adb1-840e-4c12-8c5a-99d4269979d6,cf9b7960-9d27-4554-a98d-f1fa9bb1a5ca,0.0000,11.9765,1.0000,0.0000,0.0000,0.6667,0.0303
9974adb1-840e-4c12-8c5a-99d4269979d6,bf0dfd9e-5489-4b04-ae78-ba2facc60792,2.0000,8.1406,0.5000,2.0000,2.0000,0.6667,0.3333
9974adb1-840e-4c12-8c5a-99d4269979d6,4f2e86c2-4b73-47fc-bf83-31eb686d4ad0,2.0000,10.6982,0.5000,2.0000,2.0000,0.6667,0.3636
9974adb1-840e-4c12-8c5a-99d4269979d6,ddd56f00-e94c-4f73-bc24-d6538d02d76f,0.0000,7.8959,1.0000,0.0000,0.0000,0.6667,0.0909
9974adb1-840e-4c12-8c5a-99d4269979d6,67351bd4-8ebd-4ac5-b552-24308cef799f,0.0000,8.5977,1.0000,0.0000,0.0000,0.0000,0.1515
9974adb1-840e-4c12-8c5a-99d4269979d6,7d591389-70df-411c-93e7-2948d4c04738,2.0000,12.4069,0.5000,2.0000,2.0000,0.0000,0.3939
9974adb1-840e-4c12-8c5a-99d4269979d6,91fd5a9f-0848-4551-a1a2-9689a4125830,2.0000,9.8861,0.5000,2.0000,2.0000,0.0000,0.1515
9974adb1-840e-4c12-8c5a-99d4269979d6,ae6b3203-494b-4066-b0ba-b923b393bced,2.0000,7.3721,0.5000,2.0000,2.0000,0.6667,0.3333
9974adb1-840e-4c12-8c5a-99d4269979d6,4b0f1708-0377-46ec-b3a4-cc53fe72fcc8,2.0000,13.3143,0.5000,2.0000,2.0000,0.6667,0.3333
9974adb1-840e-4c12-8c5a-99d4269979d6,17101d7a-983e-469a-82f0-3dbd27b59660,0.0000,11.1699,1.0000,0.0000,0.0000,0.0000,0.1212
9974adb1-840e-4c12-8c5a-99d4269979d6,6c2f7b68-d439-46b0-b6c2-111ae90e59be,0.0000,4.7878,1.0000,0.0000,0.0000,0.6667,0.1515
9974adb1-840e-4c12-8c5a-99d4269979d6,b07b0e33-0c1e-489d-8b69-aa1b4ae8d2ad,2.0000,11.3812,0.5000,2.0000,2.0000,0.6667,0.4848
9974adb1-840e-4c12-8c5a-99d4269979d6,cb93662e-0aed-4f56-9500-1e7f2e128287,0.0000,3.3730,1.0000,0.0000,0.0000,0.6667,0.1818
9974adb1-840e-4c12-8c5a-99d4269979d6,5c581ce7-7a4b-4fd5-86a2-16c83a3a7b68,2.0000,5.6340,0.5000,2.0000,2.0000,0.6667,0.3636
9974adb1-840e-4c12-8c5a-99d4269979d6,f2deb05a-d512-48f4-b641-59e526831230,2.0000,9.3782,0.5000,2.0000,2.0000,0.6667,0.4242
9974adb1-840e-4c12-8c5a-99d4269979d6,2908d1db-866e-4631-a655-8ac0a0da0e28,0.0000,4.7486,1.0000,0.0000,0.0000,0.6667,0.0909
9974adb1-840e-4c12-8c5a-99d4269979d6,4481c909-2f78-4205-8334-e27d27305642,0.0000,5.5618,1.0000,0.0000,0.0000,0.6667,0.2121
9974adb1-840e-4c12-8c5a-99d4269979d6,d450f16e-59ec-490a-8ce7-7968e10dd065,0.0000,8.6538,1.0000,0.0000,0.0000,0.6667,0.1515
9974adb1-840e-4c12-8c5a-99d4269979d6,51625cea-8af7-4dca-9b2d-17750e3831ea,2.0000,8.0223,0.5000,2.0000,2.0000,0.0000,0.3333
9974adb1-840e-4c12-8c5a-99d4269979d6,bb080865-5184-4114-942e-0a1b314c8016,2.0000,6.0901,0.5000,2.0000,2.0000,0.0000,0.3030
9974adb1-840e-4c12-8c5a-99d4269979d6,8b354a1d-b301-4cd1-b271-878ba45ed85f,2.0000,7.9177,0.5000,2.0000,2.0000,0.0000,0.3636
ad8a568c-ec19-4a05-b3eb-85be21135da3,6e976f21-ce6b-4769-84a4-193506c56632,2.0000,13.5390,0.5000,2.0000,2.0000,0.0000,0.2813
ad8a568c-ec19-4a05-b3eb-85be21135da3,11af1cdc-2f2d-4cc9-ab31-144a23730f0d,2.0000,8.2456,0.5000,2.0000,2.0000,0.6667,0.1154
ad8a568c-ec19-4a05-b3eb-85be21135da3,2657869e-d306-41aa-9b22-a9395bdba806,2.0000,9.0481,0.5000,2.0000,2.0000,0.0000,0.1481
ad8a568c-ec19-4a05-b3eb-85be21135da3,1fd8f017-3535-49a1-8c07-2d6c4cd162ba,0.0000,10.0790,1.0000,0.0000,0.0000,0.0000,0.0000
ad8a568c-ec19-4a05-b3eb-85be21135da3,1a6422cc-3f8c-47bb-b341-085a1a0c0216,2.0000,11.8401,0.5000,2.0000,2.0000,0.0000,0.1154
ad8a568c-ec19-4a05-b3eb-85be21135da3,646a92fa-ec4e-4160-9c74-9e6fd4db9e55,2.0000,7.4077,0.5000,2.0000,2.0000,0.6667,0.2581
ad8a568c-ec19-4a05-b3eb-85be21135da3,ca6baa77-10f8-432a-bafc-c850551c8f78,2.0000,13.1308,0.5000,2.0000,2.0000,0.0000,0.2069
ad8a568c-ec19-4a05-b3eb-85be21135da3,592ee7ca-1e74-47ad-87ee-001a1ea7d7c8,0.0000,13.6258,1.0000,0.0000,0.0000,0.6667,0.1739
ad8a568c-ec19-4a05-b3eb-85be21135da3,64fbe5ce-1bef-4931-b014-c33d9e5a2054,0.0000,3.5681,1.0000,0.0000,0.0000,0.0000,0.0435
ad8a568c-ec19-4a05-b3eb-85be21135da3,bd16aa67-95d6-4d37-814f-48a6e42f8f31,0.0000,6.5312,1.0000,0.0000,0.0000,0.0000,0.0800
ad8a568c-ec19-4a05-b3eb-85be21135da3,5ea95498-2879-4306-a2bc-f1d88d018de4,0.0000,14.2202,1.0000,0.0000,0.0000,0.6667,0.1304
ad8a568c-ec19-4a05-b3eb-85be21135da3,c8084389-f635-4f4c-adf4-b23f38248ee9,2.0000,9.9109,0.5000,2.0000,2.0000,0.6667,0.2333
ad8a568c-ec19-4a05-b3eb-85be21135da3,11b4879c-a825-4a4b-902b-f821672b9927,2.0000,10.1028,0.5000,2.0000,2.0000,0.6667,0.1481
ad8a568c-ec19-4a05-b3eb-85be21135da3,e19561ae-403a-4d73-bdb8-ca197e40b836,0.0000,13.7866,1.0000,0.0000,0.0000,0.6667,0.0870
ad8a568c-ec19-4a05-b3eb-85be21135da3,8b65a0a2-23de-40ad-97ec-d7a7117c8020,0.0000,9.4417,1.0000,0.0000,0.0000,0.0000,0.0000
ad8a568c-ec19-4a05-b3eb-85be21135da3,fb457f02-79d9-4cd8-80c1-1a4cd76d2d60,0.0000,7.3713,1.0000,0.0000,0.0000,0.0000,0.0417
ad8a568c-ec19-4a05-b3eb-85be21135da3,d92b4620-3913-44fe-852a-67ddc3c13b36,2.0000,9.2300,0.5000,2.0000,2.0000,0.6667,0.1481
ad8a568c-ec19-4a05-b3eb-85be21135da3,76dd5051-efcd-4750-8788-d0043750910f,2.0000,9.5670,0.5000,2.0000,2.0000,0.6667,0.1154
ad8a568c-ec19-4a05-b3eb-85be21135da3,ea1f80f0-62f3-4852-85b2-4f9c324b26a2,2.0000,14.7615,0.5000,2.0000,2.0000,0.6667,0.1481
ad8a568c-ec19-4a05-b3eb-85be21135da3,5b372c89-6d70-4276-a9fe-d4a9ffe9e0af,0.0000,4.0479,1.0000,0.0000,0.0000,0.0000,0.1304
ad8a568c-ec19-4a05-b3eb-85be21135da3,eb0958ef-c187-4392-95d9-d703217e20f2,0.0000,3.9954,1.0000,0.0000,0.0000,0.0000,0.0000
ad8a568c-ec19-4a05-b3eb-85be21135da3,d600c8fd-02b9-442e-94a7-8cfcfd0902e5,0.0000,15.6739,1.0000,0.0000,0.0000,0.6667,0.0800
ad8a568c-ec19-4a05-b3eb-85be21135da3,d43a4529-c3d6-47a7-bf16-51d83c463e35,2.0000,15.1731,0.5000,2.0000,2.0000,0.0000,0.1786
ad8a568c-ec19-4a05-b3eb-85be21135da3,8b912a7e-96de-4da8-a91d-f1ddafa36f9b,0.0000,15.5356,1.0000,0.0000,0.0000,0.6667,0.0870
ad8a568c-ec19-4a05-b3eb-85be21135da3,637d55e6-25d5-43aa-95e1-e71da53b4a65,2.0000,12.3079,0.5000,2.0000,2.0000,0.6667,0.2069
ad8a568c-ec19-4a05-b3eb-85be21135da3,7a051738-24d2-4d72-bbfa-9f81c092b5d4,2.0000,11.5305,0.5000,2.0000,2.0000,0.6667,0.1154
ad8a568c-ec19-4a05-b3eb-85be21135da3,0fcb9700-df04-4531-a3d8-d6169f91eae5,0.0000,10.2066,1.0000,0.0000,0.0000,0.6667,0.0800
ad8a568c-ec19-4a05-b3eb-85be21135da3,e3cd235f-f77c-4448-8fe5-62434f6ef801,0.0000,18.2575,1.0000,0.0000,0.0000,0.6667,0.0870
ad8a568c-ec19-4a05-b3eb-85be21135da3,d84d6202-1b0d-494e-83aa-282623351558,0.0000,12.8160,1.0000,0.0000,0.0000,0.0000,0.0417
ad8a568c-ec19-4a05-b3eb-85be21135da3,fb3bb871-3382-43a6-86cf-25862db66608,2.0000,12.1792,0.5000,2.0000,2.0000,0.6667,0.2069
ad8a568c-ec19-4a05-b3eb-85be21135da3,8b2ba48c-dea4-4586-8cdd-81d2a8b1aa73,0.0000,12.5044,1.0000,0.0000,0.0000,0.6667,0.0435
ad8a568c-ec19-4a05-b3eb-85be21135da3,b590db6d-3092-4a48-a3cd-8b3828f6fd97,0.0000,9.3916,1.0000,0.0000,0.0000,0.0000,0.0870
ad8a568c-ec19-4a05-b3eb-85be21135da3,1079305f-65fb-473e-9658-e7251b0824be,0.0000,11.7295,1.0000,0.0000,0.0000,0.6667,0.2174
ad8a568c-ec19-4a05-b3eb-85be21135da3,efdea335-b7fb-4a9f-b55c-05e6f649b42f,2.0000,12.1912,0.5000,2.0000,2.0000,0.6667,0.1481
ad8a568c-ec19-4a05-b3eb-85be21135da3,2a753e87-dc5b-4f7e-8441-59141fcc0cb2,0.0000,7.8587,1.0000,0.0000,0.0000,0.0000,0.0417
ad8a568c-ec19-4a05-b3eb-85be21135da3,09ce3282-4e7d-43e3-aad0-d8ba479e152e,0.0000,12.2136,1.0000,0.0000,0.0000,0.6667,0.0870
ad8a568c-ec19-4a05-b3eb-85be21135da3,130e102a-345e-41bc-8c2b-f9eddef31bd5,0.0000,11.5717,1.0000,0.0000,0.0000,0.6667,0.0417
ad8a568c-ec19-4a05-b3eb-85be21135da3,9ded00ab-0866-4032-92bf-5dc8fdc4d243,2.0000,11.4664,0.5000,2.0000,2.0000,0.6667,0.0417
ad8a568c-ec19-4a05-b3eb-85be21135da3,5d4d9a94-6aaa-4bbe-b639-a0eeb4e1c088,2.0000,11.4997,0.5000,2.0000,2.0000,0.6667,0.1786
ad8a568c-ec19-4a05-b3eb-85be21135da3,a8c5b81e-599a-4ed1-901b-356d1fc94e84,0.0000,16.7462,1.0000,0.0000,0.0000,0.6667,0.1304
ad8a568c-ec19-4a05-b3eb-85be21135da3,f19250f3-e0cf-4ebf-b106-1c75855eb8ed,0.0000,16.7823,1.0000,0.0000,0.0000,0.6667,0.0417
ad8a568c-ec19-4a05-b3eb-85be21135da3,6482a7eb-8182-43d4-8df9-1ad15f5bbf5d,2.0000,12.4508,0.5000,2.0000,2.0000,0.6667,0.0800
ad8a568c-ec19-4a05-b3eb-85be21135da3,5e5e895e-dd66-4fb6-a1d2-04f02c760fd8,0.0000,14.0725,1.0000,0.0000,0.0000,0.6667,0.0000
ad8a568c-ec19-4a05-b3eb-85be21135da3,ff1bb715-41ad-4a24-a31e-499bba5e889a,0.0000,13.5300,1.0000,0.0000,0.0000,0.6667,0.0000
ad8a568c-ec19-4a05-b3eb-85be21135da3,9fd672d7-152c-423e-af51-4b14f62db78f,0.0000,8.6359,1.0000,0.0000,0.0000,0.0000,0.1304
ad8a568c-ec19-4a05-b3eb-85be21135da3,0c07cbfe-8089-4618-8ea2-9d49c5c7676f,2.0000,10.7594,0.5000,2.0000,2.0000,0.6667,0.0800
ad8a568c-ec19-4a05-b3eb-85be21135da3,2db915b4-b287-4d07-8d78-0d79e2b715e6,0.0000,9.7620,1.0000,0.0000,0.0000,0.0000,0.1304
ad8a568c-ec19-4a05-b3eb-85be21135da3,1041fa72-e598-4a46-9d90-bbdb1a8c8cfa,0.0000,7.8553,1.0000,0.0000,0.0000,0.0000,0.2174
ad8a568c-ec19-4a05-b3eb-85be21135da3,e2678857-49ff-42d1-9649-47b147a8ed3e,2.0000,13.8089,0.5000,2.0000,2.0000,0.0000,0.1481
ad8a568c-ec19-4a05-b3eb-85be21135da3,0b2085d3-0fbc-4351-845e-5d9bccda34e5,0.0000,13.3078,1.0000,0.0000,0.0000,0.0000,0.0000
ad8a568c-ec19-4a05-b3eb-85be21135da3,0abcffc0-2fc7-4385-a82f-bbe80bfd51ae,0.0000,5.1783,1.0000,0.0000,0.0000,0.0000,0.0000
ad8a568c-ec19-4a05-b3eb-85be21135da3,d54c73cc-cc77-415e-aeff-dd22604f13cf,0.0000,5.5470,1.0000,0.0000,0.0000,0.0000,0.1304
ad8a568c-ec19-4a05-b3eb-85be21135da3,09bf266d-b272-4968-9251-ab34779e8344,0.0000,14.0155,1.0000,0.0000,0.0000,0.6667,0.1154
ad8a568c-ec19-4a05-b3eb-85be21135da3,b336cd79-f2f6-4913-b922-d1061f5fb2e1,0.0000,9.8571,1.0000,0.0000,0.0000,0.0000,0.0000
ad8a568c-ec19-4a05-b3eb-85be21135da3,c6e27378-0b9e-4d40-9dbf-057217176282,0.0000,7.9647,1.0000,0.0000,0.0000,0.0000,0.0000
ad8a568c-ec19-4a05-b3eb-85be21135da3,d9267fd4-495d-4d11-843c-cedddfeddabf,0.0000,14.2529,1.0000,0.0000,0.0000,0.6667,0.0870
ad8a568c-ec19-4a05-b3eb-85be21135da3,8dfa57b2-e8b0-4a9a-b5b6-86dc84f15e30,2.0000,13.3089,0.5000,2.0000,2.0000,0.6667,0.1786
ad8a568c-ec19-4a05-b3eb-85be21135da3,d9fa51da-ab2b-411c-a41b-ce2b5c23473b,0.0000,10.1593,1.0000,0.0000,0.0000,0.0000,0.0000
ad8a568c-ec19-4a05-b3eb-85be21135da3,4895c953-8e9a-4e62-b308-61d0f4106e69,0.0000,2.9716,1.0000,0.0000,0.0000,0.0000,0.0000
ad8a568c-ec19-4a05-b3eb-85be21135da3,c95936f5-0096-4c43-a2a2-4cc7a9b26504,2.0000,12.9277,0.5000,2.0000,2.0000,0.0000,0.0800
ad8a568c-ec19-4a05-b3eb-85be21135da3,535f130b-68ff-4463-83b0-d04785999fbb,0.0000,16.3345,1.0000,0.0000,0.0000,0.6667,0.1304
ad8a568c-ec19-4a05-b3eb-85be21135da3,5c952de4-19c5-4324-b3f4-48b0c2169833,0.0000,8.5488,1.0000,0.0000,0.0000,0.0000,0.0000
ad8a568c-ec19-4a05-b3eb-85be21135da3,ced92f16-312a-4b19-addf-523cfefee6c7,0.0000,10.5545,1.0000,0.0000,0.0000,0.0000,0.1154
ad8a568c-ec19-4a05-b3eb-85be21135da3,a11c3bca-9343-4869-8c77-38e616536f5e,0.0000,9.3993,1.0000,0.0000,0.0000,0.0000,0.1304
ad8a568c-ec19-4a05-b3eb-85be21135da3,110b5c81-0d3f-40bb-bc0d-cd4c327ce925,2.0000,12.8571,0.5000,2.0000,2.0000,0.6667,0.1481
ad8a568c-ec19-4a05-b3eb-85be21135da3,80481175-af46-455a-8bef-0c682e4c0cb6,2.0000,8.5401,0.5000,2.0000,2.0000,0.0000,0.1481
ad8a568c-ec19-4a05-b3eb-85be21135da3,422a1c98-ae36-47b0-8890-a8295b6cd85c,2.0000,11.8876,0.5000,2.0000,2.0000,0.6667,0.0800
ad8a568c-ec19-4a05-b3eb-85be21135da3,51d9466b-1ba9-4646-8257-1d21cb2ed954,2.0000,9.9223,0.5000,2.0000,2.0000,0.0000,0.1481
ad8a568c-ec19-4a05-b3eb-85be21135da3,03e8c72b-9c28-43b3-a50c-ba09195e3e3c,0.0000,11.0637,1.0000,0.0000,0.0000,0.6667,0.0435
ad8a568c-ec19-4a05-b3eb-85be21135da3,cf9b7960-9d27-4554-a98d-f1fa9bb1a5ca,2.0000,9.3575,0.5000,2.0000,2.0000,0.6667,0.2813
ad8a568c-ec19-4a05-b3eb-85be21135da3,bf0dfd9e-5489-4b04-ae78-ba2facc60792,0.0000,14.1336,1.0000,0.0000,0.0000,0.6667,0.0435
ad8a568c-ec19-4a05-b3eb-85be21135da3,4f2e86c2-4b73-47fc-bf83-31eb686d4ad0,0.0000,14.6632,1.0000,0.0000,0.0000,0.6667,0.0870
ad8a568c-ec19-4a05-b3eb-85be21135da3,ddd56f00-e94c-4f73-bc24-d6538d02d76f,2.0000,4.6593,0.5000,2.0000,2.0000,0.6667,0.2333
ad8a568c-ec19-4a05-b3eb-85be21135da3,67351bd4-8ebd-4ac5-b552-24308cef799f,2.0000,10.9610,0.5000,2.0000,2.0000,0.0000,0.1786
ad8a568c-ec19-4a05-b3eb-85be21135da3,7d591389-70df-411c-93e7-2948d4c04738,0.0000,6.7631,1.0000,0.0000,0.0000,0.0000,0.1304
ad8a568c-ec19-4a05-b3eb-85be21135da3,91fd5a9f-0848-4551-a1a2-9689a4125830,0.0000,7.0295,1.0000,0.0000,0.0000,0.0000,0.1786
ad8a568c-ec19-4a05-b3eb-85be21135da3,ae6b3203-494b-4066-b0ba-b923b393bced,0.0000,17.4643,1.0000,0.0000,0.0000,0.6667,0.0435
ad8a568c-ec19-4a05-b3eb-85be21135da3,4b0f1708-0377-46ec-b3a4-cc53fe72fcc8,0.0000,12.4037,1.0000,0.0000,0.0000,0.6667,0.0435
ad8a568c-ec19-4a05-b3eb-85be21135da3,17101d7a-983e-469a-82f0-3dbd27b59660,2.0000,5.9542,0.5000,2.0000,2.0000,0.0000,0.2069
ad8a568c-ec19-4a05-b3eb-85be21135da3,6c2f7b68-d439-46b0-b6c2-111ae90e59be,2.0000,13.7850,0.5000,2.0000,2.0000,0.6667,0.1786
ad8a568c-ec19-4a05-b3eb-85be21135da3,b07b0e33-0c1e-489d-8b69-aa1b4ae8d2ad,0.0000,14.4285,1.0000,0.0000,0.0000,0.6667,0.2609
ad8a568c-ec19-4a05-b3eb-85be21135da3,cb93662e-0aed-4f56-9500-1e7f2e128287,2.0000,9.6108,0.5000,2.0000,2.0000,0.6667,0.1481
ad8a568c-ec19-4a05-b3eb-85be21135da3,5c581ce7-7a4b-4fd5-86a2-16c83a3a7b68,0.0000,13.9768,1.0000,0.0000,0.0000,0.6667,0.0870
ad8a568c-ec19-4a05-b3eb-85be21135da3,f2deb05a-d512-48f4-b641-59e526831230,0.0000,16.3303,1.0000,0.0000,0.0000,0.6667,0.1739
ad8a568c-ec19-4a05-b3eb-85be21135da3,2908d1db-866e-4631-a655-8ac0a0da0e28,2.0000,13.6359,0.5000,2.0000,2.0000,0.6667,0.2333
ad8a568c-ec19-4a05-b3eb-85be21135da3,4481c909-2f78-4205-8334-e27d27305642,2.0000,10.1736,0.5000,2.0000,2.0000,0.6667,0.1154
ad8a568c-ec19-4a05-b3eb-85be21135da3,d450f16e-59ec-490a-8ce7-7968e10dd065,2.0000,12.3440,0.5000,2.0000,2.0000,0.6667,0.1786
ad8a568c-ec19-4a05-b3eb-85be21135da3,51625cea-8af7-4dca-9b2d-17750e3831ea,0.0000,9.3368,1.0000,0.0000,0.0000,0.0000,0.0435
ad8a568c-ec19-4a05-b3eb-85be21135da3,bb080865-5184-4114-942e-0a1b314c8016,0.0000,10.9471,1.0000,0.0000,0.0000,0.0000,0.0000
ad8a568c-ec19-4a05-b3eb-85be21135da3,8b354a1d-b301-4cd1-b271-878ba45ed85f,0.0000,8.2887,1.0000,0.0000,0.0000,0.0000,0.0870
6e976f21-ce6b-4769-84a4-193506c56632,11af1cdc-2f2d-4cc9-ab31-144a23730f0d,0.0000,9.7195,1.0000,0.0000,0.0000,0.6667,0.1875
6e976f21-ce6b-4769-84a4-193506c56632,2657869e-d306-41aa-9b22-a9395bdba806,0.0000,7.9698,1.0000,0.0000,0.0000,0.0000,0.1563
6e976f21-ce6b-4769-84a4-193506c56632,1fd8f017-3535-49a1-8c07-2d6c4cd162ba,2.0000,10.1392,0.5000,2.0000,2.0000,0.0000,0.2813
6e976f21-ce6b-4769-84a4-193506c56632,1a6422cc-3f8c-47bb-b341-085a1a0c0216,0.0000,8.8497,1.0000,0.0000,0.0000,0.0000,0.1875
6e976f21-ce6b-4769-84a4-193506c56632,646a92fa-ec4e-4160-9c74-9e6fd4db9e55,0.0000,6.7681,1.0000,0.0000,0.0000,0.6667,0.0313
6e976f21-ce6b-4769-84a4-193506c56632,ca6baa77-10f8-432a-bafc-c850551c8f78,0.0000,10.4582,1.0000,0.0000,0.0000,0.0000,0.0938
6e976f21-ce6b-4769-84a4-193506c56632,592ee7ca-1e74-47ad-87ee-001a1ea7d7c8,2.0000,7.5665,0.5000,2.0000,2.0000,0.6667,0.4063
6e976f21-ce6b-4769-84a4-193506c56632,64fbe5ce-1bef-4931-b014-c33d9e5a2054,2.0000,13.6515,0.5000,2.0000,2.0000,0.0000,0.3125
6e976f21-ce6b-4769-84a4-193506c56632,bd16aa67-95d6-4d37-814f-48a6e42f8f31,2.0000,7.7075,0.5000,2.0000,2.0000,0.0000,0.2188
6e976f21-ce6b-4769-84a4-193506c56632,5ea95498-2879-4306-a2bc-f1d88d018de4,2.0000,4.3861,0.5000,2.0000,2.0000,0.6667,0.3750
6e976f21-ce6b-4769-84a4-193506c56632,c8084389-f635-4f4c-adf4-b23f38248ee9,0.0000,10.0862,1.0000,0.0000,0.0000,0.6667,0.0625
6e976f21-ce6b-4769-84a4-193506c56632,11b4879c-a825-4a4b-902b-f821672b9927,0.0000,11.3572,1.0000,0.0000,0.0000,0.6667,0.1563
6e976f21-ce6b-4769-84a4-193506c56632,e19561ae-403a-4d73-bdb8-ca197e40b836,2.0000,3.4401,0.5000,2.0000,2.0000,0.6667,0.3438
6e976f21-ce6b-4769-84a4-193506c56632,8b65a0a2-23de-40ad-97ec-d7a7117c8020,2.0000,13.3261,0.5000,2.0000,2.0000,0.0000,0.2813
6e976f21-ce6b-4769-84a4-193506c56632,fb457f02-79d9-4cd8-80c1-1a4cd76d2d60,2.0000,12.6209,0.5000,2.0000,2.0000,0.0000,0.2500
6e976f21-ce6b-4769-84a4-193506c56632,d92b4620-3913-44fe-852a-67ddc3c13b36,0.0000,4.5281,1.0000,0.0000,0.0000,0.6667,0.1563
6e976f21-ce6b-4769-84a4-193506c56632,76dd5051-efcd-4750-8788-d0043750910f,0.0000,9.8889,1.0000,0.0000,0.0000,0.6667,0.1875
6e976f21-ce6b-4769-84a4-193506c56632,ea1f80f0-62f3-4852-85b2-4f9c324b26a2,0.0000,7.8575,1.0000,0.0000,0.0000,0.6667,0.1563
6e976f21-ce6b-4769-84a4-193506c56632,5b372c89-6d70-4276-a9fe-d4a9ffe9e0af,2.0000,13.1884,0.5000,2.0000,2.0000,0.0000,0.3750
6e976f21-ce6b-4769-84a4-193506c56632,eb0958ef-c187-4392-95d9-d703217e20f2,2.0000,12.7691,0.5000,2.0000,2.0000,0.0000,0.2813
6e976f21-ce6b-4769-84a4-193506c56632,d600c8fd-02b9-442e-94a7-8cfcfd0902e5,2.0000,9.8041,0.5000,2.0000,2.0000,0.6667,0.2188
6e976f21-ce6b-4769-84a4-193506c56632,d43a4529-c3d6-47a7-bf16-51d83c463e35,0.0000,5.7732,1.0000,0.0000,0.0000,0.0000,0.1250
6e976f21-ce6b-4769-84a4-193506c56632,8b912a7e-96de-4da8-a91d-f1ddafa36f9b,2.0000,12.3937,0.5000,2.0000,2.0000,0.6667,0.3438
6e976f21-ce6b-4769-84a4-193506c56632,637d55e6-25d5-43aa-95e1-e71da53b4a65,0.0000,5.2290,1.0000,0.0000,0.0000,0.6667,0.0938
6e976f21-ce6b-4769-84a4-193506c56632,7a051738-24d2-4d72-bbfa-9f81c092b5d4,0.0000,9.2864,1.0000,0.0000,0.0000,0.6667,0.1875
6e976f21-ce6b-4769-84a4-193506c56632,0fcb9700-df04-4531-a3d8-d6169f91eae5,2.0000,9.9483,0.5000,2.0000,2.0000,0.6667,0.2188
6e976f21-ce6b-4769-84a4-193506c56632,e3cd235f-f77c-4448-8fe5-62434f6ef801,2.0000,10.7323,0.5000,2.0000,2.0000,0.6667,0.3438
6e976f21-ce6b-4769-84a4-193506c56632,d84d6202-1b0d-494e-83aa-282623351558,2.0000,13.8746,0.5000,2.0000,2.0000,0.0000,0.2500
6e976f21-ce6b-4769-84a4-193506c56632,fb3bb871-3382-43a6-86cf-25862db66608,0.0000,5.0701,1.0000,0.0000,0.0000,0.6667,0.0938
6e976f21-ce6b-4769-84a4-193506c56632,8b2ba48c-dea4-4586-8cdd-81d2a8b1aa73,2.0000,7.2398,0.5000,2.0000,2.0000,0.6667,0.3125
6e976f21-ce6b-4769-84a4-193506c56632,b590db6d-3092-4a48-a3cd-8b3828f6fd97,2.0000,14.4370,0.5000,2.0000,2.0000,0.0000,0.3438
6e976f21-ce6b-4769-84a4-193506c56632,1079305f-65fb-473e-9658-e7251b0824be,2.0000,9.6590,0.5000,2.0000,2.0000,0.6667,0.4375
6e976f21-ce6b-4769-84a4-193506c56632,efdea335-b7fb-4a9f-b55c-05e6f649b42f,0.0000,5.4975,1.0000,0.0000,0.0000,0.6667,0.1563
6e976f21-ce6b-4769-84a4-193506c56632,2a753e87-dc5b-4f7e-8441-59141fcc0cb2,2.0000,11.8714,0.5000,2.0000,2.0000,0.0000,0.2500
6e976f21-ce6b-4769-84a4-193506c56632,09ce3282-4e7d-43e3-aad0-d8ba479e152e,2.0000,8.5349,0.5000,2.0000,2.0000,0.6667,0.3438
6e976f21-ce6b-4769-84a4-193506c56632,130e102a-345e-41bc-8c2b-f9eddef31bd5,2.0000,9.6756,0.5000,2.0000,2.0000,0.6667,0.2500
6e976f21-ce6b-4769-84a4-193506c56632,9ded00ab-0866-4032-92bf-5dc8fdc4d243,0.0000,7.2833,1.0000,0.0000,0.0000,0.6667,0.2500
6e976f21-ce6b-4769-84a4-193506c56632,5d4d9a94-6aaa-4bbe-b639-a0eeb4e1c088,0.0000,9.4668,1.0000,0.0000,0.0000,0.6667,0.1250
6e976f21-ce6b-4769-84a4-193506c56632,a8c5b81e-599a-4ed1-901b-356d1fc94e84,2.0000,10.4410,0.5000,2.0000,2.0000,0.6667,0.3750
6e976f21-ce6b-4769-84a4-193506c56632,f19250f3-e0cf-4ebf-b106-1c75855eb8ed,2.0000,10.1630,0.5000,2.0000,2.0000,0.6667,0.2500
6e976f21-ce6b-4769-84a4-193506c56632,6482a7eb-8182-43d4-8df9-1ad15f5bbf5d,0.0000,8.0193,1.0000,0.0000,0.0000,0.6667,0.2188
6e976f21-ce6b-4769-84a4-193506c56632,5e5e895e-dd66-4fb6-a1d2-04f02c760fd8,2.0000,10.3247,0.5000,2.0000,2.0000,0.6667,0.2813
6e976f21-ce6b-4769-84a4-193506c56632,ff1bb715-41ad-4a24-a31e-499bba5e889a,2.0000,6.4861,0.5000,2.0000,2.0000,0.6667,0.2813
6e976f21-ce6b-4769-84a4-193506c56632,9fd672d7-152c-423e-af51-4b14f62db78f,2.0000,8.7566,0.5000,2.0000,2.0000,0.0000,0.3750
6e976f21-ce6b-4769-84a4-193506c56632,0c07cbfe-8089-4618-8ea2-9d49c5c7676f,0.0000,6.5018,1.0000,0.0000,0.0000,0.6667,0.2188
6e976f21-ce6b-4769-84a4-193506c56632,2db915b4-b287-4d07-8d78-0d79e2b715e6,2.0000,13.9868,0.5000,2.0000,2.0000,0.0000,0.3750
6e976f21-ce6b-4769-84a4-193506c56632,1041fa72-e598-4a46-9d90-bbdb1a8c8cfa,2.0000,13.9973,0.5000,2.0000,2.0000,0.0000,0.4375
6e976f21-ce6b-4769-84a4-193506c56632,e2678857-49ff-42d1-9649-47b147a8ed3e,0.0000,10.5531,1.0000,0.0000,0.0000,0.0000,0.1563
6e976f21-ce6b-4769-84a4-193506c56632,0b2085d3-0fbc-4351-845e-5d9bccda34e5,2.0000,11.7919,0.5000,2.0000,2.0000,0.0000,0.2813
6e976f21-ce6b-4769-84a4-193506c56632,0abcffc0-2fc7-4385-a82f-bbe80bfd51ae,2.0000,10.0542,0.5000,2.0000,2.0000,0.0000,0.2813
6e976f21-ce6b-4769-84a4-193506c56632,d54c73cc-cc77-415e-aeff-dd22604f13cf,2.0000,14.2583,0.5000,2.0000,2.0000,0.0000,0.3750
6e976f21-ce6b-4769-84a4-193506c56632,09bf266d-b272-4968-9251-ab34779e8344,2.0000,9.9731,0.5000,2.0000,2.0000,0.6667,0.1875
6e976f21-ce6b-4769-84a4-193506c56632,b336cd79-f2f6-4913-b922-d1061f5fb2e1,2.0000,9.9816,0.5000,2.0000,2.0000,0.0000,0.2813
6e976f21-ce6b-4769-84a4-193506c56632,c6e27378-0b9e-4d40-9dbf-057217176282,2.0000,12.3358,0.5000,2.0000,2.0000,0.0000,0.2813
6e976f21-ce6b-4769-84a4-193506c56632,d9267fd4-495d-4d11-843c-cedddfeddabf,2.0000,8.9209,0.5000,2.0000,2.0000,0.6667,0.3438
6e976f21-ce6b-4769-84a4-193506c56632,8dfa57b2-e8b0-4a9a-b5b6-86dc84f15e30,0.0000,1.0339,1.0000,0.0000,0.0000,0.6667,0.1250
6e976f21-ce6b-4769-84a4-193506c56632,d9fa51da-ab2b-411c-a41b-ce2b5c23473b,2.0000,9.0813,0.5000,2.0000,2.0000,0.0000,0.2813
6e976f21-ce6b-4769-84a4-193506c56632,4895c953-8e9a-4e62-b308-61d0f4106e69,2.0000,14.5225,0.5000,2.0000,2.0000,0.0000,0.2813
6e976f21-ce6b-4769-84a4-193506c56632,c95936f5-0096-4c43-a2a2-4cc7a9b26504,0.0000,9.7158,1.0000,0.0000,0.0000,0.0000,0.2188
6e976f21-ce6b-4769-84a4-193506c56632,535f130b-68ff-4463-83b0-d04785999fbb,2.0000,10.2198,0.5000,2.0000,2.0000,0.6667,0.3750
6e976f21-ce6b-4769-84a4-193506c56632,5c952de4-19c5-4324-b3f4-48b0c2169833,2.0000,9.6379,0.5000,2.0000,2.0000,0.0000,0.2813
6e976f21-ce6b-4769-84a4-193506c56632,ced92f16-312a-4b19-addf-523cfefee6c7,2.0000,9.3860,0.5000,2.0000,2.0000,0.0000,0.1875
6e976f21-ce6b-4769-84a4-193506c56632,a11c3bca-9343-4869-8c77-38e616536f5e,2.0000,11.3960,0.5000,2.0000,2.0000,0.0000,0.3750
6e976f21-ce6b-4769-84a4-193506c56632,110b5c81-0d3f-40bb-bc0d-cd4c327ce925,0.0000,7.9551,1.0000,0.0000,0.0000,0.6667,0.1563
6e976f21-ce6b-4769-84a4-193506c56632,80481175-af46-455a-8bef-0c682e4c0cb6,0.0000,5.6098,1.0000,0.0000,0.0000,0.0000,0.1563
6e976f21-ce6b-4769-84a4-193506c56632,422a1c98-ae36-47b0-8890-a8295b6cd85c,0.0000,8.0294,1.0000,0.0000,0.0000,0.6667,0.2188
6e976f21-ce6b-4769-84a4-193506c56632,51d9466b-1ba9-4646-8257-1d21cb2ed954,0.0000,7.9087,1.0000,0.0000,0.0000,0.0000,0.1563
6e976f21-ce6b-4769-84a4-193506c56632,03e8c72b-9c28-43b3-a50c-ba09195e3e3c,2.0000,9.1569,0.5000,2.0000,2.0000,0.6667,0.3125
6e976f21-ce6b-4769-84a4-193506c56632,cf9b7960-9d27-4554-a98d-f1fa9bb1a5ca,0.0000,7.3415,1.0000,0.0000,0.0000,0.6667,0.0000
6e976f21-ce6b-4769-84a4-193506c56632,bf0dfd9e-5489-4b04-ae78-ba2facc60792,2.0000,11.2442,0.5000,2.0000,2.0000,0.6667,0.3125
6e976f21-ce6b-4769-84a4-193506c56632,4f2e86c2-4b73-47fc-bf83-31eb686d4ad0,2.0000,9.2648,0.5000,2.0000,2.0000,0.6667,0.3438
6e976f21-ce6b-4769-84a4-193506c56632,ddd56f00-e94c-4f73-bc24-d6538d02d76f,0.0000,10.4459,1.0000,0.0000,0.0000,0.6667,0.0625
6e976f21-ce6b-4769-84a4-193506c56632,67351bd4-8ebd-4ac5-b552-24308cef799f,0.0000,6.3035,1.0000,0.0000,0.0000,0.0000,0.1250
6e976f21-ce6b-4769-84a4-193506c56632,7d591389-70df-411c-93e7-2948d4c04738,2.0000,10.2408,0.5000,2.0000,2.0000,0.0000,0.3750
6e976f21-ce6b-4769-84a4-193506c56632,91fd5a9f-0848-4551-a1a2-9689a4125830,2.0000,7.3962,0.5000,2.0000,2.0000,0.0000,0.1250
6e976f21-ce6b-4769-84a4-193506c56632,ae6b3203-494b-4066-b0ba-b923b393bced,2.0000,11.3514,0.5000,2.0000,2.0000,0.6667,0.3125
6e976f21-ce6b-4769-84a4-193506c56632,4b0f1708-0377-46ec-b3a4-cc53fe72fcc8,2.0000,11.1252,0.5000,2.0000,2.0000,0.6667,0.3125
6e976f21-ce6b-4769-84a4-193506c56632,17101d7a-983e-469a-82f0-3dbd27b59660,0.0000,8.4645,1.0000,0.0000,0.0000,0.0000,0.0938
6e976f21-ce6b-4769-84a4-193506c56632,6c2f7b68-d439-46b0-b6c2-111ae90e59be,0.0000,9.4747,1.0000,0.0000,0.0000,0.6667,0.1250
6e976f21-ce6b-4769-84a4-193506c56632,b07b0e33-0c1e-489d-8b69-aa1b4ae8d2ad,2.0000,12.2252,0.5000,2.0000,2.0000,0.6667,0.4688
6e976f21-ce6b-4769-84a4-193506c56632,cb93662e-0aed-4f56-9500-1e7f2e128287,0.0000,8.7690,1.0000,0.0000,0.0000,0.6667,0.1563
6e976f21-ce6b-4769-84a4-193506c56632,5c581ce7-7a4b-4fd5-86a2-16c83a3a7b68,2.0000,8.1719,0.5000,2.0000,2.0000,0.6667,0.3438
6e976f21-ce6b-4769-84a4-193506c56632,f2deb05a-d512-48f4-b641-59e526831230,2.0000,9.0607,0.5000,2.0000,2.0000,0.6667,0.4063
6e976f21-ce6b-4769-84a4-193506c56632,2908d1db-866e-4631-a655-8ac0a0da0e28,0.0000,7.7723,1.0000,0.0000,0.0000,0.6667,0.0625
6e976f21-ce6b-4769-84a4-193506c56632,4481c909-2f78-4205-8334-e27d27305642,0.0000,5.0552,1.0000,0.0000,0.0000,0.6667,0.1875
6e976f21-ce6b-4769-84a4-193506c56632,d450f16e-59ec-490a-8ce7-7968e10dd065,0.0000,5.0661,1.0000,0.0000,0.0000,0.6667,0.1250
6e976f21-ce6b-4769-84a4-193506c56632,51625cea-8af7-4dca-9b2d-17750e3831ea,2.0000,12.3444,0.5000,2.0000,2.0000,0.0000,0.3125
6e976f21-ce6b-4769-84a4-193506c56632,bb080865-5184-4114-942e-0a1b314c8016,2.0000,10.8767,0.5000,2.0000,2.0000,0.0000,0.2813
6e976f21-ce6b-4769-84a4-193506c56632,8b354a1d-b301-4cd1-b271-878ba45ed85f,2.0000,12.3549,0.5000,2.0000,2.0000,0.0000,0.3438
11af1cdc-2f2d-4cc9-ab31-144a23730f0d,2657869e-d306-41aa-9b22-a9395bdba806,0.0000,6.7226,1.0000,0.0000,0.0000,0.6667,0.0370
11af1cdc-2f2d-4cc9-ab31-144a23730f0d,1fd8f017-3535-49a1-8c07-2d6c4cd162ba,2.0000,6.9555,0.5000,2.0000,2.0000,0.6667,0.1154
11af1cdc-2f2d-4cc9-ab31-144a23730f0d,1a6422cc-3f8c-47bb-b341-085a1a0c0216,0.0000,6.8699,1.0000,0.0000,0.0000,0.6667,0.0000
11af1cdc-2f2d-4cc9-ab31-144a23730f0d,646a92fa-ec4e-4160-9c74-9e6fd4db9e55,0.0000,9.4186,1.0000,0.0000,0.0000,0.0000,0.1613
11af1cdc-2f2d-4cc9-ab31-144a23730f0d,ca6baa77-10f8-432a-bafc-c850551c8f78,0.0000,8.1297,1.0000,0.0000,0.0000,0.6667,0.1034
11af1cdc-2f2d-4cc9-ab31-144a23730f0d,592ee7ca-1e74-47ad-87ee-001a1ea7d7c8,2.0000,8.3096,0.5000,2.0000,2.0000,0.0000,0.2692
11af1cdc-2f2d-4cc9-ab31-144a23730f0d,64fbe5ce-1bef-4931-b014-c33d9e5a2054,2.0000,11.1618,0.5000,2.0000,2.0000,0.6667,0.1538
11af1cdc-2f2d-4cc9-ab31-144a23730f0d,bd16aa67-95d6-4d37-814f-48a6e42f8f31,2.0000,7.5324,0.5000,2.0000,2.0000,0.6667,0.0385
11af1cdc-2f2d-4cc9-ab31-144a23730f0d,5ea95498-2879-4306-a2bc-f1d88d018de4,2.0000,10.9292,0.5000,2.0000,2.0000,0.0000,0.2308
11af1cdc-2f2d-4cc9-ab31-144a23730f0d,c8084389-f635-4f4c-adf4-b23f38248ee9,0.0000,6.4163,1.0000,0.0000,0.0000,0.6667,0.1333
11af1cdc-2f2d-4cc9-ab31-144a23730f0d,11b4879c-a825-4a4b-902b-f821672b9927,0.0000,6.3267,1.0000,0.0000,0.0000,0.6667,0.0370
11af1cdc-2f2d-4cc9-ab31-144a23730f0d,e19561ae-403a-4d73-bdb8-ca197e40b836,2.0000,10.3232,0.5000,2.0000,2.0000,0.0000,0.1923
11af1cdc-2f2d-4cc9-ab31-144a23730f0d,8b65a0a2-23de-40ad-97ec-d7a7117c8020,2.0000,7.5500,0.5000,2.0000,2.0000,0.6667,0.1154
11af1cdc-2f2d-4cc9-ab31-144a23730f0d,fb457f02-79d9-4cd8-80c1-1a4cd76d2d60,2.0000,11.0047,0.5000,2.0000,2.0000,0.6667,0.0769
11af1cdc-2f2d-4cc9-ab31-144a23730f0d,d92b4620-3913-44fe-852a-67ddc3c13b36,0.0000,5.9612,1.0000,0.0000,0.0000,0.0000,0.0370
11af1cdc-2f2d-4cc9-ab31-144a23730f0d,76dd5051-efcd-4750-8788-d0043750910f,0.0000,7.3142,1.0000,0.0000,0.0000,0.0000,0.0000
11af1cdc-2f2d-4cc9-ab31-144a23730f0d,ea1f80f0-62f3-4852-85b2-4f9c324b26a2,0.0000,8.8556,1.0000,0.0000,0.0000,0.0000,0.0370
11af1cdc-2f2d-4cc9-ab31-144a23730f0d,5b372c89-6d70-4276-a9fe-d4a9ffe9e0af,2.0000,11.4281,0.5000,2.0000,2.0000,0.6667,0.2308
11af1cdc-2f2d-4cc9-ab31-144a23730f0d,eb0958ef-c187-4392-95d9-d703217e20f2,2.0000,10.2728,0.5000,2.0000,2.0000,0.6667,0.1154
11af1cdc-2f2d-4cc9-ab31-144a23730f0d,d600c8fd-02b9-442e-94a7-8cfcfd0902e5,2.0000,8.8748,0.5000,2.0000,2.0000,0.0000,0.0385
11af1cdc-2f2d-4cc9-ab31-144a23730f0d,d43a4529-c3d6-47a7-bf16-51d83c463e35,0.0000,10.4486,1.0000,0.0000,0.0000,0.6667,0.0714
11af1cdc-2f2d-4cc9-ab31-144a23730f0d,8b912a7e-96de-4da8-a91d-f1ddafa36f9b,2.0000,10.6272,0.5000,2.0000,2.0000,0.0000,0.1923
11af1cdc-2f2d-4cc9-ab31-144a23730f0d,637d55e6-25d5-43aa-95e1-e71da53b4a65,0.0000,8.7299,1.0000,0.0000,0.0000,0.0000,0.1034
11af1cdc-2f2d-4cc9-ab31-144a23730f0d,7a051738-24d2-4d72-bbfa-9f81c092b5d4,0.0000,8.0577,1.0000,0.0000,0.0000,0.6667,0.0000
11af1cdc-2f2d-4cc9-ab31-144a23730f0d,0fcb9700-df04-4531-a3d8-d6169f91eae5,2.0000,9.1249,0.5000,2.0000,2.0000,0.0000,0.0385
11af1cdc-2f2d-4cc9-ab31-144a23730f0d,e3cd235f-f77c-4448-8fe5-62434f6ef801,2.0000,13.0966,0.5000,2.0000,2.0000,0.0000,0.1923
11af1cdc-2f2d-4cc9-ab31-144a23730f0d,d84d6202-1b0d-494e-83aa-282623351558,2.0000,11.7892,0.5000,2.0000,2.0000,0.6667,0.0769
11af1cdc-2f2d-4cc9-ab31-144a23730f0d,fb3bb871-3382-43a6-86cf-25862db66608,0.0000,9.2596,1.0000,0.0000,0.0000,0.6667,0.1034
11af1cdc-2f2d-4cc9-ab31-144a23730f0d,8b2ba48c-dea4-4586-8cdd-81d2a8b1aa73,2.0000,11.5272,0.5000,2.0000,2.0000,0.0000,0.1538
11af1cdc-2f2d-4cc9-ab31-144a23730f0d,b590db6d-3092-4a48-a3cd-8b3828f6fd97,2.0000,8.0596,0.5000,2.0000,2.0000,0.6667,0.1923
11af1cdc-2f2d-4cc9-ab31-144a23730f0d,1079305f-65fb-473e-9658-e7251b0824be,2.0000,10.2097,0.5000,2.0000,2.0000,0.6667,0.3077
11af1cdc-2f2d-4cc9-ab31-144a23730f0d,efdea335-b7fb-4a9f-b55c-05e6f649b42f,0.0000,6.7782,1.0000,0.0000,0.0000,0.0000,0.0370
11af1cdc-2f2d-4cc9-ab31-144a23730f0d,2a753e87-dc5b-4f7e-8441-59141fcc0cb2,2.0000,10.4413,0.5000,2.0000,2.0000,0.6667,0.0769
11af1cdc-2f2d-4cc9-ab31-144a23730f0d,09ce3282-4e7d-43e3-aad0-d8ba479e152e,2.0000,9.1878,0.5000,2.0000,2.0000,0.0000,0.1923
11af1cdc-2f2d-4cc9-ab31-144a23730f0d,130e102a-345e-41bc-8c2b-f9eddef31bd5,2.0000,10.3284,0.5000,2.0000,2.0000,0.0000,0.0769
11af1cdc-2f2d-4cc9-ab31-144a23730f0d,9ded00ab-0866-4032-92bf-5dc8fdc4d243,0.0000,11.3533,1.0000,0.0000,0.0000,0.6667,0.0769
11af1cdc-2f2d-4cc9-ab31-144a23730f0d,5d4d9a94-6aaa-4bbe-b639-a0eeb4e1c088,0.0000,5.7797,1.0000,0.0000,0.0000,0.6667,0.0714
11af1cdc-2f2d-4cc9-ab31-144a23730f0d,a8c5b81e-599a-4ed1-901b-356d1fc94e84,2.0000,11.7364,0.5000,2.0000,2.0000,0.0000,0.2308
11af1cdc-2f2d-4cc9-ab31-144a23730f0d,f19250f3-e0cf-4ebf-b106-1c75855eb8ed,2.0000,11.8375,0.5000,2.0000,2.0000,0.0000,0.0769
11af1cdc-2f2d-4cc9-ab31-144a23730f0d,6482a7eb-8182-43d4-8df9-1ad15f5bbf5d,0.0000,10.0327,1.0000,0.0000,0.0000,0.0000,0.0385
11af1cdc-2f2d-4cc9-ab31-144a23730f0d,5e5e895e-dd66-4fb6-a1d2-04f02c760fd8,2.0000,10.4160,0.5000,2.0000,2.0000,0.6667,0.1154
11af1cdc-2f2d-4cc9-ab31-144a23730f0d,ff1bb715-41ad-4a24-a31e-499bba5e889a,2.0000,10.2436,0.5000,2.0000,2.0000,0.0000,0.1154
11af1cdc-2f2d-4cc9-ab31-144a23730f0d,9fd672d7-152c-423e-af51-4b14f62db78f,2.0000,10.9004,0.5000,2.0000,2.0000,0.6667,0.2308
11af1cdc-2f2d-4cc9-ab31-144a23730f0d,0c07cbfe-8089-4618-8ea2-9d49c5c7676f,0.0000,8.0690,1.0000,0.0000,0.0000,0.6667,0.0385
11af1cdc-2f2d-4cc9-ab31-144a23730f0d,2db915b4-b287-4d07-8d78-0d79e2b715e6,2.0000,8.4161,0.5000,2.0000,2.0000,0.6667,0.2308
11af1cdc-2f2d-4cc9-ab31-144a23730f0d,1041fa72-e598-4a46-9d90-bbdb1a8c8cfa,2.0000,11.9755,0.5000,2.0000,2.0000,0.6667,0.3077
11af1cdc-2f2d-4cc9-ab31-144a23730f0d,e2678857-49ff-42d1-9649-47b147a8ed3e,0.0000,8.9779,1.0000,0.0000,0.0000,0.6667,0.0370
11af1cdc-2f2d-4cc9-ab31-144a23730f0d,0b2085d3-0fbc-4351-845e-5d9bccda34e5,2.0000,7.4869,0.5000,2.0000,2.0000,0.6667,0.1154
11af1cdc-2f2d-4cc9-ab31-144a23730f0d,0abcffc0-2fc7-4385-a82f-bbe80bfd51ae,2.0000,5.9413,0.5000,2.0000,2.0000,0.6667,0.1154
11af1cdc-2f2d-4cc9-ab31-144a23730f0d,d54c73cc-cc77-415e-aeff-dd22604f13cf,2.0000,7.9164,0.5000,2.0000,2.0000,0.6667,0.2308
11af1cdc-2f2d-4cc9-ab31-144a23730f0d,09bf266d-b272-4968-9251-ab34779e8344,2.0000,8.3316,0.5000,2.0000,2.0000,0.6667,0.0000
11af1cdc-2f2d-4cc9-ab31-144a23730f0d,b336cd79-f2f6-4913-b922-d1061f5fb2e1,2.0000,7.1591,0.5000,2.0000,2.0000,0.6667,0.1154
11af1cdc-2f2d-4cc9-ab31-144a23730f0d,c6e27378-0b9e-4d40-9dbf-057217176282,2.0000,5.7452,0.5000,2.0000,2.0000,0.6667,0.1154
11af1cdc-2f2d-4cc9-ab31-144a23730f0d,d9267fd4-495d-4d11-843c-cedddfeddabf,2.0000,7.3404,0.5000,2.0000,2.0000,0.0000,0.1923
11af1cdc-2f2d-4cc9-ab31-144a23730f0d,8dfa57b2-e8b0-4a9a-b5b6-86dc84f15e30,0.0000,9.4439,1.0000,0.0000,0.0000,0.6667,0.0714
11af1cdc-2f2d-4cc9-ab31-144a23730f0d,d9fa51da-ab2b-411c-a41b-ce2b5c23473b,2.0000,11.9311,0.5000,2.0000,2.0000,0.6667,0.1154
11af1cdc-2f2d-4cc9-ab31-144a23730f0d,4895c953-8e9a-4e62-b308-61d0f4106e69,2.0000,10.2744,0.5000,2.0000,2.0000,0.6667,0.1154
11af1cdc-2f2d-4cc9-ab31-144a23730f0d,c95936f5-0096-4c43-a2a2-4cc7a9b26504,0.0000,8.1946,1.0000,0.0000,0.0000,0.6667,0.0385
11af1cdc-2f2d-4cc9-ab31-144a23730f0d,535f130b-68ff-4463-83b0-d04785999fbb,2.0000,11.1203,0.5000,2.0000,2.0000,0.0000,0.2308
11af1cdc-2f2d-4cc9-ab31-144a23730f0d,5c952de4-19c5-4324-b3f4-48b0c2169833,2.0000,9.5459,0.5000,2.0000,2.0000,0.6667,0.1154
11af1cdc-2f2d-4cc9-ab31-144a23730f0d,ced92f16-312a-4b19-addf-523cfefee6c7,2.0000,12.3492,0.5000,2.0000,2.0000,0.6667,0.0000
11af1cdc-2f2d-4cc9-ab31-144a23730f0d,a11c3bca-9343-4869-8c77-38e616536f5e,2.0000,7.8753,0.5000,2.0000,2.0000,0.6667,0.2308
11af1cdc-2f2d-4cc9-ab31-144a23730f0d,110b5c81-0d3f-40bb-bc0d-cd4c327ce925,0.0000,9.1962,1.0000,0.0000,0.0000,0.0000,0.0370
11af1cdc-2f2d-4cc9-ab31-144a23730f0d,80481175-af46-455a-8bef-0c682e4c0cb6,0.0000,9.2146,1.0000,0.0000,0.0000,0.6667,0.0370
11af1cdc-2f2d-4cc9-ab31-144a23730f0d,422a1c98-ae36-47b0-8890-a8295b6cd85c,0.0000,9.3415,1.0000,0.0000,0.0000,0.0000,0.0385
11af1cdc-2f2d-4cc9-ab31-144a23730f0d,51d9466b-1ba9-4646-8257-1d21cb2ed954,0.0000,3.5234,1.0000,0.0000,0.0000,0.6667,0.0370
11af1cdc-2f2d-4cc9-ab31-144a23730f0d,03e8c72b-9c28-43b3-a50c-ba09195e3e3c,2.0000,9.5469,0.5000,2.0000,2.0000,0.0000,0.1538
11af1cdc-2f2d-4cc9-ab31-144a23730f0d,cf9b7960-9d27-4554-a98d-f1fa9bb1a5ca,0.0000,9.3713,1.0000,0.0000,0.0000,0.0000,0.1875
11af1cdc-2f2d-4cc9-ab31-144a23730f0d,bf0dfd9e-5489-4b04-ae78-ba2facc60792,2.0000,10.5528,0.5000,2.0000,2.0000,0.0000,0.1538
11af1cdc-2f2d-4cc9-ab31-144a23730f0d,4f2e86c2-4b73-47fc-bf83-31eb686d4ad0,2.0000,13.2994,0.5000,2.0000,2.0000,0.0000,0.1923
11af1cdc-2f2d-4cc9-ab31-144a23730f0d,ddd56f00-e94c-4f73-bc24-d6538d02d76f,0.0000,4.8648,1.0000,0.0000,0.0000,0.0000,0.1333
11af1cdc-2f2d-4cc9-ab31-144a23730f0d,67351bd4-8ebd-4ac5-b552-24308cef799f,0.0000,11.1136,1.0000,0.0000,0.0000,0.6667,0.0714
11af1cdc-2f2d-4cc9-ab31-144a23730f0d,7d591389-70df-411c-93e7-2948d4c04738,2.0000,9.5914,0.5000,2.0000,2.0000,0.6667,0.2308
11af1cdc-2f2d-4cc9-ab31-144a23730f0d,91fd5a9f-0848-4551-a1a2-9689a4125830,2.0000,7.9739,0.5000,2.0000,2.0000,0.6667,0.0714
11af1cdc-2f2d-4cc9-ab31-144a23730f0d,ae6b3203-494b-4066-b0ba-b923b393bced,2.0000,11.1715,0.5000,2.0000,2.0000,0.0000,0.1538
11af1cdc-2f2d-4cc9-ab31-144a23730f0d,4b0f1708-0377-46ec-b3a4-cc53fe72fcc8,2.0000,13.3313,0.5000,2.0000,2.0000,0.6667,0.1538
11af1cdc-2f2d-4cc9-ab31-144a23730f0d,17101d7a-983e-469a-82f0-3dbd27b59660,0.0000,8.0616,1.0000,0.0000,0.0000,0.6667,0.1034
11af1cdc-2f2d-4cc9-ab31-144a23730f0d,6c2f7b68-d439-46b0-b6c2-111ae90e59be,0.0000,7.4803,1.0000,0.0000,0.0000,0.0000,0.0714
11af1cdc-2f2d-4cc9-ab31-144a23730f0d,b07b0e33-0c1e-489d-8b69-aa1b4ae8d2ad,2.0000,12.5266,0.5000,2.0000,2.0000,0.6667,0.3462
11af1cdc-2f2d-4cc9-ab31-144a23730f0d,cb93662e-0aed-4f56-9500-1e7f2e128287,0.0000,6.6222,1.0000,0.0000,0.0000,0.0000,0.0370
11af1cdc-2f2d-4cc9-ab31-144a23730f0d,5c581ce7-7a4b-4fd5-86a2-16c83a3a7b68,2.0000,8.7877,0.5000,2.0000,2.0000,0.0000,0.1923
11af1cdc-2f2d-4cc9-ab31-144a23730f0d,f2deb05a-d512-48f4-b641-59e526831230,2.0000,12.6396,0.5000,2.0000,2.0000,0.0000,0.2692
11af1cdc-2f2d-4cc9-ab31-144a23730f0d,2908d1db-866e-4631-a655-8ac0a0da0e28,0.0000,8.9088,1.0000,0.0000,0.0000,0.6667,0.1333
11af1cdc-2f2d-4cc9-ab31-144a23730f0d,4481c909-2f78-4205-8334-e27d27305642,0.0000,6.5038,1.0000,0.0000,0.0000,0.6667,0.0000
11af1cdc-2f2d-4cc9-ab31-144a23730f0d,d450f16e-59ec-490a-8ce7-7968e10dd065,0.0000,8.7523,1.0000,0.0000,0.0000,0.0000,0.0714
11af1cdc-2f2d-4cc9-ab31-144a23730f0d,51625cea-8af7-4dca-9b2d-17750e3831ea,2.0000,6.1036,0.5000,2.0000,2.0000,0.6667,0.1538
11af1cdc-2f2d-4cc9-ab31-144a23730f0d,bb080865-5184-4114-942e-0a1b314c8016,2.0000,5.4572,0.5000,2.0000,2.0000,0.6667,0.1154
11af1cdc-2f2d-4cc9-ab31-144a23730f0d,8b354a1d-b301-4cd1-b271-878ba45ed85f,2.0000,5.7313,0.5000,2.0000,2.0000,0.6667,0.1923
2657869e-d306-41aa-9b22-a9395bdba806,1fd8f017-3535-49a1-8c07-2d6c4cd162ba,2.0000,5.6379,0.5000,2.0000,2.0000,0.0000,0.1481
2657869e-d306-41aa-9b22-a9395bdba806,1a6422cc-3f8c-47bb-b341-085a1a0c0216,0.0000,7.6174,1.0000,0.0000,0.0000,0.0000,0.0370
2657869e-d306-41aa-9b22-a9395bdba806,646a92fa-ec4e-4160-9c74-9e6fd4db9e55,0.0000,7.6701,1.0000,0.0000,0.0000,0.6667,0.1290
2657869e-d306-41aa-9b22-a9395bdba806,ca6baa77-10f8-432a-bafc-c850551c8f78,0.0000,6.7660,1.0000,0.0000,0.0000,0.0000,0.0690
2657869e-d306-41aa-9b22-a9395bdba806,592ee7ca-1e74-47ad-87ee-001a1ea7d7c8,2.0000,11.5807,0.5000,2.0000,2.0000,0.6667,0.2963
2657869e-d306-41aa-9b22-a9395bdba806,64fbe5ce-1bef-4931-b014-c33d9e5a2054,2.0000,6.6559,0.5000,2.0000,2.0000,0.0000,0.1852
2657869e-d306-41aa-9b22-a9395bdba806,bd16aa67-95d6-4d37-814f-48a6e42f8f31,2.0000,5.2472,0.5000,2.0000,2.0000,0.0000,0.0741
2657869e-d306-41aa-9b22-a9395bdba806,5ea95498-2879-4306-a2bc-f1d88d018de4,2.0000,9.8981,0.5000,2.0000,2.0000,0.6667,0.2593
2657869e-d306-41aa-9b22-a9395bdba806,c8084389-f635-4f4c-adf4-b23f38248ee9,0.0000,7.9714,1.0000,0.0000,0.0000,0.6667,0.1000
2657869e-d306-41aa-9b22-a9395bdba806,11b4879c-a825-4a4b-902b-f821672b9927,0.0000,11.5788,1.0000,0.0000,0.0000,0.6667,0.0000
2657869e-d306-41aa-9b22-a9395bdba806,e19561ae-403a-4d73-bdb8-ca197e40b836,2.0000,9.6507,0.5000,2.0000,2.0000,0.6667,0.2222
2657869e-d306-41aa-9b22-a9395bdba806,8b65a0a2-23de-40ad-97ec-d7a7117c8020,2.0000,10.3033,0.5000,2.0000,2.0000,0.0000,0.1481
2657869e-d306-41aa-9b22-a9395bdba806,fb457f02-79d9-4cd8-80c1-1a4cd76d2d60,2.0000,8.6120,0.5000,2.0000,2.0000,0.0000,0.1111
2657869e-d306-41aa-9b22-a9395bdba806,d92b4620-3913-44fe-852a-67ddc3c13b36,0.0000,5.4564,1.0000,0.0000,0.0000,0.6667,0.0000
2657869e-d306-41aa-9b22-a9395bdba806,76dd5051-efcd-4750-8788-d0043750910f,0.0000,8.9604,1.0000,0.0000,0.0000,0.6667,0.0370
2657869e-d306-41aa-9b22-a9395bdba806,ea1f80f0-62f3-4852-85b2-4f9c324b26a2,0.0000,7.7361,1.0000,0.0000,0.0000,0.6667,0.0000
2657869e-d306-41aa-9b22-a9395bdba806,5b372c89-6d70-4276-a9fe-d4a9ffe9e0af,2.0000,5.5823,0.5000,2.0000,2.0000,0.0000,0.2593
2657869e-d306-41aa-9b22-a9395bdba806,eb0958ef-c187-4392-95d9-d703217e20f2,2.0000,5.6488,0.5000,2.0000,2.0000,0.0000,0.1481
2657869e-d306-41aa-9b22-a9395bdba806,d600c8fd-02b9-442e-94a7-8cfcfd0902e5,2.0000,10.1223,0.5000,2.0000,2.0000,0.6667,0.0741
2657869e-d306-41aa-9b22-a9395bdba806,d43a4529-c3d6-47a7-bf16-51d83c463e35,0.0000,11.1371,1.0000,0.0000,0.0000,0.0000,0.0357
2657869e-d306-41aa-9b22-a9395bdba806,8b912a7e-96de-4da8-a91d-f1ddafa36f9b,2.0000,12.1103,0.5000,2.0000,2.0000,0.6667,0.2222
2657869e-d306-41aa-9b22-a9395bdba806,637d55e6-25d5-43aa-95e1-e71da53b4a65,0.0000,5.1592,1.0000,0.0000,0.0000,0.6667,0.0690
2657869e-d306-41aa-9b22-a9395bdba806,7a051738-24d2-4d72-bbfa-9f81c092b5d4,0.0000,10.7281,1.0000,0.0000,0.0000,0.6667,0.0370
2657869e-d306-41aa-9b22-a9395bdba806,0fcb9700-df04-4531-a3d8-d6169f91eae5,2.0000,10.3649,0.5000,2.0000,2.0000,0.6667,0.0741
2657869e-d306-41aa-9b22-a9395bdba806,e3cd235f-f77c-4448-8fe5-62434f6ef801,2.0000,13.7128,0.5000,2.0000,2.0000,0.6667,0.2222
2657869e-d306-41aa-9b22-a9395bdba806,d84d6202-1b0d-494e-83aa-282623351558,2.0000,15.4863,0.5000,2.0000,2.0000,0.0000,0.1111
2657869e-d306-41aa-9b22-a9395bdba806,fb3bb871-3382-43a6-86cf-25862db66608,0.0000,3.5768,1.0000,0.0000,0.0000,0.6667,0.0690
2657869e-d306-41aa-9b22-a9395bdba806,8b2ba48c-dea4-4586-8cdd-81d2a8b1aa73,2.0000,9.8220,0.5000,2.0000,2.0000,0.6667,0.1852
2657869e-d306-41aa-9b22-a9395bdba806,b590db6d-3092-4a48-a3cd-8b3828f6fd97,2.0000,10.6811,0.5000,2.0000,2.0000,0.0000,0.2222
2657869e-d306-41aa-9b22-a9395bdba806,1079305f-65fb-473e-9658-e7251b0824be,2.0000,5.1651,0.5000,2.0000,2.0000,0.6667,0.3333
2657869e-d306-41aa-9b22-a9395bdba806,efdea335-b7fb-4a9f-b55c-05e6f649b42f,0.0000,9.5796,1.0000,0.0000,0.0000,0.6667,0.0000
2657869e-d306-41aa-9b22-a9395bdba806,2a753e87-dc5b-4f7e-8441-59141fcc0cb2,2.0000,6.1262,0.5000,2.0000,2.0000,0.0000,0.1111
2657869e-d306-41aa-9b22-a9395bdba806,09ce3282-4e7d-43e3-aad0-d8ba479e152e,2.0000,7.2481,0.5000,2.0000,2.0000,0.6667,0.2222
2657869e-d306-41aa-9b22-a9395bdba806,130e102a-345e-41bc-8c2b-f9eddef31bd5,2.0000,5.1812,0.5000,2.0000,2.0000,0.6667,0.1111
2657869e-d306-41aa-9b22-a9395bdba806,9ded00ab-0866-4032-92bf-5dc8fdc4d243,0.0000,10.3331,1.0000,0.0000,0.0000,0.6667,0.1111
2657869e-d306-41aa-9b22-a9395bdba806,5d4d9a94-6aaa-4bbe-b639-a0eeb4e1c088,0.0000,6.3858,1.0000,0.0000,0.0000,0.6667,0.0357
2657869e-d306-41aa-9b22-a9395bdba806,a8c5b81e-599a-4ed1-901b-356d1fc94e84,2.0000,14.8175,0.5000,2.0000,2.0000,0.6667,0.2593
2657869e-d306-41aa-9b22-a9395bdba806,f19250f3-e0cf-4ebf-b106-1c75855eb8ed,2.0000,15.0286,0.5000,2.0000,2.0000,0.6667,0.1111
2657869e-d306-41aa-9b22-a9395bdba806,6482a7eb-8182-43d4-8df9-1ad15f5bbf5d,0.0000,8.8838,1.0000,0.0000,0.0000,0.6667,0.0741
2657869e-d306-41aa-9b22-a9395bdba806,5e5e895e-dd66-4fb6-a1d2-04f02c760fd8,2.0000,13.7482,0.5000,2.0000,2.0000,0.6667,0.1481
2657869e-d306-41aa-9b22-a9395bdba806,ff1bb715-41ad-4a24-a31e-499bba5e889a,2.0000,5.3934,0.5000,2.0000,2.0000,0.6667,0.1481
2657869e-d306-41aa-9b22-a9395bdba806,9fd672d7-152c-423e-af51-4b14f62db78f,2.0000,10.4995,0.5000,2.0000,2.0000,0.0000,0.2593
2657869e-d306-41aa-9b22-a9395bdba806,0c07cbfe-8089-4618-8ea2-9d49c5c7676f,0.0000,3.2492,1.0000,0.0000,0.0000,0.6667,0.0741
2657869e-d306-41aa-9b22-a9395bdba806,2db915b4-b287-4d07-8d78-0d79e2b715e6,2.0000,10.4450,0.5000,2.0000,2.0000,0.0000,0.2593
2657869e-d306-41aa-9b22-a9395bdba806,1041fa72-e598-4a46-9d90-bbdb1a8c8cfa,2.0000,9.7578,0.5000,2.0000,2.0000,0.0000,0.3333
2657869e-d306-41aa-9b22-a9395bdba806,e2678857-49ff-42d1-9649-47b147a8ed3e,0.0000,10.1442,1.0000,0.0000,0.0000,0.0000,0.0000
2657869e-d306-41aa-9b22-a9395bdba806,0b2085d3-0fbc-4351-845e-5d9bccda34e5,2.0000,10.0650,0.5000,2.0000,2.0000,0.0000,0.1481
2657869e-d306-41aa-9b22-a9395bdba806,0abcffc0-2fc7-4385-a82f-bbe80bfd51ae,2.0000,6.6626,0.5000,2.0000,2.0000,0.0000,0.1481
2657869e-d306-41aa-9b22-a9395bdba806,d54c73cc-cc77-415e-aeff-dd22604f13cf,2.0000,8.9730,0.5000,2.0000,2.0000,0.0000,0.2593
2657869e-d306-41aa-9b22-a9395bdba806,09bf266d-b272-4968-9251-ab34779e8344,2.0000,7.5104,0.5000,2.0000,2.0000,0.6667,0.0370
2657869e-d306-41aa-9b22-a9395bdba806,b336cd79-f2f6-4913-b922-d1061f5fb2e1,2.0000,5.4495,0.5000,2.0000,2.0000,0.0000,0.1481
2657869e-d306-41aa-9b22-a9395bdba806,c6e27378-0b9e-4d40-9dbf-057217176282,2.0000,7.8552,0.5000,2.0000,2.0000,0.0000,0.1481
2657869e-d306-41aa-9b22-a9395bdba806,d9267fd4-495d-4d11-843c-cedddfeddabf,2.0000,9.2343,0.5000,2.0000,2.0000,0.6667,0.2222
2657869e-d306-41aa-9b22-a9395bdba806,8dfa57b2-e8b0-4a9a-b5b6-86dc84f15e30,0.0000,8.6980,1.0000,0.0000,0.0000,0.6667,0.0357
2657869e-d306-41aa-9b22-a9395bdba806,d9fa51da-ab2b-411c-a41b-ce2b5c23473b,2.0000,8.2068,0.5000,2.0000,2.0000,0.0000,0.1481
2657869e-d306-41aa-9b22-a9395bdba806,4895c953-8e9a-4e62-b308-61d0f4106e69,2.0000,8.1310,0.5000,2.0000,2.0000,0.0000,0.1481
2657869e-d306-41aa-9b22-a9395bdba806,c95936f5-0096-4c43-a2a2-4cc7a9b26504,0.0000,6.3133,1.0000,0.0000,0.0000,0.0000,0.0741
2657869e-d306-41aa-9b22-a9395bdba806,535f130b-68ff-4463-83b0-d04785999fbb,2.0000,14.4434,0.5000,2.0000,2.0000,0.6667,0.2593
2657869e-d306-41aa-9b22-a9395bdba806,5c952de4-19c5-4324-b3f4-48b0c2169833,2.0000,3.2650,0.5000,2.0000,2.0000,0.0000,0.1481
2657869e-d306-41aa-9b22-a9395bdba806,ced92f16-312a-4b19-addf-523cfefee6c7,2.0000,8.4990,0.5000,2.0000,2.0000,0.0000,0.0370
2657869e-d306-41aa-9b22-a9395bdba806,a11c3bca-9343-4869-8c77-38e616536f5e,2.0000,8.0775,0.5000,2.0000,2.0000,0.0000,0.2593
2657869e-d306-41aa-9b22-a9395bdba806,110b5c81-0d3f-40bb-bc0d-cd4c327ce925,0.0000,11.7673,1.0000,0.0000,0.0000,0.6667,0.0000
2657869e-d306-41aa-9b22-a9395bdba806,80481175-af46-455a-8bef-0c682e4c0cb6,0.0000,7.5844,1.0000,0.0000,0.0000,0.0000,0.0000
2657869e-d306-41aa-9b22-a9395bdba806,422a1c98-ae36-47b0-8890-a8295b6cd85c,0.0000,5.3084,1.0000,0.0000,0.0000,0.6667,0.0741
2657869e-d306-41aa-9b22-a9395bdba806,51d9466b-1ba9-4646-8257-1d21cb2ed954,0.0000,8.0915,1.0000,0.0000,0.0000,0.0000,0.0000
2657869e-d306-41aa-9b22-a9395bdba806,03e8c72b-9c28-43b3-a50c-ba09195e3e3c,2.0000,10.9610,0.5000,2.0000,2.0000,0.6667,0.1852
2657869e-d306-41aa-9b22-a9395bdba806,cf9b7960-9d27-4554-a98d-f1fa9bb1a5ca,0.0000,7.1991,1.0000,0.0000,0.0000,0.6667,0.1563
2657869e-d306-41aa-9b22-a9395bdba806,bf0dfd9e-5489-4b04-ae78-ba2facc60792,2.0000,14.3698,0.5000,2.0000,2.0000,0.6667,0.1852
2657869e-d306-41aa-9b22-a9395bdba806,4f2e86c2-4b73-47fc-bf83-31eb686d4ad0,2.0000,8.8065,0.5000,2.0000,2.0000,0.6667,0.2222
2657869e-d306-41aa-9b22-a9395bdba806,ddd56f00-e94c-4f73-bc24-d6538d02d76f,0.0000,7.1380,1.0000,0.0000,0.0000,0.6667,0.1000
2657869e-d306-41aa-9b22-a9395bdba806,67351bd4-8ebd-4ac5-b552-24308cef799f,0.0000,9.4301,1.0000,0.0000,0.0000,0.0000,0.0357
2657869e-d306-41aa-9b22-a9395bdba806,7d591389-70df-411c-93e7-2948d4c04738,2.0000,8.0005,0.5000,2.0000,2.0000,0.0000,0.2593
2657869e-d306-41aa-9b22-a9395bdba806,91fd5a9f-0848-4551-a1a2-9689a4125830,2.0000,5.5750,0.5000,2.0000,2.0000,0.0000,0.0357
2657869e-d306-41aa-9b22-a9395bdba806,ae6b3203-494b-4066-b0ba-b923b393bced,2.0000,12.5066,0.5000,2.0000,2.0000,0.6667,0.1852
2657869e-d306-41aa-9b22-a9395bdba806,4b0f1708-0377-46ec-b3a4-cc53fe72fcc8,2.0000,12.0803,0.5000,2.0000,2.0000,0.6667,0.1852
2657869e-d306-41aa-9b22-a9395bdba806,17101d7a-983e-469a-82f0-3dbd27b59660,0.0000,5.5965,1.0000,0.0000,0.0000,0.0000,0.0690
2657869e-d306-41aa-9b22-a9395bdba806,6c2f7b68-d439-46b0-b6c2-111ae90e59be,0.0000,10.1698,1.0000,0.0000,0.0000,0.6667,0.0357
2657869e-d306-41aa-9b22-a9395bdba806,b07b0e33-0c1e-489d-8b69-aa1b4ae8d2ad,2.0000,14.3247,0.5000,2.0000,2.0000,0.6667,0.3704
2657869e-d306-41aa-9b22-a9395bdba806,cb93662e-0aed-4f56-9500-1e7f2e128287,0.0000,11.1581,1.0000,0.0000,0.0000,0.6667,0.0000
2657869e-d306-41aa-9b22-a9395bdba806,5c581ce7-7a4b-4fd5-86a2-16c83a3a7b68,2.0000,11.4643,0.5000,2.0000,2.0000,0.6667,0.2222
2657869e-d306-41aa-9b22-a9395bdba806,f2deb05a-d512-48f4-b641-59e526831230,2.0000,9.2414,0.5000,2.0000,2.0000,0.6667,0.2963
2657869e-d306-41aa-9b22-a9395bdba806,2908d1db-866e-4631-a655-8ac0a0da0e28,0.0000,12.1315,1.0000,0.0000,0.0000,0.6667,0.1000
2657869e-d306-41aa-9b22-a9395bdba806,4481c909-2f78-4205-8334-e27d27305642,0.0000,8.3430,1.0000,0.0000,0.0000,0.6667,0.0370
2657869e-d306-41aa-9b22-a9395bdba806,d450f16e-59ec-490a-8ce7-7968e10dd065,0.0000,4.7039,1.0000,0.0000,0.0000,0.6667,0.0357
2657869e-d306-41aa-9b22-a9395bdba806,51625cea-8af7-4dca-9b2d-17750e3831ea,2.0000,7.6574,0.5000,2.0000,2.0000,0.0000,0.1852
2657869e-d306-41aa-9b22-a9395bdba806,bb080865-5184-4114-942e-0a1b314c8016,2.0000,10.4350,0.5000,2.0000,2.0000,0.0000,0.1481
2657869e-d306-41aa-9b22-a9395bdba806,8b354a1d-b301-4cd1-b271-878ba45ed85f,2.0000,7.9011,0.5000,2.0000,2.0000,0.0000,0.2222
1fd8f017-3535-49a1-8c07-2d6c4cd162ba,1a6422cc-3f8c-47bb-b341-085a1a0c0216,2.0000,6.7733,0.5000,2.0000,2.0000,0.0000,0.1154
1fd8f017-3535-49a1-8c07-2d6c4cd162ba,646a92fa-ec4e-4160-9c74-9e6fd4db9e55,2.0000,8.5833,0.5000,2.0000,2.0000,0.6667,0.2581
1fd8f017-3535-49a1-8c07-2d6c4cd162ba,ca6baa77-10f8-432a-bafc-c850551c8f78,2.0000,7.6787,0.5000,2.0000,2.0000,0.0000,0.2069
1fd8f017-3535-49a1-8c07-2d6c4cd162ba,592ee7ca-1e74-47ad-87ee-001a1ea7d7c8,0.0000,11.3704,1.0000,0.0000,0.0000,0.6667,0.1739
1fd8f017-3535-49a1-8c07-2d6c4cd162ba,64fbe5ce-1bef-4931-b014-c33d9e5a2054,0.0000,7.9601,1.0000,0.0000,0.0000,0.0000,0.0435
1fd8f017-3535-49a1-8c07-2d6c4cd162ba,bd16aa67-95d6-4d37-814f-48a6e42f8f31,0.0000,4.9319,1.0000,0.0000,0.0000,0.0000,0.0800
1fd8f017-3535-49a1-8c07-2d6c4cd162ba,5ea95498-2879-4306-a2bc-f1d88d018de4,0.0000,11.4407,1.0000,0.0000,0.0000,0.6667,0.1304
1fd8f017-3535-49a1-8c07-2d6c4cd162ba,c8084389-f635-4f4c-adf4-b23f38248ee9,2.0000,6.8895,0.5000,2.0000,2.0000,0.6667,0.2333
1fd8f017-3535-49a1-8c07-2d6c4cd162ba,11b4879c-a825-4a4b-902b-f821672b9927,2.0000,9.8349,0.5000,2.0000,2.0000,0.6667,0.1481
1fd8f017-3535-49a1-8c07-2d6c4cd162ba,e19561ae-403a-4d73-bdb8-ca197e40b836,0.0000,11.4582,1.0000,0.0000,0.0000,0.6667,0.0870
1fd8f017-3535-49a1-8c07-2d6c4cd162ba,8b65a0a2-23de-40ad-97ec-d7a7117c8020,0.0000,8.5105,1.0000,0.0000,0.0000,0.0000,0.0000
1fd8f017-3535-49a1-8c07-2d6c4cd162ba,fb457f02-79d9-4cd8-80c1-1a4cd76d2d60,0.0000,7.0888,1.0000,0.0000,0.0000,0.0000,0.0417
1fd8f017-3535-49a1-8c07-2d6c4cd162ba,d92b4620-3913-44fe-852a-67ddc3c13b36,2.0000,8.7315,0.5000,2.0000,2.0000,0.6667,0.1481
1fd8f017-3535-49a1-8c07-2d6c4cd162ba,76dd5051-efcd-4750-8788-d0043750910f,2.0000,12.6386,0.5000,2.0000,2.0000,0.6667,0.1154
1fd8f017-3535-49a1-8c07-2d6c4cd162ba,ea1f80f0-62f3-4852-85b2-4f9c324b26a2,2.0000,6.5674,0.5000,2.0000,2.0000,0.6667,0.1481
1fd8f017-3535-49a1-8c07-2d6c4cd162ba,5b372c89-6d70-4276-a9fe-d4a9ffe9e0af,0.0000,7.2892,1.0000,0.0000,0.0000,0.0000,0.1304
1fd8f017-3535-49a1-8c07-2d6c4cd162ba,eb0958ef-c187-4392-95d9-d703217e20f2,0.0000,7.1989,1.0000,0.0000,0.0000,0.0000,0.0000
1fd8f017-3535-49a1-8c07-2d6c4cd162ba,d600c8fd-02b9-442e-94a7-8cfcfd0902e5,0.0000,8.8434,1.0000,0.0000,0.0000,0.6667,0.0800
1fd8f017-3535-49a1-8c07-2d6c4cd162ba,d43a4529-c3d6-47a7-bf16-51d83c463e35,2.0000,10.7439,0.5000,2.0000,2.0000,0.0000,0.1786
1fd8f017-3535-49a1-8c07-2d6c4cd162ba,8b912a7e-96de-4da8-a91d-f1ddafa36f9b,0.0000,11.1365,1.0000,0.0000,0.0000,0.6667,0.0870
1fd8f017-3535-49a1-8c07-2d6c4cd162ba,637d55e6-25d5-43aa-95e1-e71da53b4a65,2.0000,7.9417,0.5000,2.0000,2.0000,0.6667,0.2069
1fd8f017-3535-49a1-8c07-2d6c4cd162ba,7a051738-24d2-4d72-bbfa-9f81c092b5d4,2.0000,10.5214,0.5000,2.0000,2.0000,0.6667,0.1154
1fd8f017-3535-49a1-8c07-2d6c4cd162ba,0fcb9700-df04-4531-a3d8-d6169f91eae5,0.0000,13.6128,1.0000,0.0000,0.0000,0.6667,0.0800
1fd8f017-3535-49a1-8c07-2d6c4cd162ba,e3cd235f-f77c-4448-8fe5-62434f6ef801,0.0000,13.9573,1.0000,0.0000,0.0000,0.6667,0.0870
1fd8f017-3535-49a1-8c07-2d6c4cd162ba,d84d6202-1b0d-494e-83aa-282623351558,0.0000,15.6318,1.0000,0.0000,0.0000,0.0000,0.0417
1fd8f017-3535-49a1-8c07-2d6c4cd162ba,fb3bb871-3382-43a6-86cf-25862db66608,2.0000,7.5644,0.5000,2.0000,2.0000,0.6667,0.2069
1fd8f017-3535-49a1-8c07-2d6c4cd162ba,8b2ba48c-dea4-4586-8cdd-81d2a8b1aa73,0.0000,12.7619,1.0000,0.0000,0.0000,0.6667,0.0435
1fd8f017-3535-49a1-8c07-2d6c4cd162ba,b590db6d-3092-4a48-a3cd-8b3828f6fd97,0.0000,9.2642,1.0000,0.0000,0.0000,0.0000,0.0870
1fd8f017-3535-49a1-8c07-2d6c4cd162ba,1079305f-65fb-473e-9658-e7251b0824be,0.0000,6.7461,1.0000,0.0000,0.0000,0.6667,0.2174
1fd8f017-3535-49a1-8c07-2d6c4cd162ba,efdea335-b7fb-4a9f-b55c-05e6f649b42f,2.0000,9.9894,0.5000,2.0000,2.0000,0.6667,0.1481
1fd8f017-3535-49a1-8c07-2d6c4cd162ba,2a753e87-dc5b-4f7e-8441-59141fcc0cb2,0.0000,8.8911,1.0000,0.0000,0.0000,0.0000,0.0417
1fd8f017-3535-49a1-8c07-2d6c4cd162ba,09ce3282-4e7d-43e3-aad0-d8ba479e152e,0.0000,10.0742,1.0000,0.0000,0.0000,0.6667,0.0870
1fd8f017-3535-49a1-8c07-2d6c4cd162ba,130e102a-345e-41bc-8c2b-f9eddef31bd5,0.0000,6.7785,1.0000,0.0000,0.0000,0.6667,0.0417
1fd8f017-3535-49a1-8c07-2d6c4cd162ba,9ded00ab-0866-4032-92bf-5dc8fdc4d243,2.0000,12.6365,0.5000,2.0000,2.0000,0.6667,0.0417
1fd8f017-3535-49a1-8c07-2d6c4cd162ba,5d4d9a94-6aaa-4bbe-b639-a0eeb4e1c088,2.0000,7.9232,0.5000,2.0000,2.0000,0.6667,0.1786
1fd8f017-3535-49a1-8c07-2d6c4cd162ba,a8c5b81e-599a-4ed1-901b-356d1fc94e84,0.0000,14.8035,1.0000,0.0000,0.0000,0.6667,0.1304
1fd8f017-3535-49a1-8c07-2d6c4cd162ba,f19250f3-e0cf-4ebf-b106-1c75855eb8ed,0.0000,15.0621,1.0000,0.0000,0.0000,0.6667,0.0417
1fd8f017-3535-49a1-8c07-2d6c4cd162ba,6482a7eb-8182-43d4-8df9-1ad15f5bbf5d,2.0000,10.2996,0.5000,2.0000,2.0000,0.6667,0.0800
1fd8f017-3535-49a1-8c07-2d6c4cd162ba,5e5e895e-dd66-4fb6-a1d2-04f02c760fd8,0.0000,13.8504,1.0000,0.0000,0.0000,0.6667,0.0000
1fd8f017-3535-49a1-8c07-2d6c4cd162ba,ff1bb715-41ad-4a24-a31e-499bba5e889a,0.0000,8.0397,1.0000,0.0000,0.0000,0.6667,0.0000
1fd8f017-3535-49a1-8c07-2d6c4cd162ba,9fd672d7-152c-423e-af51-4b14f62db78f,0.0000,11.8863,1.0000,0.0000,0.0000,0.0000,0.1304
1fd8f017-3535-49a1-8c07-2d6c4cd162ba,0c07cbfe-8089-4618-8ea2-9d49c5c7676f,2.0000,5.8793,0.5000,2.0000,2.0000,0.6667,0.0800
1fd8f017-3535-49a1-8c07-2d6c4cd162ba,2db915b4-b287-4d07-8d78-0d79e2b715e6,0.0000,8.8538,1.0000,0.0000,0.0000,0.0000,0.1304
1fd8f017-3535-49a1-8c07-2d6c4cd162ba,1041fa72-e598-4a46-9d90-bbdb1a8c8cfa,0.0000,7.8645,1.0000,0.0000,0.0000,0.0000,0.2174
1fd8f017-3535-49a1-8c07-2d6c4cd162ba,e2678857-49ff-42d1-9649-47b147a8ed3e,2.0000,10.8960,0.5000,2.0000,2.0000,0.0000,0.1481
1fd8f017-3535-49a1-8c07-2d6c4cd162ba,0b2085d3-0fbc-4351-845e-5d9bccda34e5,0.0000,6.8670,1.0000,0.0000,0.0000,0.0000,0.0000
1fd8f017-3535-49a1-8c07-2d6c4cd162ba,0abcffc0-2fc7-4385-a82f-bbe80bfd51ae,0.0000,5.9490,1.0000,0.0000,0.0000,0.0000,0.0000
1fd8f017-3535-49a1-8c07-2d6c4cd162ba,d54c73cc-cc77-415e-aeff-dd22604f13cf,0.0000,6.0981,1.0000,0.0000,0.0000,0.0000,0.1304
1fd8f017-3535-49a1-8c07-2d6c4cd162ba,09bf266d-b272-4968-9251-ab34779e8344,0.0000,4.1392,1.0000,0.0000,0.0000,0.6667,0.1154
1fd8f017-3535-49a1-8c07-2d6c4cd162ba,b336cd79-f2f6-4913-b922-d1061f5fb2e1,0.0000,0.4372,1.0000,0.0000,0.0000,0.0000,0.0000
1fd8f017-3535-49a1-8c07-2d6c4cd162ba,c6e27378-0b9e-4d40-9dbf-057217176282,0.0000,3.5987,1.0000,0.0000,0.0000,0.0000,0.0000
1fd8f017-3535-49a1-8c07-2d6c4cd162ba,d9267fd4-495d-4d11-843c-cedddfeddabf,0.0000,7.7476,1.0000,0.0000,0.0000,0.6667,0.0870
1fd8f017-3535-49a1-8c07-2d6c4cd162ba,8dfa57b2-e8b0-4a9a-b5b6-86dc84f15e30,2.0000,10.7278,0.5000,2.0000,2.0000,0.6667,0.1786
1fd8f017-3535-49a1-8c07-2d6c4cd162ba,d9fa51da-ab2b-411c-a41b-ce2b5c23473b,0.0000,9.4175,1.0000,0.0000,0.0000,0.0000,0.0000
1fd8f017-3535-49a1-8c07-2d6c4cd162ba,4895c953-8e9a-4e62-b308-61d0f4106e69,0.0000,9.3739,1.0000,0.0000,0.0000,0.0000,0.0000
1fd8f017-3535-49a1-8c07-2d6c4cd162ba,c95936f5-0096-4c43-a2a2-4cc7a9b26504,2.0000,7.3071,0.5000,2.0000,2.0000,0.0000,0.0800
1fd8f017-3535-49a1-8c07-2d6c4cd162ba,535f130b-68ff-4463-83b0-d04785999fbb,0.0000,14.2830,1.0000,0.0000,0.0000,0.6667,0.1304
1fd8f017-3535-49a1-8c07-2d6c4cd162ba,5c952de4-19c5-4324-b3f4-48b0c2169833,0.0000,3.4624,1.0000,0.0000,0.0000,0.0000,0.0000
1fd8f017-3535-49a1-8c07-2d6c4cd162ba,ced92f16-312a-4b19-addf-523cfefee6c7,0.0000,9.7919,1.0000,0.0000,0.0000,0.0000,0.1154
1fd8f017-3535-49a1-8c07-2d6c4cd162ba,a11c3bca-9343-4869-8c77-38e616536f5e,0.0000,5.0160,1.0000,0.0000,0.0000,0.0000,0.1304
1fd8f017-3535-49a1-8c07-2d6c4cd162ba,110b5c81-0d3f-40bb-bc0d-cd4c327ce925,2.0000,9.5078,0.5000,2.0000,2.0000,0.6667,0.1481
1fd8f017-3535-49a1-8c07-2d6c4cd162ba,80481175-af46-455a-8bef-0c682e4c0cb6,2.0000,8.6140,0.5000,2.0000,2.0000,0.0000,0.1481
1fd8f017-3535-49a1-8c07-2d6c4cd162ba,422a1c98-ae36-47b0-8890-a8295b6cd85c,2.0000,8.7893,0.5000,2.0000,2.0000,0.6667,0.0800
1fd8f017-3535-49a1-8c07-2d6c4cd162ba,51d9466b-1ba9-4646-8257-1d21cb2ed954,2.0000,6.9988,0.5000,2.0000,2.0000,0.0000,0.1481
1fd8f017-3535-49a1-8c07-2d6c4cd162ba,03e8c72b-9c28-43b3-a50c-ba09195e3e3c,0.0000,13.6983,1.0000,0.0000,0.0000,0.6667,0.0435
1fd8f017-3535-49a1-8c07-2d6c4cd162ba,cf9b7960-9d27-4554-a98d-f1fa9bb1a5ca,2.0000,9.7029,0.5000,2.0000,2.0000,0.6667,0.2813
1fd8f017-3535-49a1-8c07-2d6c4cd162ba,bf0dfd9e-5489-4b04-ae78-ba2facc60792,0.0000,14.5852,1.0000,0.0000,0.0000,0.6667,0.0435
1fd8f017-3535-49a1-8c07-2d6c4cd162ba,4f2e86c2-4b73-47fc-bf83-31eb686d4ad0,0.0000,11.4277,1.0000,0.0000,0.0000,0.6667,0.0870
1fd8f017-3535-49a1-8c07-2d6c4cd162ba,ddd56f00-e94c-4f73-bc24-d6538d02d76f,2.0000,7.8480,0.5000,2.0000,2.0000,0.6667,0.2333
1fd8f017-3535-49a1-8c07-2d6c4cd162ba,67351bd4-8ebd-4ac5-b552-24308cef799f,2.0000,11.3619,0.5000,2.0000,2.0000,0.0000,0.1786
1fd8f017-3535-49a1-8c07-2d6c4cd162ba,7d591389-70df-411c-93e7-2948d4c04738,0.0000,10.3210,1.0000,0.0000,0.0000,0.0000,0.1304
1fd8f017-3535-49a1-8c07-2d6c4cd162ba,91fd5a9f-0848-4551-a1a2-9689a4125830,0.0000,4.9533,1.0000,0.0000,0.0000,0.0000,0.1786
1fd8f017-3535-49a1-8c07-2d6c4cd162ba,ae6b3203-494b-4066-b0ba-b923b393bced,0.0000,11.4033,1.0000,0.0000,0.0000,0.6667,0.0435
1fd8f017-3535-49a1-8c07-2d6c4cd162ba,4b0f1708-0377-46ec-b3a4-cc53fe72fcc8,0.0000,14.2996,1.0000,0.0000,0.0000,0.6667,0.0435
1fd8f017-3535-49a1-8c07-2d6c4cd162ba,17101d7a-983e-469a-82f0-3dbd27b59660,2.0000,7.7041,0.5000,2.0000,2.0000,0.0000,0.2069
1fd8f017-3535-49a1-8c07-2d6c4cd162ba,6c2f7b68-d439-46b0-b6c2-111ae90e59be,2.0000,8.8937,0.5000,2.0000,2.0000,0.6667,0.1786
1fd8f017-3535-49a1-8c07-2d6c4cd162ba,b07b0e33-0c1e-489d-8b69-aa1b4ae8d2ad,0.0000,13.3503,1.0000,0.0000,0.0000,0.6667,0.2609
1fd8f017-3535-49a1-8c07-2d6c4cd162ba,cb93662e-0aed-4f56-9500-1e7f2e128287,2.0000,7.9455,0.5000,2.0000,2.0000,0.6667,0.1481
1fd8f017-3535-49a1-8c07-2d6c4cd162ba,5c581ce7-7a4b-4fd5-86a2-16c83a3a7b68,0.0000,11.0533,1.0000,0.0000,0.0000,0.6667,0.0870
1fd8f017-3535-49a1-8c07-2d6c4cd162ba,f2deb05a-d512-48f4-b641-59e526831230,0.0000,11.1069,1.0000,0.0000,0.0000,0.6667,0.1739
1fd8f017-3535-49a1-8c07-2d6c4cd162ba,2908d1db-866e-4631-a655-8ac0a0da0e28,2.0000,11.9283,0.5000,2.0000,2.0000,0.6667,0.2333
1fd8f017-3535-49a1-8c07-2d6c4cd162ba,4481c909-2f78-4205-8334-e27d27305642,2.0000,9.5697,0.5000,2.0000,2.0000,0.6667,0.1154
1fd8f017-3535-49a1-8c07-2d6c4cd162ba,d450f16e-59ec-490a-8ce7-7968e10dd065,2.0000,7.8632,0.5000,2.0000,2.0000,0.6667,0.1786
1fd8f017-3535-49a1-8c07-2d6c4cd162ba,51625cea-8af7-4dca-9b2d-17750e3831ea,0.0000,3.4129,1.0000,0.0000,0.0000,0.0000,0.0435
1fd8f017-3535-49a1-8c07-2d6c4cd162ba,bb080865-5184-4114-942e-0a1b314c8016,0.0000,7.0941,1.0000,0.0000,0.0000,0.0000,0.0000
1fd8f017-3535-49a1-8c07-2d6c4cd162ba,8b354a1d-b301-4cd1-b271-878ba45ed85f,0.0000,3.5276,1.0000,0.0000,0.0000,0.0000,0.0870
1a6422cc-3f8c-47bb-b341-085a1a0c0216,646a92fa-ec4e-4160-9c74-9e6fd4db9e55,0.0000,10.0144,1.0000,0.0000,0.0000,0.6667,0.1613
1a6422cc-3f8c-47bb-b341-085a1a0c0216,ca6baa77-10f8-432a-bafc-c850551c8f78,0.0000,6.3736,1.0000,0.0000,0.0000,0.0000,0.1034
1a6422cc-3f8c-47bb-b341-085a1a0c0216,592ee7ca-1e74-47ad-87ee-001a1ea7d7c8,2.0000,6.3828,0.5000,2.0000,2.0000,0.6667,0.2692
1a6422cc-3f8c-47bb-b341-085a1a0c0216,64fbe5ce-1bef-4931-b014-c33d9e5a2054,2.0000,12.1851,0.5000,2.0000,2.0000,0.0000,0.1538
1a6422cc-3f8c-47bb-b341-085a1a0c0216,bd16aa67-95d6-4d37-814f-48a6e42f8f31,2.0000,8.7931,0.5000,2.0000,2.0000,0.0000,0.0385
1a6422cc-3f8c-47bb-b341-085a1a0c0216,5ea95498-2879-4306-a2bc-f1d88d018de4,2.0000,9.2155,0.5000,2.0000,2.0000,0.6667,0.2308
1a6422cc-3f8c-47bb-b341-085a1a0c0216,c8084389-f635-4f4c-adf4-b23f38248ee9,0.0000,10.0463,1.0000,0.0000,0.0000,0.6667,0.1333
1a6422cc-3f8c-47bb-b341-085a1a0c0216,11b4879c-a825-4a4b-902b-f821672b9927,0.0000,10.3446,1.0000,0.0000,0.0000,0.6667,0.0370
1a6422cc-3f8c-47bb-b341-085a1a0c0216,e19561ae-403a-4d73-bdb8-ca197e40b836,2.0000,9.2130,0.5000,2.0000,2.0000,0.6667,0.1923
1a6422cc-3f8c-47bb-b341-085a1a0c0216,8b65a0a2-23de-40ad-97ec-d7a7117c8020,2.0000,8.5807,0.5000,2.0000,2.0000,0.0000,0.1154
1a6422cc-3f8c-47bb-b341-085a1a0c0216,fb457f02-79d9-4cd8-80c1-1a4cd76d2d60,2.0000,8.8808,0.5000,2.0000,2.0000,0.0000,0.0769
1a6422cc-3f8c-47bb-b341-085a1a0c0216,d92b4620-3913-44fe-852a-67ddc3c13b36,0.0000,7.3374,1.0000,0.0000,0.0000,0.6667,0.0370
1a6422cc-3f8c-47bb-b341-085a1a0c0216,76dd5051-efcd-4750-8788-d0043750910f,0.0000,10.9371,1.0000,0.0000,0.0000,0.6667,0.0000
1a6422cc-3f8c-47bb-b341-085a1a0c0216,ea1f80f0-62f3-4852-85b2-4f9c324b26a2,0.0000,9.3064,1.0000,0.0000,0.0000,0.6667,0.0370
1a6422cc-3f8c-47bb-b341-085a1a0c0216,5b372c89-6d70-4276-a9fe-d4a9ffe9e0af,2.0000,12.4703,0.5000,2.0000,2.0000,0.0000,0.2308
1a6422cc-3f8c-47bb-b341-085a1a0c0216,eb0958ef-c187-4392-95d9-d703217e20f2,2.0000,11.5477,0.5000,2.0000,2.0000,0.0000,0.1154
1a6422cc-3f8c-47bb-b341-085a1a0c0216,d600c8fd-02b9-442e-94a7-8cfcfd0902e5,2.0000,7.4876,0.5000,2.0000,2.0000,0.6667,0.0385
1a6422cc-3f8c-47bb-b341-085a1a0c0216,d43a4529-c3d6-47a7-bf16-51d83c463e35,0.0000,8.7130,1.0000,0.0000,0.0000,0.0000,0.0714
1a6422cc-3f8c-47bb-b341-085a1a0c0216,8b912a7e-96de-4da8-a91d-f1ddafa36f9b,2.0000,10.7103,0.5000,2.0000,2.0000,0.6667,0.1923
1a6422cc-3f8c-47bb-b341-085a1a0c0216,637d55e6-25d5-43aa-95e1-e71da53b4a65,0.0000,7.9341,1.0000,0.0000,0.0000,0.6667,0.1034
1a6422cc-3f8c-47bb-b341-085a1a0c0216,7a051738-24d2-4d72-bbfa-9f81c092b5d4,0.0000,5.8904,1.0000,0.0000,0.0000,0.6667,0.0000
1a6422cc-3f8c-47bb-b341-085a1a0c0216,0fcb9700-df04-4531-a3d8-d6169f91eae5,2.0000,12.1682,0.5000,2.0000,2.0000,0.6667,0.0385
1a6422cc-3f8c-47bb-b341-085a1a0c0216,e3cd235f-f77c-4448-8fe5-62434f6ef801,2.0000,7.8147,0.5000,2.0000,2.0000,0.6667,0.1923
1a6422cc-3f8c-47bb-b341-085a1a0c0216,d84d6202-1b0d-494e-83aa-282623351558,2.0000,12.1041,0.5000,2.0000,2.0000,0.0000,0.0769
1a6422cc-3f8c-47bb-b341-085a1a0c0216,fb3bb871-3382-43a6-86cf-25862db66608,0.0000,8.9969,1.0000,0.0000,0.0000,0.6667,0.1034
1a6422cc-3f8c-47bb-b341-085a1a0c0216,8b2ba48c-dea4-4586-8cdd-81d2a8b1aa73,2.0000,13.0955,0.5000,2.0000,2.0000,0.6667,0.1538
1a6422cc-3f8c-47bb-b341-085a1a0c0216,b590db6d-3092-4a48-a3cd-8b3828f6fd97,2.0000,9.4281,0.5000,2.0000,2.0000,0.0000,0.1923
1a6422cc-3f8c-47bb-b341-085a1a0c0216,1079305f-65fb-473e-9658-e7251b0824be,2.0000,8.5300,0.5000,2.0000,2.0000,0.6667,0.3077
1a6422cc-3f8c-47bb-b341-085a1a0c0216,efdea335-b7fb-4a9f-b55c-05e6f649b42f,0.0000,5.1208,1.0000,0.0000,0.0000,0.6667,0.0370
1a6422cc-3f8c-47bb-b341-085a1a0c0216,2a753e87-dc5b-4f7e-8441-59141fcc0cb2,2.0000,12.0101,0.5000,2.0000,2.0000,0.0000,0.0769
1a6422cc-3f8c-47bb-b341-085a1a0c0216,09ce3282-4e7d-43e3-aad0-d8ba479e152e,2.0000,6.7946,0.5000,2.0000,2.0000,0.6667,0.1923
1a6422cc-3f8c-47bb-b341-085a1a0c0216,130e102a-345e-41bc-8c2b-f9eddef31bd5,2.0000,8.7529,0.5000,2.0000,2.0000,0.6667,0.0769
1a6422cc-3f8c-47bb-b341-085a1a0c0216,9ded00ab-0866-4032-92bf-5dc8fdc4d243,0.0000,12.1327,1.0000,0.0000,0.0000,0.6667,0.0769
1a6422cc-3f8c-47bb-b341-085a1a0c0216,5d4d9a94-6aaa-4bbe-b639-a0eeb4e1c088,0.0000,2.5807,1.0000,0.0000,0.0000,0.6667,0.0714
1a6422cc-3f8c-47bb-b341-085a1a0c0216,a8c5b81e-599a-4ed1-901b-356d1fc94e84,2.0000,9.4173,0.5000,2.0000,2.0000,0.6667,0.2308
1a6422cc-3f8c-47bb-b341-085a1a0c0216,f19250f3-e0cf-4ebf-b106-1c75855eb8ed,2.0000,10.0866,0.5000,2.0000,2.0000,0.6667,0.0769
1a6422cc-3f8c-47bb-b341-085a1a0c0216,6482a7eb-8182-43d4-8df9-1ad15f5bbf5d,0.0000,5.2676,1.0000,0.0000,0.0000,0.6667,0.0385
1a6422cc-3f8c-47bb-b341-085a1a0c0216,5e5e895e-dd66-4fb6-a1d2-04f02c760fd8,2.0000,9.4419,0.5000,2.0000,2.0000,0.6667,0.1154
1a6422cc-3f8c-47bb-b341-085a1a0c0216,ff1bb715-41ad-4a24-a31e-499bba5e889a,2.0000,9.1949,0.5000,2.0000,2.0000,0.6667,0.1154
1a6422cc-3f8c-47bb-b341-085a1a0c0216,9fd672d7-152c-423e-af51-4b14f62db78f,2.0000,12.2784,0.5000,2.0000,2.0000,0.0000,0.2308
1a6422cc-3f8c-47bb-b341-085a1a0c0216,0c07cbfe-8089-4618-8ea2-9d49c5c7676f,0.0000,6.4353,1.0000,0.0000,0.0000,0.6667,0.0385
1a6422cc-3f8c-47bb-b341-085a1a0c0216,2db915b4-b287-4d07-8d78-0d79e2b715e6,2.0000,10.1883,0.5000,2.0000,2.0000,0.0000,0.2308
1a6422cc-3f8c-47bb-b341-085a1a0c0216,1041fa72-e598-4a46-9d90-bbdb1a8c8cfa,2.0000,9.9196,0.5000,2.0000,2.0000,0.0000,0.3077
1a6422cc-3f8c-47bb-b341-085a1a0c0216,e2678857-49ff-42d1-9649-47b147a8ed3e,0.0000,6.3521,1.0000,0.0000,0.0000,0.0000,0.0370
1a6422cc-3f8c-47bb-b341-085a1a0c0216,0b2085d3-0fbc-4351-845e-5d9bccda34e5,2.0000,5.5912,0.5000,2.0000,2.0000,0.0000,0.1154
1a6422cc-3f8c-47bb-b341-085a1a0c0216,0abcffc0-2fc7-4385-a82f-bbe80bfd51ae,2.0000,7.4870,0.5000,2.0000,2.0000,0.0000,0.1154
1a6422cc-3f8c-47bb-b341-085a1a0c0216,d54c73cc-cc77-415e-aeff-dd22604f13cf,2.0000,8.6406,0.5000,2.0000,2.0000,0.0000,0.2308
1a6422cc-3f8c-47bb-b341-085a1a0c0216,09bf266d-b272-4968-9251-ab34779e8344,2.0000,7.7432,0.5000,2.0000,2.0000,0.6667,0.0000
1a6422cc-3f8c-47bb-b341-085a1a0c0216,b336cd79-f2f6-4913-b922-d1061f5fb2e1,2.0000,6.6579,0.5000,2.0000,2.0000,0.0000,0.1154
1a6422cc-3f8c-47bb-b341-085a1a0c0216,c6e27378-0b9e-4d40-9dbf-057217176282,2.0000,5.4602,0.5000,2.0000,2.0000,0.0000,0.1154
1a6422cc-3f8c-47bb-b341-085a1a0c0216,d9267fd4-495d-4d11-843c-cedddfeddabf,2.0000,6.2135,0.5000,2.0000,2.0000,0.6667,0.1923
1a6422cc-3f8c-47bb-b341-085a1a0c0216,8dfa57b2-e8b0-4a9a-b5b6-86dc84f15e30,0.0000,8.8461,1.0000,0.0000,0.0000,0.6667,0.0714
1a6422cc-3f8c-47bb-b341-085a1a0c0216,d9fa51da-ab2b-411c-a41b-ce2b5c23473b,2.0000,11.4311,0.5000,2.0000,2.0000,0.0000,0.1154
1a6422cc-3f8c-47bb-b341-085a1a0c0216,4895c953-8e9a-4e62-b308-61d0f4106e69,2.0000,10.4028,0.5000,2.0000,2.0000,0.0000,0.1154
1a6422cc-3f8c-47bb-b341-085a1a0c0216,c95936f5-0096-4c43-a2a2-4cc7a9b26504,0.0000,6.9465,1.0000,0.0000,0.0000,0.0000,0.0385
1a6422cc-3f8c-47bb-b341-085a1a0c0216,535f130b-68ff-4463-83b0-d04785999fbb,2.0000,8.7490,0.5000,2.0000,2.0000,0.6667,0.2308
1a6422cc-3f8c-47bb-b341-085a1a0c0216,5c952de4-19c5-4324-b3f4-48b0c2169833,2.0000,8.3853,0.5000,2.0000,2.0000,0.0000,0.1154
1a6422cc-3f8c-47bb-b341-085a1a0c0216,ced92f16-312a-4b19-addf-523cfefee6c7,2.0000,11.7509,0.5000,2.0000,2.0000,0.0000,0.0000
1a6422cc-3f8c-47bb-b341-085a1a0c0216,a11c3bca-9343-4869-8c77-38e616536f5e,2.0000,3.6559,0.5000,2.0000,2.0000,0.0000,0.2308
1a6422cc-3f8c-47bb-b341-085a1a0c0216,110b5c81-0d3f-40bb-bc0d-cd4c327ce925,0.0000,11.5548,1.0000,0.0000,0.0000,0.6667,0.0370
1a6422cc-3f8c-47bb-b341-085a1a0c0216,80481175-af46-455a-8bef-0c682e4c0cb6,0.0000,9.9258,1.0000,0.0000,0.0000,0.0000,0.0370
1a6422cc-3f8c-47bb-b341-085a1a0c0216,422a1c98-ae36-47b0-8890-a8295b6cd85c,0.0000,8.5842,1.0000,0.0000,0.0000,0.6667,0.0385
1a6422cc-3f8c-47bb-b341-085a1a0c0216,51d9466b-1ba9-4646-8257-1d21cb2ed954,0.0000,5.7097,1.0000,0.0000,0.0000,0.0000,0.0370
1a6422cc-3f8c-47bb-b341-085a1a0c0216,03e8c72b-9c28-43b3-a50c-ba09195e3e3c,2.0000,11.6726,0.5000,2.0000,2.0000,0.6667,0.1538
1a6422cc-3f8c-47bb-b341-085a1a0c0216,cf9b7960-9d27-4554-a98d-f1fa9bb1a5ca,0.0000,10.6222,1.0000,0.0000,0.0000,0.6667,0.1875
1a6422cc-3f8c-47bb-b341-085a1a0c0216,bf0dfd9e-5489-4b04-ae78-ba2facc60792,2.0000,9.9409,0.5000,2.0000,2.0000,0.6667,0.1538
1a6422cc-3f8c-47bb-b341-085a1a0c0216,4f2e86c2-4b73-47fc-bf83-31eb686d4ad0,2.0000,13.1780,0.5000,2.0000,2.0000,0.6667,0.1923
1a6422cc-3f8c-47bb-b341-085a1a0c0216,ddd56f00-e94c-4f73-bc24-d6538d02d76f,0.0000,8.7232,1.0000,0.0000,0.0000,0.6667,0.1333
1a6422cc-3f8c-47bb-b341-085a1a0c0216,67351bd4-8ebd-4ac5-b552-24308cef799f,0.0000,12.5203,1.0000,0.0000,0.0000,0.0000,0.0714
1a6422cc-3f8c-47bb-b341-085a1a0c0216,7d591389-70df-411c-93e7-2948d4c04738,2.0000,12.9773,0.5000,2.0000,2.0000,0.0000,0.2308
1a6422cc-3f8c-47bb-b341-085a1a0c0216,91fd5a9f-0848-4551-a1a2-9689a4125830,2.0000,8.5350,0.5000,2.0000,2.0000,0.0000,0.0714
1a6422cc-3f8c-47bb-b341-085a1a0c0216,ae6b3203-494b-4066-b0ba-b923b393bced,2.0000,10.2538,0.5000,2.0000,2.0000,0.6667,0.1538
1a6422cc-3f8c-47bb-b341-085a1a0c0216,4b0f1708-0377-46ec-b3a4-cc53fe72fcc8,2.0000,15.8550,0.5000,2.0000,2.0000,0.6667,0.1538
1a6422cc-3f8c-47bb-b341-085a1a0c0216,17101d7a-983e-469a-82f0-3dbd27b59660,0.0000,10.4952,1.0000,0.0000,0.0000,0.0000,0.1034
1a6422cc-3f8c-47bb-b341-085a1a0c0216,6c2f7b68-d439-46b0-b6c2-111ae90e59be,0.0000,6.8507,1.0000,0.0000,0.0000,0.6667,0.0714
1a6422cc-3f8c-47bb-b341-085a1a0c0216,b07b0e33-0c1e-489d-8b69-aa1b4ae8d2ad,2.0000,14.7661,0.5000,2.0000,2.0000,0.6667,0.3462
1a6422cc-3f8c-47bb-b341-085a1a0c0216,cb93662e-0aed-4f56-9500-1e7f2e128287,0.0000,8.6446,1.0000,0.0000,0.0000,0.6667,0.0370
1a6422cc-3f8c-47bb-b341-085a1a0c0216,5c581ce7-7a4b-4fd5-86a2-16c83a3a7b68,2.0000,6.1055,0.5000,2.0000,2.0000,0.6667,0.1923
1a6422cc-3f8c-47bb-b341-085a1a0c0216,f2deb05a-d512-48f4-b641-59e526831230,2.0000,12.6132,0.5000,2.0000,2.0000,0.6667,0.2692
1a6422cc-3f8c-47bb-b341-085a1a0c0216,2908d1db-866e-4631-a655-8ac0a0da0e28,0.0000,8.1133,1.0000,0.0000,0.0000,0.6667,0.1333
1a6422cc-3f8c-47bb-b341-085a1a0c0216,4481c909-2f78-4205-8334-e27d27305642,0.0000,5.4734,1.0000,0.0000,0.0000,0.6667,0.0000
1a6422cc-3f8c-47bb-b341-085a1a0c0216,d450f16e-59ec-490a-8ce7-7968e10dd065,0.0000,7.9761,1.0000,0.0000,0.0000,0.6667,0.0714
1a6422cc-3f8c-47bb-b341-085a1a0c0216,51625cea-8af7-4dca-9b2d-17750e3831ea,2.0000,5.4443,0.5000,2.0000,2.0000,0.0000,0.1538
1a6422cc-3f8c-47bb-b341-085a1a0c0216,bb080865-5184-4114-942e-0a1b314c8016,2.0000,7.3399,0.5000,2.0000,2.0000,0.0000,0.1154
1a6422cc-3f8c-47bb-b341-085a1a0c0216,8b354a1d-b301-4cd1-b271-878ba45ed85f,2.0000,5.4175,0.5000,2.0000,2.0000,0.0000,0.1923
646a92fa-ec4e-4160-9c74-9e6fd4db9e55,ca6baa77-10f8-432a-bafc-c850551c8f78,0.0000,8.9113,1.0000,0.0000,0.0000,0.6667,0.0645
646a92fa-ec4e-4160-9c74-9e6fd4db9e55,592ee7ca-1e74-47ad-87ee-001a1ea7d7c8,2.0000,11.9952,0.5000,2.0000,2.0000,0.0000,0.3871
646a92fa-ec4e-4160-9c74-9e6fd4db9e55,64fbe5ce-1bef-4931-b014-c33d9e5a2054,2.0000,7.6118,0.5000,2.0000,2.0000,0.6667,0.2903
646a92fa-ec4e-4160-9c74-9e6fd4db9e55,bd16aa67-95d6-4d37-814f-48a6e42f8f31,2.0000,5.7550,0.5000,2.0000,2.0000,0.6667,0.1935
646a92fa-ec4e-4160-9c74-9e6fd4db9e55,5ea95498-2879-4306-a2bc-f1d88d018de4,2.0000,8.6132,0.5000,2.0000,2.0000,0.0000,0.3548
646a92fa-ec4e-4160-9c74-9e6fd4db9e55,c8084389-f635-4f4c-adf4-b23f38248ee9,0.0000,6.1476,1.0000,0.0000,0.0000,0.6667,0.0323
646a92fa-ec4e-4160-9c74-9e6fd4db9e55,11b4879c-a825-4a4b-902b-f821672b9927,0.0000,10.8018,1.0000,0.0000,0.0000,0.6667,0.1290
646a92fa-ec4e-4160-9c74-9e6fd4db9e55,e19561ae-403a-4d73-bdb8-ca197e40b836,2.0000,8.2138,0.5000,2.0000,2.0000,0.0000,0.3226
646a92fa-ec4e-4160-9c74-9e6fd4db9e55,8b65a0a2-23de-40ad-97ec-d7a7117c8020,2.0000,9.6893,0.5000,2.0000,2.0000,0.6667,0.2581
646a92fa-ec4e-4160-9c74-9e6fd4db9e55,fb457f02-79d9-4cd8-80c1-1a4cd76d2d60,2.0000,6.5509,0.5000,2.0000,2.0000,0.6667,0.2258
646a92fa-ec4e-4160-9c74-9e6fd4db9e55,d92b4620-3913-44fe-852a-67ddc3c13b36,0.0000,3.6733,1.0000,0.0000,0.0000,0.0000,0.1290
646a92fa-ec4e-4160-9c74-9e6fd4db9e55,76dd5051-efcd-4750-8788-d0043750910f,0.0000,11.2854,1.0000,0.0000,0.0000,0.0000,0.1613
646a92fa-ec4e-4160-9c74-9e6fd4db9e55,ea1f80f0-62f3-4852-85b2-4f9c324b26a2,0.0000,11.7920,1.0000,0.0000,0.0000,0.0000,0.1290
646a92fa-ec4e-4160-9c74-9e6fd4db9e55,5b372c89-6d70-4276-a9fe-d4a9ffe9e0af,2.0000,7.3993,0.5000,2.0000,2.0000,0.6667,0.3548
646a92fa-ec4e-4160-9c74-9e6fd4db9e55,eb0958ef-c187-4392-95d9-d703217e20f2,2.0000,6.8007,0.5000,2.0000,2.0000,0.6667,0.2581
646a92fa-ec4e-4160-9c74-9e6fd4db9e55,d600c8fd-02b9-442e-94a7-8cfcfd0902e5,2.0000,14.7858,0.5000,2.0000,2.0000,0.0000,0.1935
646a92fa-ec4e-4160-9c74-9e6fd4db9e55,d43a4529-c3d6-47a7-bf16-51d83c463e35,0.0000,10.1423,1.0000,0.0000,0.0000,0.6667,0.0968
646a92fa-ec4e-4160-9c74-9e6fd4db9e55,8b912a7e-96de-4da8-a91d-f1ddafa36f9b,2.0000,14.3791,0.5000,2.0000,2.0000,0.0000,0.3226
646a92fa-ec4e-4160-9c74-9e6fd4db9e55,637d55e6-25d5-43aa-95e1-e71da53b4a65,0.0000,6.8957,1.0000,0.0000,0.0000,0.0000,0.0645
646a92fa-ec4e-4160-9c74-9e6fd4db9e55,7a051738-24d2-4d72-bbfa-9f81c092b5d4,0.0000,10.1374,1.0000,0.0000,0.0000,0.6667,0.1613
646a92fa-ec4e-4160-9c74-9e6fd4db9e55,0fcb9700-df04-4531-a3d8-d6169f91eae5,2.0000,12.0649,0.5000,2.0000,2.0000,0.0000,0.1935
646a92fa-ec4e-4160-9c74-9e6fd4db9e55,e3cd235f-f77c-4448-8fe5-62434f6ef801,2.0000,15.5402,0.5000,2.0000,2.0000,0.0000,0.3226
646a92fa-ec4e-4160-9c74-9e6fd4db9e55,d84d6202-1b0d-494e-83aa-282623351558,2.0000,11.8814,0.5000,2.0000,2.0000,0.6667,0.2258
646a92fa-ec4e-4160-9c74-9e6fd4db9e55,fb3bb871-3382-43a6-86cf-25862db66608,0.0000,10.8437,1.0000,0.0000,0.0000,0.6667,0.0645
646a92fa-ec4e-4160-9c74-9e6fd4db9e55,8b2ba48c-dea4-4586-8cdd-81d2a8b1aa73,2.0000,9.2126,0.5000,2.0000,2.0000,0.0000,0.2903
646a92fa-ec4e-4160-9c74-9e6fd4db9e55,b590db6d-3092-4a48-a3cd-8b3828f6fd97,2.0000,10.0033,0.5000,2.0000,2.0000,0.6667,0.3226
646a92fa-ec4e-4160-9c74-9e6fd4db9e55,1079305f-65fb-473e-9658-e7251b0824be,2.0000,11.8618,0.5000,2.0000,2.0000,0.6667,0.4194
646a92fa-ec4e-4160-9c74-9e6fd4db9e55,efdea335-b7fb-4a9f-b55c-05e6f649b42f,0.0000,10.3259,1.0000,0.0000,0.0000,0.0000,0.1290
646a92fa-ec4e-4160-9c74-9e6fd4db9e55,2a753e87-dc5b-4f7e-8441-59141fcc0cb2,2.0000,7.7371,0.5000,2.0000,2.0000,0.6667,0.2258
646a92fa-ec4e-4160-9c74-9e6fd4db9e55,09ce3282-4e7d-43e3-aad0-d8ba479e152e,2.0000,12.7266,0.5000,2.0000,2.0000,0.0000,0.3226
646a92fa-ec4e-4160-9c74-9e6fd4db9e55,130e102a-345e-41bc-8c2b-f9eddef31bd5,2.0000,11.6789,0.5000,2.0000,2.0000,0.0000,0.2258
646a92fa-ec4e-4160-9c74-9e6fd4db9e55,9ded00ab-0866-4032-92bf-5dc8fdc4d243,0.0000,6.1267,1.0000,0.0000,0.0000,0.6667,0.2258
646a92fa-ec4e-4160-9c74-9e6fd4db9e55,5d4d9a94-6aaa-4bbe-b639-a0eeb4e1c088,0.0000,8.9659,1.0000,0.0000,0.0000,0.6667,0.0968
646a92fa-ec4e-4160-9c74-9e6fd4db9e55,a8c5b81e-599a-4ed1-901b-356d1fc94e84,2.0000,15.1092,0.5000,2.0000,2.0000,0.0000,0.3548
646a92fa-ec4e-4160-9c74-9e6fd4db9e55,f19250f3-e0cf-4ebf-b106-1c75855eb8ed,2.0000,14.8992,0.5000,2.0000,2.0000,0.0000,0.2258
646a92fa-ec4e-4160-9c74-9e6fd4db9e55,6482a7eb-8182-43d4-8df9-1ad15f5bbf5d,0.0000,9.0596,1.0000,0.0000,0.0000,0.0000,0.1935
646a92fa-ec4e-4160-9c74-9e6fd4db9e55,5e5e895e-dd66-4fb6-a1d2-04f02c760fd8,2.0000,12.3174,0.5000,2.0000,2.0000,0.6667,0.2581
646a92fa-ec4e-4160-9c74-9e6fd4db9e55,ff1bb715-41ad-4a24-a31e-499bba5e889a,2.0000,11.4626,0.5000,2.0000,2.0000,0.0000,0.2581
646a92fa-ec4e-4160-9c74-9e6fd4db9e55,9fd672d7-152c-423e-af51-4b14f62db78f,2.0000,3.8932,0.5000,2.0000,2.0000,0.6667,0.3548
646a92fa-ec4e-4160-9c74-9e6fd4db9e55,0c07cbfe-8089-4618-8ea2-9d49c5c7676f,0.0000,9.8251,1.0000,0.0000,0.0000,0.6667,0.1935
646a92fa-ec4e-4160-9c74-9e6fd4db9e55,2db915b4-b287-4d07-8d78-0d79e2b715e6,2.0000,9.8979,0.5000,2.0000,2.0000,0.6667,0.3548
646a92fa-ec4e-4160-9c74-9e6fd4db9e55,1041fa72-e598-4a46-9d90-bbdb1a8c8cfa,2.0000,7.8009,0.5000,2.0000,2.0000,0.6667,0.4194
646a92fa-ec4e-4160-9c74-9e6fd4db9e55,e2678857-49ff-42d1-9649-47b147a8ed3e,0.0000,11.6773,1.0000,0.0000,0.0000,0.6667,0.1290
646a92fa-ec4e-4160-9c74-9e6fd4db9e55,0b2085d3-0fbc-4351-845e-5d9bccda34e5,2.0000,13.9685,0.5000,2.0000,2.0000,0.6667,0.2581
646a92fa-ec4e-4160-9c74-9e6fd4db9e55,0abcffc0-2fc7-4385-a82f-bbe80bfd51ae,2.0000,8.4641,0.5000,2.0000,2.0000,0.6667,0.2581
646a92fa-ec4e-4160-9c74-9e6fd4db9e55,d54c73cc-cc77-415e-aeff-dd22604f13cf,2.0000,8.1144,0.5000,2.0000,2.0000,0.6667,0.3548
646a92fa-ec4e-4160-9c74-9e6fd4db9e55,09bf266d-b272-4968-9251-ab34779e8344,2.0000,12.3639,0.5000,2.0000,2.0000,0.6667,0.1613
646a92fa-ec4e-4160-9c74-9e6fd4db9e55,b336cd79-f2f6-4913-b922-d1061f5fb2e1,2.0000,8.3312,0.5000,2.0000,2.0000,0.6667,0.2581
646a92fa-ec4e-4160-9c74-9e6fd4db9e55,c6e27378-0b9e-4d40-9dbf-057217176282,2.0000,9.2463,0.5000,2.0000,2.0000,0.6667,0.2581
646a92fa-ec4e-4160-9c74-9e6fd4db9e55,d9267fd4-495d-4d11-843c-cedddfeddabf,2.0000,13.4882,0.5000,2.0000,2.0000,0.0000,0.3226
646a92fa-ec4e-4160-9c74-9e6fd4db9e55,8dfa57b2-e8b0-4a9a-b5b6-86dc84f15e30,0.0000,6.9965,1.0000,0.0000,0.0000,0.6667,0.0968
646a92fa-ec4e-4160-9c74-9e6fd4db9e55,d9fa51da-ab2b-411c-a41b-ce2b5c23473b,2.0000,5.1971,0.5000,2.0000,2.0000,0.6667,0.2581
646a92fa-ec4e-4160-9c74-9e6fd4db9e55,4895c953-8e9a-4e62-b308-61d0f4106e69,2.0000,8.3478,0.5000,2.0000,2.0000,0.6667,0.2581
646a92fa-ec4e-4160-9c74-9e6fd4db9e55,c95936f5-0096-4c43-a2a2-4cc7a9b26504,0.0000,8.1213,1.0000,0.0000,0.0000,0.6667,0.1935
646a92fa-ec4e-4160-9c74-9e6fd4db9e55,535f130b-68ff-4463-83b0-d04785999fbb,2.0000,14.9124,0.5000,2.0000,2.0000,0.0000,0.3548
646a92fa-ec4e-4160-9c74-9e6fd4db9e55,5c952de4-19c5-4324-b3f4-48b0c2169833,2.0000,8.4888,0.5000,2.0000,2.0000,0.6667,0.2581
646a92fa-ec4e-4160-9c74-9e6fd4db9e55,ced92f16-312a-4b19-addf-523cfefee6c7,2.0000,5.7058,0.5000,2.0000,2.0000,0.6667,0.1613
646a92fa-ec4e-4160-9c74-9e6fd4db9e55,a11c3bca-9343-4869-8c77-38e616536f5e,2.0000,8.3705,0.5000,2.0000,2.0000,0.6667,0.3548
646a92fa-ec4e-4160-9c74-9e6fd4db9e55,110b5c81-0d3f-40bb-bc0d-cd4c327ce925,0.0000,10.2452,1.0000,0.0000,0.0000,0.0000,0.1290
646a92fa-ec4e-4160-9c74-9e6fd4db9e55,80481175-af46-455a-8bef-0c682e4c0cb6,0.0000,1.2719,1.0000,0.0000,0.0000,0.6667,0.1290
646a92fa-ec4e-4160-9c74-9e6fd4db9e55,422a1c98-ae36-47b0-8890-a8295b6cd85c,0.0000,6.2325,1.0000,0.0000,0.0000,0.0000,0.1935
646a92fa-ec4e-4160-9c74-9e6fd4db9e55,51d9466b-1ba9-4646-8257-1d21cb2ed954,0.0000,11.1401,1.0000,0.0000,0.0000,0.6667,0.1290
646a92fa-ec4e-4160-9c74-9e6fd4db9e55,03e8c72b-9c28-43b3-a50c-ba09195e3e3c,2.0000,11.6677,0.5000,2.0000,2.0000,0.0000,0.2903
646a92fa-ec4e-4160-9c74-9e6fd4db9e55,cf9b7960-9d27-4554-a98d-f1fa9bb1a5ca,0.0000,3.6082,1.0000,0.0000,0.0000,0.0000,0.0313
646a92fa-ec4e-4160-9c74-9e6fd4db9e55,bf0dfd9e-5489-4b04-ae78-ba2facc60792,2.0000,12.7541,0.5000,2.0000,2.0000,0.0000,0.2903
646a92fa-ec4e-4160-9c74-9e6fd4db9e55,4f2e86c2-4b73-47fc-bf83-31eb686d4ad0,2.0000,12.2564,0.5000,2.0000,2.0000,0.0000,0.3226
646a92fa-ec4e-4160-9c74-9e6fd4db9e55,ddd56f00-e94c-4f73-bc24-d6538d02d76f,0.0000,6.0083,1.0000,0.0000,0.0000,0.0000,0.0323
646a92fa-ec4e-4160-9c74-9e6fd4db9e55,67351bd4-8ebd-4ac5-b552-24308cef799f,0.0000,9.0928,1.0000,0.0000,0.0000,0.6667,0.0968
646a92fa-ec4e-4160-9c74-9e6fd4db9e55,7d591389-70df-411c-93e7-2948d4c04738,2.0000,5.5597,0.5000,2.0000,2.0000,0.6667,0.3548
646a92fa-ec4e-4160-9c74-9e6fd4db9e55,91fd5a9f-0848-4551-a1a2-9689a4125830,2.0000,5.9573,0.5000,2.0000,2.0000,0.6667,0.0968
646a92fa-ec4e-4160-9c74-9e6fd4db9e55,ae6b3203-494b-4066-b0ba-b923b393bced,2.0000,16.1690,0.5000,2.0000,2.0000,0.0000,0.2903
646a92fa-ec4e-4160-9c74-9e6fd4db9e55,4b0f1708-0377-46ec-b3a4-cc53fe72fcc8,2.0000,10.1870,0.5000,2.0000,2.0000,0.6667,0.2903
646a92fa-ec4e-4160-9c74-9e6fd4db9e55,17101d7a-983e-469a-82f0-3dbd27b59660,0.0000,3.7685,1.0000,0.0000,0.0000,0.6667,0.0645
646a92fa-ec4e-4160-9c74-9e6fd4db9e55,6c2f7b68-d439-46b0-b6c2-111ae90e59be,0.0000,13.2387,1.0000,0.0000,0.0000,0.0000,0.0968
646a92fa-ec4e-4160-9c74-9e6fd4db9e55,b07b0e33-0c1e-489d-8b69-aa1b4ae8d2ad,2.0000,11.2922,0.5000,2.0000,2.0000,0.6667,0.4516
646a92fa-ec4e-4160-9c74-9e6fd4db9e55,cb93662e-0aed-4f56-9500-1e7f2e128287,0.0000,10.0386,1.0000,0.0000,0.0000,0.0000,0.1290
646a92fa-ec4e-4160-9c74-9e6fd4db9e55,5c581ce7-7a4b-4fd5-86a2-16c83a3a7b68,2.0000,12.3503,0.5000,2.0000,2.0000,0.0000,0.3226
646a92fa-ec4e-4160-9c74-9e6fd4db9e55,f2deb05a-d512-48f4-b641-59e526831230,2.0000,14.2107,0.5000,2.0000,2.0000,0.0000,0.3871
646a92fa-ec4e-4160-9c74-9e6fd4db9e55,2908d1db-866e-4631-a655-8ac0a0da0e28,0.0000,12.1510,1.0000,0.0000,0.0000,0.6667,0.0323
646a92fa-ec4e-4160-9c74-9e6fd4db9e55,4481c909-2f78-4205-8334-e27d27305642,0.0000,7.9765,1.0000,0.0000,0.0000,0.6667,0.1613
646a92fa-ec4e-4160-9c74-9e6fd4db9e55,d450f16e-59ec-490a-8ce7-7968e10dd065,0.0000,6.8823,1.0000,0.0000,0.0000,0.0000,0.0968
646a92fa-ec4e-4160-9c74-9e6fd4db9e55,51625cea-8af7-4dca-9b2d-17750e3831ea,2.0000,10.1387,0.5000,2.0000,2.0000,0.6667,0.2903
646a92fa-ec4e-4160-9c74-9e6fd4db9e55,bb080865-5184-4114-942e-0a1b314c8016,2.0000,12.7638,0.5000,2.0000,2.0000,0.6667,0.2581
646a92fa-ec4e-4160-9c74-9e6fd4db9e55,8b354a1d-b301-4cd1-b271-878ba45ed85f,2.0000,9.5802,0.5000,2.0000,2.0000,0.6667,0.3226
ca6baa77-10f8-432a-bafc-c850551c8f78,592ee7ca-1e74-47ad-87ee-001a1ea7d7c8,2.0000,8.5751,0.5000,2.0000,2.0000,0.6667,0.3448
ca6baa77-10f8-432a-bafc-c850551c8f78,64fbe5ce-1bef-4931-b014-c33d9e5a2054,2.0000,10.5655,0.5000,2.0000,2.0000,0.0000,0.2414
ca6baa77-10f8-432a-bafc-c850551c8f78,bd16aa67-95d6-4d37-814f-48a6e42f8f31,2.0000,10.6186,0.5000,2.0000,2.0000,0.0000,0.1379
ca6baa77-10f8-432a-bafc-c850551c8f78,5ea95498-2879-4306-a2bc-f1d88d018de4,2.0000,10.1403,0.5000,2.0000,2.0000,0.6667,0.3103
ca6baa77-10f8-432a-bafc-c850551c8f78,c8084389-f635-4f4c-adf4-b23f38248ee9,0.0000,6.5027,1.0000,0.0000,0.0000,0.6667,0.0333
ca6baa77-10f8-432a-bafc-c850551c8f78,11b4879c-a825-4a4b-902b-f821672b9927,0.0000,9.5095,1.0000,0.0000,0.0000,0.6667,0.0690
ca6baa77-10f8-432a-bafc-c850551c8f78,e19561ae-403a-4d73-bdb8-ca197e40b836,2.0000,9.9017,0.5000,2.0000,2.0000,0.6667,0.2759
ca6baa77-10f8-432a-bafc-c850551c8f78,8b65a0a2-23de-40ad-97ec-d7a7117c8020,2.0000,9.1983,0.5000,2.0000,2.0000,0.0000,0.2069
ca6baa77-10f8-432a-bafc-c850551c8f78,fb457f02-79d9-4cd8-80c1-1a4cd76d2d60,2.0000,7.0926,0.5000,2.0000,2.0000,0.0000,0.1724
ca6baa77-10f8-432a-bafc-c850551c8f78,d92b4620-3913-44fe-852a-67ddc3c13b36,0.0000,7.6641,1.0000,0.0000,0.0000,0.6667,0.0690
ca6baa77-10f8-432a-bafc-c850551c8f78,76dd5051-efcd-4750-8788-d0043750910f,0.0000,9.2713,1.0000,0.0000,0.0000,0.6667,0.1034
ca6baa77-10f8-432a-bafc-c850551c8f78,ea1f80f0-62f3-4852-85b2-4f9c324b26a2,0.0000,5.5909,1.0000,0.0000,0.0000,0.6667,0.0690
ca6baa77-10f8-432a-bafc-c850551c8f78,5b372c89-6d70-4276-a9fe-d4a9ffe9e0af,2.0000,11.0578,0.5000,2.0000,2.0000,0.0000,0.3103
ca6baa77-10f8-432a-bafc-c850551c8f78,eb0958ef-c187-4392-95d9-d703217e20f2,2.0000,9.7688,0.5000,2.0000,2.0000,0.0000,0.2069
ca6baa77-10f8-432a-bafc-c850551c8f78,d600c8fd-02b9-442e-94a7-8cfcfd0902e5,2.0000,9.2059,0.5000,2.0000,2.0000,0.6667,0.1379
ca6baa77-10f8-432a-bafc-c850551c8f78,d43a4529-c3d6-47a7-bf16-51d83c463e35,0.0000,6.7019,1.0000,0.0000,0.0000,0.0000,0.0345
ca6baa77-10f8-432a-bafc-c850551c8f78,8b912a7e-96de-4da8-a91d-f1ddafa36f9b,2.0000,9.1572,0.5000,2.0000,2.0000,0.6667,0.2759
ca6baa77-10f8-432a-bafc-c850551c8f78,637d55e6-25d5-43aa-95e1-e71da53b4a65,0.0000,7.2685,1.0000,0.0000,0.0000,0.6667,0.0000
ca6baa77-10f8-432a-bafc-c850551c8f78,7a051738-24d2-4d72-bbfa-9f81c092b5d4,0.0000,6.8995,1.0000,0.0000,0.0000,0.6667,0.1034
ca6baa77-10f8-432a-bafc-c850551c8f78,0fcb9700-df04-4531-a3d8-d6169f91eae5,2.0000,11.0878,0.5000,2.0000,2.0000,0.6667,0.1379
ca6baa77-10f8-432a-bafc-c850551c8f78,e3cd235f-f77c-4448-8fe5-62434f6ef801,2.0000,8.5264,0.5000,2.0000,2.0000,0.6667,0.2759
ca6baa77-10f8-432a-bafc-c850551c8f78,d84d6202-1b0d-494e-83aa-282623351558,2.0000,10.7581,0.5000,2.0000,2.0000,0.0000,0.1724
ca6baa77-10f8-432a-bafc-c850551c8f78,fb3bb871-3382-43a6-86cf-25862db66608,0.0000,9.6380,1.0000,0.0000,0.0000,0.6667,0.0000
ca6baa77-10f8-432a-bafc-c850551c8f78,8b2ba48c-dea4-4586-8cdd-81d2a8b1aa73,2.0000,10.3247,0.5000,2.0000,2.0000,0.6667,0.2414
ca6baa77-10f8-432a-bafc-c850551c8f78,b590db6d-3092-4a48-a3cd-8b3828f6fd97,2.0000,9.7034,0.5000,2.0000,2.0000,0.0000,0.2759
ca6baa77-10f8-432a-bafc-c850551c8f78,1079305f-65fb-473e-9658-e7251b0824be,2.0000,10.5228,0.5000,2.0000,2.0000,0.6667,0.3793
ca6baa77-10f8-432a-bafc-c850551c8f78,efdea335-b7fb-4a9f-b55c-05e6f649b42f,0.0000,8.0924,1.0000,0.0000,0.0000,0.6667,0.0690
ca6baa77-10f8-432a-bafc-c850551c8f78,2a753e87-dc5b-4f7e-8441-59141fcc0cb2,2.0000,8.5405,0.5000,2.0000,2.0000,0.0000,0.1724
ca6baa77-10f8-432a-bafc-c850551c8f78,09ce3282-4e7d-43e3-aad0-d8ba479e152e,2.0000,9.9356,0.5000,2.0000,2.0000,0.6667,0.2759
ca6baa77-10f8-432a-bafc-c850551c8f78,130e102a-345e-41bc-8c2b-f9eddef31bd5,2.0000,10.5929,0.5000,2.0000,2.0000,0.6667,0.1724
ca6baa77-10f8-432a-bafc-c850551c8f78,9ded00ab-0866-4032-92bf-5dc8fdc4d243,0.0000,9.7251,1.0000,0.0000,0.0000,0.6667,0.1724
ca6baa77-10f8-432a-bafc-c850551c8f78,5d4d9a94-6aaa-4bbe-b639-a0eeb4e1c088,0.0000,4.7616,1.0000,0.0000,0.0000,0.6667,0.0345
ca6baa77-10f8-432a-bafc-c850551c8f78,a8c5b81e-599a-4ed1-901b-356d1fc94e84,2.0000,9.8596,0.5000,2.0000,2.0000,0.6667,0.3103
ca6baa77-10f8-432a-bafc-c850551c8f78,f19250f3-e0cf-4ebf-b106-1c75855eb8ed,2.0000,9.6945,0.5000,2.0000,2.0000,0.6667,0.1724
ca6baa77-10f8-432a-bafc-c850551c8f78,6482a7eb-8182-43d4-8df9-1ad15f5bbf5d,0.0000,7.0215,1.0000,0.0000,0.0000,0.6667,0.1379
ca6baa77-10f8-432a-bafc-c850551c8f78,5e5e895e-dd66-4fb6-a1d2-04f02c760fd8,2.0000,8.0979,0.5000,2.0000,2.0000,0.6667,0.2069
ca6baa77-10f8-432a-bafc-c850551c8f78,ff1bb715-41ad-4a24-a31e-499bba5e889a,2.0000,8.7085,0.5000,2.0000,2.0000,0.6667,0.2069
ca6baa77-10f8-432a-bafc-c850551c8f78,9fd672d7-152c-423e-af51-4b14f62db78f,2.0000,10.4405,0.5000,2.0000,2.0000,0.0000,0.3103
ca6baa77-10f8-432a-bafc-c850551c8f78,0c07cbfe-8089-4618-8ea2-9d49c5c7676f,0.0000,8.2968,1.0000,0.0000,0.0000,0.6667,0.1379
ca6baa77-10f8-432a-bafc-c850551c8f78,2db915b4-b287-4d07-8d78-0d79e2b715e6,2.0000,9.4317,0.5000,2.0000,2.0000,0.0000,0.3103
ca6baa77-10f8-432a-bafc-c850551c8f78,1041fa72-e598-4a46-9d90-bbdb1a8c8cfa,2.0000,7.3587,0.5000,2.0000,2.0000,0.0000,0.3793
ca6baa77-10f8-432a-bafc-c850551c8f78,e2678857-49ff-42d1-9649-47b147a8ed3e,0.0000,5.1526,1.0000,0.0000,0.0000,0.0000,0.0690
ca6baa77-10f8-432a-bafc-c850551c8f78,0b2085d3-0fbc-4351-845e-5d9bccda34e5,2.0000,11.1946,0.5000,2.0000,2.0000,0.0000,0.2069
ca6baa77-10f8-432a-bafc-c850551c8f78,0abcffc0-2fc7-4385-a82f-bbe80bfd51ae,2.0000,11.7052,0.5000,2.0000,2.0000,0.0000,0.2069
ca6baa77-10f8-432a-bafc-c850551c8f78,d54c73cc-cc77-415e-aeff-dd22604f13cf,2.0000,9.4805,0.5000,2.0000,2.0000,0.0000,0.3103
ca6baa77-10f8-432a-bafc-c850551c8f78,09bf266d-b272-4968-9251-ab34779e8344,2.0000,9.3864,0.5000,2.0000,2.0000,0.6667,0.1034
ca6baa77-10f8-432a-bafc-c850551c8f78,b336cd79-f2f6-4913-b922-d1061f5fb2e1,2.0000,7.5616,0.5000,2.0000,2.0000,0.0000,0.2069
ca6baa77-10f8-432a-bafc-c850551c8f78,c6e27378-0b9e-4d40-9dbf-057217176282,2.0000,9.2827,0.5000,2.0000,2.0000,0.0000,0.2069
ca6baa77-10f8-432a-bafc-c850551c8f78,d9267fd4-495d-4d11-843c-cedddfeddabf,2.0000,8.6143,0.5000,2.0000,2.0000,0.6667,0.2759
ca6baa77-10f8-432a-bafc-c850551c8f78,8dfa57b2-e8b0-4a9a-b5b6-86dc84f15e30,0.0000,10.8622,1.0000,0.0000,0.0000,0.6667,0.0345
ca6baa77-10f8-432a-bafc-c850551c8f78,d9fa51da-ab2b-411c-a41b-ce2b5c23473b,2.0000,8.4497,0.5000,2.0000,2.0000,0.0000,0.2069
ca6baa77-10f8-432a-bafc-c850551c8f78,4895c953-8e9a-4e62-b308-61d0f4106e69,2.0000,11.9612,0.5000,2.0000,2.0000,0.0000,0.2069
ca6baa77-10f8-432a-bafc-c850551c8f78,c95936f5-0096-4c43-a2a2-4cc7a9b26504,0.0000,1.4158,1.0000,0.0000,0.0000,0.0000,0.1379
ca6baa77-10f8-432a-bafc-c850551c8f78,535f130b-68ff-4463-83b0-d04785999fbb,2.0000,9.3497,0.5000,2.0000,2.0000,0.6667,0.3103
ca6baa77-10f8-432a-bafc-c850551c8f78,5c952de4-19c5-4324-b3f4-48b0c2169833,2.0000,9.7644,0.5000,2.0000,2.0000,0.0000,0.2069
ca6baa77-10f8-432a-bafc-c850551c8f78,ced92f16-312a-4b19-addf-523cfefee6c7,2.0000,8.6759,0.5000,2.0000,2.0000,0.0000,0.1034
ca6baa77-10f8-432a-bafc-c850551c8f78,a11c3bca-9343-4869-8c77-38e616536f5e,2.0000,6.7849,0.5000,2.0000,2.0000,0.0000,0.3103
ca6baa77-10f8-432a-bafc-c850551c8f78,110b5c81-0d3f-40bb-bc0d-cd4c327ce925,0.0000,10.3589,1.0000,0.0000,0.0000,0.6667,0.0690
ca6baa77-10f8-432a-bafc-c850551c8f78,80481175-af46-455a-8bef-0c682e4c0cb6,0.0000,8.5893,1.0000,0.0000,0.0000,0.0000,0.0690
ca6baa77-10f8-432a-bafc-c850551c8f78,422a1c98-ae36-47b0-8890-a8295b6cd85c,0.0000,3.3953,1.0000,0.0000,0.0000,0.6667,0.1379
ca6baa77-10f8-432a-bafc-c850551c8f78,51d9466b-1ba9-4646-8257-1d21cb2ed954,0.0000,10.0188,1.0000,0.0000,0.0000,0.0000,0.0690
ca6baa77-10f8-432a-bafc-c850551c8f78,03e8c72b-9c28-43b3-a50c-ba09195e3e3c,2.0000,10.8774,0.5000,2.0000,2.0000,0.6667,0.2414
ca6baa77-10f8-432a-bafc-c850551c8f78,cf9b7960-9d27-4554-a98d-f1fa9bb1a5ca,0.0000,7.4577,1.0000,0.0000,0.0000,0.6667,0.0938
ca6baa77-10f8-432a-bafc-c850551c8f78,bf0dfd9e-5489-4b04-ae78-ba2facc60792,2.0000,8.9913,0.5000,2.0000,2.0000,0.6667,0.2414
ca6baa77-10f8-432a-bafc-c850551c8f78,4f2e86c2-4b73-47fc-bf83-31eb686d4ad0,2.0000,9.3981,0.5000,2.0000,2.0000,0.6667,0.2759
ca6baa77-10f8-432a-bafc-c850551c8f78,ddd56f00-e94c-4f73-bc24-d6538d02d76f,0.0000,9.6462,1.0000,0.0000,0.0000,0.6667,0.0333
ca6baa77-10f8-432a-bafc-c850551c8f78,67351bd4-8ebd-4ac5-b552-24308cef799f,0.0000,11.5521,1.0000,0.0000,0.0000,0.0000,0.0345
ca6baa77-10f8-432a-bafc-c850551c8f78,7d591389-70df-411c-93e7-2948d4c04738,2.0000,10.7869,0.5000,2.0000,2.0000,0.0000,0.3103
ca6baa77-10f8-432a-bafc-c850551c8f78,91fd5a9f-0848-4551-a1a2-9689a4125830,2.0000,10.9166,0.5000,2.0000,2.0000,0.0000,0.0345
ca6baa77-10f8-432a-bafc-c850551c8f78,ae6b3203-494b-4066-b0ba-b923b393bced,2.0000,9.6385,0.5000,2.0000,2.0000,0.6667,0.2414
ca6baa77-10f8-432a-bafc-c850551c8f78,4b0f1708-0377-46ec-b3a4-cc53fe72fcc8,2.0000,13.1035,0.5000,2.0000,2.0000,0.6667,0.2414
ca6baa77-10f8-432a-bafc-c850551c8f78,17101d7a-983e-469a-82f0-3dbd27b59660,0.0000,10.1277,1.0000,0.0000,0.0000,0.0000,0.0000
ca6baa77-10f8-432a-bafc-c850551c8f78,6c2f7b68-d439-46b0-b6c2-111ae90e59be,0.0000,7.1956,1.0000,0.0000,0.0000,0.6667,0.0345
ca6baa77-10f8-432a-bafc-c850551c8f78,b07b0e33-0c1e-489d-8b69-aa1b4ae8d2ad,2.0000,11.8577,0.5000,2.0000,2.0000,0.6667,0.4138
ca6baa77-10f8-432a-bafc-c850551c8f78,cb93662e-0aed-4f56-9500-1e7f2e128287,0.0000,11.3100,1.0000,0.0000,0.0000,0.6667,0.0690
ca6baa77-10f8-432a-bafc-c850551c8f78,5c581ce7-7a4b-4fd5-86a2-16c83a3a7b68,2.0000,8.4440,0.5000,2.0000,2.0000,0.6667,0.2759
ca6baa77-10f8-432a-bafc-c850551c8f78,f2deb05a-d512-48f4-b641-59e526831230,2.0000,9.5302,0.5000,2.0000,2.0000,0.6667,0.3448
ca6baa77-10f8-432a-bafc-c850551c8f78,2908d1db-866e-4631-a655-8ac0a0da0e28,0.0000,7.2376,1.0000,0.0000,0.0000,0.6667,0.0333
ca6baa77-10f8-432a-bafc-c850551c8f78,4481c909-2f78-4205-8334-e27d27305642,0.0000,10.2783,1.0000,0.0000,0.0000,0.6667,0.1034
ca6baa77-10f8-432a-bafc-c850551c8f78,d450f16e-59ec-490a-8ce7-7968e10dd065,0.0000,7.2246,1.0000,0.0000,0.0000,0.6667,0.0345
ca6baa77-10f8-432a-bafc-c850551c8f78,51625cea-8af7-4dca-9b2d-17750e3831ea,2.0000,9.3433,0.5000,2.0000,2.0000,0.0000,0.2414
ca6baa77-10f8-432a-bafc-c850551c8f78,bb080865-5184-4114-942e-0a1b314c8016,2.0000,11.8481,0.5000,2.0000,2.0000,0.0000,0.2069
ca6baa77-10f8-432a-bafc-c850551c8f78,8b354a1d-b301-4cd1-b271-878ba45ed85f,2.0000,9.4291,0.5000,2.0000,2.0000,0.0000,0.2759
592ee7ca-1e74-47ad-87ee-001a1ea7d7c8,64fbe5ce-1bef-4931-b014-c33d9e5a2054,0.0000,16.6993,1.0000,0.0000,0.0000,0.6667,0.1364
592ee7ca-1e74-47ad-87ee-001a1ea7d7c8,bd16aa67-95d6-4d37-814f-48a6e42f8f31,0.0000,11.1997,1.0000,0.0000,0.0000,0.6667,0.2400
592ee7ca-1e74-47ad-87ee-001a1ea7d7c8,5ea95498-2879-4306-a2bc-f1d88d018de4,0.0000,4.9152,1.0000,0.0000,0.0000,0.0000,0.0500
592ee7ca-1e74-47ad-87ee-001a1ea7d7c8,c8084389-f635-4f4c-adf4-b23f38248ee9,2.0000,11.3236,0.5000,2.0000,2.0000,0.6667,0.3667
592ee7ca-1e74-47ad-87ee-001a1ea7d7c8,11b4879c-a825-4a4b-902b-f821672b9927,2.0000,9.3340,0.5000,2.0000,2.0000,0.6667,0.2963
592ee7ca-1e74-47ad-87ee-001a1ea7d7c8,e19561ae-403a-4d73-bdb8-ca197e40b836,0.0000,4.4618,1.0000,0.0000,0.0000,0.0000,0.0952
592ee7ca-1e74-47ad-87ee-001a1ea7d7c8,8b65a0a2-23de-40ad-97ec-d7a7117c8020,0.0000,12.8212,1.0000,0.0000,0.0000,0.6667,0.1739
592ee7ca-1e74-47ad-87ee-001a1ea7d7c8,fb457f02-79d9-4cd8-80c1-1a4cd76d2d60,0.0000,12.9034,1.0000,0.0000,0.0000,0.6667,0.2083
592ee7ca-1e74-47ad-87ee-001a1ea7d7c8,d92b4620-3913-44fe-852a-67ddc3c13b36,2.0000,8.7577,0.5000,2.0000,2.0000,0.0000,0.2963
592ee7ca-1e74-47ad-87ee-001a1ea7d7c8,76dd5051-efcd-4750-8788-d0043750910f,2.0000,8.6190,0.5000,2.0000,2.0000,0.0000,0.2692
592ee7ca-1e74-47ad-87ee-001a1ea7d7c8,ea1f80f0-62f3-4852-85b2-4f9c324b26a2,2.0000,8.4986,0.5000,2.0000,2.0000,0.0000,0.2963
592ee7ca-1e74-47ad-87ee-001a1ea7d7c8,5b372c89-6d70-4276-a9fe-d4a9ffe9e0af,0.0000,16.8068,1.0000,0.0000,0.0000,0.6667,0.0500
592ee7ca-1e74-47ad-87ee-001a1ea7d7c8,eb0958ef-c187-4392-95d9-d703217e20f2,0.0000,15.9654,1.0000,0.0000,0.0000,0.6667,0.1739
592ee7ca-1e74-47ad-87ee-001a1ea7d7c8,d600c8fd-02b9-442e-94a7-8cfcfd0902e5,0.0000,6.4171,1.0000,0.0000,0.0000,0.0000,0.2400
592ee7ca-1e74-47ad-87ee-001a1ea7d7c8,d43a4529-c3d6-47a7-bf16-51d83c463e35,2.0000,5.2966,0.5000,2.0000,2.0000,0.6667,0.3214
592ee7ca-1e74-47ad-87ee-001a1ea7d7c8,8b912a7e-96de-4da8-a91d-f1ddafa36f9b,0.0000,11.8807,1.0000,0.0000,0.0000,0.0000,0.0952
592ee7ca-1e74-47ad-87ee-001a1ea7d7c8,637d55e6-25d5-43aa-95e1-e71da53b4a65,2.0000,10.3856,0.5000,2.0000,2.0000,0.0000,0.3448
592ee7ca-1e74-47ad-87ee-001a1ea7d7c8,7a051738-24d2-4d72-bbfa-9f81c092b5d4,2.0000,4.7333,0.5000,2.0000,2.0000,0.6667,0.2692
592ee7ca-1e74-47ad-87ee-001a1ea7d7c8,0fcb9700-df04-4531-a3d8-d6169f91eae5,0.0000,9.5952,1.0000,0.0000,0.0000,0.0000,0.2400
592ee7ca-1e74-47ad-87ee-001a1ea7d7c8,e3cd235f-f77c-4448-8fe5-62434f6ef801,0.0000,7.1129,1.0000,0.0000,0.0000,0.0000,0.0952
592ee7ca-1e74-47ad-87ee-001a1ea7d7c8,d84d6202-1b0d-494e-83aa-282623351558,0.0000,10.9685,1.0000,0.0000,0.0000,0.6667,0.2083
592ee7ca-1e74-47ad-87ee-001a1ea7d7c8,fb3bb871-3382-43a6-86cf-25862db66608,2.0000,10.0494,0.5000,2.0000,2.0000,0.6667,0.3448
592ee7ca-1e74-47ad-87ee-001a1ea7d7c8,8b2ba48c-dea4-4586-8cdd-81d2a8b1aa73,0.0000,10.9046,1.0000,0.0000,0.0000,0.0000,0.1364
592ee7ca-1e74-47ad-87ee-001a1ea7d7c8,b590db6d-3092-4a48-a3cd-8b3828f6fd97,0.0000,13.9703,1.0000,0.0000,0.0000,0.6667,0.0952
592ee7ca-1e74-47ad-87ee-001a1ea7d7c8,1079305f-65fb-473e-9658-e7251b0824be,0.0000,11.1520,1.0000,0.0000,0.0000,0.6667,0.0526
592ee7ca-1e74-47ad-87ee-001a1ea7d7c8,efdea335-b7fb-4a9f-b55c-05e6f649b42f,2.0000,3.9988,0.5000,2.0000,2.0000,0.0000,0.2963
592ee7ca-1e74-47ad-87ee-001a1ea7d7c8,2a753e87-dc5b-4f7e-8441-59141fcc0cb2,0.0000,15.0549,1.0000,0.0000,0.0000,0.6667,0.2083
592ee7ca-1e74-47ad-87ee-001a1ea7d7c8,09ce3282-4e7d-43e3-aad0-d8ba479e152e,0.0000,6.1626,1.0000,0.0000,0.0000,0.0000,0.0952
592ee7ca-1e74-47ad-87ee-001a1ea7d7c8,130e102a-345e-41bc-8c2b-f9eddef31bd5,0.0000,11.3684,1.0000,0.0000,0.0000,0.0000,0.2083
592ee7ca-1e74-47ad-87ee-001a1ea7d7c8,9ded00ab-0866-4032-92bf-5dc8fdc4d243,2.0000,11.5776,0.5000,2.0000,2.0000,0.6667,0.2083
592ee7ca-1e74-47ad-87ee-001a1ea7d7c8,5d4d9a94-6aaa-4bbe-b639-a0eeb4e1c088,2.0000,7.8438,0.5000,2.0000,2.0000,0.6667,0.3214
592ee7ca-1e74-47ad-87ee-001a1ea7d7c8,a8c5b81e-599a-4ed1-901b-356d1fc94e84,0.0000,5.4426,1.0000,0.0000,0.0000,0.0000,0.0500
592ee7ca-1e74-47ad-87ee-001a1ea7d7c8,f19250f3-e0cf-4ebf-b106-1c75855eb8ed,0.0000,5.5054,1.0000,0.0000,0.0000,0.0000,0.2083
592ee7ca-1e74-47ad-87ee-001a1ea7d7c8,6482a7eb-8182-43d4-8df9-1ad15f5bbf5d,2.0000,7.9586,0.5000,2.0000,2.0000,0.0000,0.2400
592ee7ca-1e74-47ad-87ee-001a1ea7d7c8,5e5e895e-dd66-4fb6-a1d2-04f02c760fd8,0.0000,7.0156,1.0000,0.0000,0.0000,0.6667,0.1739
592ee7ca-1e74-47ad-87ee-001a1ea7d7c8,ff1bb715-41ad-4a24-a31e-499bba5e889a,0.0000,6.3581,1.0000,0.0000,0.0000,0.0000,0.1739
592ee7ca-1e74-47ad-87ee-001a1ea7d7c8,9fd672d7-152c-423e-af51-4b14f62db78f,0.0000,12.8691,1.0000,0.0000,0.0000,0.6667,0.0500
592ee7ca-1e74-47ad-87ee-001a1ea7d7c8,0c07cbfe-8089-4618-8ea2-9d49c5c7676f,2.0000,9.0236,0.5000,2.0000,2.0000,0.6667,0.2400
592ee7ca-1e74-47ad-87ee-001a1ea7d7c8,2db915b4-b287-4d07-8d78-0d79e2b715e6,0.0000,14.0982,1.0000,0.0000,0.0000,0.6667,0.0500
592ee7ca-1e74-47ad-87ee-001a1ea7d7c8,1041fa72-e598-4a46-9d90-bbdb1a8c8cfa,0.0000,14.2810,1.0000,0.0000,0.0000,0.6667,0.0526
592ee7ca-1e74-47ad-87ee-001a1ea7d7c8,e2678857-49ff-42d1-9649-47b147a8ed3e,2.0000,8.3715,0.5000,2.0000,2.0000,0.6667,0.2963
592ee7ca-1e74-47ad-87ee-001a1ea7d7c8,0b2085d3-0fbc-4351-845e-5d9bccda34e5,0.0000,9.2170,1.0000,0.0000,0.0000,0.6667,0.1739
592ee7ca-1e74-47ad-87ee-001a1ea7d7c8,0abcffc0-2fc7-4385-a82f-bbe80bfd51ae,0.0000,9.7198,1.0000,0.0000,0.0000,0.6667,0.1739
592ee7ca-1e74-47ad-87ee-001a1ea7d7c8,d54c73cc-cc77-415e-aeff-dd22604f13cf,0.0000,14.2140,1.0000,0.0000,0.0000,0.6667,0.0500
592ee7ca-1e74-47ad-87ee-001a1ea7d7c8,09bf266d-b272-4968-9251-ab34779e8344,0.0000,9.7962,1.0000,0.0000,0.0000,0.6667,0.2692
592ee7ca-1e74-47ad-87ee-001a1ea7d7c8,b336cd79-f2f6-4913-b922-d1061f5fb2e1,0.0000,11.2600,1.0000,0.0000,0.0000,0.6667,0.1739
592ee7ca-1e74-47ad-87ee-001a1ea7d7c8,c6e27378-0b9e-4d40-9dbf-057217176282,0.0000,11.4210,1.0000,0.0000,0.0000,0.6667,0.1739
592ee7ca-1e74-47ad-87ee-001a1ea7d7c8,d9267fd4-495d-4d11-843c-cedddfeddabf,0.0000,4.8019,1.0000,0.0000,0.0000,0.0000,0.0952
592ee7ca-1e74-47ad-87ee-001a1ea7d7c8,8dfa57b2-e8b0-4a9a-b5b6-86dc84f15e30,2.0000,7.1475,0.5000,2.0000,2.0000,0.6667,0.3214
592ee7ca-1e74-47ad-87ee-001a1ea7d7c8,d9fa51da-ab2b-411c-a41b-ce2b5c23473b,0.0000,13.8972,1.0000,0.0000,0.0000,0.6667,0.1739
592ee7ca-1e74-47ad-87ee-001a1ea7d7c8,4895c953-8e9a-4e62-b308-61d0f4106e69,0.0000,16.0693,1.0000,0.0000,0.0000,0.6667,0.1739
592ee7ca-1e74-47ad-87ee-001a1ea7d7c8,c95936f5-0096-4c43-a2a2-4cc7a9b26504,2.0000,8.5752,0.5000,2.0000,2.0000,0.6667,0.2400
592ee7ca-1e74-47ad-87ee-001a1ea7d7c8,535f130b-68ff-4463-83b0-d04785999fbb,0.0000,5.0360,1.0000,0.0000,0.0000,0.0000,0.0500
592ee7ca-1e74-47ad-87ee-001a1ea7d7c8,5c952de4-19c5-4324-b3f4-48b0c2169833,0.0000,12.9243,1.0000,0.0000,0.0000,0.6667,0.1739
592ee7ca-1e74-47ad-87ee-001a1ea7d7c8,ced92f16-312a-4b19-addf-523cfefee6c7,0.0000,14.1849,1.0000,0.0000,0.0000,0.6667,0.2692
592ee7ca-1e74-47ad-87ee-001a1ea7d7c8,a11c3bca-9343-4869-8c77-38e616536f5e,0.0000,9.6849,1.0000,0.0000,0.0000,0.6667,0.0500
592ee7ca-1e74-47ad-87ee-001a1ea7d7c8,110b5c81-0d3f-40bb-bc0d-cd4c327ce925,2.0000,9.2977,0.5000,2.0000,2.0000,0.0000,0.2963
592ee7ca-1e74-47ad-87ee-001a1ea7d7c8,80481175-af46-455a-8bef-0c682e4c0cb6,2.0000,11.5086,0.5000,2.0000,2.0000,0.6667,0.2963
592ee7ca-1e74-47ad-87ee-001a1ea7d7c8,422a1c98-ae36-47b0-8890-a8295b6cd85c,2.0000,10.5097,0.5000,2.0000,2.0000,0.0000,0.2400
592ee7ca-1e74-47ad-87ee-001a1ea7d7c8,51d9466b-1ba9-4646-8257-1d21cb2ed954,2.0000,5.4895,0.5000,2.0000,2.0000,0.6667,0.2963
592ee7ca-1e74-47ad-87ee-001a1ea7d7c8,03e8c72b-9c28-43b3-a50c-ba09195e3e3c,0.0000,9.0547,1.0000,0.0000,0.0000,0.0000,0.1364
592ee7ca-1e74-47ad-87ee-001a1ea7d7c8,cf9b7960-9d27-4554-a98d-f1fa9bb1a5ca,2.0000,11.6940,0.5000,2.0000,2.0000,0.0000,0.4063
592ee7ca-1e74-47ad-87ee-001a1ea7d7c8,bf0dfd9e-5489-4b04-ae78-ba2facc60792,0.0000,7.3241,1.0000,0.0000,0.0000,0.0000,0.1364
592ee7ca-1e74-47ad-87ee-001a1ea7d7c8,4f2e86c2-4b73-47fc-bf83-31eb686d4ad0,0.0000,12.3599,1.0000,0.0000,0.0000,0.0000,0.0952
592ee7ca-1e74-47ad-87ee-001a1ea7d7c8,ddd56f00-e94c-4f73-bc24-d6538d02d76f,2.0000,9.7770,0.5000,2.0000,2.0000,0.0000,0.3667
592ee7ca-1e74-47ad-87ee-001a1ea7d7c8,67351bd4-8ebd-4ac5-b552-24308cef799f,2.0000,10.2055,0.5000,2.0000,2.0000,0.6667,0.3214
592ee7ca-1e74-47ad-87ee-001a1ea7d7c8,7d591389-70df-411c-93e7-2948d4c04738,0.0000,14.0985,1.0000,0.0000,0.0000,0.6667,0.0500
592ee7ca-1e74-47ad-87ee-001a1ea7d7c8,91fd5a9f-0848-4551-a1a2-9689a4125830,0.0000,10.9288,1.0000,0.0000,0.0000,0.6667,0.3214
592ee7ca-1e74-47ad-87ee-001a1ea7d7c8,ae6b3203-494b-4066-b0ba-b923b393bced,0.0000,9.4475,1.0000,0.0000,0.0000,0.0000,0.1364
592ee7ca-1e74-47ad-87ee-001a1ea7d7c8,4b0f1708-0377-46ec-b3a4-cc53fe72fcc8,0.0000,14.9316,1.0000,0.0000,0.0000,0.6667,0.1364
592ee7ca-1e74-47ad-87ee-001a1ea7d7c8,17101d7a-983e-469a-82f0-3dbd27b59660,2.0000,12.3661,0.5000,2.0000,2.0000,0.6667,0.3448
592ee7ca-1e74-47ad-87ee-001a1ea7d7c8,6c2f7b68-d439-46b0-b6c2-111ae90e59be,2.0000,7.5528,0.5000,2.0000,2.0000,0.0000,0.3214
592ee7ca-1e74-47ad-87ee-001a1ea7d7c8,b07b0e33-0c1e-489d-8b69-aa1b4ae8d2ad,0.0000,13.7701,1.0000,0.0000,0.0000,0.6667,0.1053
592ee7ca-1e74-47ad-87ee-001a1ea7d7c8,cb93662e-0aed-4f56-9500-1e7f2e128287,2.0000,8.2921,0.5000,2.0000,2.0000,0.0000,0.2963
592ee7ca-1e74-47ad-87ee-001a1ea7d7c8,5c581ce7-7a4b-4fd5-86a2-16c83a3a7b68,0.0000,1.9568,1.0000,0.0000,0.0000,0.0000,0.0952
592ee7ca-1e74-47ad-87ee-001a1ea7d7c8,f2deb05a-d512-48f4-b641-59e526831230,0.0000,10.2969,1.0000,0.0000,0.0000,0.0000,0.0000
592ee7ca-1e74-47ad-87ee-001a1ea7d7c8,2908d1db-866e-4631-a655-8ac0a0da0e28,2.0000,4.5499,0.5000,2.0000,2.0000,0.6667,0.3667
592ee7ca-1e74-47ad-87ee-001a1ea7d7c8,4481c909-2f78-4205-8334-e27d27305642,2.0000,5.2795,0.5000,2.0000,2.0000,0.6667,0.2692
592ee7ca-1e74-47ad-87ee-001a1ea7d7c8,d450f16e-59ec-490a-8ce7-7968e10dd065,2.0000,10.4044,0.5000,2.0000,2.0000,0.0000,0.3214
592ee7ca-1e74-47ad-87ee-001a1ea7d7c8,51625cea-8af7-4dca-9b2d-17750e3831ea,0.0000,11.6412,1.0000,0.0000,0.0000,0.6667,0.1364
592ee7ca-1e74-47ad-87ee-001a1ea7d7c8,bb080865-5184-4114-942e-0a1b314c8016,0.0000,7.3089,1.0000,0.0000,0.0000,0.6667,0.1739
592ee7ca-1e74-47ad-87ee-001a1ea7d7c8,8b354a1d-b301-4cd1-b271-878ba45ed85f,0.0000,11.4508,1.0000,0.0000,0.0000,0.6667,0.0952
64fbe5ce-1bef-4931-b014-c33d9e5a2054,bd16aa67-95d6-4d37-814f-48a6e42f8f31,0.0000,7.4758,1.0000,0.0000,0.0000,0.0000,0.1200
64fbe5ce-1bef-4931-b014-c33d9e5a2054,5ea95498-2879-4306-a2bc-f1d88d018de4,0.0000,15.2512,1.0000,0.0000,0.0000,0.6667,0.0909
64fbe5ce-1bef-4931-b014-c33d9e5a2054,c8084389-f635-4f4c-adf4-b23f38248ee9,2.0000,9.9919,0.5000,2.0000,2.0000,0.6667,0.2667
64fbe5ce-1bef-4931-b014-c33d9e5a2054,11b4879c-a825-4a4b-902b-f821672b9927,2.0000,12.9865,0.5000,2.0000,2.0000,0.6667,0.1852
64fbe5ce-1bef-4931-b014-c33d9e5a2054,e19561ae-403a-4d73-bdb8-ca197e40b836,0.0000,15.0452,1.0000,0.0000,0.0000,0.6667,0.0455
64fbe5ce-1bef-4931-b014-c33d9e5a2054,8b65a0a2-23de-40ad-97ec-d7a7117c8020,0.0000,9.4990,1.0000,0.0000,0.0000,0.0000,0.0435
64fbe5ce-1bef-4931-b014-c33d9e5a2054,fb457f02-79d9-4cd8-80c1-1a4cd76d2d60,0.0000,4.6133,1.0000,0.0000,0.0000,0.0000,0.0833
64fbe5ce-1bef-4931-b014-c33d9e5a2054,d92b4620-3913-44fe-852a-67ddc3c13b36,2.0000,10.3302,0.5000,2.0000,2.0000,0.6667,0.1852
64fbe5ce-1bef-4931-b014-c33d9e5a2054,76dd5051-efcd-4750-8788-d0043750910f,2.0000,12.4170,0.5000,2.0000,2.0000,0.6667,0.1538
64fbe5ce-1bef-4931-b014-c33d9e5a2054,ea1f80f0-62f3-4852-85b2-4f9c324b26a2,2.0000,12.5188,0.5000,2.0000,2.0000,0.6667,0.1852
64fbe5ce-1bef-4931-b014-c33d9e5a2054,5b372c89-6d70-4276-a9fe-d4a9ffe9e0af,0.0000,1.8507,1.0000,0.0000,0.0000,0.0000,0.0909
64fbe5ce-1bef-4931-b014-c33d9e5a2054,eb0958ef-c187-4392-95d9-d703217e20f2,0.0000,1.2593,1.0000,0.0000,0.0000,0.0000,0.0435
64fbe5ce-1bef-4931-b014-c33d9e5a2054,d600c8fd-02b9-442e-94a7-8cfcfd0902e5,0.0000,14.9936,1.0000,0.0000,0.0000,0.6667,0.1200
64fbe5ce-1bef-4931-b014-c33d9e5a2054,d43a4529-c3d6-47a7-bf16-51d83c463e35,2.0000,15.7798,0.5000,2.0000,2.0000,0.0000,0.2143
64fbe5ce-1bef-4931-b014-c33d9e5a2054,8b912a7e-96de-4da8-a91d-f1ddafa36f9b,0.0000,14.5898,1.0000,0.0000,0.0000,0.6667,0.0455
64fbe5ce-1bef-4931-b014-c33d9e5a2054,637d55e6-25d5-43aa-95e1-e71da53b4a65,2.0000,9.8971,0.5000,2.0000,2.0000,0.6667,0.2414
64fbe5ce-1bef-4931-b014-c33d9e5a2054,7a051738-24d2-4d72-bbfa-9f81c092b5d4,2.0000,14.6694,0.5000,2.0000,2.0000,0.6667,0.1538
64fbe5ce-1bef-4931-b014-c33d9e5a2054,0fcb9700-df04-4531-a3d8-d6169f91eae5,0.0000,13.2613,1.0000,0.0000,0.0000,0.6667,0.1200
64fbe5ce-1bef-4931-b014-c33d9e5a2054,e3cd235f-f77c-4448-8fe5-62434f6ef801,0.0000,18.0577,1.0000,0.0000,0.0000,0.6667,0.0455
64fbe5ce-1bef-4931-b014-c33d9e5a2054,d84d6202-1b0d-494e-83aa-282623351558,0.0000,15.4223,1.0000,0.0000,0.0000,0.0000,0.0833
64fbe5ce-1bef-4931-b014-c33d9e5a2054,fb3bb871-3382-43a6-86cf-25862db66608,2.0000,9.8703,0.5000,2.0000,2.0000,0.6667,0.2414
64fbe5ce-1bef-4931-b014-c33d9e5a2054,8b2ba48c-dea4-4586-8cdd-81d2a8b1aa73,0.0000,13.0958,1.0000,0.0000,0.0000,0.6667,0.0000
64fbe5ce-1bef-4931-b014-c33d9e5a2054,b590db6d-3092-4a48-a3cd-8b3828f6fd97,0.0000,9.1659,1.0000,0.0000,0.0000,0.0000,0.0455
64fbe5ce-1bef-4931-b014-c33d9e5a2054,1079305f-65fb-473e-9658-e7251b0824be,0.0000,9.3911,1.0000,0.0000,0.0000,0.6667,0.1818
64fbe5ce-1bef-4931-b014-c33d9e5a2054,efdea335-b7fb-4a9f-b55c-05e6f649b42f,2.0000,14.5730,0.5000,2.0000,2.0000,0.6667,0.1852
64fbe5ce-1bef-4931-b014-c33d9e5a2054,2a753e87-dc5b-4f7e-8441-59141fcc0cb2,0.0000,5.1127,1.0000,0.0000,0.0000,0.0000,0.0833
64fbe5ce-1bef-4931-b014-c33d9e5a2054,09ce3282-4e7d-43e3-aad0-d8ba479e152e,0.0000,12.2251,1.0000,0.0000,0.0000,0.6667,0.0455
64fbe5ce-1bef-4931-b014-c33d9e5a2054,130e102a-345e-41bc-8c2b-f9eddef31bd5,0.0000,9.3783,1.0000,0.0000,0.0000,0.6667,0.0833
64fbe5ce-1bef-4931-b014-c33d9e5a2054,9ded00ab-0866-4032-92bf-5dc8fdc4d243,2.0000,12.0817,0.5000,2.0000,2.0000,0.6667,0.0833
64fbe5ce-1bef-4931-b014-c33d9e5a2054,5d4d9a94-6aaa-4bbe-b639-a0eeb4e1c088,2.0000,11.0789,0.5000,2.0000,2.0000,0.6667,0.2143
64fbe5ce-1bef-4931-b014-c33d9e5a2054,a8c5b81e-599a-4ed1-901b-356d1fc94e84,0.0000,19.1743,1.0000,0.0000,0.0000,0.6667,0.0909
64fbe5ce-1bef-4931-b014-c33d9e5a2054,f19250f3-e0cf-4ebf-b106-1c75855eb8ed,0.0000,19.4493,1.0000,0.0000,0.0000,0.6667,0.0833
64fbe5ce-1bef-4931-b014-c33d9e5a2054,6482a7eb-8182-43d4-8df9-1ad15f5bbf5d,2.0000,12.8983,0.5000,2.0000,2.0000,0.6667,0.1200
64fbe5ce-1bef-4931-b014-c33d9e5a2054,5e5e895e-dd66-4fb6-a1d2-04f02c760fd8,0.0000,16.5780,1.0000,0.0000,0.0000,0.6667,0.0435
64fbe5ce-1bef-4931-b014-c33d9e5a2054,ff1bb715-41ad-4a24-a31e-499bba5e889a,0.0000,11.3556,1.0000,0.0000,0.0000,0.6667,0.0435
64fbe5ce-1bef-4931-b014-c33d9e5a2054,9fd672d7-152c-423e-af51-4b14f62db78f,0.0000,9.3490,1.0000,0.0000,0.0000,0.0000,0.0909
64fbe5ce-1bef-4931-b014-c33d9e5a2054,0c07cbfe-8089-4618-8ea2-9d49c5c7676f,2.0000,8.3765,0.5000,2.0000,2.0000,0.6667,0.1200
64fbe5ce-1bef-4931-b014-c33d9e5a2054,2db915b4-b287-4d07-8d78-0d79e2b715e6,0.0000,8.8967,1.0000,0.0000,0.0000,0.0000,0.0909
64fbe5ce-1bef-4931-b014-c33d9e5a2054,1041fa72-e598-4a46-9d90-bbdb1a8c8cfa,0.0000,4.7766,1.0000,0.0000,0.0000,0.0000,0.1818
64fbe5ce-1bef-4931-b014-c33d9e5a2054,e2678857-49ff-42d1-9649-47b147a8ed3e,2.0000,13.5153,0.5000,2.0000,2.0000,0.0000,0.1852
64fbe5ce-1bef-4931-b014-c33d9e5a2054,0b2085d3-0fbc-4351-845e-5d9bccda34e5,0.0000,13.7869,1.0000,0.0000,0.0000,0.0000,0.0435
64fbe5ce-1bef-4931-b014-c33d9e5a2054,0abcffc0-2fc7-4385-a82f-bbe80bfd51ae,0.0000,8.4433,1.0000,0.0000,0.0000,0.0000,0.0435
64fbe5ce-1bef-4931-b014-c33d9e5a2054,d54c73cc-cc77-415e-aeff-dd22604f13cf,0.0000,4.7554,1.0000,0.0000,0.0000,0.0000,0.0909
64fbe5ce-1bef-4931-b014-c33d9e5a2054,09bf266d-b272-4968-9251-ab34779e8344,0.0000,11.9854,1.0000,0.0000,0.0000,0.6667,0.1538
64fbe5ce-1bef-4931-b014-c33d9e5a2054,b336cd79-f2f6-4913-b922-d1061f5fb2e1,0.0000,7.7263,1.0000,0.0000,0.0000,0.0000,0.0435
64fbe5ce-1bef-4931-b014-c33d9e5a2054,c6e27378-0b9e-4d40-9dbf-057217176282,0.0000,8.5023,1.0000,0.0000,0.0000,0.0000,0.0435
64fbe5ce-1bef-4931-b014-c33d9e5a2054,d9267fd4-495d-4d11-843c-cedddfeddabf,0.0000,14.1321,1.0000,0.0000,0.0000,0.6667,0.0455
64fbe5ce-1bef-4931-b014-c33d9e5a2054,8dfa57b2-e8b0-4a9a-b5b6-86dc84f15e30,2.0000,14.2389,0.5000,2.0000,2.0000,0.6667,0.2143
64fbe5ce-1bef-4931-b014-c33d9e5a2054,d9fa51da-ab2b-411c-a41b-ce2b5c23473b,0.0000,7.7379,1.0000,0.0000,0.0000,0.0000,0.0435
64fbe5ce-1bef-4931-b014-c33d9e5a2054,4895c953-8e9a-4e62-b308-61d0f4106e69,0.0000,2.0538,1.0000,0.0000,0.0000,0.0000,0.0435
64fbe5ce-1bef-4931-b014-c33d9e5a2054,c95936f5-0096-4c43-a2a2-4cc7a9b26504,2.0000,10.9644,0.5000,2.0000,2.0000,0.0000,0.1200
64fbe5ce-1bef-4931-b014-c33d9e5a2054,535f130b-68ff-4463-83b0-d04785999fbb,0.0000,18.8372,1.0000,0.0000,0.0000,0.6667,0.0909
64fbe5ce-1bef-4931-b014-c33d9e5a2054,5c952de4-19c5-4324-b3f4-48b0c2169833,0.0000,6.4712,1.0000,0.0000,0.0000,0.0000,0.0435
64fbe5ce-1bef-4931-b014-c33d9e5a2054,ced92f16-312a-4b19-addf-523cfefee6c7,0.0000,7.9687,1.0000,0.0000,0.0000,0.0000,0.1538
64fbe5ce-1bef-4931-b014-c33d9e5a2054,a11c3bca-9343-4869-8c77-38e616536f5e,0.0000,9.1390,1.0000,0.0000,0.0000,0.0000,0.0909
64fbe5ce-1bef-4931-b014-c33d9e5a2054,110b5c81-0d3f-40bb-bc0d-cd4c327ce925,2.0000,14.0402,0.5000,2.0000,2.0000,0.6667,0.1852
64fbe5ce-1bef-4931-b014-c33d9e5a2054,80481175-af46-455a-8bef-0c682e4c0cb6,2.0000,8.5903,0.5000,2.0000,2.0000,0.0000,0.1852
64fbe5ce-1bef-4931-b014-c33d9e5a2054,422a1c98-ae36-47b0-8890-a8295b6cd85c,2.0000,9.2926,0.5000,2.0000,2.0000,0.6667,0.1200
64fbe5ce-1bef-4931-b014-c33d9e5a2054,51d9466b-1ba9-4646-8257-1d21cb2ed954,2.0000,13.0402,0.5000,2.0000,2.0000,0.0000,0.1852
64fbe5ce-1bef-4931-b014-c33d9e5a2054,03e8c72b-9c28-43b3-a50c-ba09195e3e3c,0.0000,13.9448,1.0000,0.0000,0.0000,0.6667,0.0000
64fbe5ce-1bef-4931-b014-c33d9e5a2054,cf9b7960-9d27-4554-a98d-f1fa9bb1a5ca,2.0000,9.3981,0.5000,2.0000,2.0000,0.6667,0.3125
64fbe5ce-1bef-4931-b014-c33d9e5a2054,bf0dfd9e-5489-4b04-ae78-ba2facc60792,0.0000,16.9610,1.0000,0.0000,0.0000,0.6667,0.0000
64fbe5ce-1bef-4931-b014-c33d9e5a2054,4f2e86c2-4b73-47fc-bf83-31eb686d4ad0,0.0000,12.3294,1.0000,0.0000,0.0000,0.6667,0.0455
64fbe5ce-1bef-4931-b014-c33d9e5a2054,ddd56f00-e94c-4f73-bc24-d6538d02d76f,2.0000,7.7361,0.5000,2.0000,2.0000,0.6667,0.2667
64fbe5ce-1bef-4931-b014-c33d9e5a2054,67351bd4-8ebd-4ac5-b552-24308cef799f,2.0000,11.8721,0.5000,2.0000,2.0000,0.0000,0.2143
64fbe5ce-1bef-4931-b014-c33d9e5a2054,7d591389-70df-411c-93e7-2948d4c04738,0.0000,6.8768,1.0000,0.0000,0.0000,0.0000,0.0909
64fbe5ce-1bef-4931-b014-c33d9e5a2054,91fd5a9f-0848-4551-a1a2-9689a4125830,0.0000,8.0544,1.0000,0.0000,0.0000,0.0000,0.2143
64fbe5ce-1bef-4931-b014-c33d9e5a2054,ae6b3203-494b-4066-b0ba-b923b393bced,0.0000,16.6816,1.0000,0.0000,0.0000,0.6667,0.0000
64fbe5ce-1bef-4931-b014-c33d9e5a2054,4b0f1708-0377-46ec-b3a4-cc53fe72fcc8,0.0000,12.5782,1.0000,0.0000,0.0000,0.6667,0.0000
64fbe5ce-1bef-4931-b014-c33d9e5a2054,17101d7a-983e-469a-82f0-3dbd27b59660,2.0000,6.9452,0.5000,2.0000,2.0000,0.0000,0.2414
64fbe5ce-1bef-4931-b014-c33d9e5a2054,6c2f7b68-d439-46b0-b6c2-111ae90e59be,2.0000,14.1884,0.5000,2.0000,2.0000,0.6667,0.2143
64fbe5ce-1bef-4931-b014-c33d9e5a2054,b07b0e33-0c1e-489d-8b69-aa1b4ae8d2ad,0.0000,14.8514,1.0000,0.0000,0.0000,0.6667,0.2273
64fbe5ce-1bef-4931-b014-c33d9e5a2054,cb93662e-0aed-4f56-9500-1e7f2e128287,2.0000,12.0126,0.5000,2.0000,2.0000,0.6667,0.1852
64fbe5ce-1bef-4931-b014-c33d9e5a2054,5c581ce7-7a4b-4fd5-86a2-16c83a3a7b68,0.0000,16.4374,1.0000,0.0000,0.0000,0.6667,0.0455
64fbe5ce-1bef-4931-b014-c33d9e5a2054,f2deb05a-d512-48f4-b641-59e526831230,0.0000,14.0808,1.0000,0.0000,0.0000,0.6667,0.1364
64fbe5ce-1bef-4931-b014-c33d9e5a2054,2908d1db-866e-4631-a655-8ac0a0da0e28,2.0000,16.2524,0.5000,2.0000,2.0000,0.6667,0.2667
64fbe5ce-1bef-4931-b014-c33d9e5a2054,4481c909-2f78-4205-8334-e27d27305642,2.0000,13.3615,0.5000,2.0000,2.0000,0.6667,0.1538
64fbe5ce-1bef-4931-b014-c33d9e5a2054,d450f16e-59ec-490a-8ce7-7968e10dd065,2.0000,9.8685,0.5000,2.0000,2.0000,0.6667,0.2143
64fbe5ce-1bef-4931-b014-c33d9e5a2054,51625cea-8af7-4dca-9b2d-17750e3831ea,0.0000,9.2462,1.0000,0.0000,0.0000,0.0000,0.0000
64fbe5ce-1bef-4931-b014-c33d9e5a2054,bb080865-5184-4114-942e-0a1b314c8016,0.0000,14.1775,1.0000,0.0000,0.0000,0.0000,0.0435
64fbe5ce-1bef-4931-b014-c33d9e5a2054,8b354a1d-b301-4cd1-b271-878ba45ed85f,0.0000,8.7433,1.0000,0.0000,0.0000,0.0000,0.0455
bd16aa67-95d6-4d37-814f-48a6e42f8f31,5ea95498-2879-4306-a2bc-f1d88d018de4,0.0000,8.9734,1.0000,0.0000,0.0000,0.6667,0.2000
bd16aa67-95d6-4d37-814f-48a6e42f8f31,c8084389-f635-4f4c-adf4-b23f38248ee9,2.0000,7.4406,0.5000,2.0000,2.0000,0.6667,0.1667
bd16aa67-95d6-4d37-814f-48a6e42f8f31,11b4879c-a825-4a4b-902b-f821672b9927,2.0000,11.1558,0.5000,2.0000,2.0000,0.6667,0.0741
bd16aa67-95d6-4d37-814f-48a6e42f8f31,e19561ae-403a-4d73-bdb8-ca197e40b836,0.0000,8.6547,1.0000,0.0000,0.0000,0.6667,0.1600
bd16aa67-95d6-4d37-814f-48a6e42f8f31,8b65a0a2-23de-40ad-97ec-d7a7117c8020,0.0000,11.1499,1.0000,0.0000,0.0000,0.0000,0.0800
bd16aa67-95d6-4d37-814f-48a6e42f8f31,fb457f02-79d9-4cd8-80c1-1a4cd76d2d60,0.0000,9.8246,1.0000,0.0000,0.0000,0.0000,0.0400
bd16aa67-95d6-4d37-814f-48a6e42f8f31,d92b4620-3913-44fe-852a-67ddc3c13b36,2.0000,5.4737,0.5000,2.0000,2.0000,0.6667,0.0741
bd16aa67-95d6-4d37-814f-48a6e42f8f31,76dd5051-efcd-4750-8788-d0043750910f,2.0000,9.4464,0.5000,2.0000,2.0000,0.6667,0.0385
bd16aa67-95d6-4d37-814f-48a6e42f8f31,ea1f80f0-62f3-4852-85b2-4f9c324b26a2,2.0000,10.9060,0.5000,2.0000,2.0000,0.6667,0.0741
bd16aa67-95d6-4d37-814f-48a6e42f8f31,5b372c89-6d70-4276-a9fe-d4a9ffe9e0af,0.0000,6.8559,1.0000,0.0000,0.0000,0.0000,0.2000
bd16aa67-95d6-4d37-814f-48a6e42f8f31,eb0958ef-c187-4392-95d9-d703217e20f2,0.0000,6.7656,1.0000,0.0000,0.0000,0.0000,0.0800
bd16aa67-95d6-4d37-814f-48a6e42f8f31,d600c8fd-02b9-442e-94a7-8cfcfd0902e5,0.0000,12.4865,1.0000,0.0000,0.0000,0.6667,0.0000
bd16aa67-95d6-4d37-814f-48a6e42f8f31,d43a4529-c3d6-47a7-bf16-51d83c463e35,2.0000,9.9170,0.5000,2.0000,2.0000,0.0000,0.1071
bd16aa67-95d6-4d37-814f-48a6e42f8f31,8b912a7e-96de-4da8-a91d-f1ddafa36f9b,0.0000,14.5461,1.0000,0.0000,0.0000,0.6667,0.1600
bd16aa67-95d6-4d37-814f-48a6e42f8f31,637d55e6-25d5-43aa-95e1-e71da53b4a65,2.0000,8.9823,0.5000,2.0000,2.0000,0.6667,0.1379
bd16aa67-95d6-4d37-814f-48a6e42f8f31,7a051738-24d2-4d72-bbfa-9f81c092b5d4,2.0000,10.2087,0.5000,2.0000,2.0000,0.6667,0.0385
bd16aa67-95d6-4d37-814f-48a6e42f8f31,0fcb9700-df04-4531-a3d8-d6169f91eae5,0.0000,10.4364,1.0000,0.0000,0.0000,0.6667,0.0000
bd16aa67-95d6-4d37-814f-48a6e42f8f31,e3cd235f-f77c-4448-8fe5-62434f6ef801,0.0000,16.0031,1.0000,0.0000,0.0000,0.6667,0.1600
bd16aa67-95d6-4d37-814f-48a6e42f8f31,d84d6202-1b0d-494e-83aa-282623351558,0.0000,15.2948,1.0000,0.0000,0.0000,0.0000,0.0400
bd16aa67-95d6-4d37-814f-48a6e42f8f31,fb3bb871-3382-43a6-86cf-25862db66608,2.0000,7.5614,0.5000,2.0000,2.0000,0.6667,0.1379
bd16aa67-95d6-4d37-814f-48a6e42f8f31,8b2ba48c-dea4-4586-8cdd-81d2a8b1aa73,0.0000,8.7282,1.0000,0.0000,0.0000,0.6667,0.1200
bd16aa67-95d6-4d37-814f-48a6e42f8f31,b590db6d-3092-4a48-a3cd-8b3828f6fd97,0.0000,11.7499,1.0000,0.0000,0.0000,0.0000,0.1600
bd16aa67-95d6-4d37-814f-48a6e42f8f31,1079305f-65fb-473e-9658-e7251b0824be,0.0000,6.9197,1.0000,0.0000,0.0000,0.6667,0.2800
bd16aa67-95d6-4d37-814f-48a6e42f8f31,efdea335-b7fb-4a9f-b55c-05e6f649b42f,2.0000,10.1094,0.5000,2.0000,2.0000,0.6667,0.0741
bd16aa67-95d6-4d37-814f-48a6e42f8f31,2a753e87-dc5b-4f7e-8441-59141fcc0cb2,0.0000,8.3455,1.0000,0.0000,0.0000,0.0000,0.0400
bd16aa67-95d6-4d37-814f-48a6e42f8f31,09ce3282-4e7d-43e3-aad0-d8ba479e152e,0.0000,9.1658,1.0000,0.0000,0.0000,0.6667,0.1600
bd16aa67-95d6-4d37-814f-48a6e42f8f31,130e102a-345e-41bc-8c2b-f9eddef31bd5,0.0000,6.8773,1.0000,0.0000,0.0000,0.6667,0.0400
bd16aa67-95d6-4d37-814f-48a6e42f8f31,9ded00ab-0866-4032-92bf-5dc8fdc4d243,2.0000,9.5078,0.5000,2.0000,2.0000,0.6667,0.0400
bd16aa67-95d6-4d37-814f-48a6e42f8f31,5d4d9a94-6aaa-4bbe-b639-a0eeb4e1c088,2.0000,9.6407,0.5000,2.0000,2.0000,0.6667,0.1071
bd16aa67-95d6-4d37-814f-48a6e42f8f31,a8c5b81e-599a-4ed1-901b-356d1fc94e84,0.0000,15.3228,1.0000,0.0000,0.0000,0.6667,0.2000
bd16aa67-95d6-4d37-814f-48a6e42f8f31,f19250f3-e0cf-4ebf-b106-1c75855eb8ed,0.0000,15.2528,1.0000,0.0000,0.0000,0.6667,0.0400
bd16aa67-95d6-4d37-814f-48a6e42f8f31,6482a7eb-8182-43d4-8df9-1ad15f5bbf5d,2.0000,10.2515,0.5000,2.0000,2.0000,0.6667,0.0000
bd16aa67-95d6-4d37-814f-48a6e42f8f31,5e5e895e-dd66-4fb6-a1d2-04f02c760fd8,0.0000,13.9837,1.0000,0.0000,0.0000,0.6667,0.0800
bd16aa67-95d6-4d37-814f-48a6e42f8f31,ff1bb715-41ad-4a24-a31e-499bba5e889a,0.0000,8.6207,1.0000,0.0000,0.0000,0.6667,0.0800
bd16aa67-95d6-4d37-814f-48a6e42f8f31,9fd672d7-152c-423e-af51-4b14f62db78f,0.0000,8.6019,1.0000,0.0000,0.0000,0.0000,0.2000
bd16aa67-95d6-4d37-814f-48a6e42f8f31,0c07cbfe-8089-4618-8ea2-9d49c5c7676f,2.0000,6.0552,0.5000,2.0000,2.0000,0.6667,0.0000
bd16aa67-95d6-4d37-814f-48a6e42f8f31,2db915b4-b287-4d07-8d78-0d79e2b715e6,0.0000,11.6580,1.0000,0.0000,0.0000,0.0000,0.2000
bd16aa67-95d6-4d37-814f-48a6e42f8f31,1041fa72-e598-4a46-9d90-bbdb1a8c8cfa,0.0000,11.0289,1.0000,0.0000,0.0000,0.0000,0.2800
bd16aa67-95d6-4d37-814f-48a6e42f8f31,e2678857-49ff-42d1-9649-47b147a8ed3e,2.0000,12.7987,0.5000,2.0000,2.0000,0.0000,0.0741
bd16aa67-95d6-4d37-814f-48a6e42f8f31,0b2085d3-0fbc-4351-845e-5d9bccda34e5,0.0000,10.1579,1.0000,0.0000,0.0000,0.0000,0.0800
bd16aa67-95d6-4d37-814f-48a6e42f8f31,0abcffc0-2fc7-4385-a82f-bbe80bfd51ae,0.0000,3.0067,1.0000,0.0000,0.0000,0.0000,0.0800
bd16aa67-95d6-4d37-814f-48a6e42f8f31,d54c73cc-cc77-415e-aeff-dd22604f13cf,0.0000,9.0307,1.0000,0.0000,0.0000,0.0000,0.2000
bd16aa67-95d6-4d37-814f-48a6e42f8f31,09bf266d-b272-4968-9251-ab34779e8344,0.0000,8.8405,1.0000,0.0000,0.0000,0.6667,0.0385
bd16aa67-95d6-4d37-814f-48a6e42f8f31,b336cd79-f2f6-4913-b922-d1061f5fb2e1,0.0000,4.7761,1.0000,0.0000,0.0000,0.0000,0.0800
bd16aa67-95d6-4d37-814f-48a6e42f8f31,c6e27378-0b9e-4d40-9dbf-057217176282,0.0000,6.1922,1.0000,0.0000,0.0000,0.0000,0.0800
bd16aa67-95d6-4d37-814f-48a6e42f8f31,d9267fd4-495d-4d11-843c-cedddfeddabf,0.0000,11.0161,1.0000,0.0000,0.0000,0.6667,0.1600
bd16aa67-95d6-4d37-814f-48a6e42f8f31,8dfa57b2-e8b0-4a9a-b5b6-86dc84f15e30,2.0000,7.6762,0.5000,2.0000,2.0000,0.6667,0.1071
bd16aa67-95d6-4d37-814f-48a6e42f8f31,d9fa51da-ab2b-411c-a41b-ce2b5c23473b,0.0000,10.2726,1.0000,0.0000,0.0000,0.0000,0.0800
bd16aa67-95d6-4d37-814f-48a6e42f8f31,4895c953-8e9a-4e62-b308-61d0f4106e69,0.0000,8.0193,1.0000,0.0000,0.0000,0.0000,0.0800
bd16aa67-95d6-4d37-814f-48a6e42f8f31,c95936f5-0096-4c43-a2a2-4cc7a9b26504,2.0000,9.8331,0.5000,2.0000,2.0000,0.0000,0.0000
bd16aa67-95d6-4d37-814f-48a6e42f8f31,535f130b-68ff-4463-83b0-d04785999fbb,0.0000,14.9377,1.0000,0.0000,0.0000,0.6667,0.2000
bd16aa67-95d6-4d37-814f-48a6e42f8f31,5c952de4-19c5-4324-b3f4-48b0c2169833,0.0000,3.4500,1.0000,0.0000,0.0000,0.0000,0.0800
bd16aa67-95d6-4d37-814f-48a6e42f8f31,ced92f16-312a-4b19-addf-523cfefee6c7,0.0000,10.7753,1.0000,0.0000,0.0000,0.0000,0.0385
bd16aa67-95d6-4d37-814f-48a6e42f8f31,a11c3bca-9343-4869-8c77-38e616536f5e,0.0000,6.8948,1.0000,0.0000,0.0000,0.0000,0.2000
bd16aa67-95d6-4d37-814f-48a6e42f8f31,110b5c81-0d3f-40bb-bc0d-cd4c327ce925,2.0000,9.6748,0.5000,2.0000,2.0000,0.6667,0.0741
bd16aa67-95d6-4d37-814f-48a6e42f8f31,80481175-af46-455a-8bef-0c682e4c0cb6,2.0000,5.9400,0.5000,2.0000,2.0000,0.0000,0.0741
bd16aa67-95d6-4d37-814f-48a6e42f8f31,422a1c98-ae36-47b0-8890-a8295b6cd85c,2.0000,9.5252,0.5000,2.0000,2.0000,0.6667,0.0000
bd16aa67-95d6-4d37-814f-48a6e42f8f31,51d9466b-1ba9-4646-8257-1d21cb2ed954,2.0000,7.8466,0.5000,2.0000,2.0000,0.0000,0.0741
bd16aa67-95d6-4d37-814f-48a6e42f8f31,03e8c72b-9c28-43b3-a50c-ba09195e3e3c,0.0000,11.1441,1.0000,0.0000,0.0000,0.6667,0.1200
bd16aa67-95d6-4d37-814f-48a6e42f8f31,cf9b7960-9d27-4554-a98d-f1fa9bb1a5ca,2.0000,6.8366,0.5000,2.0000,2.0000,0.6667,0.2188
bd16aa67-95d6-4d37-814f-48a6e42f8f31,bf0dfd9e-5489-4b04-ae78-ba2facc60792,0.0000,14.5233,1.0000,0.0000,0.0000,0.6667,0.1200
bd16aa67-95d6-4d37-814f-48a6e42f8f31,4f2e86c2-4b73-47fc-bf83-31eb686d4ad0,0.0000,11.9353,1.0000,0.0000,0.0000,0.6667,0.1600
bd16aa67-95d6-4d37-814f-48a6e42f8f31,ddd56f00-e94c-4f73-bc24-d6538d02d76f,2.0000,5.6225,0.5000,2.0000,2.0000,0.6667,0.1667
bd16aa67-95d6-4d37-814f-48a6e42f8f31,67351bd4-8ebd-4ac5-b552-24308cef799f,2.0000,7.2539,0.5000,2.0000,2.0000,0.0000,0.1071
bd16aa67-95d6-4d37-814f-48a6e42f8f31,7d591389-70df-411c-93e7-2948d4c04738,0.0000,6.0922,1.0000,0.0000,0.0000,0.0000,0.2000
bd16aa67-95d6-4d37-814f-48a6e42f8f31,91fd5a9f-0848-4551-a1a2-9689a4125830,0.0000,0.8041,1.0000,0.0000,0.0000,0.0000,0.1071
bd16aa67-95d6-4d37-814f-48a6e42f8f31,ae6b3203-494b-4066-b0ba-b923b393bced,0.0000,14.9667,1.0000,0.0000,0.0000,0.6667,0.1200
bd16aa67-95d6-4d37-814f-48a6e42f8f31,4b0f1708-0377-46ec-b3a4-cc53fe72fcc8,0.0000,10.5606,1.0000,0.0000,0.0000,0.6667,0.1200
bd16aa67-95d6-4d37-814f-48a6e42f8f31,17101d7a-983e-469a-82f0-3dbd27b59660,2.0000,2.9458,0.5000,2.0000,2.0000,0.0000,0.1379
bd16aa67-95d6-4d37-814f-48a6e42f8f31,6c2f7b68-d439-46b0-b6c2-111ae90e59be,2.0000,11.9398,0.5000,2.0000,2.0000,0.6667,0.1071
bd16aa67-95d6-4d37-814f-48a6e42f8f31,b07b0e33-0c1e-489d-8b69-aa1b4ae8d2ad,0.0000,12.6963,1.0000,0.0000,0.0000,0.6667,0.3200
bd16aa67-95d6-4d37-814f-48a6e42f8f31,cb93662e-0aed-4f56-9500-1e7f2e128287,2.0000,9.6769,0.5000,2.0000,2.0000,0.6667,0.0741
bd16aa67-95d6-4d37-814f-48a6e42f8f31,5c581ce7-7a4b-4fd5-86a2-16c83a3a7b68,0.0000,11.4679,1.0000,0.0000,0.0000,0.6667,0.1600
bd16aa67-95d6-4d37-814f-48a6e42f8f31,f2deb05a-d512-48f4-b641-59e526831230,0.0000,12.3866,1.0000,0.0000,0.0000,0.6667,0.2400
bd16aa67-95d6-4d37-814f-48a6e42f8f31,2908d1db-866e-4631-a655-8ac0a0da0e28,2.0000,12.2326,0.5000,2.0000,2.0000,0.6667,0.1667
bd16aa67-95d6-4d37-814f-48a6e42f8f31,4481c909-2f78-4205-8334-e27d27305642,2.0000,8.0583,0.5000,2.0000,2.0000,0.6667,0.0385
bd16aa67-95d6-4d37-814f-48a6e42f8f31,d450f16e-59ec-490a-8ce7-7968e10dd065,2.0000,8.8811,0.5000,2.0000,2.0000,0.6667,0.1071
bd16aa67-95d6-4d37-814f-48a6e42f8f31,51625cea-8af7-4dca-9b2d-17750e3831ea,0.0000,6.2421,1.0000,0.0000,0.0000,0.0000,0.1200
bd16aa67-95d6-4d37-814f-48a6e42f8f31,bb080865-5184-4114-942e-0a1b314c8016,0.0000,8.6727,1.0000,0.0000,0.0000,0.0000,0.0800
bd16aa67-95d6-4d37-814f-48a6e42f8f31,8b354a1d-b301-4cd1-b271-878ba45ed85f,0.0000,6.1569,1.0000,0.0000,0.0000,0.0000,0.1600
5ea95498-2879-4306-a2bc-f1d88d018de4,c8084389-f635-4f4c-adf4-b23f38248ee9,2.0000,10.9034,0.5000,2.0000,2.0000,0.6667,0.3333
5ea95498-2879-4306-a2bc-f1d88d018de4,11b4879c-a825-4a4b-902b-f821672b9927,2.0000,12.1686,0.5000,2.0000,2.0000,0.6667,0.2593
5ea95498-2879-4306-a2bc-f1d88d018de4,e19561ae-403a-4d73-bdb8-ca197e40b836,0.0000,1.4092,1.0000,0.0000,0.0000,0.0000,0.0476
5ea95498-2879-4306-a2bc-f1d88d018de4,8b65a0a2-23de-40ad-97ec-d7a7117c8020,0.0000,14.6166,1.0000,0.0000,0.0000,0.6667,0.1304
5ea95498-2879-4306-a2bc-f1d88d018de4,fb457f02-79d9-4cd8-80c1-1a4cd76d2d60,0.0000,14.4627,1.0000,0.0000,0.0000,0.6667,0.1667
5ea95498-2879-4306-a2bc-f1d88d018de4,d92b4620-3913-44fe-852a-67ddc3c13b36,2.0000,5.6656,0.5000,2.0000,2.0000,0.0000,0.2593
5ea95498-2879-4306-a2bc-f1d88d018de4,76dd5051-efcd-4750-8788-d0043750910f,2.0000,9.7890,0.5000,2.0000,2.0000,0.0000,0.2308
5ea95498-2879-4306-a2bc-f1d88d018de4,ea1f80f0-62f3-4852-85b2-4f9c324b26a2,2.0000,8.7206,0.5000,2.0000,2.0000,0.0000,0.2593
5ea95498-2879-4306-a2bc-f1d88d018de4,5b372c89-6d70-4276-a9fe-d4a9ffe9e0af,0.0000,14.9757,1.0000,0.0000,0.0000,0.6667,0.0000
5ea95498-2879-4306-a2bc-f1d88d018de4,eb0958ef-c187-4392-95d9-d703217e20f2,0.0000,14.5376,1.0000,0.0000,0.0000,0.6667,0.1304
5ea95498-2879-4306-a2bc-f1d88d018de4,d600c8fd-02b9-442e-94a7-8cfcfd0902e5,0.0000,7.2298,1.0000,0.0000,0.0000,0.0000,0.2000
5ea95498-2879-4306-a2bc-f1d88d018de4,d43a4529-c3d6-47a7-bf16-51d83c463e35,2.0000,5.8538,0.5000,2.0000,2.0000,0.6667,0.2857
5ea95498-2879-4306-a2bc-f1d88d018de4,8b912a7e-96de-4da8-a91d-f1ddafa36f9b,0.0000,13.2597,1.0000,0.0000,0.0000,0.0000,0.0476
5ea95498-2879-4306-a2bc-f1d88d018de4,637d55e6-25d5-43aa-95e1-e71da53b4a65,2.0000,8.1868,0.5000,2.0000,2.0000,0.0000,0.3103
5ea95498-2879-4306-a2bc-f1d88d018de4,7a051738-24d2-4d72-bbfa-9f81c092b5d4,2.0000,6.9934,0.5000,2.0000,2.0000,0.6667,0.2308
5ea95498-2879-4306-a2bc-f1d88d018de4,0fcb9700-df04-4531-a3d8-d6169f91eae5,0.0000,10.4032,1.0000,0.0000,0.0000,0.0000,0.2000
5ea95498-2879-4306-a2bc-f1d88d018de4,e3cd235f-f77c-4448-8fe5-62434f6ef801,0.0000,9.8005,1.0000,0.0000,0.0000,0.0000,0.0476
5ea95498-2879-4306-a2bc-f1d88d018de4,d84d6202-1b0d-494e-83aa-282623351558,0.0000,14.6223,1.0000,0.0000,0.0000,0.6667,0.1667
5ea95498-2879-4306-a2bc-f1d88d018de4,fb3bb871-3382-43a6-86cf-25862db66608,2.0000,8.6715,0.5000,2.0000,2.0000,0.6667,0.3103
5ea95498-2879-4306-a2bc-f1d88d018de4,8b2ba48c-dea4-4586-8cdd-81d2a8b1aa73,0.0000,8.6003,1.0000,0.0000,0.0000,0.0000,0.0909
5ea95498-2879-4306-a2bc-f1d88d018de4,b590db6d-3092-4a48-a3cd-8b3828f6fd97,0.0000,15.6152,1.0000,0.0000,0.0000,0.6667,0.0476
5ea95498-2879-4306-a2bc-f1d88d018de4,1079305f-65fb-473e-9658-e7251b0824be,0.0000,9.3307,1.0000,0.0000,0.0000,0.6667,0.1000
5ea95498-2879-4306-a2bc-f1d88d018de4,efdea335-b7fb-4a9f-b55c-05e6f649b42f,2.0000,7.7699,0.5000,2.0000,2.0000,0.0000,0.2593
5ea95498-2879-4306-a2bc-f1d88d018de4,2a753e87-dc5b-4f7e-8441-59141fcc0cb2,0.0000,13.6047,1.0000,0.0000,0.0000,0.6667,0.1667
5ea95498-2879-4306-a2bc-f1d88d018de4,09ce3282-4e7d-43e3-aad0-d8ba479e152e,0.0000,5.6180,1.0000,0.0000,0.0000,0.0000,0.0476
5ea95498-2879-4306-a2bc-f1d88d018de4,130e102a-345e-41bc-8c2b-f9eddef31bd5,0.0000,9.3528,1.0000,0.0000,0.0000,0.0000,0.1667
5ea95498-2879-4306-a2bc-f1d88d018de4,9ded00ab-0866-4032-92bf-5dc8fdc4d243,2.0000,8.0230,0.5000,2.0000,2.0000,0.6667,0.1667
5ea95498-2879-4306-a2bc-f1d88d018de4,5d4d9a94-6aaa-4bbe-b639-a0eeb4e1c088,2.0000,10.8232,0.5000,2.0000,2.0000,0.6667,0.2857
5ea95498-2879-4306-a2bc-f1d88d018de4,a8c5b81e-599a-4ed1-901b-356d1fc94e84,0.0000,8.7020,1.0000,0.0000,0.0000,0.0000,0.0000
5ea95498-2879-4306-a2bc-f1d88d018de4,f19250f3-e0cf-4ebf-b106-1c75855eb8ed,0.0000,8.9421,1.0000,0.0000,0.0000,0.0000,0.1667
5ea95498-2879-4306-a2bc-f1d88d018de4,6482a7eb-8182-43d4-8df9-1ad15f5bbf5d,2.0000,6.1154,0.5000,2.0000,2.0000,0.0000,0.2000
5ea95498-2879-4306-a2bc-f1d88d018de4,5e5e895e-dd66-4fb6-a1d2-04f02c760fd8,0.0000,10.6885,1.0000,0.0000,0.0000,0.6667,0.1304
5ea95498-2879-4306-a2bc-f1d88d018de4,ff1bb715-41ad-4a24-a31e-499bba5e889a,0.0000,5.1640,1.0000,0.0000,0.0000,0.0000,0.1304
5ea95498-2879-4306-a2bc-f1d88d018de4,9fd672d7-152c-423e-af51-4b14f62db78f,0.0000,9.8824,1.0000,0.0000,0.0000,0.6667,0.0000
5ea95498-2879-4306-a2bc-f1d88d018de4,0c07cbfe-8089-4618-8ea2-9d49c5c7676f,2.0000,7.2532,0.5000,2.0000,2.0000,0.6667,0.2000
5ea95498-2879-4306-a2bc-f1d88d018de4,2db915b4-b287-4d07-8d78-0d79e2b715e6,0.0000,15.4262,1.0000,0.0000,0.0000,0.6667,0.0000
5ea95498-2879-4306-a2bc-f1d88d018de4,1041fa72-e598-4a46-9d90-bbdb1a8c8cfa,0.0000,15.8073,1.0000,0.0000,0.0000,0.6667,0.1000
5ea95498-2879-4306-a2bc-f1d88d018de4,e2678857-49ff-42d1-9649-47b147a8ed3e,2.0000,10.7618,0.5000,2.0000,2.0000,0.6667,0.2593
5ea95498-2879-4306-a2bc-f1d88d018de4,0b2085d3-0fbc-4351-845e-5d9bccda34e5,0.0000,10.6053,1.0000,0.0000,0.0000,0.6667,0.1304
5ea95498-2879-4306-a2bc-f1d88d018de4,0abcffc0-2fc7-4385-a82f-bbe80bfd51ae,0.0000,10.3773,1.0000,0.0000,0.0000,0.6667,0.1304
5ea95498-2879-4306-a2bc-f1d88d018de4,d54c73cc-cc77-415e-aeff-dd22604f13cf,0.0000,15.4286,1.0000,0.0000,0.0000,0.6667,0.0000
5ea95498-2879-4306-a2bc-f1d88d018de4,09bf266d-b272-4968-9251-ab34779e8344,0.0000,9.6000,1.0000,0.0000,0.0000,0.6667,0.2308
5ea95498-2879-4306-a2bc-f1d88d018de4,b336cd79-f2f6-4913-b922-d1061f5fb2e1,0.0000,11.2377,1.0000,0.0000,0.0000,0.6667,0.1304
5ea95498-2879-4306-a2bc-f1d88d018de4,c6e27378-0b9e-4d40-9dbf-057217176282,0.0000,12.9788,1.0000,0.0000,0.0000,0.6667,0.1304
5ea95498-2879-4306-a2bc-f1d88d018de4,d9267fd4-495d-4d11-843c-cedddfeddabf,0.0000,6.7274,1.0000,0.0000,0.0000,0.0000,0.0476
5ea95498-2879-4306-a2bc-f1d88d018de4,8dfa57b2-e8b0-4a9a-b5b6-86dc84f15e30,2.0000,4.3232,0.5000,2.0000,2.0000,0.6667,0.2857
5ea95498-2879-4306-a2bc-f1d88d018de4,d9fa51da-ab2b-411c-a41b-ce2b5c23473b,0.0000,11.0658,1.0000,0.0000,0.0000,0.6667,0.1304
5ea95498-2879-4306-a2bc-f1d88d018de4,4895c953-8e9a-4e62-b308-61d0f4106e69,0.0000,15.6219,1.0000,0.0000,0.0000,0.6667,0.1304
5ea95498-2879-4306-a2bc-f1d88d018de4,c95936f5-0096-4c43-a2a2-4cc7a9b26504,2.0000,9.6017,0.5000,2.0000,2.0000,0.6667,0.2000
5ea95498-2879-4306-a2bc-f1d88d018de4,535f130b-68ff-4463-83b0-d04785999fbb,0.0000,8.4759,1.0000,0.0000,0.0000,0.0000,0.0000
5ea95498-2879-4306-a2bc-f1d88d018de4,5c952de4-19c5-4324-b3f4-48b0c2169833,0.0000,10.9500,1.0000,0.0000,0.0000,0.6667,0.1304
5ea95498-2879-4306-a2bc-f1d88d018de4,ced92f16-312a-4b19-addf-523cfefee6c7,0.0000,11.4128,1.0000,0.0000,0.0000,0.6667,0.2308
5ea95498-2879-4306-a2bc-f1d88d018de4,a11c3bca-9343-4869-8c77-38e616536f5e,0.0000,12.2076,1.0000,0.0000,0.0000,0.6667,0.0000
5ea95498-2879-4306-a2bc-f1d88d018de4,110b5c81-0d3f-40bb-bc0d-cd4c327ce925,2.0000,9.5654,0.5000,2.0000,2.0000,0.0000,0.2593
5ea95498-2879-4306-a2bc-f1d88d018de4,80481175-af46-455a-8bef-0c682e4c0cb6,2.0000,8.0030,0.5000,2.0000,2.0000,0.6667,0.2593
5ea95498-2879-4306-a2bc-f1d88d018de4,422a1c98-ae36-47b0-8890-a8295b6cd85c,2.0000,7.5713,0.5000,2.0000,2.0000,0.0000,0.2000
5ea95498-2879-4306-a2bc-f1d88d018de4,51d9466b-1ba9-4646-8257-1d21cb2ed954,2.0000,7.8606,0.5000,2.0000,2.0000,0.6667,0.2593
5ea95498-2879-4306-a2bc-f1d88d018de4,03e8c72b-9c28-43b3-a50c-ba09195e3e3c,0.0000,9.6153,1.0000,0.0000,0.0000,0.0000,0.0909
5ea95498-2879-4306-a2bc-f1d88d018de4,cf9b7960-9d27-4554-a98d-f1fa9bb1a5ca,2.0000,8.5290,0.5000,2.0000,2.0000,0.0000,0.3750
5ea95498-2879-4306-a2bc-f1d88d018de4,bf0dfd9e-5489-4b04-ae78-ba2facc60792,0.0000,11.5616,1.0000,0.0000,0.0000,0.0000,0.0909
5ea95498-2879-4306-a2bc-f1d88d018de4,4f2e86c2-4b73-47fc-bf83-31eb686d4ad0,0.0000,10.6430,1.0000,0.0000,0.0000,0.0000,0.0476
5ea95498-2879-4306-a2bc-f1d88d018de4,ddd56f00-e94c-4f73-bc24-d6538d02d76f,2.0000,11.2589,0.5000,2.0000,2.0000,0.0000,0.3333
5ea95498-2879-4306-a2bc-f1d88d018de4,67351bd4-8ebd-4ac5-b552-24308cef799f,2.0000,8.4192,0.5000,2.0000,2.0000,0.6667,0.2857
5ea95498-2879-4306-a2bc-f1d88d018de4,7d591389-70df-411c-93e7-2948d4c04738,0.0000,12.0290,1.0000,0.0000,0.0000,0.6667,0.0000
5ea95498-2879-4306-a2bc-f1d88d018de4,91fd5a9f-0848-4551-a1a2-9689a4125830,0.0000,8.5633,1.0000,0.0000,0.0000,0.6667,0.2857
5ea95498-2879-4306-a2bc-f1d88d018de4,ae6b3203-494b-4066-b0ba-b923b393bced,0.0000,10.6460,1.0000,0.0000,0.0000,0.0000,0.0909
5ea95498-2879-4306-a2bc-f1d88d018de4,4b0f1708-0377-46ec-b3a4-cc53fe72fcc8,0.0000,13.0561,1.0000,0.0000,0.0000,0.6667,0.0909
5ea95498-2879-4306-a2bc-f1d88d018de4,17101d7a-983e-469a-82f0-3dbd27b59660,2.0000,9.7723,0.5000,2.0000,2.0000,0.6667,0.3103
5ea95498-2879-4306-a2bc-f1d88d018de4,6c2f7b68-d439-46b0-b6c2-111ae90e59be,2.0000,9.4653,0.5000,2.0000,2.0000,0.0000,0.2857
5ea95498-2879-4306-a2bc-f1d88d018de4,b07b0e33-0c1e-489d-8b69-aa1b4ae8d2ad,0.0000,13.9127,1.0000,0.0000,0.0000,0.6667,0.1500
5ea95498-2879-4306-a2bc-f1d88d018de4,cb93662e-0aed-4f56-9500-1e7f2e128287,2.0000,10.8949,0.5000,2.0000,2.0000,0.0000,0.2593
5ea95498-2879-4306-a2bc-f1d88d018de4,5c581ce7-7a4b-4fd5-86a2-16c83a3a7b68,0.0000,4.1637,1.0000,0.0000,0.0000,0.0000,0.0476
5ea95498-2879-4306-a2bc-f1d88d018de4,f2deb05a-d512-48f4-b641-59e526831230,0.0000,9.0876,1.0000,0.0000,0.0000,0.0000,0.0500
5ea95498-2879-4306-a2bc-f1d88d018de4,2908d1db-866e-4631-a655-8ac0a0da0e28,2.0000,7.6246,0.5000,2.0000,2.0000,0.6667,0.3333
5ea95498-2879-4306-a2bc-f1d88d018de4,4481c909-2f78-4205-8334-e27d27305642,2.0000,4.7665,0.5000,2.0000,2.0000,0.6667,0.2308
5ea95498-2879-4306-a2bc-f1d88d018de4,d450f16e-59ec-490a-8ce7-7968e10dd065,2.0000,8.0359,0.5000,2.0000,2.0000,0.0000,0.2857
5ea95498-2879-4306-a2bc-f1d88d018de4,51625cea-8af7-4dca-9b2d-17750e3831ea,0.0000,13.1300,1.0000,0.0000,0.0000,0.6667,0.0909
5ea95498-2879-4306-a2bc-f1d88d018de4,bb080865-5184-4114-942e-0a1b314c8016,0.0000,9.6165,1.0000,0.0000,0.0000,0.6667,0.1304
5ea95498-2879-4306-a2bc-f1d88d018de4,8b354a1d-b301-4cd1-b271-878ba45ed85f,0.0000,12.9358,1.0000,0.0000,0.0000,0.6667,0.0476
c8084389-f635-4f4c-adf4-b23f38248ee9,11b4879c-a825-4a4b-902b-f821672b9927,0.0000,4.9459,1.0000,0.0000,0.0000,0.0000,0.1000
c8084389-f635-4f4c-adf4-b23f38248ee9,e19561ae-403a-4d73-bdb8-ca197e40b836,2.0000,10.4775,0.5000,2.0000,2.0000,0.6667,0.3000
c8084389-f635-4f4c-adf4-b23f38248ee9,8b65a0a2-23de-40ad-97ec-d7a7117c8020,2.0000,6.3182,0.5000,2.0000,2.0000,0.6667,0.2333
c8084389-f635-4f4c-adf4-b23f38248ee9,fb457f02-79d9-4cd8-80c1-1a4cd76d2d60,2.0000,9.0467,0.5000,2.0000,2.0000,0.6667,0.2000
c8084389-f635-4f4c-adf4-b23f38248ee9,d92b4620-3913-44fe-852a-67ddc3c13b36,0.0000,6.9190,1.0000,0.0000,0.0000,0.6667,0.1000
c8084389-f635-4f4c-adf4-b23f38248ee9,76dd5051-efcd-4750-8788-d0043750910f,0.0000,9.4563,1.0000,0.0000,0.0000,0.6667,0.1333
c8084389-f635-4f4c-adf4-b23f38248ee9,ea1f80f0-62f3-4852-85b2-4f9c324b26a2,0.0000,6.9370,1.0000,0.0000,0.0000,0.6667,0.1000
c8084389-f635-4f4c-adf4-b23f38248ee9,5b372c89-6d70-4276-a9fe-d4a9ffe9e0af,2.0000,9.8170,0.5000,2.0000,2.0000,0.6667,0.3333
c8084389-f635-4f4c-adf4-b23f38248ee9,eb0958ef-c187-4392-95d9-d703217e20f2,2.0000,9.1625,0.5000,2.0000,2.0000,0.6667,0.2333
c8084389-f635-4f4c-adf4-b23f38248ee9,d600c8fd-02b9-442e-94a7-8cfcfd0902e5,2.0000,10.6048,0.5000,2.0000,2.0000,0.6667,0.1667
c8084389-f635-4f4c-adf4-b23f38248ee9,d43a4529-c3d6-47a7-bf16-51d83c463e35,0.0000,7.7850,1.0000,0.0000,0.0000,0.6667,0.0667
c8084389-f635-4f4c-adf4-b23f38248ee9,8b912a7e-96de-4da8-a91d-f1ddafa36f9b,2.0000,8.4301,0.5000,2.0000,2.0000,0.6667,0.3000
c8084389-f635-4f4c-adf4-b23f38248ee9,637d55e6-25d5-43aa-95e1-e71da53b4a65,0.0000,9.9425,1.0000,0.0000,0.0000,0.6667,0.0333
c8084389-f635-4f4c-adf4-b23f38248ee9,7a051738-24d2-4d72-bbfa-9f81c092b5d4,0.0000,9.3670,1.0000,0.0000,0.0000,0.0000,0.1333
c8084389-f635-4f4c-adf4-b23f38248ee9,0fcb9700-df04-4531-a3d8-d6169f91eae5,2.0000,9.5078,0.5000,2.0000,2.0000,0.6667,0.1667
c8084389-f635-4f4c-adf4-b23f38248ee9,e3cd235f-f77c-4448-8fe5-62434f6ef801,2.0000,13.3082,0.5000,2.0000,2.0000,0.6667,0.3000
c8084389-f635-4f4c-adf4-b23f38248ee9,d84d6202-1b0d-494e-83aa-282623351558,2.0000,10.2852,0.5000,2.0000,2.0000,0.6667,0.2000
c8084389-f635-4f4c-adf4-b23f38248ee9,fb3bb871-3382-43a6-86cf-25862db66608,0.0000,10.7600,1.0000,0.0000,0.0000,0.0000,0.0333
c8084389-f635-4f4c-adf4-b23f38248ee9,8b2ba48c-dea4-4586-8cdd-81d2a8b1aa73,2.0000,7.4397,0.5000,2.0000,2.0000,0.6667,0.2667
c8084389-f635-4f4c-adf4-b23f38248ee9,b590db6d-3092-4a48-a3cd-8b3828f6fd97,2.0000,6.7005,0.5000,2.0000,2.0000,0.6667,0.3000
c8084389-f635-4f4c-adf4-b23f38248ee9,1079305f-65fb-473e-9658-e7251b0824be,2.0000,12.4389,0.5000,2.0000,2.0000,0.0000,0.4000
c8084389-f635-4f4c-adf4-b23f38248ee9,efdea335-b7fb-4a9f-b55c-05e6f649b42f,0.0000,10.3504,1.0000,0.0000,0.0000,0.6667,0.1000
c8084389-f635-4f4c-adf4-b23f38248ee9,2a753e87-dc5b-4f7e-8441-59141fcc0cb2,2.0000,7.3685,0.5000,2.0000,2.0000,0.6667,0.2000
c8084389-f635-4f4c-adf4-b23f38248ee9,09ce3282-4e7d-43e3-aad0-d8ba479e152e,2.0000,11.9490,0.5000,2.0000,2.0000,0.6667,0.3000
c8084389-f635-4f4c-adf4-b23f38248ee9,130e102a-345e-41bc-8c2b-f9eddef31bd5,2.0000,12.4417,0.5000,2.0000,2.0000,0.6667,0.2000
c8084389-f635-4f4c-adf4-b23f38248ee9,9ded00ab-0866-4032-92bf-5dc8fdc4d243,0.0000,6.5473,1.0000,0.0000,0.0000,0.0000,0.2000
c8084389-f635-4f4c-adf4-b23f38248ee9,5d4d9a94-6aaa-4bbe-b639-a0eeb4e1c088,0.0000,8.9006,1.0000,0.0000,0.0000,0.0000,0.0667
c8084389-f635-4f4c-adf4-b23f38248ee9,a8c5b81e-599a-4ed1-901b-356d1fc94e84,2.0000,13.0515,0.5000,2.0000,2.0000,0.6667,0.3333
c8084389-f635-4f4c-adf4-b23f38248ee9,f19250f3-e0cf-4ebf-b106-1c75855eb8ed,2.0000,12.8008,0.5000,2.0000,2.0000,0.6667,0.2000
c8084389-f635-4f4c-adf4-b23f38248ee9,6482a7eb-8182-43d4-8df9-1ad15f5bbf5d,0.0000,10.3795,1.0000,0.0000,0.0000,0.6667,0.1667
c8084389-f635-4f4c-adf4-b23f38248ee9,5e5e895e-dd66-4fb6-a1d2-04f02c760fd8,2.0000,9.6591,0.5000,2.0000,2.0000,0.0000,0.2333
c8084389-f635-4f4c-adf4-b23f38248ee9,ff1bb715-41ad-4a24-a31e-499bba5e889a,2.0000,10.8491,0.5000,2.0000,2.0000,0.6667,0.2333
c8084389-f635-4f4c-adf4-b23f38248ee9,9fd672d7-152c-423e-af51-4b14f62db78f,2.0000,7.1107,0.5000,2.0000,2.0000,0.6667,0.3333
c8084389-f635-4f4c-adf4-b23f38248ee9,0c07cbfe-8089-4618-8ea2-9d49c5c7676f,0.0000,10.1909,1.0000,0.0000,0.0000,0.0000,0.1667
c8084389-f635-4f4c-adf4-b23f38248ee9,2db915b4-b287-4d07-8d78-0d79e2b715e6,2.0000,6.6022,0.5000,2.0000,2.0000,0.6667,0.3333
c8084389-f635-4f4c-adf4-b23f38248ee9,1041fa72-e598-4a46-9d90-bbdb1a8c8cfa,2.0000,9.7800,0.5000,2.0000,2.0000,0.6667,0.4000
c8084389-f635-4f4c-adf4-b23f38248ee9,e2678857-49ff-42d1-9649-47b147a8ed3e,0.0000,9.0660,1.0000,0.0000,0.0000,0.6667,0.1000
c8084389-f635-4f4c-adf4-b23f38248ee9,0b2085d3-0fbc-4351-845e-5d9bccda34e5,2.0000,11.2691,0.5000,2.0000,2.0000,0.6667,0.2333
c8084389-f635-4f4c-adf4-b23f38248ee9,0abcffc0-2fc7-4385-a82f-bbe80bfd51ae,2.0000,10.1315,0.5000,2.0000,2.0000,0.6667,0.2333
c8084389-f635-4f4c-adf4-b23f38248ee9,d54c73cc-cc77-415e-aeff-dd22604f13cf,2.0000,7.6038,0.5000,2.0000,2.0000,0.6667,0.3333
c8084389-f635-4f4c-adf4-b23f38248ee9,09bf266d-b272-4968-9251-ab34779e8344,2.0000,9.7107,0.5000,2.0000,2.0000,0.0000,0.1333
c8084389-f635-4f4c-adf4-b23f38248ee9,b336cd79-f2f6-4913-b922-d1061f5fb2e1,2.0000,7.0617,0.5000,2.0000,2.0000,0.6667,0.2333
c8084389-f635-4f4c-adf4-b23f38248ee9,c6e27378-0b9e-4d40-9dbf-057217176282,2.0000,7.9234,0.5000,2.0000,2.0000,0.6667,0.2333
c8084389-f635-4f4c-adf4-b23f38248ee9,d9267fd4-495d-4d11-843c-cedddfeddabf,2.0000,9.5098,0.5000,2.0000,2.0000,0.6667,0.3000
c8084389-f635-4f4c-adf4-b23f38248ee9,8dfa57b2-e8b0-4a9a-b5b6-86dc84f15e30,0.0000,10.4461,1.0000,0.0000,0.0000,0.0000,0.0667
c8084389-f635-4f4c-adf4-b23f38248ee9,d9fa51da-ab2b-411c-a41b-ce2b5c23473b,2.0000,8.3904,0.5000,2.0000,2.0000,0.6667,0.2333
c8084389-f635-4f4c-adf4-b23f38248ee9,4895c953-8e9a-4e62-b308-61d0f4106e69,2.0000,10.6253,0.5000,2.0000,2.0000,0.6667,0.2333
c8084389-f635-4f4c-adf4-b23f38248ee9,c95936f5-0096-4c43-a2a2-4cc7a9b26504,0.0000,5.7409,1.0000,0.0000,0.0000,0.6667,0.1667
c8084389-f635-4f4c-adf4-b23f38248ee9,535f130b-68ff-4463-83b0-d04785999fbb,2.0000,12.6746,0.5000,2.0000,2.0000,0.6667,0.3333
c8084389-f635-4f4c-adf4-b23f38248ee9,5c952de4-19c5-4324-b3f4-48b0c2169833,2.0000,10.0601,0.5000,2.0000,2.0000,0.6667,0.2333
c8084389-f635-4f4c-adf4-b23f38248ee9,ced92f16-312a-4b19-addf-523cfefee6c7,2.0000,8.7424,0.5000,2.0000,2.0000,0.6667,0.1333
c8084389-f635-4f4c-adf4-b23f38248ee9,a11c3bca-9343-4869-8c77-38e616536f5e,2.0000,9.5173,0.5000,2.0000,2.0000,0.6667,0.3333
c8084389-f635-4f4c-adf4-b23f38248ee9,110b5c81-0d3f-40bb-bc0d-cd4c327ce925,0.0000,4.5446,1.0000,0.0000,0.0000,0.6667,0.1000
c8084389-f635-4f4c-adf4-b23f38248ee9,80481175-af46-455a-8bef-0c682e4c0cb6,0.0000,6.3027,1.0000,0.0000,0.0000,0.6667,0.1000
c8084389-f635-4f4c-adf4-b23f38248ee9,422a1c98-ae36-47b0-8890-a8295b6cd85c,0.0000,7.6314,1.0000,0.0000,0.0000,0.6667,0.1667
c8084389-f635-4f4c-adf4-b23f38248ee9,51d9466b-1ba9-4646-8257-1d21cb2ed954,0.0000,8.5668,1.0000,0.0000,0.0000,0.6667,0.1000
c8084389-f635-4f4c-adf4-b23f38248ee9,03e8c72b-9c28-43b3-a50c-ba09195e3e3c,2.0000,9.7435,0.5000,2.0000,2.0000,0.6667,0.2667
c8084389-f635-4f4c-adf4-b23f38248ee9,cf9b7960-9d27-4554-a98d-f1fa9bb1a5ca,0.0000,3.3480,1.0000,0.0000,0.0000,0.6667,0.0625
c8084389-f635-4f4c-adf4-b23f38248ee9,bf0dfd9e-5489-4b04-ae78-ba2facc60792,2.0000,10.0839,0.5000,2.0000,2.0000,0.6667,0.2667
c8084389-f635-4f4c-adf4-b23f38248ee9,4f2e86c2-4b73-47fc-bf83-31eb686d4ad0,2.0000,9.9110,0.5000,2.0000,2.0000,0.6667,0.3000
c8084389-f635-4f4c-adf4-b23f38248ee9,ddd56f00-e94c-4f73-bc24-d6538d02d76f,0.0000,6.9529,1.0000,0.0000,0.0000,0.6667,0.0000
c8084389-f635-4f4c-adf4-b23f38248ee9,67351bd4-8ebd-4ac5-b552-24308cef799f,0.0000,6.4233,1.0000,0.0000,0.0000,0.6667,0.0667
c8084389-f635-4f4c-adf4-b23f38248ee9,7d591389-70df-411c-93e7-2948d4c04738,2.0000,5.6643,0.5000,2.0000,2.0000,0.6667,0.3333
c8084389-f635-4f4c-adf4-b23f38248ee9,91fd5a9f-0848-4551-a1a2-9689a4125830,2.0000,7.8313,0.5000,2.0000,2.0000,0.6667,0.0667
c8084389-f635-4f4c-adf4-b23f38248ee9,ae6b3203-494b-4066-b0ba-b923b393bced,2.0000,10.7830,0.5000,2.0000,2.0000,0.6667,0.2667
c8084389-f635-4f4c-adf4-b23f38248ee9,4b0f1708-0377-46ec-b3a4-cc53fe72fcc8,2.0000,8.2311,0.5000,2.0000,2.0000,0.0000,0.2667
c8084389-f635-4f4c-adf4-b23f38248ee9,17101d7a-983e-469a-82f0-3dbd27b59660,0.0000,6.2267,1.0000,0.0000,0.0000,0.6667,0.0333
c8084389-f635-4f4c-adf4-b23f38248ee9,6c2f7b68-d439-46b0-b6c2-111ae90e59be,0.0000,8.1632,1.0000,0.0000,0.0000,0.6667,0.0667
c8084389-f635-4f4c-adf4-b23f38248ee9,b07b0e33-0c1e-489d-8b69-aa1b4ae8d2ad,2.0000,7.1433,0.5000,2.0000,2.0000,0.0000,0.4333
c8084389-f635-4f4c-adf4-b23f38248ee9,cb93662e-0aed-4f56-9500-1e7f2e128287,0.0000,8.3820,1.0000,0.0000,0.0000,0.6667,0.1000
c8084389-f635-4f4c-adf4-b23f38248ee9,5c581ce7-7a4b-4fd5-86a2-16c83a3a7b68,2.0000,11.4863,0.5000,2.0000,2.0000,0.6667,0.3000
c8084389-f635-4f4c-adf4-b23f38248ee9,f2deb05a-d512-48f4-b641-59e526831230,2.0000,11.4314,0.5000,2.0000,2.0000,0.6667,0.3667
c8084389-f635-4f4c-adf4-b23f38248ee9,2908d1db-866e-4631-a655-8ac0a0da0e28,0.0000,9.5920,1.0000,0.0000,0.0000,0.0000,0.0000
c8084389-f635-4f4c-adf4-b23f38248ee9,4481c909-2f78-4205-8334-e27d27305642,0.0000,11.3043,1.0000,0.0000,0.0000,0.0000,0.1333
c8084389-f635-4f4c-adf4-b23f38248ee9,d450f16e-59ec-490a-8ce7-7968e10dd065,0.0000,9.8885,1.0000,0.0000,0.0000,0.6667,0.0667
c8084389-f635-4f4c-adf4-b23f38248ee9,51625cea-8af7-4dca-9b2d-17750e3831ea,2.0000,8.5640,0.5000,2.0000,2.0000,0.6667,0.2667
c8084389-f635-4f4c-adf4-b23f38248ee9,bb080865-5184-4114-942e-0a1b314c8016,2.0000,10.2983,0.5000,2.0000,2.0000,0.6667,0.2333
c8084389-f635-4f4c-adf4-b23f38248ee9,8b354a1d-b301-4cd1-b271-878ba45ed85f,2.0000,8.1378,0.5000,2.0000,2.0000,0.6667,0.3000
11b4879c-a825-4a4b-902b-f821672b9927,e19561ae-403a-4d73-bdb8-ca197e40b836,2.0000,11.1782,0.5000,2.0000,2.0000,0.6667,0.2222
11b4879c-a825-4a4b-902b-f821672b9927,8b65a0a2-23de-40ad-97ec-d7a7117c8020,2.0000,4.9118,0.5000,2.0000,2.0000,0.6667,0.1481
11b4879c-a825-4a4b-902b-f821672b9927,fb457f02-79d9-4cd8-80c1-1a4cd76d2d60,2.0000,12.2669,0.5000,2.0000,2.0000,0.6667,0.1111
11b4879c-a825-4a4b-902b-f821672b9927,d92b4620-3913-44fe-852a-67ddc3c13b36,0.0000,10.6116,1.0000,0.0000,0.0000,0.6667,0.0000
11b4879c-a825-4a4b-902b-f821672b9927,76dd5051-efcd-4750-8788-d0043750910f,0.0000,5.5272,1.0000,0.0000,0.0000,0.6667,0.0370
11b4879c-a825-4a4b-902b-f821672b9927,ea1f80f0-62f3-4852-85b2-4f9c324b26a2,0.0000,7.2131,1.0000,0.0000,0.0000,0.6667,0.0000
11b4879c-a825-4a4b-902b-f821672b9927,5b372c89-6d70-4276-a9fe-d4a9ffe9e0af,2.0000,13.5132,0.5000,2.0000,2.0000,0.6667,0.2593
11b4879c-a825-4a4b-902b-f821672b9927,eb0958ef-c187-4392-95d9-d703217e20f2,2.0000,12.2146,0.5000,2.0000,2.0000,0.6667,0.1481
11b4879c-a825-4a4b-902b-f821672b9927,d600c8fd-02b9-442e-94a7-8cfcfd0902e5,2.0000,9.5778,0.5000,2.0000,2.0000,0.6667,0.0741
11b4879c-a825-4a4b-902b-f821672b9927,d43a4529-c3d6-47a7-bf16-51d83c463e35,0.0000,8.7601,1.0000,0.0000,0.0000,0.6667,0.0357
11b4879c-a825-4a4b-902b-f821672b9927,8b912a7e-96de-4da8-a91d-f1ddafa36f9b,2.0000,5.8551,0.5000,2.0000,2.0000,0.6667,0.2222
11b4879c-a825-4a4b-902b-f821672b9927,637d55e6-25d5-43aa-95e1-e71da53b4a65,0.0000,10.2943,1.0000,0.0000,0.0000,0.6667,0.0690
11b4879c-a825-4a4b-902b-f821672b9927,7a051738-24d2-4d72-bbfa-9f81c092b5d4,0.0000,7.9320,1.0000,0.0000,0.0000,0.0000,0.0370
11b4879c-a825-4a4b-902b-f821672b9927,0fcb9700-df04-4531-a3d8-d6169f91eae5,2.0000,5.1041,0.5000,2.0000,2.0000,0.6667,0.0741
11b4879c-a825-4a4b-902b-f821672b9927,e3cd235f-f77c-4448-8fe5-62434f6ef801,2.0000,11.1391,0.5000,2.0000,2.0000,0.6667,0.2222
11b4879c-a825-4a4b-902b-f821672b9927,d84d6202-1b0d-494e-83aa-282623351558,2.0000,6.4146,0.5000,2.0000,2.0000,0.6667,0.1111
11b4879c-a825-4a4b-902b-f821672b9927,fb3bb871-3382-43a6-86cf-25862db66608,0.0000,11.0323,1.0000,0.0000,0.0000,0.0000,0.0690
11b4879c-a825-4a4b-902b-f821672b9927,8b2ba48c-dea4-4586-8cdd-81d2a8b1aa73,2.0000,7.1713,0.5000,2.0000,2.0000,0.6667,0.1852
11b4879c-a825-4a4b-902b-f821672b9927,b590db6d-3092-4a48-a3cd-8b3828f6fd97,2.0000,5.9237,0.5000,2.0000,2.0000,0.6667,0.2222
11b4879c-a825-4a4b-902b-f821672b9927,1079305f-65fb-473e-9658-e7251b0824be,2.0000,14.5988,0.5000,2.0000,2.0000,0.0000,0.3333
11b4879c-a825-4a4b-902b-f821672b9927,efdea335-b7fb-4a9f-b55c-05e6f649b42f,0.0000,7.5101,1.0000,0.0000,0.0000,0.6667,0.0000
11b4879c-a825-4a4b-902b-f821672b9927,2a753e87-dc5b-4f7e-8441-59141fcc0cb2,2.0000,8.6859,0.5000,2.0000,2.0000,0.6667,0.1111
11b4879c-a825-4a4b-902b-f821672b9927,09ce3282-4e7d-43e3-aad0-d8ba479e152e,2.0000,11.1620,0.5000,2.0000,2.0000,0.6667,0.2222
11b4879c-a825-4a4b-902b-f821672b9927,130e102a-345e-41bc-8c2b-f9eddef31bd5,2.0000,14.8301,0.5000,2.0000,2.0000,0.6667,0.1111
11b4879c-a825-4a4b-902b-f821672b9927,9ded00ab-0866-4032-92bf-5dc8fdc4d243,0.0000,6.6193,1.0000,0.0000,0.0000,0.0000,0.1111
11b4879c-a825-4a4b-902b-f821672b9927,5d4d9a94-6aaa-4bbe-b639-a0eeb4e1c088,0.0000,10.3320,1.0000,0.0000,0.0000,0.0000,0.0357
11b4879c-a825-4a4b-902b-f821672b9927,a8c5b81e-599a-4ed1-901b-356d1fc94e84,2.0000,9.8336,0.5000,2.0000,2.0000,0.6667,0.2593
11b4879c-a825-4a4b-902b-f821672b9927,f19250f3-e0cf-4ebf-b106-1c75855eb8ed,2.0000,9.6343,0.5000,2.0000,2.0000,0.6667,0.1111
11b4879c-a825-4a4b-902b-f821672b9927,6482a7eb-8182-43d4-8df9-1ad15f5bbf5d,0.0000,10.2217,1.0000,0.0000,0.0000,0.6667,0.0741
11b4879c-a825-4a4b-902b-f821672b9927,5e5e895e-dd66-4fb6-a1d2-04f02c760fd8,2.0000,5.8384,0.5000,2.0000,2.0000,0.0000,0.1481
11b4879c-a825-4a4b-902b-f821672b9927,ff1bb715-41ad-4a24-a31e-499bba5e889a,2.0000,11.9515,0.5000,2.0000,2.0000,0.6667,0.1481
11b4879c-a825-4a4b-902b-f821672b9927,9fd672d7-152c-423e-af51-4b14f62db78f,2.0000,8.9807,0.5000,2.0000,2.0000,0.6667,0.2593
11b4879c-a825-4a4b-902b-f821672b9927,0c07cbfe-8089-4618-8ea2-9d49c5c7676f,0.0000,11.7302,1.0000,0.0000,0.0000,0.0000,0.0741
11b4879c-a825-4a4b-902b-f821672b9927,2db915b4-b287-4d07-8d78-0d79e2b715e6,2.0000,5.9408,0.5000,2.0000,2.0000,0.6667,0.2593
11b4879c-a825-4a4b-902b-f821672b9927,1041fa72-e598-4a46-9d90-bbdb1a8c8cfa,2.0000,13.0346,0.5000,2.0000,2.0000,0.6667,0.3333
11b4879c-a825-4a4b-902b-f821672b9927,e2678857-49ff-42d1-9649-47b147a8ed3e,0.0000,6.5891,1.0000,0.0000,0.0000,0.6667,0.0000
11b4879c-a825-4a4b-902b-f821672b9927,0b2085d3-0fbc-4351-845e-5d9bccda34e5,2.0000,11.2544,0.5000,2.0000,2.0000,0.6667,0.1481
11b4879c-a825-4a4b-902b-f821672b9927,0abcffc0-2fc7-4385-a82f-bbe80bfd51ae,2.0000,9.5963,0.5000,2.0000,2.0000,0.6667,0.1481
11b4879c-a825-4a4b-902b-f821672b9927,d54c73cc-cc77-415e-aeff-dd22604f13cf,2.0000,9.5078,0.5000,2.0000,2.0000,0.6667,0.2593
11b4879c-a825-4a4b-902b-f821672b9927,09bf266d-b272-4968-9251-ab34779e8344,2.0000,12.0370,0.5000,2.0000,2.0000,0.0000,0.0370
11b4879c-a825-4a4b-902b-f821672b9927,b336cd79-f2f6-4913-b922-d1061f5fb2e1,2.0000,10.1056,0.5000,2.0000,2.0000,0.6667,0.1481
11b4879c-a825-4a4b-902b-f821672b9927,c6e27378-0b9e-4d40-9dbf-057217176282,2.0000,9.1543,0.5000,2.0000,2.0000,0.6667,0.1481
11b4879c-a825-4a4b-902b-f821672b9927,d9267fd4-495d-4d11-843c-cedddfeddabf,2.0000,8.6949,0.5000,2.0000,2.0000,0.6667,0.2222
11b4879c-a825-4a4b-902b-f821672b9927,8dfa57b2-e8b0-4a9a-b5b6-86dc84f15e30,0.0000,11.0237,1.0000,0.0000,0.0000,0.0000,0.0357
11b4879c-a825-4a4b-902b-f821672b9927,d9fa51da-ab2b-411c-a41b-ce2b5c23473b,2.0000,9.5877,0.5000,2.0000,2.0000,0.6667,0.1481
11b4879c-a825-4a4b-902b-f821672b9927,4895c953-8e9a-4e62-b308-61d0f4106e69,2.0000,12.1504,0.5000,2.0000,2.0000,0.6667,0.1481
11b4879c-a825-4a4b-902b-f821672b9927,c95936f5-0096-4c43-a2a2-4cc7a9b26504,0.0000,9.5924,1.0000,0.0000,0.0000,0.6667,0.0741
11b4879c-a825-4a4b-902b-f821672b9927,535f130b-68ff-4463-83b0-d04785999fbb,2.0000,9.4275,0.5000,2.0000,2.0000,0.6667,0.2593
11b4879c-a825-4a4b-902b-f821672b9927,5c952de4-19c5-4324-b3f4-48b0c2169833,2.0000,13.2161,0.5000,2.0000,2.0000,0.6667,0.1481
11b4879c-a825-4a4b-902b-f821672b9927,ced92f16-312a-4b19-addf-523cfefee6c7,2.0000,9.6054,0.5000,2.0000,2.0000,0.6667,0.0370
11b4879c-a825-4a4b-902b-f821672b9927,a11c3bca-9343-4869-8c77-38e616536f5e,2.0000,11.1441,0.5000,2.0000,2.0000,0.6667,0.2593
11b4879c-a825-4a4b-902b-f821672b9927,110b5c81-0d3f-40bb-bc0d-cd4c327ce925,0.0000,4.0503,1.0000,0.0000,0.0000,0.6667,0.0000
11b4879c-a825-4a4b-902b-f821672b9927,80481175-af46-455a-8bef-0c682e4c0cb6,0.0000,10.0706,1.0000,0.0000,0.0000,0.6667,0.0000
11b4879c-a825-4a4b-902b-f821672b9927,422a1c98-ae36-47b0-8890-a8295b6cd85c,0.0000,10.9521,1.0000,0.0000,0.0000,0.6667,0.0741
11b4879c-a825-4a4b-902b-f821672b9927,51d9466b-1ba9-4646-8257-1d21cb2ed954,0.0000,6.6189,1.0000,0.0000,0.0000,0.6667,0.0000
11b4879c-a825-4a4b-902b-f821672b9927,03e8c72b-9c28-43b3-a50c-ba09195e3e3c,2.0000,5.5025,0.5000,2.0000,2.0000,0.6667,0.1852
11b4879c-a825-4a4b-902b-f821672b9927,cf9b7960-9d27-4554-a98d-f1fa9bb1a5ca,0.0000,7.8796,1.0000,0.0000,0.0000,0.6667,0.1563
11b4879c-a825-4a4b-902b-f821672b9927,bf0dfd9e-5489-4b04-ae78-ba2facc60792,2.0000,5.5981,0.5000,2.0000,2.0000,0.6667,0.1852
11b4879c-a825-4a4b-902b-f821672b9927,4f2e86c2-4b73-47fc-bf83-31eb686d4ad0,2.0000,9.1104,0.5000,2.0000,2.0000,0.6667,0.2222
11b4879c-a825-4a4b-902b-f821672b9927,ddd56f00-e94c-4f73-bc24-d6538d02d76f,0.0000,6.2713,1.0000,0.0000,0.0000,0.6667,0.1000
11b4879c-a825-4a4b-902b-f821672b9927,67351bd4-8ebd-4ac5-b552-24308cef799f,0.0000,6.8518,1.0000,0.0000,0.0000,0.6667,0.0357
11b4879c-a825-4a4b-902b-f821672b9927,7d591389-70df-411c-93e7-2948d4c04738,2.0000,8.2966,0.5000,2.0000,2.0000,0.6667,0.2593
11b4879c-a825-4a4b-902b-f821672b9927,91fd5a9f-0848-4551-a1a2-9689a4125830,2.0000,11.3197,0.5000,2.0000,2.0000,0.6667,0.0357
11b4879c-a825-4a4b-902b-f821672b9927,ae6b3203-494b-4066-b0ba-b923b393bced,2.0000,8.9879,0.5000,2.0000,2.0000,0.6667,0.1852
11b4879c-a825-4a4b-902b-f821672b9927,4b0f1708-0377-46ec-b3a4-cc53fe72fcc8,2.0000,8.0463,0.5000,2.0000,2.0000,0.0000,0.1852
11b4879c-a825-4a4b-902b-f821672b9927,17101d7a-983e-469a-82f0-3dbd27b59660,0.0000,10.0682,1.0000,0.0000,0.0000,0.6667,0.0690
11b4879c-a825-4a4b-902b-f821672b9927,6c2f7b68-d439-46b0-b6c2-111ae90e59be,0.0000,6.0801,1.0000,0.0000,0.0000,0.6667,0.0357
11b4879c-a825-4a4b-902b-f821672b9927,b07b0e33-0c1e-489d-8b69-aa1b4ae8d2ad,2.0000,6.6859,0.5000,2.0000,2.0000,0.0000,0.3704
11b4879c-a825-4a4b-902b-f821672b9927,cb93662e-0aed-4f56-9500-1e7f2e128287,0.0000,5.0430,1.0000,0.0000,0.0000,0.6667,0.0000
11b4879c-a825-4a4b-902b-f821672b9927,5c581ce7-7a4b-4fd5-86a2-16c83a3a7b68,2.0000,9.9440,0.5000,2.0000,2.0000,0.6667,0.2222
11b4879c-a825-4a4b-902b-f821672b9927,f2deb05a-d512-48f4-b641-59e526831230,2.0000,11.1544,0.5000,2.0000,2.0000,0.6667,0.2963
11b4879c-a825-4a4b-902b-f821672b9927,2908d1db-866e-4631-a655-8ac0a0da0e28,0.0000,6.6819,1.0000,0.0000,0.0000,0.0000,0.1000
11b4879c-a825-4a4b-902b-f821672b9927,4481c909-2f78-4205-8334-e27d27305642,0.0000,9.5837,1.0000,0.0000,0.0000,0.0000,0.0370
11b4879c-a825-4a4b-902b-f821672b9927,d450f16e-59ec-490a-8ce7-7968e10dd065,0.0000,10.3292,1.0000,0.0000,0.0000,0.6667,0.0357
11b4879c-a825-4a4b-902b-f821672b9927,51625cea-8af7-4dca-9b2d-17750e3831ea,2.0000,9.6456,0.5000,2.0000,2.0000,0.6667,0.1852
11b4879c-a825-4a4b-902b-f821672b9927,bb080865-5184-4114-942e-0a1b314c8016,2.0000,9.1518,0.5000,2.0000,2.0000,0.6667,0.1481
11b4879c-a825-4a4b-902b-f821672b9927,8b354a1d-b301-4cd1-b271-878ba45ed85f,2.0000,9.3436,0.5000,2.0000,2.0000,0.6667,0.2222
e19561ae-403a-4d73-bdb8-ca197e40b836,8b65a0a2-23de-40ad-97ec-d7a7117c8020,0.0000,13.9184,1.0000,0.0000,0.0000,0.6667,0.0870
e19561ae-403a-4d73-bdb8-ca197e40b836,fb457f02-79d9-4cd8-80c1-1a4cd76d2d60,0.0000,14.1837,1.0000,0.0000,0.0000,0.6667,0.1250
e19561ae-403a-4d73-bdb8-ca197e40b836,d92b4620-3913-44fe-852a-67ddc3c13b36,2.0000,4.9681,0.5000,2.0000,2.0000,0.0000,0.2222
e19561ae-403a-4d73-bdb8-ca197e40b836,76dd5051-efcd-4750-8788-d0043750910f,2.0000,8.8384,0.5000,2.0000,2.0000,0.0000,0.1923
e19561ae-403a-4d73-bdb8-ca197e40b836,ea1f80f0-62f3-4852-85b2-4f9c324b26a2,2.0000,8.0106,0.5000,2.0000,2.0000,0.0000,0.2222
e19561ae-403a-4d73-bdb8-ca197e40b836,5b372c89-6d70-4276-a9fe-d4a9ffe9e0af,0.0000,14.8160,1.0000,0.0000,0.0000,0.6667,0.0476
e19561ae-403a-4d73-bdb8-ca197e40b836,eb0958ef-c187-4392-95d9-d703217e20f2,0.0000,14.2663,1.0000,0.0000,0.0000,0.6667,0.0870
e19561ae-403a-4d73-bdb8-ca197e40b836,d600c8fd-02b9-442e-94a7-8cfcfd0902e5,0.0000,7.4200,1.0000,0.0000,0.0000,0.0000,0.1600
e19561ae-403a-4d73-bdb8-ca197e40b836,d43a4529-c3d6-47a7-bf16-51d83c463e35,2.0000,4.9263,0.5000,2.0000,2.0000,0.6667,0.2500
e19561ae-403a-4d73-bdb8-ca197e40b836,8b912a7e-96de-4da8-a91d-f1ddafa36f9b,0.0000,12.4852,1.0000,0.0000,0.0000,0.0000,0.0000
e19561ae-403a-4d73-bdb8-ca197e40b836,637d55e6-25d5-43aa-95e1-e71da53b4a65,2.0000,7.5144,0.5000,2.0000,2.0000,0.0000,0.2759
e19561ae-403a-4d73-bdb8-ca197e40b836,7a051738-24d2-4d72-bbfa-9f81c092b5d4,2.0000,6.9401,0.5000,2.0000,2.0000,0.6667,0.1923
e19561ae-403a-4d73-bdb8-ca197e40b836,0fcb9700-df04-4531-a3d8-d6169f91eae5,0.0000,9.4136,1.0000,0.0000,0.0000,0.0000,0.1600
e19561ae-403a-4d73-bdb8-ca197e40b836,e3cd235f-f77c-4448-8fe5-62434f6ef801,0.0000,9.4106,1.0000,0.0000,0.0000,0.0000,0.0000
e19561ae-403a-4d73-bdb8-ca197e40b836,d84d6202-1b0d-494e-83aa-282623351558,0.0000,13.6892,1.0000,0.0000,0.0000,0.6667,0.1250
e19561ae-403a-4d73-bdb8-ca197e40b836,fb3bb871-3382-43a6-86cf-25862db66608,2.0000,7.8603,0.5000,2.0000,2.0000,0.6667,0.2759
e19561ae-403a-4d73-bdb8-ca197e40b836,8b2ba48c-dea4-4586-8cdd-81d2a8b1aa73,0.0000,7.5517,1.0000,0.0000,0.0000,0.0000,0.0455
e19561ae-403a-4d73-bdb8-ca197e40b836,b590db6d-3092-4a48-a3cd-8b3828f6fd97,0.0000,14.9661,1.0000,0.0000,0.0000,0.6667,0.0000
e19561ae-403a-4d73-bdb8-ca197e40b836,1079305f-65fb-473e-9658-e7251b0824be,0.0000,9.9702,1.0000,0.0000,0.0000,0.6667,0.1429
e19561ae-403a-4d73-bdb8-ca197e40b836,efdea335-b7fb-4a9f-b55c-05e6f649b42f,2.0000,6.7730,0.5000,2.0000,2.0000,0.0000,0.2222
e19561ae-403a-4d73-bdb8-ca197e40b836,2a753e87-dc5b-4f7e-8441-59141fcc0cb2,0.0000,13.0765,1.0000,0.0000,0.0000,0.6667,0.1250
e19561ae-403a-4d73-bdb8-ca197e40b836,09ce3282-4e7d-43e3-aad0-d8ba479e152e,0.0000,6.0028,1.0000,0.0000,0.0000,0.0000,0.0000
e19561ae-403a-4d73-bdb8-ca197e40b836,130e102a-345e-41bc-8c2b-f9eddef31bd5,0.0000,10.0298,1.0000,0.0000,0.0000,0.0000,0.1250
e19561ae-403a-4d73-bdb8-ca197e40b836,9ded00ab-0866-4032-92bf-5dc8fdc4d243,2.0000,7.5082,0.5000,2.0000,2.0000,0.6667,0.1250
e19561ae-403a-4d73-bdb8-ca197e40b836,5d4d9a94-6aaa-4bbe-b639-a0eeb4e1c088,2.0000,10.4751,0.5000,2.0000,2.0000,0.6667,0.2500
e19561ae-403a-4d73-bdb8-ca197e40b836,a8c5b81e-599a-4ed1-901b-356d1fc94e84,0.0000,8.3747,1.0000,0.0000,0.0000,0.0000,0.0476
e19561ae-403a-4d73-bdb8-ca197e40b836,f19250f3-e0cf-4ebf-b106-1c75855eb8ed,0.0000,8.4054,1.0000,0.0000,0.0000,0.0000,0.1250
e19561ae-403a-4d73-bdb8-ca197e40b836,6482a7eb-8182-43d4-8df9-1ad15f5bbf5d,2.0000,6.1444,0.5000,2.0000,2.0000,0.0000,0.1600
e19561ae-403a-4d73-bdb8-ca197e40b836,5e5e895e-dd66-4fb6-a1d2-04f02c760fd8,0.0000,9.7568,1.0000,0.0000,0.0000,0.6667,0.0870
e19561ae-403a-4d73-bdb8-ca197e40b836,ff1bb715-41ad-4a24-a31e-499bba5e889a,0.0000,4.8994,1.0000,0.0000,0.0000,0.0000,0.0870
e19561ae-403a-4d73-bdb8-ca197e40b836,9fd672d7-152c-423e-af51-4b14f62db78f,0.0000,8.8508,1.0000,0.0000,0.0000,0.6667,0.0476
e19561ae-403a-4d73-bdb8-ca197e40b836,0c07cbfe-8089-4618-8ea2-9d49c5c7676f,2.0000,7.4499,0.5000,2.0000,2.0000,0.6667,0.1600
e19561ae-403a-4d73-bdb8-ca197e40b836,2db915b4-b287-4d07-8d78-0d79e2b715e6,0.0000,14.7611,1.0000,0.0000,0.0000,0.6667,0.0476
e19561ae-403a-4d73-bdb8-ca197e40b836,1041fa72-e598-4a46-9d90-bbdb1a8c8cfa,0.0000,15.5574,1.0000,0.0000,0.0000,0.6667,0.1429
e19561ae-403a-4d73-bdb8-ca197e40b836,e2678857-49ff-42d1-9649-47b147a8ed3e,2.0000,10.0518,0.5000,2.0000,2.0000,0.6667,0.2222
e19561ae-403a-4d73-bdb8-ca197e40b836,0b2085d3-0fbc-4351-845e-5d9bccda34e5,0.0000,11.2282,1.0000,0.0000,0.0000,0.6667,0.0870
e19561ae-403a-4d73-bdb8-ca197e40b836,0abcffc0-2fc7-4385-a82f-bbe80bfd51ae,0.0000,10.1813,1.0000,0.0000,0.0000,0.6667,0.0870
e19561ae-403a-4d73-bdb8-ca197e40b836,d54c73cc-cc77-415e-aeff-dd22604f13cf,0.0000,15.1605,1.0000,0.0000,0.0000,0.6667,0.0476
e19561ae-403a-4d73-bdb8-ca197e40b836,09bf266d-b272-4968-9251-ab34779e8344,0.0000,10.2729,1.0000,0.0000,0.0000,0.6667,0.1923
e19561ae-403a-4d73-bdb8-ca197e40b836,b336cd79-f2f6-4913-b922-d1061f5fb2e1,0.0000,11.2779,1.0000,0.0000,0.0000,0.6667,0.0870
e19561ae-403a-4d73-bdb8-ca197e40b836,c6e27378-0b9e-4d40-9dbf-057217176282,0.0000,12.8982,1.0000,0.0000,0.0000,0.6667,0.0870
e19561ae-403a-4d73-bdb8-ca197e40b836,d9267fd4-495d-4d11-843c-cedddfeddabf,0.0000,6.5713,1.0000,0.0000,0.0000,0.0000,0.0000
e19561ae-403a-4d73-bdb8-ca197e40b836,8dfa57b2-e8b0-4a9a-b5b6-86dc84f15e30,2.0000,3.2132,0.5000,2.0000,2.0000,0.6667,0.2500
e19561ae-403a-4d73-bdb8-ca197e40b836,d9fa51da-ab2b-411c-a41b-ce2b5c23473b,0.0000,10.5057,1.0000,0.0000,0.0000,0.6667,0.0870
e19561ae-403a-4d73-bdb8-ca197e40b836,4895c953-8e9a-4e62-b308-61d0f4106e69,0.0000,15.3712,1.0000,0.0000,0.0000,0.6667,0.0870
e19561ae-403a-4d73-bdb8-ca197e40b836,c95936f5-0096-4c43-a2a2-4cc7a9b26504,2.0000,9.3701,0.5000,2.0000,2.0000,0.6667,0.1600
e19561ae-403a-4d73-bdb8-ca197e40b836,535f130b-68ff-4463-83b0-d04785999fbb,0.0000,8.0912,1.0000,0.0000,0.0000,0.0000,0.0476
e19561ae-403a-4d73-bdb8-ca197e40b836,5c952de4-19c5-4324-b3f4-48b0c2169833,0.0000,11.0807,1.0000,0.0000,0.0000,0.6667,0.0870
e19561ae-403a-4d73-bdb8-ca197e40b836,ced92f16-312a-4b19-addf-523cfefee6c7,0.0000,10.8192,1.0000,0.0000,0.0000,0.6667,0.1923
e19561ae-403a-4d73-bdb8-ca197e40b836,a11c3bca-9343-4869-8c77-38e616536f5e,0.0000,12.1319,1.0000,0.0000,0.0000,0.6667,0.0476
e19561ae-403a-4d73-bdb8-ca197e40b836,110b5c81-0d3f-40bb-bc0d-cd4c327ce925,2.0000,8.2215,0.5000,2.0000,2.0000,0.0000,0.2222
e19561ae-403a-4d73-bdb8-ca197e40b836,80481175-af46-455a-8bef-0c682e4c0cb6,2.0000,7.5075,0.5000,2.0000,2.0000,0.6667,0.2222
e19561ae-403a-4d73-bdb8-ca197e40b836,422a1c98-ae36-47b0-8890-a8295b6cd85c,2.0000,7.4460,0.5000,2.0000,2.0000,0.0000,0.1600
e19561ae-403a-4d73-bdb8-ca197e40b836,51d9466b-1ba9-4646-8257-1d21cb2ed954,2.0000,7.5966,0.5000,2.0000,2.0000,0.6667,0.2222
e19561ae-403a-4d73-bdb8-ca197e40b836,03e8c72b-9c28-43b3-a50c-ba09195e3e3c,0.0000,8.6366,1.0000,0.0000,0.0000,0.0000,0.0455
e19561ae-403a-4d73-bdb8-ca197e40b836,cf9b7960-9d27-4554-a98d-f1fa9bb1a5ca,2.0000,8.1014,0.5000,2.0000,2.0000,0.0000,0.3438
e19561ae-403a-4d73-bdb8-ca197e40b836,bf0dfd9e-5489-4b04-ae78-ba2facc60792,0.0000,10.5736,1.0000,0.0000,0.0000,0.0000,0.0455
e19561ae-403a-4d73-bdb8-ca197e40b836,4f2e86c2-4b73-47fc-bf83-31eb686d4ad0,0.0000,9.9431,1.0000,0.0000,0.0000,0.0000,0.0000
e19561ae-403a-4d73-bdb8-ca197e40b836,ddd56f00-e94c-4f73-bc24-d6538d02d76f,2.0000,10.5971,0.5000,2.0000,2.0000,0.0000,0.3000
e19561ae-403a-4d73-bdb8-ca197e40b836,67351bd4-8ebd-4ac5-b552-24308cef799f,2.0000,7.1902,0.5000,2.0000,2.0000,0.6667,0.2500
e19561ae-403a-4d73-bdb8-ca197e40b836,7d591389-70df-411c-93e7-2948d4c04738,0.0000,11.3196,1.0000,0.0000,0.0000,0.6667,0.0476
e19561ae-403a-4d73-bdb8-ca197e40b836,91fd5a9f-0848-4551-a1a2-9689a4125830,0.0000,8.2653,1.0000,0.0000,0.0000,0.6667,0.2500
e19561ae-403a-4d73-bdb8-ca197e40b836,ae6b3203-494b-4066-b0ba-b923b393bced,0.0000,10.2294,1.0000,0.0000,0.0000,0.0000,0.0455
e19561ae-403a-4d73-bdb8-ca197e40b836,4b0f1708-0377-46ec-b3a4-cc53fe72fcc8,0.0000,12.0301,1.0000,0.0000,0.0000,0.6667,0.0455
e19561ae-403a-4d73-bdb8-ca197e40b836,17101d7a-983e-469a-82f0-3dbd27b59660,2.0000,9.2458,0.5000,2.0000,2.0000,0.6667,0.2759
e19561ae-403a-4d73-bdb8-ca197e40b836,6c2f7b68-d439-46b0-b6c2-111ae90e59be,2.0000,8.6623,0.5000,2.0000,2.0000,0.0000,0.2500
e19561ae-403a-4d73-bdb8-ca197e40b836,b07b0e33-0c1e-489d-8b69-aa1b4ae8d2ad,0.0000,12.7487,1.0000,0.0000,0.0000,0.6667,0.1905
e19561ae-403a-4d73-bdb8-ca197e40b836,cb93662e-0aed-4f56-9500-1e7f2e128287,2.0000,9.8468,0.5000,2.0000,2.0000,0.0000,0.2222
e19561ae-403a-4d73-bdb8-ca197e40b836,5c581ce7-7a4b-4fd5-86a2-16c83a3a7b68,0.0000,5.0275,1.0000,0.0000,0.0000,0.0000,0.0000
e19561ae-403a-4d73-bdb8-ca197e40b836,f2deb05a-d512-48f4-b641-59e526831230,0.0000,8.6703,1.0000,0.0000,0.0000,0.0000,0.0952
e19561ae-403a-4d73-bdb8-ca197e40b836,2908d1db-866e-4631-a655-8ac0a0da0e28,2.0000,6.7343,0.5000,2.0000,2.0000,0.6667,0.3000
e19561ae-403a-4d73-bdb8-ca197e40b836,4481c909-2f78-4205-8334-e27d27305642,2.0000,4.7582,0.5000,2.0000,2.0000,0.6667,0.1923
e19561ae-403a-4d73-bdb8-ca197e40b836,d450f16e-59ec-490a-8ce7-7968e10dd065,2.0000,7.3563,0.5000,2.0000,2.0000,0.0000,0.2500
e19561ae-403a-4d73-bdb8-ca197e40b836,51625cea-8af7-4dca-9b2d-17750e3831ea,0.0000,13.0344,1.0000,0.0000,0.0000,0.6667,0.0455
e19561ae-403a-4d73-bdb8-ca197e40b836,bb080865-5184-4114-942e-0a1b314c8016,0.0000,9.9706,1.0000,0.0000,0.0000,0.6667,0.0870
e19561ae-403a-4d73-bdb8-ca197e40b836,8b354a1d-b301-4cd1-b271-878ba45ed85f,0.0000,12.9001,1.0000,0.0000,0.0000,0.6667,0.0000
8b65a0a2-23de-40ad-97ec-d7a7117c8020,fb457f02-79d9-4cd8-80c1-1a4cd76d2d60,0.0000,9.1239,1.0000,0.0000,0.0000,0.0000,0.0417
8b65a0a2-23de-40ad-97ec-d7a7117c8020,d92b4620-3913-44fe-852a-67ddc3c13b36,2.0000,11.0785,0.5000,2.0000,2.0000,0.6667,0.1481
8b65a0a2-23de-40ad-97ec-d7a7117c8020,76dd5051-efcd-4750-8788-d0043750910f,2.0000,8.9841,0.5000,2.0000,2.0000,0.6667,0.1154
8b65a0a2-23de-40ad-97ec-d7a7117c8020,ea1f80f0-62f3-4852-85b2-4f9c324b26a2,2.0000,8.8087,0.5000,2.0000,2.0000,0.6667,0.1481
8b65a0a2-23de-40ad-97ec-d7a7117c8020,5b372c89-6d70-4276-a9fe-d4a9ffe9e0af,0.0000,10.3746,1.0000,0.0000,0.0000,0.0000,0.1304
8b65a0a2-23de-40ad-97ec-d7a7117c8020,eb0958ef-c187-4392-95d9-d703217e20f2,0.0000,8.7910,1.0000,0.0000,0.0000,0.0000,0.0000
8b65a0a2-23de-40ad-97ec-d7a7117c8020,d600c8fd-02b9-442e-94a7-8cfcfd0902e5,0.0000,9.4215,1.0000,0.0000,0.0000,0.6667,0.0800
8b65a0a2-23de-40ad-97ec-d7a7117c8020,d43a4529-c3d6-47a7-bf16-51d83c463e35,2.0000,11.9605,0.5000,2.0000,2.0000,0.0000,0.1786
8b65a0a2-23de-40ad-97ec-d7a7117c8020,8b912a7e-96de-4da8-a91d-f1ddafa36f9b,0.0000,6.8374,1.0000,0.0000,0.0000,0.6667,0.0870
8b65a0a2-23de-40ad-97ec-d7a7117c8020,637d55e6-25d5-43aa-95e1-e71da53b4a65,2.0000,9.5990,0.5000,2.0000,2.0000,0.6667,0.2069
8b65a0a2-23de-40ad-97ec-d7a7117c8020,7a051738-24d2-4d72-bbfa-9f81c092b5d4,2.0000,11.0093,0.5000,2.0000,2.0000,0.6667,0.1154
8b65a0a2-23de-40ad-97ec-d7a7117c8020,0fcb9700-df04-4531-a3d8-d6169f91eae5,0.0000,9.6257,1.0000,0.0000,0.0000,0.6667,0.0800
8b65a0a2-23de-40ad-97ec-d7a7117c8020,e3cd235f-f77c-4448-8fe5-62434f6ef801,0.0000,11.7707,1.0000,0.0000,0.0000,0.6667,0.0870
8b65a0a2-23de-40ad-97ec-d7a7117c8020,d84d6202-1b0d-494e-83aa-282623351558,0.0000,8.9373,1.0000,0.0000,0.0000,0.0000,0.0417
8b65a0a2-23de-40ad-97ec-d7a7117c8020,fb3bb871-3382-43a6-86cf-25862db66608,2.0000,11.4902,0.5000,2.0000,2.0000,0.6667,0.2069
8b65a0a2-23de-40ad-97ec-d7a7117c8020,8b2ba48c-dea4-4586-8cdd-81d2a8b1aa73,0.0000,10.8655,1.0000,0.0000,0.0000,0.6667,0.0435
8b65a0a2-23de-40ad-97ec-d7a7117c8020,b590db6d-3092-4a48-a3cd-8b3828f6fd97,0.0000,1.3953,1.0000,0.0000,0.0000,0.0000,0.0870
8b65a0a2-23de-40ad-97ec-d7a7117c8020,1079305f-65fb-473e-9658-e7251b0824be,0.0000,13.7436,1.0000,0.0000,0.0000,0.6667,0.2174
8b65a0a2-23de-40ad-97ec-d7a7117c8020,efdea335-b7fb-4a9f-b55c-05e6f649b42f,2.0000,10.2526,0.5000,2.0000,2.0000,0.6667,0.1481
8b65a0a2-23de-40ad-97ec-d7a7117c8020,2a753e87-dc5b-4f7e-8441-59141fcc0cb2,0.0000,5.2869,1.0000,0.0000,0.0000,0.0000,0.0417
8b65a0a2-23de-40ad-97ec-d7a7117c8020,09ce3282-4e7d-43e3-aad0-d8ba479e152e,0.0000,10.6097,1.0000,0.0000,0.0000,0.6667,0.0870
8b65a0a2-23de-40ad-97ec-d7a7117c8020,130e102a-345e-41bc-8c2b-f9eddef31bd5,0.0000,14.0340,1.0000,0.0000,0.0000,0.6667,0.0417
8b65a0a2-23de-40ad-97ec-d7a7117c8020,9ded00ab-0866-4032-92bf-5dc8fdc4d243,2.0000,8.9065,0.5000,2.0000,2.0000,0.6667,0.0417
8b65a0a2-23de-40ad-97ec-d7a7117c8020,5d4d9a94-6aaa-4bbe-b639-a0eeb4e1c088,2.0000,7.8856,0.5000,2.0000,2.0000,0.6667,0.1786
8b65a0a2-23de-40ad-97ec-d7a7117c8020,a8c5b81e-599a-4ed1-901b-356d1fc94e84,0.0000,13.3527,1.0000,0.0000,0.0000,0.6667,0.1304
8b65a0a2-23de-40ad-97ec-d7a7117c8020,f19250f3-e0cf-4ebf-b106-1c75855eb8ed,0.0000,13.8030,1.0000,0.0000,0.0000,0.6667,0.0417
8b65a0a2-23de-40ad-97ec-d7a7117c8020,6482a7eb-8182-43d4-8df9-1ad15f5bbf5d,2.0000,9.6591,0.5000,2.0000,2.0000,0.6667,0.0800
8b65a0a2-23de-40ad-97ec-d7a7117c8020,5e5e895e-dd66-4fb6-a1d2-04f02c760fd8,0.0000,10.0271,1.0000,0.0000,0.0000,0.6667,0.0000
8b65a0a2-23de-40ad-97ec-d7a7117c8020,ff1bb715-41ad-4a24-a31e-499bba5e889a,0.0000,12.8060,1.0000,0.0000,0.0000,0.6667,0.0000
8b65a0a2-23de-40ad-97ec-d7a7117c8020,9fd672d7-152c-423e-af51-4b14f62db78f,0.0000,7.3512,1.0000,0.0000,0.0000,0.0000,0.1304
8b65a0a2-23de-40ad-97ec-d7a7117c8020,0c07cbfe-8089-4618-8ea2-9d49c5c7676f,2.0000,11.3826,0.5000,2.0000,2.0000,0.6667,0.0800
8b65a0a2-23de-40ad-97ec-d7a7117c8020,2db915b4-b287-4d07-8d78-0d79e2b715e6,0.0000,1.9110,1.0000,0.0000,0.0000,0.0000,0.1304
8b65a0a2-23de-40ad-97ec-d7a7117c8020,1041fa72-e598-4a46-9d90-bbdb1a8c8cfa,0.0000,9.8665,1.0000,0.0000,0.0000,0.0000,0.2174
8b65a0a2-23de-40ad-97ec-d7a7117c8020,e2678857-49ff-42d1-9649-47b147a8ed3e,2.0000,6.4322,0.5000,2.0000,2.0000,0.0000,0.1481
8b65a0a2-23de-40ad-97ec-d7a7117c8020,0b2085d3-0fbc-4351-845e-5d9bccda34e5,0.0000,9.6471,1.0000,0.0000,0.0000,0.0000,0.0000
8b65a0a2-23de-40ad-97ec-d7a7117c8020,0abcffc0-2fc7-4385-a82f-bbe80bfd51ae,0.0000,10.4192,1.0000,0.0000,0.0000,0.0000,0.0000
8b65a0a2-23de-40ad-97ec-d7a7117c8020,d54c73cc-cc77-415e-aeff-dd22604f13cf,0.0000,5.5618,1.0000,0.0000,0.0000,0.0000,0.1304
8b65a0a2-23de-40ad-97ec-d7a7117c8020,09bf266d-b272-4968-9251-ab34779e8344,0.0000,11.8471,1.0000,0.0000,0.0000,0.6667,0.1154
8b65a0a2-23de-40ad-97ec-d7a7117c8020,b336cd79-f2f6-4913-b922-d1061f5fb2e1,0.0000,8.6539,1.0000,0.0000,0.0000,0.0000,0.0000
8b65a0a2-23de-40ad-97ec-d7a7117c8020,c6e27378-0b9e-4d40-9dbf-057217176282,0.0000,6.1461,1.0000,0.0000,0.0000,0.0000,0.0000
8b65a0a2-23de-40ad-97ec-d7a7117c8020,d9267fd4-495d-4d11-843c-cedddfeddabf,0.0000,8.7664,1.0000,0.0000,0.0000,0.6667,0.0870
8b65a0a2-23de-40ad-97ec-d7a7117c8020,8dfa57b2-e8b0-4a9a-b5b6-86dc84f15e30,2.0000,13.4035,0.5000,2.0000,2.0000,0.6667,0.1786
8b65a0a2-23de-40ad-97ec-d7a7117c8020,d9fa51da-ab2b-411c-a41b-ce2b5c23473b,0.0000,6.2011,1.0000,0.0000,0.0000,0.0000,0.0000
8b65a0a2-23de-40ad-97ec-d7a7117c8020,4895c953-8e9a-4e62-b308-61d0f4106e69,0.0000,7.7435,1.0000,0.0000,0.0000,0.0000,0.0000
8b65a0a2-23de-40ad-97ec-d7a7117c8020,c95936f5-0096-4c43-a2a2-4cc7a9b26504,2.0000,9.7357,0.5000,2.0000,2.0000,0.0000,0.0800
8b65a0a2-23de-40ad-97ec-d7a7117c8020,535f130b-68ff-4463-83b0-d04785999fbb,0.0000,12.8710,1.0000,0.0000,0.0000,0.6667,0.1304
8b65a0a2-23de-40ad-97ec-d7a7117c8020,5c952de4-19c5-4324-b3f4-48b0c2169833,0.0000,11.6497,1.0000,0.0000,0.0000,0.0000,0.0000
8b65a0a2-23de-40ad-97ec-d7a7117c8020,ced92f16-312a-4b19-addf-523cfefee6c7,0.0000,6.3662,1.0000,0.0000,0.0000,0.0000,0.1154
8b65a0a2-23de-40ad-97ec-d7a7117c8020,a11c3bca-9343-4869-8c77-38e616536f5e,0.0000,8.3110,1.0000,0.0000,0.0000,0.0000,0.1304
8b65a0a2-23de-40ad-97ec-d7a7117c8020,110b5c81-0d3f-40bb-bc0d-cd4c327ce925,2.0000,8.0093,0.5000,2.0000,2.0000,0.6667,0.1481
8b65a0a2-23de-40ad-97ec-d7a7117c8020,80481175-af46-455a-8bef-0c682e4c0cb6,2.0000,9.2098,0.5000,2.0000,2.0000,0.0000,0.1481
8b65a0a2-23de-40ad-97ec-d7a7117c8020,422a1c98-ae36-47b0-8890-a8295b6cd85c,2.0000,10.4310,0.5000,2.0000,2.0000,0.6667,0.0800
8b65a0a2-23de-40ad-97ec-d7a7117c8020,51d9466b-1ba9-4646-8257-1d21cb2ed954,2.0000,9.0271,0.5000,2.0000,2.0000,0.0000,0.1481
8b65a0a2-23de-40ad-97ec-d7a7117c8020,03e8c72b-9c28-43b3-a50c-ba09195e3e3c,0.0000,9.8952,1.0000,0.0000,0.0000,0.6667,0.0435
8b65a0a2-23de-40ad-97ec-d7a7117c8020,cf9b7960-9d27-4554-a98d-f1fa9bb1a5ca,2.0000,9.1692,0.5000,2.0000,2.0000,0.6667,0.2813
8b65a0a2-23de-40ad-97ec-d7a7117c8020,bf0dfd9e-5489-4b04-ae78-ba2facc60792,0.0000,9.9677,1.0000,0.0000,0.0000,0.6667,0.0435
8b65a0a2-23de-40ad-97ec-d7a7117c8020,4f2e86c2-4b73-47fc-bf83-31eb686d4ad0,0.0000,11.2030,1.0000,0.0000,0.0000,0.6667,0.0870
8b65a0a2-23de-40ad-97ec-d7a7117c8020,ddd56f00-e94c-4f73-bc24-d6538d02d76f,2.0000,6.7518,0.5000,2.0000,2.0000,0.6667,0.2333
8b65a0a2-23de-40ad-97ec-d7a7117c8020,67351bd4-8ebd-4ac5-b552-24308cef799f,2.0000,10.3443,0.5000,2.0000,2.0000,0.0000,0.1786
8b65a0a2-23de-40ad-97ec-d7a7117c8020,7d591389-70df-411c-93e7-2948d4c04738,0.0000,6.3239,1.0000,0.0000,0.0000,0.0000,0.1304
8b65a0a2-23de-40ad-97ec-d7a7117c8020,91fd5a9f-0848-4551-a1a2-9689a4125830,0.0000,11.5272,1.0000,0.0000,0.0000,0.0000,0.1786
8b65a0a2-23de-40ad-97ec-d7a7117c8020,ae6b3203-494b-4066-b0ba-b923b393bced,0.0000,9.9676,1.0000,0.0000,0.0000,0.6667,0.0435
8b65a0a2-23de-40ad-97ec-d7a7117c8020,4b0f1708-0377-46ec-b3a4-cc53fe72fcc8,0.0000,9.8591,1.0000,0.0000,0.0000,0.6667,0.0435
8b65a0a2-23de-40ad-97ec-d7a7117c8020,17101d7a-983e-469a-82f0-3dbd27b59660,2.0000,9.5624,0.5000,2.0000,2.0000,0.0000,0.2069
8b65a0a2-23de-40ad-97ec-d7a7117c8020,6c2f7b68-d439-46b0-b6c2-111ae90e59be,2.0000,6.3892,0.5000,2.0000,2.0000,0.6667,0.1786
8b65a0a2-23de-40ad-97ec-d7a7117c8020,b07b0e33-0c1e-489d-8b69-aa1b4ae8d2ad,0.0000,8.8642,1.0000,0.0000,0.0000,0.6667,0.2609
8b65a0a2-23de-40ad-97ec-d7a7117c8020,cb93662e-0aed-4f56-9500-1e7f2e128287,2.0000,6.1474,0.5000,2.0000,2.0000,0.6667,0.1481
8b65a0a2-23de-40ad-97ec-d7a7117c8020,5c581ce7-7a4b-4fd5-86a2-16c83a3a7b68,0.0000,12.7289,1.0000,0.0000,0.0000,0.6667,0.0870
8b65a0a2-23de-40ad-97ec-d7a7117c8020,f2deb05a-d512-48f4-b641-59e526831230,0.0000,13.0269,1.0000,0.0000,0.0000,0.6667,0.1739
8b65a0a2-23de-40ad-97ec-d7a7117c8020,2908d1db-866e-4631-a655-8ac0a0da0e28,2.0000,10.6344,0.5000,2.0000,2.0000,0.6667,0.2333
8b65a0a2-23de-40ad-97ec-d7a7117c8020,4481c909-2f78-4205-8334-e27d27305642,2.0000,11.9868,0.5000,2.0000,2.0000,0.6667,0.1154
8b65a0a2-23de-40ad-97ec-d7a7117c8020,d450f16e-59ec-490a-8ce7-7968e10dd065,2.0000,9.6983,0.5000,2.0000,2.0000,0.6667,0.1786
8b65a0a2-23de-40ad-97ec-d7a7117c8020,51625cea-8af7-4dca-9b2d-17750e3831ea,0.0000,6.6517,1.0000,0.0000,0.0000,0.0000,0.0435
8b65a0a2-23de-40ad-97ec-d7a7117c8020,bb080865-5184-4114-942e-0a1b314c8016,0.0000,11.2585,1.0000,0.0000,0.0000,0.0000,0.0000
8b65a0a2-23de-40ad-97ec-d7a7117c8020,8b354a1d-b301-4cd1-b271-878ba45ed85f,0.0000,6.4726,1.0000,0.0000,0.0000,0.0000,0.0870
fb457f02-79d9-4cd8-80c1-1a4cd76d2d60,d92b4620-3913-44fe-852a-67ddc3c13b36,2.0000,9.3629,0.5000,2.0000,2.0000,0.6667,0.1111
fb457f02-79d9-4cd8-80c1-1a4cd76d2d60,76dd5051-efcd-4750-8788-d0043750910f,2.0000,14.6339,0.5000,2.0000,2.0000,0.6667,0.0769
fb457f02-79d9-4cd8-80c1-1a4cd76d2d60,ea1f80f0-62f3-4852-85b2-4f9c324b26a2,2.0000,11.3051,0.5000,2.0000,2.0000,0.6667,0.1111
fb457f02-79d9-4cd8-80c1-1a4cd76d2d60,5b372c89-6d70-4276-a9fe-d4a9ffe9e0af,0.0000,4.8920,1.0000,0.0000,0.0000,0.0000,0.1667
fb457f02-79d9-4cd8-80c1-1a4cd76d2d60,eb0958ef-c187-4392-95d9-d703217e20f2,0.0000,3.8832,1.0000,0.0000,0.0000,0.0000,0.0417
fb457f02-79d9-4cd8-80c1-1a4cd76d2d60,d600c8fd-02b9-442e-94a7-8cfcfd0902e5,0.0000,14.6352,1.0000,0.0000,0.0000,0.6667,0.0400
fb457f02-79d9-4cd8-80c1-1a4cd76d2d60,d43a4529-c3d6-47a7-bf16-51d83c463e35,2.0000,12.5546,0.5000,2.0000,2.0000,0.0000,0.1429
fb457f02-79d9-4cd8-80c1-1a4cd76d2d60,8b912a7e-96de-4da8-a91d-f1ddafa36f9b,0.0000,13.9921,1.0000,0.0000,0.0000,0.6667,0.1250
fb457f02-79d9-4cd8-80c1-1a4cd76d2d60,637d55e6-25d5-43aa-95e1-e71da53b4a65,2.0000,8.3873,0.5000,2.0000,2.0000,0.6667,0.1724
fb457f02-79d9-4cd8-80c1-1a4cd76d2d60,7a051738-24d2-4d72-bbfa-9f81c092b5d4,2.0000,12.3101,0.5000,2.0000,2.0000,0.6667,0.0769
fb457f02-79d9-4cd8-80c1-1a4cd76d2d60,0fcb9700-df04-4531-a3d8-d6169f91eae5,0.0000,15.5602,1.0000,0.0000,0.0000,0.6667,0.0400
fb457f02-79d9-4cd8-80c1-1a4cd76d2d60,e3cd235f-f77c-4448-8fe5-62434f6ef801,0.0000,14.4772,1.0000,0.0000,0.0000,0.6667,0.1250
fb457f02-79d9-4cd8-80c1-1a4cd76d2d60,d84d6202-1b0d-494e-83aa-282623351558,0.0000,11.8662,1.0000,0.0000,0.0000,0.0000,0.0000
fb457f02-79d9-4cd8-80c1-1a4cd76d2d60,fb3bb871-3382-43a6-86cf-25862db66608,2.0000,11.7041,0.5000,2.0000,2.0000,0.6667,0.1724
fb457f02-79d9-4cd8-80c1-1a4cd76d2d60,8b2ba48c-dea4-4586-8cdd-81d2a8b1aa73,0.0000,14.3104,1.0000,0.0000,0.0000,0.6667,0.0833
fb457f02-79d9-4cd8-80c1-1a4cd76d2d60,b590db6d-3092-4a48-a3cd-8b3828f6fd97,0.0000,9.0517,1.0000,0.0000,0.0000,0.0000,0.1250
fb457f02-79d9-4cd8-80c1-1a4cd76d2d60,1079305f-65fb-473e-9658-e7251b0824be,0.0000,12.0894,1.0000,0.0000,0.0000,0.6667,0.2500
fb457f02-79d9-4cd8-80c1-1a4cd76d2d60,efdea335-b7fb-4a9f-b55c-05e6f649b42f,2.0000,10.5947,0.5000,2.0000,2.0000,0.6667,0.1111
fb457f02-79d9-4cd8-80c1-1a4cd76d2d60,2a753e87-dc5b-4f7e-8441-59141fcc0cb2,0.0000,7.5802,1.0000,0.0000,0.0000,0.0000,0.0000
fb457f02-79d9-4cd8-80c1-1a4cd76d2d60,09ce3282-4e7d-43e3-aad0-d8ba479e152e,0.0000,14.6639,1.0000,0.0000,0.0000,0.6667,0.1250
fb457f02-79d9-4cd8-80c1-1a4cd76d2d60,130e102a-345e-41bc-8c2b-f9eddef31bd5,0.0000,11.9945,1.0000,0.0000,0.0000,0.6667,0.0000
fb457f02-79d9-4cd8-80c1-1a4cd76d2d60,9ded00ab-0866-4032-92bf-5dc8fdc4d243,2.0000,11.5092,0.5000,2.0000,2.0000,0.6667,0.0000
fb457f02-79d9-4cd8-80c1-1a4cd76d2d60,5d4d9a94-6aaa-4bbe-b639-a0eeb4e1c088,2.0000,7.4281,0.5000,2.0000,2.0000,0.6667,0.1429
fb457f02-79d9-4cd8-80c1-1a4cd76d2d60,a8c5b81e-599a-4ed1-901b-356d1fc94e84,0.0000,15.5467,1.0000,0.0000,0.0000,0.6667,0.1667
fb457f02-79d9-4cd8-80c1-1a4cd76d2d60,f19250f3-e0cf-4ebf-b106-1c75855eb8ed,0.0000,15.5610,1.0000,0.0000,0.0000,0.6667,0.0000
fb457f02-79d9-4cd8-80c1-1a4cd76d2d60,6482a7eb-8182-43d4-8df9-1ad15f5bbf5d,2.0000,12.6463,0.5000,2.0000,2.0000,0.6667,0.0400
fb457f02-79d9-4cd8-80c1-1a4cd76d2d60,5e5e895e-dd66-4fb6-a1d2-04f02c760fd8,0.0000,12.6899,1.0000,0.0000,0.0000,0.6667,0.0417
fb457f02-79d9-4cd8-80c1-1a4cd76d2d60,ff1bb715-41ad-4a24-a31e-499bba5e889a,0.0000,12.6210,1.0000,0.0000,0.0000,0.6667,0.0417
fb457f02-79d9-4cd8-80c1-1a4cd76d2d60,9fd672d7-152c-423e-af51-4b14f62db78f,0.0000,8.4672,1.0000,0.0000,0.0000,0.0000,0.1667
fb457f02-79d9-4cd8-80c1-1a4cd76d2d60,0c07cbfe-8089-4618-8ea2-9d49c5c7676f,2.0000,10.6569,0.5000,2.0000,2.0000,0.6667,0.0400
fb457f02-79d9-4cd8-80c1-1a4cd76d2d60,2db915b4-b287-4d07-8d78-0d79e2b715e6,0.0000,8.7457,1.0000,0.0000,0.0000,0.0000,0.1667
fb457f02-79d9-4cd8-80c1-1a4cd76d2d60,1041fa72-e598-4a46-9d90-bbdb1a8c8cfa,0.0000,1.7004,1.0000,0.0000,0.0000,0.0000,0.2500
fb457f02-79d9-4cd8-80c1-1a4cd76d2d60,e2678857-49ff-42d1-9649-47b147a8ed3e,2.0000,10.8512,0.5000,2.0000,2.0000,0.0000,0.1111
fb457f02-79d9-4cd8-80c1-1a4cd76d2d60,0b2085d3-0fbc-4351-845e-5d9bccda34e5,0.0000,13.5774,1.0000,0.0000,0.0000,0.0000,0.0417
fb457f02-79d9-4cd8-80c1-1a4cd76d2d60,0abcffc0-2fc7-4385-a82f-bbe80bfd51ae,0.0000,11.0904,1.0000,0.0000,0.0000,0.0000,0.0417
fb457f02-79d9-4cd8-80c1-1a4cd76d2d60,d54c73cc-cc77-415e-aeff-dd22604f13cf,0.0000,4.5480,1.0000,0.0000,0.0000,0.0000,0.1667
fb457f02-79d9-4cd8-80c1-1a4cd76d2d60,09bf266d-b272-4968-9251-ab34779e8344,0.0000,11.1826,1.0000,0.0000,0.0000,0.6667,0.0769
fb457f02-79d9-4cd8-80c1-1a4cd76d2d60,b336cd79-f2f6-4913-b922-d1061f5fb2e1,0.0000,6.9051,1.0000,0.0000,0.0000,0.0000,0.0417
fb457f02-79d9-4cd8-80c1-1a4cd76d2d60,c6e27378-0b9e-4d40-9dbf-057217176282,0.0000,8.6070,1.0000,0.0000,0.0000,0.0000,0.0417
fb457f02-79d9-4cd8-80c1-1a4cd76d2d60,d9267fd4-495d-4d11-843c-cedddfeddabf,0.0000,13.5987,1.0000,0.0000,0.0000,0.6667,0.1250
fb457f02-79d9-4cd8-80c1-1a4cd76d2d60,8dfa57b2-e8b0-4a9a-b5b6-86dc84f15e30,2.0000,13.0304,0.5000,2.0000,2.0000,0.6667,0.1429
fb457f02-79d9-4cd8-80c1-1a4cd76d2d60,d9fa51da-ab2b-411c-a41b-ce2b5c23473b,0.0000,6.5987,1.0000,0.0000,0.0000,0.0000,0.0417
fb457f02-79d9-4cd8-80c1-1a4cd76d2d60,4895c953-8e9a-4e62-b308-61d0f4106e69,0.0000,6.3161,1.0000,0.0000,0.0000,0.0000,0.0417
fb457f02-79d9-4cd8-80c1-1a4cd76d2d60,c95936f5-0096-4c43-a2a2-4cc7a9b26504,2.0000,7.1062,0.5000,2.0000,2.0000,0.0000,0.0400
fb457f02-79d9-4cd8-80c1-1a4cd76d2d60,535f130b-68ff-4463-83b0-d04785999fbb,0.0000,15.2935,1.0000,0.0000,0.0000,0.6667,0.1667
fb457f02-79d9-4cd8-80c1-1a4cd76d2d60,5c952de4-19c5-4324-b3f4-48b0c2169833,0.0000,8.7793,1.0000,0.0000,0.0000,0.0000,0.0417
fb457f02-79d9-4cd8-80c1-1a4cd76d2d60,ced92f16-312a-4b19-addf-523cfefee6c7,0.0000,6.8180,1.0000,0.0000,0.0000,0.0000,0.0769
fb457f02-79d9-4cd8-80c1-1a4cd76d2d60,a11c3bca-9343-4869-8c77-38e616536f5e,0.0000,6.2493,1.0000,0.0000,0.0000,0.0000,0.1667
fb457f02-79d9-4cd8-80c1-1a4cd76d2d60,110b5c81-0d3f-40bb-bc0d-cd4c327ce925,2.0000,13.3160,0.5000,2.0000,2.0000,0.6667,0.1111
fb457f02-79d9-4cd8-80c1-1a4cd76d2d60,80481175-af46-455a-8bef-0c682e4c0cb6,2.0000,7.4931,0.5000,2.0000,2.0000,0.0000,0.1111
fb457f02-79d9-4cd8-80c1-1a4cd76d2d60,422a1c98-ae36-47b0-8890-a8295b6cd85c,2.0000,8.6609,0.5000,2.0000,2.0000,0.6667,0.0400
fb457f02-79d9-4cd8-80c1-1a4cd76d2d60,51d9466b-1ba9-4646-8257-1d21cb2ed954,2.0000,13.0580,0.5000,2.0000,2.0000,0.0000,0.1111
fb457f02-79d9-4cd8-80c1-1a4cd76d2d60,03e8c72b-9c28-43b3-a50c-ba09195e3e3c,0.0000,15.3552,1.0000,0.0000,0.0000,0.6667,0.0833
fb457f02-79d9-4cd8-80c1-1a4cd76d2d60,cf9b7960-9d27-4554-a98d-f1fa9bb1a5ca,2.0000,9.2303,0.5000,2.0000,2.0000,0.6667,0.2500
fb457f02-79d9-4cd8-80c1-1a4cd76d2d60,bf0dfd9e-5489-4b04-ae78-ba2facc60792,0.0000,13.1064,1.0000,0.0000,0.0000,0.6667,0.0833
fb457f02-79d9-4cd8-80c1-1a4cd76d2d60,4f2e86c2-4b73-47fc-bf83-31eb686d4ad0,0.0000,13.3677,1.0000,0.0000,0.0000,0.6667,0.1250
fb457f02-79d9-4cd8-80c1-1a4cd76d2d60,ddd56f00-e94c-4f73-bc24-d6538d02d76f,2.0000,9.3020,0.5000,2.0000,2.0000,0.6667,0.2000
fb457f02-79d9-4cd8-80c1-1a4cd76d2d60,67351bd4-8ebd-4ac5-b552-24308cef799f,2.0000,14.0148,0.5000,2.0000,2.0000,0.0000,0.1429
fb457f02-79d9-4cd8-80c1-1a4cd76d2d60,7d591389-70df-411c-93e7-2948d4c04738,0.0000,9.0171,1.0000,0.0000,0.0000,0.0000,0.1667
fb457f02-79d9-4cd8-80c1-1a4cd76d2d60,91fd5a9f-0848-4551-a1a2-9689a4125830,0.0000,10.3041,1.0000,0.0000,0.0000,0.0000,0.1429
fb457f02-79d9-4cd8-80c1-1a4cd76d2d60,ae6b3203-494b-4066-b0ba-b923b393bced,0.0000,16.0477,1.0000,0.0000,0.0000,0.6667,0.0833
fb457f02-79d9-4cd8-80c1-1a4cd76d2d60,4b0f1708-0377-46ec-b3a4-cc53fe72fcc8,0.0000,14.0098,1.0000,0.0000,0.0000,0.6667,0.0833
fb457f02-79d9-4cd8-80c1-1a4cd76d2d60,17101d7a-983e-469a-82f0-3dbd27b59660,2.0000,9.0450,0.5000,2.0000,2.0000,0.0000,0.1724
fb457f02-79d9-4cd8-80c1-1a4cd76d2d60,6c2f7b68-d439-46b0-b6c2-111ae90e59be,2.0000,13.6168,0.5000,2.0000,2.0000,0.6667,0.1429
fb457f02-79d9-4cd8-80c1-1a4cd76d2d60,b07b0e33-0c1e-489d-8b69-aa1b4ae8d2ad,0.0000,13.2964,1.0000,0.0000,0.0000,0.6667,0.2917
fb457f02-79d9-4cd8-80c1-1a4cd76d2d60,cb93662e-0aed-4f56-9500-1e7f2e128287,2.0000,11.6141,0.5000,2.0000,2.0000,0.6667,0.1111
fb457f02-79d9-4cd8-80c1-1a4cd76d2d60,5c581ce7-7a4b-4fd5-86a2-16c83a3a7b68,0.0000,12.9177,1.0000,0.0000,0.0000,0.6667,0.1250
fb457f02-79d9-4cd8-80c1-1a4cd76d2d60,f2deb05a-d512-48f4-b641-59e526831230,0.0000,14.9437,1.0000,0.0000,0.0000,0.6667,0.2083
fb457f02-79d9-4cd8-80c1-1a4cd76d2d60,2908d1db-866e-4631-a655-8ac0a0da0e28,2.0000,13.2330,0.5000,2.0000,2.0000,0.6667,0.2000
fb457f02-79d9-4cd8-80c1-1a4cd76d2d60,4481c909-2f78-4205-8334-e27d27305642,2.0000,12.6044,0.5000,2.0000,2.0000,0.6667,0.0769
fb457f02-79d9-4cd8-80c1-1a4cd76d2d60,d450f16e-59ec-490a-8ce7-7968e10dd065,2.0000,8.4674,0.5000,2.0000,2.0000,0.6667,0.1429
fb457f02-79d9-4cd8-80c1-1a4cd76d2d60,51625cea-8af7-4dca-9b2d-17750e3831ea,0.0000,9.2580,1.0000,0.0000,0.0000,0.0000,0.0833
fb457f02-79d9-4cd8-80c1-1a4cd76d2d60,bb080865-5184-4114-942e-0a1b314c8016,0.0000,13.9484,1.0000,0.0000,0.0000,0.0000,0.0417
fb457f02-79d9-4cd8-80c1-1a4cd76d2d60,8b354a1d-b301-4cd1-b271-878ba45ed85f,0.0000,8.9431,1.0000,0.0000,0.0000,0.0000,0.1250
d92b4620-3913-44fe-852a-67ddc3c13b36,76dd5051-efcd-4750-8788-d0043750910f,0.0000,9.0176,1.0000,0.0000,0.0000,0.0000,0.0370
d92b4620-3913-44fe-852a-67ddc3c13b36,ea1f80f0-62f3-4852-85b2-4f9c324b26a2,0.0000,10.5222,1.0000,0.0000,0.0000,0.0000,0.0000
d92b4620-3913-44fe-852a-67ddc3c13b36,5b372c89-6d70-4276-a9fe-d4a9ffe9e0af,2.0000,10.2440,0.5000,2.0000,2.0000,0.6667,0.2593
d92b4620-3913-44fe-852a-67ddc3c13b36,eb0958ef-c187-4392-95d9-d703217e20f2,2.0000,9.4968,0.5000,2.0000,2.0000,0.6667,0.1481
d92b4620-3913-44fe-852a-67ddc3c13b36,d600c8fd-02b9-442e-94a7-8cfcfd0902e5,2.0000,12.1710,0.5000,2.0000,2.0000,0.0000,0.0741
d92b4620-3913-44fe-852a-67ddc3c13b36,d43a4529-c3d6-47a7-bf16-51d83c463e35,0.0000,8.7173,1.0000,0.0000,0.0000,0.6667,0.0357
d92b4620-3913-44fe-852a-67ddc3c13b36,8b912a7e-96de-4da8-a91d-f1ddafa36f9b,2.0000,13.7295,0.5000,2.0000,2.0000,0.0000,0.2222
d92b4620-3913-44fe-852a-67ddc3c13b36,637d55e6-25d5-43aa-95e1-e71da53b4a65,0.0000,4.6509,1.0000,0.0000,0.0000,0.0000,0.0690
d92b4620-3913-44fe-852a-67ddc3c13b36,7a051738-24d2-4d72-bbfa-9f81c092b5d4,0.0000,8.2186,1.0000,0.0000,0.0000,0.6667,0.0370
d92b4620-3913-44fe-852a-67ddc3c13b36,0fcb9700-df04-4531-a3d8-d6169f91eae5,2.0000,10.7129,0.5000,2.0000,2.0000,0.0000,0.0741
d92b4620-3913-44fe-852a-67ddc3c13b36,e3cd235f-f77c-4448-8fe5-62434f6ef801,2.0000,13.5184,0.5000,2.0000,2.0000,0.0000,0.2222
d92b4620-3913-44fe-852a-67ddc3c13b36,d84d6202-1b0d-494e-83aa-282623351558,2.0000,12.2947,0.5000,2.0000,2.0000,0.6667,0.1111
d92b4620-3913-44fe-852a-67ddc3c13b36,fb3bb871-3382-43a6-86cf-25862db66608,0.0000,8.4526,1.0000,0.0000,0.0000,0.6667,0.0690
d92b4620-3913-44fe-852a-67ddc3c13b36,8b2ba48c-dea4-4586-8cdd-81d2a8b1aa73,2.0000,8.7230,0.5000,2.0000,2.0000,0.0000,0.1852
d92b4620-3913-44fe-852a-67ddc3c13b36,b590db6d-3092-4a48-a3cd-8b3828f6fd97,2.0000,11.5575,0.5000,2.0000,2.0000,0.6667,0.2222
d92b4620-3913-44fe-852a-67ddc3c13b36,1079305f-65fb-473e-9658-e7251b0824be,2.0000,9.8246,0.5000,2.0000,2.0000,0.6667,0.3333
d92b4620-3913-44fe-852a-67ddc3c13b36,efdea335-b7fb-4a9f-b55c-05e6f649b42f,0.0000,7.0791,1.0000,0.0000,0.0000,0.0000,0.0000
d92b4620-3913-44fe-852a-67ddc3c13b36,2a753e87-dc5b-4f7e-8441-59141fcc0cb2,2.0000,9.7118,0.5000,2.0000,2.0000,0.6667,0.1111
d92b4620-3913-44fe-852a-67ddc3c13b36,09ce3282-4e7d-43e3-aad0-d8ba479e152e,2.0000,9.8802,0.5000,2.0000,2.0000,0.0000,0.2222
d92b4620-3913-44fe-852a-67ddc3c13b36,130e102a-345e-41bc-8c2b-f9eddef31bd5,2.0000,9.6771,0.5000,2.0000,2.0000,0.0000,0.1111
d92b4620-3913-44fe-852a-67ddc3c13b36,9ded00ab-0866-4032-92bf-5dc8fdc4d243,0.0000,6.1078,1.0000,0.0000,0.0000,0.6667,0.1111
d92b4620-3913-44fe-852a-67ddc3c13b36,5d4d9a94-6aaa-4bbe-b639-a0eeb4e1c088,0.0000,6.0106,1.0000,0.0000,0.0000,0.6667,0.0357
d92b4620-3913-44fe-852a-67ddc3c13b36,a8c5b81e-599a-4ed1-901b-356d1fc94e84,2.0000,12.7926,0.5000,2.0000,2.0000,0.0000,0.2593
d92b4620-3913-44fe-852a-67ddc3c13b36,f19250f3-e0cf-4ebf-b106-1c75855eb8ed,2.0000,12.4708,0.5000,2.0000,2.0000,0.0000,0.1111
d92b4620-3913-44fe-852a-67ddc3c13b36,6482a7eb-8182-43d4-8df9-1ad15f5bbf5d,0.0000,7.2913,1.0000,0.0000,0.0000,0.0000,0.0741
d92b4620-3913-44fe-852a-67ddc3c13b36,5e5e895e-dd66-4fb6-a1d2-04f02c760fd8,2.0000,11.1199,0.5000,2.0000,2.0000,0.6667,0.1481
d92b4620-3913-44fe-852a-67ddc3c13b36,ff1bb715-41ad-4a24-a31e-499bba5e889a,2.0000,9.1816,0.5000,2.0000,2.0000,0.0000,0.1481
d92b4620-3913-44fe-852a-67ddc3c13b36,9fd672d7-152c-423e-af51-4b14f62db78f,2.0000,5.3337,0.5000,2.0000,2.0000,0.6667,0.2593
d92b4620-3913-44fe-852a-67ddc3c13b36,0c07cbfe-8089-4618-8ea2-9d49c5c7676f,0.0000,7.3224,1.0000,0.0000,0.0000,0.6667,0.0741
d92b4620-3913-44fe-852a-67ddc3c13b36,2db915b4-b287-4d07-8d78-0d79e2b715e6,2.0000,11.5780,0.5000,2.0000,2.0000,0.6667,0.2593
d92b4620-3913-44fe-852a-67ddc3c13b36,1041fa72-e598-4a46-9d90-bbdb1a8c8cfa,2.0000,10.7705,0.5000,2.0000,2.0000,0.6667,0.3333
d92b4620-3913-44fe-852a-67ddc3c13b36,e2678857-49ff-42d1-9649-47b147a8ed3e,0.0000,10.0617,1.0000,0.0000,0.0000,0.6667,0.0000
d92b4620-3913-44fe-852a-67ddc3c13b36,0b2085d3-0fbc-4351-845e-5d9bccda34e5,2.0000,11.4010,0.5000,2.0000,2.0000,0.6667,0.1481
d92b4620-3913-44fe-852a-67ddc3c13b36,0abcffc0-2fc7-4385-a82f-bbe80bfd51ae,2.0000,7.4143,0.5000,2.0000,2.0000,0.6667,0.1481
d92b4620-3913-44fe-852a-67ddc3c13b36,d54c73cc-cc77-415e-aeff-dd22604f13cf,2.0000,10.4435,0.5000,2.0000,2.0000,0.6667,0.2593
d92b4620-3913-44fe-852a-67ddc3c13b36,09bf266d-b272-4968-9251-ab34779e8344,2.0000,10.4297,0.5000,2.0000,2.0000,0.6667,0.0370
d92b4620-3913-44fe-852a-67ddc3c13b36,b336cd79-f2f6-4913-b922-d1061f5fb2e1,2.0000,8.4903,0.5000,2.0000,2.0000,0.6667,0.1481
d92b4620-3913-44fe-852a-67ddc3c13b36,c6e27378-0b9e-4d40-9dbf-057217176282,2.0000,9.0768,0.5000,2.0000,2.0000,0.6667,0.1481
d92b4620-3913-44fe-852a-67ddc3c13b36,d9267fd4-495d-4d11-843c-cedddfeddabf,2.0000,10.6417,0.5000,2.0000,2.0000,0.0000,0.2222
d92b4620-3913-44fe-852a-67ddc3c13b36,8dfa57b2-e8b0-4a9a-b5b6-86dc84f15e30,0.0000,4.1888,1.0000,0.0000,0.0000,0.6667,0.0357
d92b4620-3913-44fe-852a-67ddc3c13b36,d9fa51da-ab2b-411c-a41b-ce2b5c23473b,2.0000,7.3832,0.5000,2.0000,2.0000,0.6667,0.1481
d92b4620-3913-44fe-852a-67ddc3c13b36,4895c953-8e9a-4e62-b308-61d0f4106e69,2.0000,10.6910,0.5000,2.0000,2.0000,0.6667,0.1481
d92b4620-3913-44fe-852a-67ddc3c13b36,c95936f5-0096-4c43-a2a2-4cc7a9b26504,0.0000,7.0810,1.0000,0.0000,0.0000,0.6667,0.0741
d92b4620-3913-44fe-852a-67ddc3c13b36,535f130b-68ff-4463-83b0-d04785999fbb,2.0000,12.5316,0.5000,2.0000,2.0000,0.0000,0.2593
d92b4620-3913-44fe-852a-67ddc3c13b36,5c952de4-19c5-4324-b3f4-48b0c2169833,2.0000,8.4807,0.5000,2.0000,2.0000,0.6667,0.1481
d92b4620-3913-44fe-852a-67ddc3c13b36,ced92f16-312a-4b19-addf-523cfefee6c7,2.0000,7.8615,0.5000,2.0000,2.0000,0.6667,0.0370
d92b4620-3913-44fe-852a-67ddc3c13b36,a11c3bca-9343-4869-8c77-38e616536f5e,2.0000,8.3034,0.5000,2.0000,2.0000,0.6667,0.2593
d92b4620-3913-44fe-852a-67ddc3c13b36,110b5c81-0d3f-40bb-bc0d-cd4c327ce925,0.0000,10.2350,1.0000,0.0000,0.0000,0.0000,0.0000
d92b4620-3913-44fe-852a-67ddc3c13b36,80481175-af46-455a-8bef-0c682e4c0cb6,0.0000,3.7516,1.0000,0.0000,0.0000,0.6667,0.0000
d92b4620-3913-44fe-852a-67ddc3c13b36,422a1c98-ae36-47b0-8890-a8295b6cd85c,0.0000,4.9823,1.0000,0.0000,0.0000,0.0000,0.0741
d92b4620-3913-44fe-852a-67ddc3c13b36,51d9466b-1ba9-4646-8257-1d21cb2ed954,0.0000,7.7297,1.0000,0.0000,0.0000,0.6667,0.0000
d92b4620-3913-44fe-852a-67ddc3c13b36,03e8c72b-9c28-43b3-a50c-ba09195e3e3c,2.0000,10.3382,0.5000,2.0000,2.0000,0.0000,0.1852
d92b4620-3913-44fe-852a-67ddc3c13b36,cf9b7960-9d27-4554-a98d-f1fa9bb1a5ca,0.0000,4.6571,1.0000,0.0000,0.0000,0.0000,0.1563
d92b4620-3913-44fe-852a-67ddc3c13b36,bf0dfd9e-5489-4b04-ae78-ba2facc60792,2.0000,11.6400,0.5000,2.0000,2.0000,0.0000,0.1852
d92b4620-3913-44fe-852a-67ddc3c13b36,4f2e86c2-4b73-47fc-bf83-31eb686d4ad0,2.0000,11.9377,0.5000,2.0000,2.0000,0.0000,0.2222
d92b4620-3913-44fe-852a-67ddc3c13b36,ddd56f00-e94c-4f73-bc24-d6538d02d76f,0.0000,7.0416,1.0000,0.0000,0.0000,0.0000,0.1000
d92b4620-3913-44fe-852a-67ddc3c13b36,67351bd4-8ebd-4ac5-b552-24308cef799f,0.0000,9.3913,1.0000,0.0000,0.0000,0.6667,0.0357
d92b4620-3913-44fe-852a-67ddc3c13b36,7d591389-70df-411c-93e7-2948d4c04738,2.0000,7.7222,0.5000,2.0000,2.0000,0.6667,0.2593
d92b4620-3913-44fe-852a-67ddc3c13b36,91fd5a9f-0848-4551-a1a2-9689a4125830,2.0000,5.6528,0.5000,2.0000,2.0000,0.6667,0.0357
d92b4620-3913-44fe-852a-67ddc3c13b36,ae6b3203-494b-4066-b0ba-b923b393bced,2.0000,14.2874,0.5000,2.0000,2.0000,0.0000,0.1852
d92b4620-3913-44fe-852a-67ddc3c13b36,4b0f1708-0377-46ec-b3a4-cc53fe72fcc8,2.0000,11.3111,0.5000,2.0000,2.0000,0.6667,0.1852
d92b4620-3913-44fe-852a-67ddc3c13b36,17101d7a-983e-469a-82f0-3dbd27b59660,0.0000,5.3778,1.0000,0.0000,0.0000,0.6667,0.0690
d92b4620-3913-44fe-852a-67ddc3c13b36,6c2f7b68-d439-46b0-b6c2-111ae90e59be,0.0000,11.3032,1.0000,0.0000,0.0000,0.0000,0.0357
d92b4620-3913-44fe-852a-67ddc3c13b36,b07b0e33-0c1e-489d-8b69-aa1b4ae8d2ad,2.0000,12.1270,0.5000,2.0000,2.0000,0.6667,0.3704
d92b4620-3913-44fe-852a-67ddc3c13b36,cb93662e-0aed-4f56-9500-1e7f2e128287,0.0000,10.9924,1.0000,0.0000,0.0000,0.0000,0.0000
d92b4620-3913-44fe-852a-67ddc3c13b36,5c581ce7-7a4b-4fd5-86a2-16c83a3a7b68,2.0000,9.3410,0.5000,2.0000,2.0000,0.0000,0.2222
d92b4620-3913-44fe-852a-67ddc3c13b36,f2deb05a-d512-48f4-b641-59e526831230,2.0000,12.5985,0.5000,2.0000,2.0000,0.0000,0.2963
d92b4620-3913-44fe-852a-67ddc3c13b36,2908d1db-866e-4631-a655-8ac0a0da0e28,0.0000,10.0078,1.0000,0.0000,0.0000,0.6667,0.1000
d92b4620-3913-44fe-852a-67ddc3c13b36,4481c909-2f78-4205-8334-e27d27305642,0.0000,4.7055,1.0000,0.0000,0.0000,0.6667,0.0370
d92b4620-3913-44fe-852a-67ddc3c13b36,d450f16e-59ec-490a-8ce7-7968e10dd065,0.0000,4.5417,1.0000,0.0000,0.0000,0.0000,0.0357
d92b4620-3913-44fe-852a-67ddc3c13b36,51625cea-8af7-4dca-9b2d-17750e3831ea,2.0000,9.6244,0.5000,2.0000,2.0000,0.6667,0.1852
d92b4620-3913-44fe-852a-67ddc3c13b36,bb080865-5184-4114-942e-0a1b314c8016,2.0000,9.8821,0.5000,2.0000,2.0000,0.6667,0.1481
d92b4620-3913-44fe-852a-67ddc3c13b36,8b354a1d-b301-4cd1-b271-878ba45ed85f,2.0000,9.2638,0.5000,2.0000,2.0000,0.6667,0.2222
76dd5051-efcd-4750-8788-d0043750910f,ea1f80f0-62f3-4852-85b2-4f9c324b26a2,0.0000,7.6924,1.0000,0.0000,0.0000,0.0000,0.0370
76dd5051-efcd-4750-8788-d0043750910f,5b372c89-6d70-4276-a9fe-d4a9ffe9e0af,2.0000,13.0182,0.5000,2.0000,2.0000,0.6667,0.2308
76dd5051-efcd-4750-8788-d0043750910f,eb0958ef-c187-4392-95d9-d703217e20f2,2.0000,11.6268,0.5000,2.0000,2.0000,0.6667,0.1154
76dd5051-efcd-4750-8788-d0043750910f,d600c8fd-02b9-442e-94a7-8cfcfd0902e5,2.0000,10.1473,0.5000,2.0000,2.0000,0.0000,0.0385
76dd5051-efcd-4750-8788-d0043750910f,d43a4529-c3d6-47a7-bf16-51d83c463e35,0.0000,8.2434,1.0000,0.0000,0.0000,0.6667,0.0714
76dd5051-efcd-4750-8788-d0043750910f,8b912a7e-96de-4da8-a91d-f1ddafa36f9b,2.0000,8.4538,0.5000,2.0000,2.0000,0.0000,0.1923
76dd5051-efcd-4750-8788-d0043750910f,637d55e6-25d5-43aa-95e1-e71da53b4a65,0.0000,8.5243,1.0000,0.0000,0.0000,0.0000,0.1034
76dd5051-efcd-4750-8788-d0043750910f,7a051738-24d2-4d72-bbfa-9f81c092b5d4,0.0000,6.2580,1.0000,0.0000,0.0000,0.6667,0.0000
76dd5051-efcd-4750-8788-d0043750910f,0fcb9700-df04-4531-a3d8-d6169f91eae5,2.0000,3.3597,0.5000,2.0000,2.0000,0.0000,0.0385
76dd5051-efcd-4750-8788-d0043750910f,e3cd235f-f77c-4448-8fe5-62434f6ef801,2.0000,10.5771,0.5000,2.0000,2.0000,0.0000,0.1923
76dd5051-efcd-4750-8788-d0043750910f,d84d6202-1b0d-494e-83aa-282623351558,2.0000,9.3394,0.5000,2.0000,2.0000,0.6667,0.0769
76dd5051-efcd-4750-8788-d0043750910f,fb3bb871-3382-43a6-86cf-25862db66608,0.0000,8.6876,1.0000,0.0000,0.0000,0.6667,0.1034
76dd5051-efcd-4750-8788-d0043750910f,8b2ba48c-dea4-4586-8cdd-81d2a8b1aa73,2.0000,5.9826,0.5000,2.0000,2.0000,0.0000,0.1538
76dd5051-efcd-4750-8788-d0043750910f,b590db6d-3092-4a48-a3cd-8b3828f6fd97,2.0000,9.8331,0.5000,2.0000,2.0000,0.6667,0.1923
76dd5051-efcd-4750-8788-d0043750910f,1079305f-65fb-473e-9658-e7251b0824be,2.0000,11.8366,0.5000,2.0000,2.0000,0.6667,0.3077
76dd5051-efcd-4750-8788-d0043750910f,efdea335-b7fb-4a9f-b55c-05e6f649b42f,0.0000,8.1017,1.0000,0.0000,0.0000,0.0000,0.0370
76dd5051-efcd-4750-8788-d0043750910f,2a753e87-dc5b-4f7e-8441-59141fcc0cb2,2.0000,8.8945,0.5000,2.0000,2.0000,0.6667,0.0769
76dd5051-efcd-4750-8788-d0043750910f,09ce3282-4e7d-43e3-aad0-d8ba479e152e,2.0000,7.6321,0.5000,2.0000,2.0000,0.0000,0.1923
76dd5051-efcd-4750-8788-d0043750910f,130e102a-345e-41bc-8c2b-f9eddef31bd5,2.0000,12.0707,0.5000,2.0000,2.0000,0.0000,0.0769
76dd5051-efcd-4750-8788-d0043750910f,9ded00ab-0866-4032-92bf-5dc8fdc4d243,0.0000,7.3615,1.0000,0.0000,0.0000,0.6667,0.0769
76dd5051-efcd-4750-8788-d0043750910f,5d4d9a94-6aaa-4bbe-b639-a0eeb4e1c088,0.0000,10.5291,1.0000,0.0000,0.0000,0.6667,0.0714
76dd5051-efcd-4750-8788-d0043750910f,a8c5b81e-599a-4ed1-901b-356d1fc94e84,2.0000,9.1826,0.5000,2.0000,2.0000,0.0000,0.2308
76dd5051-efcd-4750-8788-d0043750910f,f19250f3-e0cf-4ebf-b106-1c75855eb8ed,2.0000,9.2031,0.5000,2.0000,2.0000,0.0000,0.0769
76dd5051-efcd-4750-8788-d0043750910f,6482a7eb-8182-43d4-8df9-1ad15f5bbf5d,0.0000,7.6508,1.0000,0.0000,0.0000,0.0000,0.0385
76dd5051-efcd-4750-8788-d0043750910f,5e5e895e-dd66-4fb6-a1d2-04f02c760fd8,2.0000,7.0865,0.5000,2.0000,2.0000,0.6667,0.1154
76dd5051-efcd-4750-8788-d0043750910f,ff1bb715-41ad-4a24-a31e-499bba5e889a,2.0000,8.9441,0.5000,2.0000,2.0000,0.0000,0.1154
76dd5051-efcd-4750-8788-d0043750910f,9fd672d7-152c-423e-af51-4b14f62db78f,2.0000,10.2002,0.5000,2.0000,2.0000,0.6667,0.2308
76dd5051-efcd-4750-8788-d0043750910f,0c07cbfe-8089-4618-8ea2-9d49c5c7676f,0.0000,9.3356,1.0000,0.0000,0.0000,0.6667,0.0385
76dd5051-efcd-4750-8788-d0043750910f,2db915b4-b287-4d07-8d78-0d79e2b715e6,2.0000,9.9668,0.5000,2.0000,2.0000,0.6667,0.2308
76dd5051-efcd-4750-8788-d0043750910f,1041fa72-e598-4a46-9d90-bbdb1a8c8cfa,2.0000,15.8258,0.5000,2.0000,2.0000,0.6667,0.3077
76dd5051-efcd-4750-8788-d0043750910f,e2678857-49ff-42d1-9649-47b147a8ed3e,0.0000,5.4270,1.0000,0.0000,0.0000,0.6667,0.0370
76dd5051-efcd-4750-8788-d0043750910f,0b2085d3-0fbc-4351-845e-5d9bccda34e5,2.0000,12.7231,0.5000,2.0000,2.0000,0.6667,0.1154
76dd5051-efcd-4750-8788-d0043750910f,0abcffc0-2fc7-4385-a82f-bbe80bfd51ae,2.0000,7.6899,0.5000,2.0000,2.0000,0.6667,0.1154
76dd5051-efcd-4750-8788-d0043750910f,d54c73cc-cc77-415e-aeff-dd22604f13cf,2.0000,12.9650,0.5000,2.0000,2.0000,0.6667,0.2308
76dd5051-efcd-4750-8788-d0043750910f,09bf266d-b272-4968-9251-ab34779e8344,2.0000,13.6907,0.5000,2.0000,2.0000,0.6667,0.0000
76dd5051-efcd-4750-8788-d0043750910f,b336cd79-f2f6-4913-b922-d1061f5fb2e1,2.0000,12.5097,0.5000,2.0000,2.0000,0.6667,0.1154
76dd5051-efcd-4750-8788-d0043750910f,c6e27378-0b9e-4d40-9dbf-057217176282,2.0000,11.5699,0.5000,2.0000,2.0000,0.6667,0.1154
76dd5051-efcd-4750-8788-d0043750910f,d9267fd4-495d-4d11-843c-cedddfeddabf,2.0000,9.5407,0.5000,2.0000,2.0000,0.0000,0.1923
76dd5051-efcd-4750-8788-d0043750910f,8dfa57b2-e8b0-4a9a-b5b6-86dc84f15e30,0.0000,9.6207,1.0000,0.0000,0.0000,0.6667,0.0714
76dd5051-efcd-4750-8788-d0043750910f,d9fa51da-ab2b-411c-a41b-ce2b5c23473b,2.0000,10.8186,0.5000,2.0000,2.0000,0.6667,0.1154
76dd5051-efcd-4750-8788-d0043750910f,4895c953-8e9a-4e62-b308-61d0f4106e69,2.0000,11.4778,0.5000,2.0000,2.0000,0.6667,0.1154
76dd5051-efcd-4750-8788-d0043750910f,c95936f5-0096-4c43-a2a2-4cc7a9b26504,0.0000,9.1186,1.0000,0.0000,0.0000,0.6667,0.0385
76dd5051-efcd-4750-8788-d0043750910f,535f130b-68ff-4463-83b0-d04785999fbb,2.0000,8.6900,0.5000,2.0000,2.0000,0.0000,0.2308
76dd5051-efcd-4750-8788-d0043750910f,5c952de4-19c5-4324-b3f4-48b0c2169833,2.0000,11.5514,0.5000,2.0000,2.0000,0.6667,0.1154
76dd5051-efcd-4750-8788-d0043750910f,ced92f16-312a-4b19-addf-523cfefee6c7,2.0000,10.8528,0.5000,2.0000,2.0000,0.6667,0.0000
76dd5051-efcd-4750-8788-d0043750910f,a11c3bca-9343-4869-8c77-38e616536f5e,2.0000,12.7383,0.5000,2.0000,2.0000,0.6667,0.2308
76dd5051-efcd-4750-8788-d0043750910f,110b5c81-0d3f-40bb-bc0d-cd4c327ce925,0.0000,9.0427,1.0000,0.0000,0.0000,0.0000,0.0370
76dd5051-efcd-4750-8788-d0043750910f,80481175-af46-455a-8bef-0c682e4c0cb6,0.0000,10.4823,1.0000,0.0000,0.0000,0.6667,0.0370
76dd5051-efcd-4750-8788-d0043750910f,422a1c98-ae36-47b0-8890-a8295b6cd85c,0.0000,8.3368,1.0000,0.0000,0.0000,0.0000,0.0385
76dd5051-efcd-4750-8788-d0043750910f,51d9466b-1ba9-4646-8257-1d21cb2ed954,0.0000,7.3829,1.0000,0.0000,0.0000,0.6667,0.0370
76dd5051-efcd-4750-8788-d0043750910f,03e8c72b-9c28-43b3-a50c-ba09195e3e3c,2.0000,4.2487,0.5000,2.0000,2.0000,0.0000,0.1538
76dd5051-efcd-4750-8788-d0043750910f,cf9b7960-9d27-4554-a98d-f1fa9bb1a5ca,0.0000,9.2701,1.0000,0.0000,0.0000,0.0000,0.1875
76dd5051-efcd-4750-8788-d0043750910f,bf0dfd9e-5489-4b04-ae78-ba2facc60792,2.0000,6.1969,0.5000,2.0000,2.0000,0.0000,0.1538
76dd5051-efcd-4750-8788-d0043750910f,4f2e86c2-4b73-47fc-bf83-31eb686d4ad0,2.0000,7.9139,0.5000,2.0000,2.0000,0.0000,0.1923
76dd5051-efcd-4750-8788-d0043750910f,ddd56f00-e94c-4f73-bc24-d6538d02d76f,0.0000,6.2827,1.0000,0.0000,0.0000,0.0000,0.1333
76dd5051-efcd-4750-8788-d0043750910f,67351bd4-8ebd-4ac5-b552-24308cef799f,0.0000,7.4556,1.0000,0.0000,0.0000,0.6667,0.0714
76dd5051-efcd-4750-8788-d0043750910f,7d591389-70df-411c-93e7-2948d4c04738,2.0000,8.2864,0.5000,2.0000,2.0000,0.6667,0.2308
76dd5051-efcd-4750-8788-d0043750910f,91fd5a9f-0848-4551-a1a2-9689a4125830,2.0000,9.6512,0.5000,2.0000,2.0000,0.6667,0.0714
76dd5051-efcd-4750-8788-d0043750910f,ae6b3203-494b-4066-b0ba-b923b393bced,2.0000,9.8563,0.5000,2.0000,2.0000,0.0000,0.1538
76dd5051-efcd-4750-8788-d0043750910f,4b0f1708-0377-46ec-b3a4-cc53fe72fcc8,2.0000,8.6726,0.5000,2.0000,2.0000,0.6667,0.1538
76dd5051-efcd-4750-8788-d0043750910f,17101d7a-983e-469a-82f0-3dbd27b59660,0.0000,9.2069,1.0000,0.0000,0.0000,0.6667,0.1034
76dd5051-efcd-4750-8788-d0043750910f,6c2f7b68-d439-46b0-b6c2-111ae90e59be,0.0000,6.6493,1.0000,0.0000,0.0000,0.0000,0.0714
76dd5051-efcd-4750-8788-d0043750910f,b07b0e33-0c1e-489d-8b69-aa1b4ae8d2ad,2.0000,10.5081,0.5000,2.0000,2.0000,0.6667,0.3462
76dd5051-efcd-4750-8788-d0043750910f,cb93662e-0aed-4f56-9500-1e7f2e128287,0.0000,8.3075,1.0000,0.0000,0.0000,0.0000,0.0370
76dd5051-efcd-4750-8788-d0043750910f,5c581ce7-7a4b-4fd5-86a2-16c83a3a7b68,2.0000,9.5050,0.5000,2.0000,2.0000,0.0000,0.1923
76dd5051-efcd-4750-8788-d0043750910f,f2deb05a-d512-48f4-b641-59e526831230,2.0000,8.7458,0.5000,2.0000,2.0000,0.0000,0.2692
76dd5051-efcd-4750-8788-d0043750910f,2908d1db-866e-4631-a655-8ac0a0da0e28,0.0000,6.2719,1.0000,0.0000,0.0000,0.6667,0.1333
76dd5051-efcd-4750-8788-d0043750910f,4481c909-2f78-4205-8334-e27d27305642,0.0000,8.4013,1.0000,0.0000,0.0000,0.6667,0.0000
76dd5051-efcd-4750-8788-d0043750910f,d450f16e-59ec-490a-8ce7-7968e10dd065,0.0000,8.5618,1.0000,0.0000,0.0000,0.0000,0.0714
76dd5051-efcd-4750-8788-d0043750910f,51625cea-8af7-4dca-9b2d-17750e3831ea,2.0000,11.9127,0.5000,2.0000,2.0000,0.6667,0.1538
76dd5051-efcd-4750-8788-d0043750910f,bb080865-5184-4114-942e-0a1b314c8016,2.0000,10.6714,0.5000,2.0000,2.0000,0.6667,0.1154
76dd5051-efcd-4750-8788-d0043750910f,8b354a1d-b301-4cd1-b271-878ba45ed85f,2.0000,11.7273,0.5000,2.0000,2.0000,0.6667,0.1923
ea1f80f0-62f3-4852-85b2-4f9c324b26a2,5b372c89-6d70-4276-a9fe-d4a9ffe9e0af,2.0000,12.1062,0.5000,2.0000,2.0000,0.6667,0.2593
ea1f80f0-62f3-4852-85b2-4f9c324b26a2,eb0958ef-c187-4392-95d9-d703217e20f2,2.0000,11.5327,0.5000,2.0000,2.0000,0.6667,0.1481
ea1f80f0-62f3-4852-85b2-4f9c324b26a2,d600c8fd-02b9-442e-94a7-8cfcfd0902e5,2.0000,5.3513,0.5000,2.0000,2.0000,0.0000,0.0741
ea1f80f0-62f3-4852-85b2-4f9c324b26a2,d43a4529-c3d6-47a7-bf16-51d83c463e35,0.0000,4.7160,1.0000,0.0000,0.0000,0.6667,0.0357
ea1f80f0-62f3-4852-85b2-4f9c324b26a2,8b912a7e-96de-4da8-a91d-f1ddafa36f9b,2.0000,5.9272,0.5000,2.0000,2.0000,0.0000,0.2222
ea1f80f0-62f3-4852-85b2-4f9c324b26a2,637d55e6-25d5-43aa-95e1-e71da53b4a65,0.0000,7.6418,1.0000,0.0000,0.0000,0.0000,0.0690
ea1f80f0-62f3-4852-85b2-4f9c324b26a2,7a051738-24d2-4d72-bbfa-9f81c092b5d4,0.0000,8.2329,1.0000,0.0000,0.0000,0.6667,0.0370
ea1f80f0-62f3-4852-85b2-4f9c324b26a2,0fcb9700-df04-4531-a3d8-d6169f91eae5,2.0000,8.3093,0.5000,2.0000,2.0000,0.0000,0.0741
ea1f80f0-62f3-4852-85b2-4f9c324b26a2,e3cd235f-f77c-4448-8fe5-62434f6ef801,2.0000,7.7910,0.5000,2.0000,2.0000,0.0000,0.2222
ea1f80f0-62f3-4852-85b2-4f9c324b26a2,d84d6202-1b0d-494e-83aa-282623351558,2.0000,13.0256,0.5000,2.0000,2.0000,0.6667,0.1111
ea1f80f0-62f3-4852-85b2-4f9c324b26a2,fb3bb871-3382-43a6-86cf-25862db66608,0.0000,5.3991,1.0000,0.0000,0.0000,0.6667,0.0690
ea1f80f0-62f3-4852-85b2-4f9c324b26a2,8b2ba48c-dea4-4586-8cdd-81d2a8b1aa73,2.0000,7.5862,0.5000,2.0000,2.0000,0.0000,0.1852
ea1f80f0-62f3-4852-85b2-4f9c324b26a2,b590db6d-3092-4a48-a3cd-8b3828f6fd97,2.0000,9.8404,0.5000,2.0000,2.0000,0.6667,0.2222
ea1f80f0-62f3-4852-85b2-4f9c324b26a2,1079305f-65fb-473e-9658-e7251b0824be,2.0000,9.6220,0.5000,2.0000,2.0000,0.6667,0.3333
ea1f80f0-62f3-4852-85b2-4f9c324b26a2,efdea335-b7fb-4a9f-b55c-05e6f649b42f,0.0000,7.5910,1.0000,0.0000,0.0000,0.0000,0.0000
ea1f80f0-62f3-4852-85b2-4f9c324b26a2,2a753e87-dc5b-4f7e-8441-59141fcc0cb2,2.0000,9.4574,0.5000,2.0000,2.0000,0.6667,0.1111
ea1f80f0-62f3-4852-85b2-4f9c324b26a2,09ce3282-4e7d-43e3-aad0-d8ba479e152e,2.0000,7.7198,0.5000,2.0000,2.0000,0.0000,0.2222
ea1f80f0-62f3-4852-85b2-4f9c324b26a2,130e102a-345e-41bc-8c2b-f9eddef31bd5,2.0000,9.8249,0.5000,2.0000,2.0000,0.0000,0.1111
ea1f80f0-62f3-4852-85b2-4f9c324b26a2,9ded00ab-0866-4032-92bf-5dc8fdc4d243,0.0000,10.1870,1.0000,0.0000,0.0000,0.6667,0.1111
ea1f80f0-62f3-4852-85b2-4f9c324b26a2,5d4d9a94-6aaa-4bbe-b639-a0eeb4e1c088,0.0000,9.6577,1.0000,0.0000,0.0000,0.6667,0.0357
ea1f80f0-62f3-4852-85b2-4f9c324b26a2,a8c5b81e-599a-4ed1-901b-356d1fc94e84,2.0000,8.8096,0.5000,2.0000,2.0000,0.0000,0.2593
ea1f80f0-62f3-4852-85b2-4f9c324b26a2,f19250f3-e0cf-4ebf-b106-1c75855eb8ed,2.0000,8.7918,0.5000,2.0000,2.0000,0.0000,0.1111
ea1f80f0-62f3-4852-85b2-4f9c324b26a2,6482a7eb-8182-43d4-8df9-1ad15f5bbf5d,0.0000,7.8103,1.0000,0.0000,0.0000,0.0000,0.0741
ea1f80f0-62f3-4852-85b2-4f9c324b26a2,5e5e895e-dd66-4fb6-a1d2-04f02c760fd8,2.0000,8.4003,0.5000,2.0000,2.0000,0.6667,0.1481
ea1f80f0-62f3-4852-85b2-4f9c324b26a2,ff1bb715-41ad-4a24-a31e-499bba5e889a,2.0000,5.1896,0.5000,2.0000,2.0000,0.0000,0.1481
ea1f80f0-62f3-4852-85b2-4f9c324b26a2,9fd672d7-152c-423e-af51-4b14f62db78f,2.0000,12.6503,0.5000,2.0000,2.0000,0.6667,0.2593
ea1f80f0-62f3-4852-85b2-4f9c324b26a2,0c07cbfe-8089-4618-8ea2-9d49c5c7676f,0.0000,6.9574,1.0000,0.0000,0.0000,0.6667,0.0741
ea1f80f0-62f3-4852-85b2-4f9c324b26a2,2db915b4-b287-4d07-8d78-0d79e2b715e6,2.0000,9.2687,0.5000,2.0000,2.0000,0.6667,0.2593
ea1f80f0-62f3-4852-85b2-4f9c324b26a2,1041fa72-e598-4a46-9d90-bbdb1a8c8cfa,2.0000,12.0859,0.5000,2.0000,2.0000,0.6667,0.3333
ea1f80f0-62f3-4852-85b2-4f9c324b26a2,e2678857-49ff-42d1-9649-47b147a8ed3e,0.0000,6.1010,1.0000,0.0000,0.0000,0.6667,0.0000
ea1f80f0-62f3-4852-85b2-4f9c324b26a2,0b2085d3-0fbc-4351-845e-5d9bccda34e5,2.0000,9.6405,0.5000,2.0000,2.0000,0.6667,0.1481
ea1f80f0-62f3-4852-85b2-4f9c324b26a2,0abcffc0-2fc7-4385-a82f-bbe80bfd51ae,2.0000,12.1902,0.5000,2.0000,2.0000,0.6667,0.1481
ea1f80f0-62f3-4852-85b2-4f9c324b26a2,d54c73cc-cc77-415e-aeff-dd22604f13cf,2.0000,10.6686,0.5000,2.0000,2.0000,0.6667,0.2593
ea1f80f0-62f3-4852-85b2-4f9c324b26a2,09bf266d-b272-4968-9251-ab34779e8344,2.0000,6.8442,0.5000,2.0000,2.0000,0.6667,0.0370
ea1f80f0-62f3-4852-85b2-4f9c324b26a2,b336cd79-f2f6-4913-b922-d1061f5fb2e1,2.0000,6.6619,0.5000,2.0000,2.0000,0.6667,0.1481
ea1f80f0-62f3-4852-85b2-4f9c324b26a2,c6e27378-0b9e-4d40-9dbf-057217176282,2.0000,9.8162,0.5000,2.0000,2.0000,0.6667,0.1481
ea1f80f0-62f3-4852-85b2-4f9c324b26a2,d9267fd4-495d-4d11-843c-cedddfeddabf,2.0000,5.2198,0.5000,2.0000,2.0000,0.0000,0.2222
ea1f80f0-62f3-4852-85b2-4f9c324b26a2,8dfa57b2-e8b0-4a9a-b5b6-86dc84f15e30,0.0000,8.4710,1.0000,0.0000,0.0000,0.6667,0.0357
ea1f80f0-62f3-4852-85b2-4f9c324b26a2,d9fa51da-ab2b-411c-a41b-ce2b5c23473b,2.0000,9.8475,0.5000,2.0000,2.0000,0.6667,0.1481
ea1f80f0-62f3-4852-85b2-4f9c324b26a2,4895c953-8e9a-4e62-b308-61d0f4106e69,2.0000,13.8908,0.5000,2.0000,2.0000,0.6667,0.1481
ea1f80f0-62f3-4852-85b2-4f9c324b26a2,c95936f5-0096-4c43-a2a2-4cc7a9b26504,0.0000,5.0673,1.0000,0.0000,0.0000,0.6667,0.0741
ea1f80f0-62f3-4852-85b2-4f9c324b26a2,535f130b-68ff-4463-83b0-d04785999fbb,2.0000,8.3729,0.5000,2.0000,2.0000,0.0000,0.2593
ea1f80f0-62f3-4852-85b2-4f9c324b26a2,5c952de4-19c5-4324-b3f4-48b0c2169833,2.0000,9.5540,0.5000,2.0000,2.0000,0.6667,0.1481
ea1f80f0-62f3-4852-85b2-4f9c324b26a2,ced92f16-312a-4b19-addf-523cfefee6c7,2.0000,9.9981,0.5000,2.0000,2.0000,0.6667,0.0370
ea1f80f0-62f3-4852-85b2-4f9c324b26a2,a11c3bca-9343-4869-8c77-38e616536f5e,2.0000,11.0428,0.5000,2.0000,2.0000,0.6667,0.2593
ea1f80f0-62f3-4852-85b2-4f9c324b26a2,110b5c81-0d3f-40bb-bc0d-cd4c327ce925,0.0000,5.5525,1.0000,0.0000,0.0000,0.0000,0.0000
ea1f80f0-62f3-4852-85b2-4f9c324b26a2,80481175-af46-455a-8bef-0c682e4c0cb6,0.0000,10.9114,1.0000,0.0000,0.0000,0.6667,0.0000
ea1f80f0-62f3-4852-85b2-4f9c324b26a2,422a1c98-ae36-47b0-8890-a8295b6cd85c,0.0000,6.7151,1.0000,0.0000,0.0000,0.0000,0.0741
ea1f80f0-62f3-4852-85b2-4f9c324b26a2,51d9466b-1ba9-4646-8257-1d21cb2ed954,0.0000,7.5215,1.0000,0.0000,0.0000,0.6667,0.0000
ea1f80f0-62f3-4852-85b2-4f9c324b26a2,03e8c72b-9c28-43b3-a50c-ba09195e3e3c,2.0000,8.1678,0.5000,2.0000,2.0000,0.0000,0.1852
ea1f80f0-62f3-4852-85b2-4f9c324b26a2,cf9b7960-9d27-4554-a98d-f1fa9bb1a5ca,0.0000,9.7586,1.0000,0.0000,0.0000,0.0000,0.1563
ea1f80f0-62f3-4852-85b2-4f9c324b26a2,bf0dfd9e-5489-4b04-ae78-ba2facc60792,2.0000,9.3446,0.5000,2.0000,2.0000,0.0000,0.1852
ea1f80f0-62f3-4852-85b2-4f9c324b26a2,4f2e86c2-4b73-47fc-bf83-31eb686d4ad0,2.0000,5.7535,0.5000,2.0000,2.0000,0.0000,0.2222
ea1f80f0-62f3-4852-85b2-4f9c324b26a2,ddd56f00-e94c-4f73-bc24-d6538d02d76f,0.0000,10.6633,1.0000,0.0000,0.0000,0.0000,0.1000
ea1f80f0-62f3-4852-85b2-4f9c324b26a2,67351bd4-8ebd-4ac5-b552-24308cef799f,0.0000,7.4762,1.0000,0.0000,0.0000,0.6667,0.0357
ea1f80f0-62f3-4852-85b2-4f9c324b26a2,7d591389-70df-411c-93e7-2948d4c04738,2.0000,11.2070,0.5000,2.0000,2.0000,0.6667,0.2593
ea1f80f0-62f3-4852-85b2-4f9c324b26a2,91fd5a9f-0848-4551-a1a2-9689a4125830,2.0000,10.9198,0.5000,2.0000,2.0000,0.6667,0.0357
ea1f80f0-62f3-4852-85b2-4f9c324b26a2,ae6b3203-494b-4066-b0ba-b923b393bced,2.0000,5.2793,0.5000,2.0000,2.0000,0.0000,0.1852
ea1f80f0-62f3-4852-85b2-4f9c324b26a2,4b0f1708-0377-46ec-b3a4-cc53fe72fcc8,2.0000,11.3109,0.5000,2.0000,2.0000,0.6667,0.1852
ea1f80f0-62f3-4852-85b2-4f9c324b26a2,17101d7a-983e-469a-82f0-3dbd27b59660,0.0000,11.2142,1.0000,0.0000,0.0000,0.6667,0.0690
ea1f80f0-62f3-4852-85b2-4f9c324b26a2,6c2f7b68-d439-46b0-b6c2-111ae90e59be,0.0000,3.1194,1.0000,0.0000,0.0000,0.0000,0.0357
ea1f80f0-62f3-4852-85b2-4f9c324b26a2,b07b0e33-0c1e-489d-8b69-aa1b4ae8d2ad,2.0000,10.2034,0.5000,2.0000,2.0000,0.6667,0.3704
ea1f80f0-62f3-4852-85b2-4f9c324b26a2,cb93662e-0aed-4f56-9500-1e7f2e128287,0.0000,7.0209,1.0000,0.0000,0.0000,0.0000,0.0000
ea1f80f0-62f3-4852-85b2-4f9c324b26a2,5c581ce7-7a4b-4fd5-86a2-16c83a3a7b68,2.0000,8.4429,0.5000,2.0000,2.0000,0.0000,0.2222
ea1f80f0-62f3-4852-85b2-4f9c324b26a2,f2deb05a-d512-48f4-b641-59e526831230,2.0000,4.8864,0.5000,2.0000,2.0000,0.0000,0.2963
ea1f80f0-62f3-4852-85b2-4f9c324b26a2,2908d1db-866e-4631-a655-8ac0a0da0e28,0.0000,5.5280,1.0000,0.0000,0.0000,0.6667,0.1000
ea1f80f0-62f3-4852-85b2-4f9c324b26a2,4481c909-2f78-4205-8334-e27d27305642,0.0000,10.3920,1.0000,0.0000,0.0000,0.6667,0.0370
ea1f80f0-62f3-4852-85b2-4f9c324b26a2,d450f16e-59ec-490a-8ce7-7968e10dd065,0.0000,7.4873,1.0000,0.0000,0.0000,0.0000,0.0357
ea1f80f0-62f3-4852-85b2-4f9c324b26a2,51625cea-8af7-4dca-9b2d-17750e3831ea,2.0000,9.6216,0.5000,2.0000,2.0000,0.6667,0.1852
ea1f80f0-62f3-4852-85b2-4f9c324b26a2,bb080865-5184-4114-942e-0a1b314c8016,2.0000,10.0759,0.5000,2.0000,2.0000,0.6667,0.1481
ea1f80f0-62f3-4852-85b2-4f9c324b26a2,8b354a1d-b301-4cd1-b271-878ba45ed85f,2.0000,9.8670,0.5000,2.0000,2.0000,0.6667,0.2222
5b372c89-6d70-4276-a9fe-d4a9ffe9e0af,eb0958ef-c187-4392-95d9-d703217e20f2,0.0000,1.7330,1.0000,0.0000,0.0000,0.0000,0.1304
5b372c89-6d70-4276-a9fe-d4a9ffe9e0af,d600c8fd-02b9-442e-94a7-8cfcfd0902e5,0.0000,15.2918,1.0000,0.0000,0.0000,0.6667,0.2000
5b372c89-6d70-4276-a9fe-d4a9ffe9e0af,d43a4529-c3d6-47a7-bf16-51d83c463e35,2.0000,15.5360,0.5000,2.0000,2.0000,0.0000,0.2857
5b372c89-6d70-4276-a9fe-d4a9ffe9e0af,8b912a7e-96de-4da8-a91d-f1ddafa36f9b,0.0000,15.3196,1.0000,0.0000,0.0000,0.6667,0.0476
5b372c89-6d70-4276-a9fe-d4a9ffe9e0af,637d55e6-25d5-43aa-95e1-e71da53b4a65,2.0000,9.9145,0.5000,2.0000,2.0000,0.6667,0.3103
5b372c89-6d70-4276-a9fe-d4a9ffe9e0af,7a051738-24d2-4d72-bbfa-9f81c092b5d4,2.0000,14.8589,0.5000,2.0000,2.0000,0.6667,0.2308
5b372c89-6d70-4276-a9fe-d4a9ffe9e0af,0fcb9700-df04-4531-a3d8-d6169f91eae5,0.0000,13.6681,1.0000,0.0000,0.0000,0.6667,0.2000
5b372c89-6d70-4276-a9fe-d4a9ffe9e0af,e3cd235f-f77c-4448-8fe5-62434f6ef801,0.0000,18.5685,1.0000,0.0000,0.0000,0.6667,0.0476
5b372c89-6d70-4276-a9fe-d4a9ffe9e0af,d84d6202-1b0d-494e-83aa-282623351558,0.0000,16.3758,1.0000,0.0000,0.0000,0.0000,0.1667
5b372c89-6d70-4276-a9fe-d4a9ffe9e0af,fb3bb871-3382-43a6-86cf-25862db66608,2.0000,8.4717,0.5000,2.0000,2.0000,0.6667,0.3103
5b372c89-6d70-4276-a9fe-d4a9ffe9e0af,8b2ba48c-dea4-4586-8cdd-81d2a8b1aa73,0.0000,13.0471,1.0000,0.0000,0.0000,0.6667,0.0909
5b372c89-6d70-4276-a9fe-d4a9ffe9e0af,b590db6d-3092-4a48-a3cd-8b3828f6fd97,0.0000,10.2905,1.0000,0.0000,0.0000,0.0000,0.0476
5b372c89-6d70-4276-a9fe-d4a9ffe9e0af,1079305f-65fb-473e-9658-e7251b0824be,0.0000,8.9595,1.0000,0.0000,0.0000,0.6667,0.1000
5b372c89-6d70-4276-a9fe-d4a9ffe9e0af,efdea335-b7fb-4a9f-b55c-05e6f649b42f,2.0000,14.8839,0.5000,2.0000,2.0000,0.6667,0.2593
5b372c89-6d70-4276-a9fe-d4a9ffe9e0af,2a753e87-dc5b-4f7e-8441-59141fcc0cb2,0.0000,5.7928,1.0000,0.0000,0.0000,0.0000,0.1667
5b372c89-6d70-4276-a9fe-d4a9ffe9e0af,09ce3282-4e7d-43e3-aad0-d8ba479e152e,0.0000,12.5470,1.0000,0.0000,0.0000,0.6667,0.0476
5b372c89-6d70-4276-a9fe-d4a9ffe9e0af,130e102a-345e-41bc-8c2b-f9eddef31bd5,0.0000,8.9245,1.0000,0.0000,0.0000,0.6667,0.1667
5b372c89-6d70-4276-a9fe-d4a9ffe9e0af,9ded00ab-0866-4032-92bf-5dc8fdc4d243,2.0000,12.3375,0.5000,2.0000,2.0000,0.6667,0.1667
5b372c89-6d70-4276-a9fe-d4a9ffe9e0af,5d4d9a94-6aaa-4bbe-b639-a0eeb4e1c088,2.0000,11.5584,0.5000,2.0000,2.0000,0.6667,0.2857
5b372c89-6d70-4276-a9fe-d4a9ffe9e0af,a8c5b81e-599a-4ed1-901b-356d1fc94e84,0.0000,19.5355,1.0000,0.0000,0.0000,0.6667,0.0000
5b372c89-6d70-4276-a9fe-d4a9ffe9e0af,f19250f3-e0cf-4ebf-b106-1c75855eb8ed,0.0000,19.7702,1.0000,0.0000,0.0000,0.6667,0.1667
5b372c89-6d70-4276-a9fe-d4a9ffe9e0af,6482a7eb-8182-43d4-8df9-1ad15f5bbf5d,2.0000,13.2282,0.5000,2.0000,2.0000,0.6667,0.2000
5b372c89-6d70-4276-a9fe-d4a9ffe9e0af,5e5e895e-dd66-4fb6-a1d2-04f02c760fd8,0.0000,17.1402,1.0000,0.0000,0.0000,0.6667,0.1304
5b372c89-6d70-4276-a9fe-d4a9ffe9e0af,ff1bb715-41ad-4a24-a31e-499bba5e889a,0.0000,10.6027,1.0000,0.0000,0.0000,0.6667,0.1304
5b372c89-6d70-4276-a9fe-d4a9ffe9e0af,9fd672d7-152c-423e-af51-4b14f62db78f,0.0000,9.8770,1.0000,0.0000,0.0000,0.0000,0.0000
5b372c89-6d70-4276-a9fe-d4a9ffe9e0af,0c07cbfe-8089-4618-8ea2-9d49c5c7676f,2.0000,8.3687,0.5000,2.0000,2.0000,0.6667,0.2000
5b372c89-6d70-4276-a9fe-d4a9ffe9e0af,2db915b4-b287-4d07-8d78-0d79e2b715e6,0.0000,10.0243,1.0000,0.0000,0.0000,0.0000,0.0000
5b372c89-6d70-4276-a9fe-d4a9ffe9e0af,1041fa72-e598-4a46-9d90-bbdb1a8c8cfa,0.0000,5.5481,1.0000,0.0000,0.0000,0.0000,0.1000
5b372c89-6d70-4276-a9fe-d4a9ffe9e0af,e2678857-49ff-42d1-9649-47b147a8ed3e,2.0000,14.3133,0.5000,2.0000,2.0000,0.0000,0.2593
5b372c89-6d70-4276-a9fe-d4a9ffe9e0af,0b2085d3-0fbc-4351-845e-5d9bccda34e5,0.0000,13.9365,1.0000,0.0000,0.0000,0.0000,0.1304
5b372c89-6d70-4276-a9fe-d4a9ffe9e0af,0abcffc0-2fc7-4385-a82f-bbe80bfd51ae,0.0000,8.3757,1.0000,0.0000,0.0000,0.0000,0.1304
5b372c89-6d70-4276-a9fe-d4a9ffe9e0af,d54c73cc-cc77-415e-aeff-dd22604f13cf,0.0000,5.1793,1.0000,0.0000,0.0000,0.0000,0.0000
5b372c89-6d70-4276-a9fe-d4a9ffe9e0af,09bf266d-b272-4968-9251-ab34779e8344,0.0000,11.3308,1.0000,0.0000,0.0000,0.6667,0.2308
5b372c89-6d70-4276-a9fe-d4a9ffe9e0af,b336cd79-f2f6-4913-b922-d1061f5fb2e1,0.0000,7.0831,1.0000,0.0000,0.0000,0.0000,0.1304
5b372c89-6d70-4276-a9fe-d4a9ffe9e0af,c6e27378-0b9e-4d40-9dbf-057217176282,0.0000,8.6589,1.0000,0.0000,0.0000,0.0000,0.1304
5b372c89-6d70-4276-a9fe-d4a9ffe9e0af,d9267fd4-495d-4d11-843c-cedddfeddabf,0.0000,14.4389,1.0000,0.0000,0.0000,0.6667,0.0476
5b372c89-6d70-4276-a9fe-d4a9ffe9e0af,8dfa57b2-e8b0-4a9a-b5b6-86dc84f15e30,2.0000,13.9159,0.5000,2.0000,2.0000,0.6667,0.2857
5b372c89-6d70-4276-a9fe-d4a9ffe9e0af,d9fa51da-ab2b-411c-a41b-ce2b5c23473b,0.0000,7.9221,1.0000,0.0000,0.0000,0.0000,0.1304
5b372c89-6d70-4276-a9fe-d4a9ffe9e0af,4895c953-8e9a-4e62-b308-61d0f4106e69,0.0000,3.5341,1.0000,0.0000,0.0000,0.0000,0.1304
5b372c89-6d70-4276-a9fe-d4a9ffe9e0af,c95936f5-0096-4c43-a2a2-4cc7a9b26504,2.0000,10.4369,0.5000,2.0000,2.0000,0.0000,0.2000
5b372c89-6d70-4276-a9fe-d4a9ffe9e0af,535f130b-68ff-4463-83b0-d04785999fbb,0.0000,19.1989,1.0000,0.0000,0.0000,0.6667,0.0000
5b372c89-6d70-4276-a9fe-d4a9ffe9e0af,5c952de4-19c5-4324-b3f4-48b0c2169833,0.0000,4.9040,1.0000,0.0000,0.0000,0.0000,0.1304
5b372c89-6d70-4276-a9fe-d4a9ffe9e0af,ced92f16-312a-4b19-addf-523cfefee6c7,0.0000,8.2206,1.0000,0.0000,0.0000,0.0000,0.2308
5b372c89-6d70-4276-a9fe-d4a9ffe9e0af,a11c3bca-9343-4869-8c77-38e616536f5e,0.0000,9.3507,1.0000,0.0000,0.0000,0.0000,0.0000
5b372c89-6d70-4276-a9fe-d4a9ffe9e0af,110b5c81-0d3f-40bb-bc0d-cd4c327ce925,2.0000,13.8962,0.5000,2.0000,2.0000,0.6667,0.2593
5b372c89-6d70-4276-a9fe-d4a9ffe9e0af,80481175-af46-455a-8bef-0c682e4c0cb6,2.0000,8.3517,0.5000,2.0000,2.0000,0.0000,0.2593
5b372c89-6d70-4276-a9fe-d4a9ffe9e0af,422a1c98-ae36-47b0-8890-a8295b6cd85c,2.0000,9.5979,0.5000,2.0000,2.0000,0.6667,0.2000
5b372c89-6d70-4276-a9fe-d4a9ffe9e0af,51d9466b-1ba9-4646-8257-1d21cb2ed954,2.0000,13.1267,0.5000,2.0000,2.0000,0.0000,0.2593
5b372c89-6d70-4276-a9fe-d4a9ffe9e0af,03e8c72b-9c28-43b3-a50c-ba09195e3e3c,0.0000,14.4178,1.0000,0.0000,0.0000,0.6667,0.0909
5b372c89-6d70-4276-a9fe-d4a9ffe9e0af,cf9b7960-9d27-4554-a98d-f1fa9bb1a5ca,2.0000,9.1376,0.5000,2.0000,2.0000,0.6667,0.3750
5b372c89-6d70-4276-a9fe-d4a9ffe9e0af,bf0dfd9e-5489-4b04-ae78-ba2facc60792,0.0000,17.5796,1.0000,0.0000,0.0000,0.6667,0.0909
5b372c89-6d70-4276-a9fe-d4a9ffe9e0af,4f2e86c2-4b73-47fc-bf83-31eb686d4ad0,0.0000,12.2003,1.0000,0.0000,0.0000,0.6667,0.0476
5b372c89-6d70-4276-a9fe-d4a9ffe9e0af,ddd56f00-e94c-4f73-bc24-d6538d02d76f,2.0000,8.0226,0.5000,2.0000,2.0000,0.6667,0.3333
5b372c89-6d70-4276-a9fe-d4a9ffe9e0af,67351bd4-8ebd-4ac5-b552-24308cef799f,2.0000,11.4632,0.5000,2.0000,2.0000,0.0000,0.2857
5b372c89-6d70-4276-a9fe-d4a9ffe9e0af,7d591389-70df-411c-93e7-2948d4c04738,0.0000,7.1808,1.0000,0.0000,0.0000,0.0000,0.0000
5b372c89-6d70-4276-a9fe-d4a9ffe9e0af,91fd5a9f-0848-4551-a1a2-9689a4125830,0.0000,7.4361,1.0000,0.0000,0.0000,0.0000,0.2857
5b372c89-6d70-4276-a9fe-d4a9ffe9e0af,ae6b3203-494b-4066-b0ba-b923b393bced,0.0000,17.1438,1.0000,0.0000,0.0000,0.6667,0.0909
5b372c89-6d70-4276-a9fe-d4a9ffe9e0af,4b0f1708-0377-46ec-b3a4-cc53fe72fcc8,0.0000,12.9009,1.0000,0.0000,0.0000,0.6667,0.0909
5b372c89-6d70-4276-a9fe-d4a9ffe9e0af,17101d7a-983e-469a-82f0-3dbd27b59660,2.0000,6.4777,0.5000,2.0000,2.0000,0.0000,0.3103
5b372c89-6d70-4276-a9fe-d4a9ffe9e0af,6c2f7b68-d439-46b0-b6c2-111ae90e59be,2.0000,14.6441,0.5000,2.0000,2.0000,0.6667,0.2857
5b372c89-6d70-4276-a9fe-d4a9ffe9e0af,b07b0e33-0c1e-489d-8b69-aa1b4ae8d2ad,0.0000,15.1930,1.0000,0.0000,0.0000,0.6667,0.1500
5b372c89-6d70-4276-a9fe-d4a9ffe9e0af,cb93662e-0aed-4f56-9500-1e7f2e128287,2.0000,12.3682,0.5000,2.0000,2.0000,0.6667,0.2593
5b372c89-6d70-4276-a9fe-d4a9ffe9e0af,5c581ce7-7a4b-4fd5-86a2-16c83a3a7b68,0.0000,16.5726,1.0000,0.0000,0.0000,0.6667,0.0476
5b372c89-6d70-4276-a9fe-d4a9ffe9e0af,f2deb05a-d512-48f4-b641-59e526831230,0.0000,13.8798,1.0000,0.0000,0.0000,0.6667,0.0500
5b372c89-6d70-4276-a9fe-d4a9ffe9e0af,2908d1db-866e-4631-a655-8ac0a0da0e28,2.0000,16.5660,0.5000,2.0000,2.0000,0.6667,0.3333
5b372c89-6d70-4276-a9fe-d4a9ffe9e0af,4481c909-2f78-4205-8334-e27d27305642,2.0000,13.4528,0.5000,2.0000,2.0000,0.6667,0.2308
5b372c89-6d70-4276-a9fe-d4a9ffe9e0af,d450f16e-59ec-490a-8ce7-7968e10dd065,2.0000,9.5854,0.5000,2.0000,2.0000,0.6667,0.2857
5b372c89-6d70-4276-a9fe-d4a9ffe9e0af,51625cea-8af7-4dca-9b2d-17750e3831ea,0.0000,9.3900,1.0000,0.0000,0.0000,0.0000,0.0909
5b372c89-6d70-4276-a9fe-d4a9ffe9e0af,bb080865-5184-4114-942e-0a1b314c8016,0.0000,14.1363,1.0000,0.0000,0.0000,0.0000,0.1304
5b372c89-6d70-4276-a9fe-d4a9ffe9e0af,8b354a1d-b301-4cd1-b271-878ba45ed85f,0.0000,8.8963,1.0000,0.0000,0.0000,0.0000,0.0476
eb0958ef-c187-4392-95d9-d703217e20f2,d600c8fd-02b9-442e-94a7-8cfcfd0902e5,0.0000,14.1573,1.0000,0.0000,0.0000,0.6667,0.0800
eb0958ef-c187-4392-95d9-d703217e20f2,d43a4529-c3d6-47a7-bf16-51d83c463e35,2.0000,14.9600,0.5000,2.0000,2.0000,0.0000,0.1786
eb0958ef-c187-4392-95d9-d703217e20f2,8b912a7e-96de-4da8-a91d-f1ddafa36f9b,0.0000,13.7643,1.0000,0.0000,0.0000,0.6667,0.0870
eb0958ef-c187-4392-95d9-d703217e20f2,637d55e6-25d5-43aa-95e1-e71da53b4a65,2.0000,8.9846,0.5000,2.0000,2.0000,0.6667,0.2069
eb0958ef-c187-4392-95d9-d703217e20f2,7a051738-24d2-4d72-bbfa-9f81c092b5d4,2.0000,14.0811,0.5000,2.0000,2.0000,0.6667,0.1154
eb0958ef-c187-4392-95d9-d703217e20f2,0fcb9700-df04-4531-a3d8-d6169f91eae5,0.0000,12.4389,1.0000,0.0000,0.0000,0.6667,0.0800
eb0958ef-c187-4392-95d9-d703217e20f2,e3cd235f-f77c-4448-8fe5-62434f6ef801,0.0000,17.2447,1.0000,0.0000,0.0000,0.6667,0.0870
eb0958ef-c187-4392-95d9-d703217e20f2,d84d6202-1b0d-494e-83aa-282623351558,0.0000,14.9418,1.0000,0.0000,0.0000,0.0000,0.0417
eb0958ef-c187-4392-95d9-d703217e20f2,fb3bb871-3382-43a6-86cf-25862db66608,2.0000,8.6549,0.5000,2.0000,2.0000,0.6667,0.2069
eb0958ef-c187-4392-95d9-d703217e20f2,8b2ba48c-dea4-4586-8cdd-81d2a8b1aa73,0.0000,12.2870,1.0000,0.0000,0.0000,0.6667,0.0435
eb0958ef-c187-4392-95d9-d703217e20f2,b590db6d-3092-4a48-a3cd-8b3828f6fd97,0.0000,8.6263,1.0000,0.0000,0.0000,0.0000,0.0870
eb0958ef-c187-4392-95d9-d703217e20f2,1079305f-65fb-473e-9658-e7251b0824be,0.0000,8.5425,1.0000,0.0000,0.0000,0.6667,0.2174
eb0958ef-c187-4392-95d9-d703217e20f2,efdea335-b7fb-4a9f-b55c-05e6f649b42f,2.0000,13.7513,0.5000,2.0000,2.0000,0.6667,0.1481
eb0958ef-c187-4392-95d9-d703217e20f2,2a753e87-dc5b-4f7e-8441-59141fcc0cb2,0.0000,4.3416,1.0000,0.0000,0.0000,0.0000,0.0417
eb0958ef-c187-4392-95d9-d703217e20f2,09ce3282-4e7d-43e3-aad0-d8ba479e152e,0.0000,11.5049,1.0000,0.0000,0.0000,0.6667,0.0870
eb0958ef-c187-4392-95d9-d703217e20f2,130e102a-345e-41bc-8c2b-f9eddef31bd5,0.0000,8.6541,1.0000,0.0000,0.0000,0.6667,0.0417
eb0958ef-c187-4392-95d9-d703217e20f2,9ded00ab-0866-4032-92bf-5dc8fdc4d243,2.0000,11.3472,0.5000,2.0000,2.0000,0.6667,0.0417
eb0958ef-c187-4392-95d9-d703217e20f2,5d4d9a94-6aaa-4bbe-b639-a0eeb4e1c088,2.0000,10.2297,0.5000,2.0000,2.0000,0.6667,0.1786
eb0958ef-c187-4392-95d9-d703217e20f2,a8c5b81e-599a-4ed1-901b-356d1fc94e84,0.0000,18.4135,1.0000,0.0000,0.0000,0.6667,0.1304
eb0958ef-c187-4392-95d9-d703217e20f2,f19250f3-e0cf-4ebf-b106-1c75855eb8ed,0.0000,18.6602,1.0000,0.0000,0.0000,0.6667,0.0417
eb0958ef-c187-4392-95d9-d703217e20f2,6482a7eb-8182-43d4-8df9-1ad15f5bbf5d,2.0000,12.2604,0.5000,2.0000,2.0000,0.6667,0.0800
eb0958ef-c187-4392-95d9-d703217e20f2,5e5e895e-dd66-4fb6-a1d2-04f02c760fd8,0.0000,15.8283,1.0000,0.0000,0.0000,0.6667,0.0000
eb0958ef-c187-4392-95d9-d703217e20f2,ff1bb715-41ad-4a24-a31e-499bba5e889a,0.0000,10.4475,1.0000,0.0000,0.0000,0.6667,0.0000
eb0958ef-c187-4392-95d9-d703217e20f2,9fd672d7-152c-423e-af51-4b14f62db78f,0.0000,8.8450,1.0000,0.0000,0.0000,0.0000,0.1304
eb0958ef-c187-4392-95d9-d703217e20f2,0c07cbfe-8089-4618-8ea2-9d49c5c7676f,2.0000,7.5545,0.5000,2.0000,2.0000,0.6667,0.0800
eb0958ef-c187-4392-95d9-d703217e20f2,2db915b4-b287-4d07-8d78-0d79e2b715e6,0.0000,8.3689,1.0000,0.0000,0.0000,0.0000,0.1304
eb0958ef-c187-4392-95d9-d703217e20f2,1041fa72-e598-4a46-9d90-bbdb1a8c8cfa,0.0000,5.0306,1.0000,0.0000,0.0000,0.0000,0.2174
eb0958ef-c187-4392-95d9-d703217e20f2,e2678857-49ff-42d1-9649-47b147a8ed3e,2.0000,12.7112,0.5000,2.0000,2.0000,0.0000,0.1481
eb0958ef-c187-4392-95d9-d703217e20f2,0b2085d3-0fbc-4351-845e-5d9bccda34e5,0.0000,13.2357,1.0000,0.0000,0.0000,0.0000,0.0000
eb0958ef-c187-4392-95d9-d703217e20f2,0abcffc0-2fc7-4385-a82f-bbe80bfd51ae,0.0000,7.8899,1.0000,0.0000,0.0000,0.0000,0.0000
eb0958ef-c187-4392-95d9-d703217e20f2,d54c73cc-cc77-415e-aeff-dd22604f13cf,0.0000,4.1573,1.0000,0.0000,0.0000,0.0000,0.1304
eb0958ef-c187-4392-95d9-d703217e20f2,09bf266d-b272-4968-9251-ab34779e8344,0.0000,11.2949,1.0000,0.0000,0.0000,0.6667,0.1154
eb0958ef-c187-4392-95d9-d703217e20f2,b336cd79-f2f6-4913-b922-d1061f5fb2e1,0.0000,6.9999,1.0000,0.0000,0.0000,0.0000,0.0000
eb0958ef-c187-4392-95d9-d703217e20f2,c6e27378-0b9e-4d40-9dbf-057217176282,0.0000,8.1059,1.0000,0.0000,0.0000,0.0000,0.0000
eb0958ef-c187-4392-95d9-d703217e20f2,d9267fd4-495d-4d11-843c-cedddfeddabf,0.0000,13.3386,1.0000,0.0000,0.0000,0.6667,0.0870
eb0958ef-c187-4392-95d9-d703217e20f2,8dfa57b2-e8b0-4a9a-b5b6-86dc84f15e30,2.0000,13.3782,0.5000,2.0000,2.0000,0.6667,0.1786
eb0958ef-c187-4392-95d9-d703217e20f2,d9fa51da-ab2b-411c-a41b-ce2b5c23473b,0.0000,7.0176,1.0000,0.0000,0.0000,0.0000,0.0000
eb0958ef-c187-4392-95d9-d703217e20f2,4895c953-8e9a-4e62-b308-61d0f4106e69,0.0000,2.7627,1.0000,0.0000,0.0000,0.0000,0.0000
eb0958ef-c187-4392-95d9-d703217e20f2,c95936f5-0096-4c43-a2a2-4cc7a9b26504,2.0000,10.0498,0.5000,2.0000,2.0000,0.0000,0.0800
eb0958ef-c187-4392-95d9-d703217e20f2,535f130b-68ff-4463-83b0-d04785999fbb,0.0000,18.0754,1.0000,0.0000,0.0000,0.6667,0.1304
eb0958ef-c187-4392-95d9-d703217e20f2,5c952de4-19c5-4324-b3f4-48b0c2169833,0.0000,5.6549,1.0000,0.0000,0.0000,0.0000,0.0000
eb0958ef-c187-4392-95d9-d703217e20f2,ced92f16-312a-4b19-addf-523cfefee6c7,0.0000,7.2621,1.0000,0.0000,0.0000,0.0000,0.1154
eb0958ef-c187-4392-95d9-d703217e20f2,a11c3bca-9343-4869-8c77-38e616536f5e,0.0000,8.6124,1.0000,0.0000,0.0000,0.0000,0.1304
eb0958ef-c187-4392-95d9-d703217e20f2,110b5c81-0d3f-40bb-bc0d-cd4c327ce925,2.0000,13.2292,0.5000,2.0000,2.0000,0.6667,0.1481
eb0958ef-c187-4392-95d9-d703217e20f2,80481175-af46-455a-8bef-0c682e4c0cb6,2.0000,7.7305,0.5000,2.0000,2.0000,0.0000,0.1481
eb0958ef-c187-4392-95d9-d703217e20f2,422a1c98-ae36-47b0-8890-a8295b6cd85c,2.0000,8.3004,0.5000,2.0000,2.0000,0.6667,0.0800
eb0958ef-c187-4392-95d9-d703217e20f2,51d9466b-1ba9-4646-8257-1d21cb2ed954,2.0000,12.2963,0.5000,2.0000,2.0000,0.0000,0.1481
eb0958ef-c187-4392-95d9-d703217e20f2,03e8c72b-9c28-43b3-a50c-ba09195e3e3c,0.0000,13.1883,1.0000,0.0000,0.0000,0.6667,0.0435
eb0958ef-c187-4392-95d9-d703217e20f2,cf9b7960-9d27-4554-a98d-f1fa9bb1a5ca,2.0000,8.6321,0.5000,2.0000,2.0000,0.6667,0.2813
eb0958ef-c187-4392-95d9-d703217e20f2,bf0dfd9e-5489-4b04-ae78-ba2facc60792,0.0000,16.2254,1.0000,0.0000,0.0000,0.6667,0.0435
eb0958ef-c187-4392-95d9-d703217e20f2,4f2e86c2-4b73-47fc-bf83-31eb686d4ad0,0.0000,11.4347,1.0000,0.0000,0.0000,0.6667,0.0870
eb0958ef-c187-4392-95d9-d703217e20f2,ddd56f00-e94c-4f73-bc24-d6538d02d76f,2.0000,6.9236,0.5000,2.0000,2.0000,0.6667,0.2333
eb0958ef-c187-4392-95d9-d703217e20f2,67351bd4-8ebd-4ac5-b552-24308cef799f,2.0000,10.9376,0.5000,2.0000,2.0000,0.0000,0.1786
eb0958ef-c187-4392-95d9-d703217e20f2,7d591389-70df-411c-93e7-2948d4c04738,0.0000,6.1992,1.0000,0.0000,0.0000,0.0000,0.1304
eb0958ef-c187-4392-95d9-d703217e20f2,91fd5a9f-0848-4551-a1a2-9689a4125830,0.0000,7.4021,1.0000,0.0000,0.0000,0.0000,0.1786
eb0958ef-c187-4392-95d9-d703217e20f2,ae6b3203-494b-4066-b0ba-b923b393bced,0.0000,15.8186,1.0000,0.0000,0.0000,0.6667,0.0435
eb0958ef-c187-4392-95d9-d703217e20f2,4b0f1708-0377-46ec-b3a4-cc53fe72fcc8,0.0000,11.9829,1.0000,0.0000,0.0000,0.6667,0.0435
eb0958ef-c187-4392-95d9-d703217e20f2,17101d7a-983e-469a-82f0-3dbd27b59660,2.0000,6.0829,0.5000,2.0000,2.0000,0.0000,0.2069
eb0958ef-c187-4392-95d9-d703217e20f2,6c2f7b68-d439-46b0-b6c2-111ae90e59be,2.0000,13.3407,0.5000,2.0000,2.0000,0.6667,0.1786
eb0958ef-c187-4392-95d9-d703217e20f2,b07b0e33-0c1e-489d-8b69-aa1b4ae8d2ad,0.0000,14.2342,1.0000,0.0000,0.0000,0.6667,0.2609
eb0958ef-c187-4392-95d9-d703217e20f2,cb93662e-0aed-4f56-9500-1e7f2e128287,2.0000,11.1817,0.5000,2.0000,2.0000,0.6667,0.1481
eb0958ef-c187-4392-95d9-d703217e20f2,5c581ce7-7a4b-4fd5-86a2-16c83a3a7b68,0.0000,15.7619,1.0000,0.0000,0.0000,0.6667,0.0870
eb0958ef-c187-4392-95d9-d703217e20f2,f2deb05a-d512-48f4-b641-59e526831230,0.0000,13.1184,1.0000,0.0000,0.0000,0.6667,0.1739
eb0958ef-c187-4392-95d9-d703217e20f2,2908d1db-866e-4631-a655-8ac0a0da0e28,2.0000,15.4618,0.5000,2.0000,2.0000,0.6667,0.2333
eb0958ef-c187-4392-95d9-d703217e20f2,4481c909-2f78-4205-8334-e27d27305642,2.0000,12.7034,0.5000,2.0000,2.0000,0.6667,0.1154
eb0958ef-c187-4392-95d9-d703217e20f2,d450f16e-59ec-490a-8ce7-7968e10dd065,2.0000,8.8952,0.5000,2.0000,2.0000,0.6667,0.1786
eb0958ef-c187-4392-95d9-d703217e20f2,51625cea-8af7-4dca-9b2d-17750e3831ea,0.0000,8.6168,1.0000,0.0000,0.0000,0.0000,0.0435
eb0958ef-c187-4392-95d9-d703217e20f2,bb080865-5184-4114-942e-0a1b314c8016,0.0000,13.6588,1.0000,0.0000,0.0000,0.0000,0.0000
eb0958ef-c187-4392-95d9-d703217e20f2,8b354a1d-b301-4cd1-b271-878ba45ed85f,0.0000,8.3576,1.0000,0.0000,0.0000,0.0000,0.0870
d600c8fd-02b9-442e-94a7-8cfcfd0902e5,d43a4529-c3d6-47a7-bf16-51d83c463e35,2.0000,7.4414,0.5000,2.0000,2.0000,0.6667,0.1071
d600c8fd-02b9-442e-94a7-8cfcfd0902e5,8b912a7e-96de-4da8-a91d-f1ddafa36f9b,0.0000,6.9273,1.0000,0.0000,0.0000,0.0000,0.1600
d600c8fd-02b9-442e-94a7-8cfcfd0902e5,637d55e6-25d5-43aa-95e1-e71da53b4a65,2.0000,10.9239,0.5000,2.0000,2.0000,0.0000,0.1379
d600c8fd-02b9-442e-94a7-8cfcfd0902e5,7a051738-24d2-4d72-bbfa-9f81c092b5d4,2.0000,9.0027,0.5000,2.0000,2.0000,0.6667,0.0385
d600c8fd-02b9-442e-94a7-8cfcfd0902e5,0fcb9700-df04-4531-a3d8-d6169f91eae5,0.0000,10.7490,1.0000,0.0000,0.0000,0.0000,0.0000
d600c8fd-02b9-442e-94a7-8cfcfd0902e5,e3cd235f-f77c-4448-8fe5-62434f6ef801,0.0000,6.2521,1.0000,0.0000,0.0000,0.0000,0.1600
d600c8fd-02b9-442e-94a7-8cfcfd0902e5,d84d6202-1b0d-494e-83aa-282623351558,0.0000,15.6019,1.0000,0.0000,0.0000,0.6667,0.0400
d600c8fd-02b9-442e-94a7-8cfcfd0902e5,fb3bb871-3382-43a6-86cf-25862db66608,2.0000,8.0081,0.5000,2.0000,2.0000,0.6667,0.1379
d600c8fd-02b9-442e-94a7-8cfcfd0902e5,8b2ba48c-dea4-4586-8cdd-81d2a8b1aa73,0.0000,11.8478,1.0000,0.0000,0.0000,0.0000,0.1200
d600c8fd-02b9-442e-94a7-8cfcfd0902e5,b590db6d-3092-4a48-a3cd-8b3828f6fd97,0.0000,10.4088,1.0000,0.0000,0.0000,0.6667,0.1600
d600c8fd-02b9-442e-94a7-8cfcfd0902e5,1079305f-65fb-473e-9658-e7251b0824be,0.0000,9.3225,1.0000,0.0000,0.0000,0.6667,0.2800
d600c8fd-02b9-442e-94a7-8cfcfd0902e5,efdea335-b7fb-4a9f-b55c-05e6f649b42f,2.0000,8.3451,0.5000,2.0000,2.0000,0.0000,0.0741
d600c8fd-02b9-442e-94a7-8cfcfd0902e5,2a753e87-dc5b-4f7e-8441-59141fcc0cb2,0.0000,13.1828,1.0000,0.0000,0.0000,0.6667,0.0400
d600c8fd-02b9-442e-94a7-8cfcfd0902e5,09ce3282-4e7d-43e3-aad0-d8ba479e152e,0.0000,3.8878,1.0000,0.0000,0.0000,0.0000,0.1600
d600c8fd-02b9-442e-94a7-8cfcfd0902e5,130e102a-345e-41bc-8c2b-f9eddef31bd5,0.0000,9.7577,1.0000,0.0000,0.0000,0.0000,0.0400
d600c8fd-02b9-442e-94a7-8cfcfd0902e5,9ded00ab-0866-4032-92bf-5dc8fdc4d243,2.0000,14.0785,0.5000,2.0000,2.0000,0.6667,0.0400
d600c8fd-02b9-442e-94a7-8cfcfd0902e5,5d4d9a94-6aaa-4bbe-b639-a0eeb4e1c088,2.0000,8.2305,0.5000,2.0000,2.0000,0.6667,0.1071
d600c8fd-02b9-442e-94a7-8cfcfd0902e5,a8c5b81e-599a-4ed1-901b-356d1fc94e84,0.0000,7.9105,1.0000,0.0000,0.0000,0.0000,0.2000
d600c8fd-02b9-442e-94a7-8cfcfd0902e5,f19250f3-e0cf-4ebf-b106-1c75855eb8ed,0.0000,8.9541,1.0000,0.0000,0.0000,0.0000,0.0400
d600c8fd-02b9-442e-94a7-8cfcfd0902e5,6482a7eb-8182-43d4-8df9-1ad15f5bbf5d,2.0000,7.7078,0.5000,2.0000,2.0000,0.0000,0.0000
d600c8fd-02b9-442e-94a7-8cfcfd0902e5,5e5e895e-dd66-4fb6-a1d2-04f02c760fd8,0.0000,10.9089,1.0000,0.0000,0.0000,0.6667,0.0800
d600c8fd-02b9-442e-94a7-8cfcfd0902e5,ff1bb715-41ad-4a24-a31e-499bba5e889a,0.0000,5.4289,1.0000,0.0000,0.0000,0.0000,0.0800
d600c8fd-02b9-442e-94a7-8cfcfd0902e5,9fd672d7-152c-423e-af51-4b14f62db78f,0.0000,16.0552,1.0000,0.0000,0.0000,0.6667,0.2000
d600c8fd-02b9-442e-94a7-8cfcfd0902e5,0c07cbfe-8089-4618-8ea2-9d49c5c7676f,2.0000,7.5793,0.5000,2.0000,2.0000,0.6667,0.0000
d600c8fd-02b9-442e-94a7-8cfcfd0902e5,2db915b4-b287-4d07-8d78-0d79e2b715e6,0.0000,10.3519,1.0000,0.0000,0.0000,0.6667,0.2000
d600c8fd-02b9-442e-94a7-8cfcfd0902e5,1041fa72-e598-4a46-9d90-bbdb1a8c8cfa,0.0000,15.5998,1.0000,0.0000,0.0000,0.6667,0.2800
d600c8fd-02b9-442e-94a7-8cfcfd0902e5,e2678857-49ff-42d1-9649-47b147a8ed3e,2.0000,7.2618,0.5000,2.0000,2.0000,0.6667,0.0741
d600c8fd-02b9-442e-94a7-8cfcfd0902e5,0b2085d3-0fbc-4351-845e-5d9bccda34e5,0.0000,6.1453,1.0000,0.0000,0.0000,0.6667,0.0800
d600c8fd-02b9-442e-94a7-8cfcfd0902e5,0abcffc0-2fc7-4385-a82f-bbe80bfd51ae,0.0000,11.7278,1.0000,0.0000,0.0000,0.6667,0.0800
d600c8fd-02b9-442e-94a7-8cfcfd0902e5,d54c73cc-cc77-415e-aeff-dd22604f13cf,0.0000,10.5032,1.0000,0.0000,0.0000,0.6667,0.2000
d600c8fd-02b9-442e-94a7-8cfcfd0902e5,09bf266d-b272-4968-9251-ab34779e8344,0.0000,7.2695,1.0000,0.0000,0.0000,0.6667,0.0385
d600c8fd-02b9-442e-94a7-8cfcfd0902e5,b336cd79-f2f6-4913-b922-d1061f5fb2e1,0.0000,8.9908,1.0000,0.0000,0.0000,0.6667,0.0800
d600c8fd-02b9-442e-94a7-8cfcfd0902e5,c6e27378-0b9e-4d40-9dbf-057217176282,0.0000,8.5107,1.0000,0.0000,0.0000,0.6667,0.0800
d600c8fd-02b9-442e-94a7-8cfcfd0902e5,d9267fd4-495d-4d11-843c-cedddfeddabf,0.0000,1.9245,1.0000,0.0000,0.0000,0.0000,0.1600
d600c8fd-02b9-442e-94a7-8cfcfd0902e5,8dfa57b2-e8b0-4a9a-b5b6-86dc84f15e30,2.0000,10.2299,0.5000,2.0000,2.0000,0.6667,0.1071
d600c8fd-02b9-442e-94a7-8cfcfd0902e5,d9fa51da-ab2b-411c-a41b-ce2b5c23473b,0.0000,14.3684,1.0000,0.0000,0.0000,0.6667,0.0800
d600c8fd-02b9-442e-94a7-8cfcfd0902e5,4895c953-8e9a-4e62-b308-61d0f4106e69,0.0000,13.3438,1.0000,0.0000,0.0000,0.6667,0.0800
d600c8fd-02b9-442e-94a7-8cfcfd0902e5,c95936f5-0096-4c43-a2a2-4cc7a9b26504,2.0000,9.7411,0.5000,2.0000,2.0000,0.6667,0.0000
d600c8fd-02b9-442e-94a7-8cfcfd0902e5,535f130b-68ff-4463-83b0-d04785999fbb,0.0000,7.3345,1.0000,0.0000,0.0000,0.0000,0.2000
d600c8fd-02b9-442e-94a7-8cfcfd0902e5,5c952de4-19c5-4324-b3f4-48b0c2169833,0.0000,11.4677,1.0000,0.0000,0.0000,0.6667,0.0800
d600c8fd-02b9-442e-94a7-8cfcfd0902e5,ced92f16-312a-4b19-addf-523cfefee6c7,0.0000,14.5014,1.0000,0.0000,0.0000,0.6667,0.0385
d600c8fd-02b9-442e-94a7-8cfcfd0902e5,a11c3bca-9343-4869-8c77-38e616536f5e,0.0000,9.8476,1.0000,0.0000,0.0000,0.6667,0.2000
d600c8fd-02b9-442e-94a7-8cfcfd0902e5,110b5c81-0d3f-40bb-bc0d-cd4c327ce925,2.0000,8.9453,0.5000,2.0000,2.0000,0.0000,0.0741
d600c8fd-02b9-442e-94a7-8cfcfd0902e5,80481175-af46-455a-8bef-0c682e4c0cb6,2.0000,14.1600,0.5000,2.0000,2.0000,0.6667,0.0741
d600c8fd-02b9-442e-94a7-8cfcfd0902e5,422a1c98-ae36-47b0-8890-a8295b6cd85c,2.0000,10.3809,0.5000,2.0000,2.0000,0.0000,0.0000
d600c8fd-02b9-442e-94a7-8cfcfd0902e5,51d9466b-1ba9-4646-8257-1d21cb2ed954,2.0000,6.3706,0.5000,2.0000,2.0000,0.6667,0.0741
d600c8fd-02b9-442e-94a7-8cfcfd0902e5,03e8c72b-9c28-43b3-a50c-ba09195e3e3c,0.0000,10.4947,1.0000,0.0000,0.0000,0.0000,0.1200
d600c8fd-02b9-442e-94a7-8cfcfd0902e5,cf9b7960-9d27-4554-a98d-f1fa9bb1a5ca,2.0000,13.5810,0.5000,2.0000,2.0000,0.0000,0.2188
d600c8fd-02b9-442e-94a7-8cfcfd0902e5,bf0dfd9e-5489-4b04-ae78-ba2facc60792,0.0000,11.6712,1.0000,0.0000,0.0000,0.0000,0.1200
d600c8fd-02b9-442e-94a7-8cfcfd0902e5,4f2e86c2-4b73-47fc-bf83-31eb686d4ad0,0.0000,10.3634,1.0000,0.0000,0.0000,0.0000,0.1600
d600c8fd-02b9-442e-94a7-8cfcfd0902e5,ddd56f00-e94c-4f73-bc24-d6538d02d76f,2.0000,11.6904,0.5000,2.0000,2.0000,0.0000,0.1667
d600c8fd-02b9-442e-94a7-8cfcfd0902e5,67351bd4-8ebd-4ac5-b552-24308cef799f,2.0000,10.7897,0.5000,2.0000,2.0000,0.6667,0.1071
d600c8fd-02b9-442e-94a7-8cfcfd0902e5,7d591389-70df-411c-93e7-2948d4c04738,0.0000,14.8129,1.0000,0.0000,0.0000,0.6667,0.2000
d600c8fd-02b9-442e-94a7-8cfcfd0902e5,91fd5a9f-0848-4551-a1a2-9689a4125830,0.0000,12.3821,1.0000,0.0000,0.0000,0.6667,0.1071
d600c8fd-02b9-442e-94a7-8cfcfd0902e5,ae6b3203-494b-4066-b0ba-b923b393bced,0.0000,4.1262,1.0000,0.0000,0.0000,0.0000,0.1200
d600c8fd-02b9-442e-94a7-8cfcfd0902e5,4b0f1708-0377-46ec-b3a4-cc53fe72fcc8,0.0000,15.4953,1.0000,0.0000,0.0000,0.6667,0.1200
d600c8fd-02b9-442e-94a7-8cfcfd0902e5,17101d7a-983e-469a-82f0-3dbd27b59660,2.0000,13.7129,0.5000,2.0000,2.0000,0.6667,0.1379
d600c8fd-02b9-442e-94a7-8cfcfd0902e5,6c2f7b68-d439-46b0-b6c2-111ae90e59be,2.0000,3.9613,0.5000,2.0000,2.0000,0.0000,0.1071
d600c8fd-02b9-442e-94a7-8cfcfd0902e5,b07b0e33-0c1e-489d-8b69-aa1b4ae8d2ad,0.0000,14.3287,1.0000,0.0000,0.0000,0.6667,0.3200
d600c8fd-02b9-442e-94a7-8cfcfd0902e5,cb93662e-0aed-4f56-9500-1e7f2e128287,2.0000,7.3360,0.5000,2.0000,2.0000,0.0000,0.0741
d600c8fd-02b9-442e-94a7-8cfcfd0902e5,5c581ce7-7a4b-4fd5-86a2-16c83a3a7b68,0.0000,5.4374,1.0000,0.0000,0.0000,0.0000,0.1600
d600c8fd-02b9-442e-94a7-8cfcfd0902e5,f2deb05a-d512-48f4-b641-59e526831230,0.0000,7.4385,1.0000,0.0000,0.0000,0.0000,0.2400
d600c8fd-02b9-442e-94a7-8cfcfd0902e5,2908d1db-866e-4631-a655-8ac0a0da0e28,2.0000,7.3114,0.5000,2.0000,2.0000,0.6667,0.1667
d600c8fd-02b9-442e-94a7-8cfcfd0902e5,4481c909-2f78-4205-8334-e27d27305642,2.0000,9.2604,0.5000,2.0000,2.0000,0.6667,0.0385
d600c8fd-02b9-442e-94a7-8cfcfd0902e5,d450f16e-59ec-490a-8ce7-7968e10dd065,2.0000,10.8184,0.5000,2.0000,2.0000,0.0000,0.1071
d600c8fd-02b9-442e-94a7-8cfcfd0902e5,51625cea-8af7-4dca-9b2d-17750e3831ea,0.0000,7.7275,1.0000,0.0000,0.0000,0.6667,0.1200
d600c8fd-02b9-442e-94a7-8cfcfd0902e5,bb080865-5184-4114-942e-0a1b314c8016,0.0000,8.0289,1.0000,0.0000,0.0000,0.6667,0.0800
d600c8fd-02b9-442e-94a7-8cfcfd0902e5,8b354a1d-b301-4cd1-b271-878ba45ed85f,0.0000,8.4452,1.0000,0.0000,0.0000,0.6667,0.1600
d43a4529-c3d6-47a7-bf16-51d83c463e35,8b912a7e-96de-4da8-a91d-f1ddafa36f9b,2.0000,9.1007,0.5000,2.0000,2.0000,0.6667,0.2500
d43a4529-c3d6-47a7-bf16-51d83c463e35,637d55e6-25d5-43aa-95e1-e71da53b4a65,0.0000,9.8920,1.0000,0.0000,0.0000,0.6667,0.0345
d43a4529-c3d6-47a7-bf16-51d83c463e35,7a051738-24d2-4d72-bbfa-9f81c092b5d4,0.0000,6.1637,1.0000,0.0000,0.0000,0.6667,0.0714
d43a4529-c3d6-47a7-bf16-51d83c463e35,0fcb9700-df04-4531-a3d8-d6169f91eae5,2.0000,8.6936,0.5000,2.0000,2.0000,0.6667,0.1071
d43a4529-c3d6-47a7-bf16-51d83c463e35,e3cd235f-f77c-4448-8fe5-62434f6ef801,2.0000,6.4967,0.5000,2.0000,2.0000,0.6667,0.2500
d43a4529-c3d6-47a7-bf16-51d83c463e35,d84d6202-1b0d-494e-83aa-282623351558,2.0000,11.3459,0.5000,2.0000,2.0000,0.0000,0.1429
d43a4529-c3d6-47a7-bf16-51d83c463e35,fb3bb871-3382-43a6-86cf-25862db66608,0.0000,8.4567,1.0000,0.0000,0.0000,0.6667,0.0345
d43a4529-c3d6-47a7-bf16-51d83c463e35,8b2ba48c-dea4-4586-8cdd-81d2a8b1aa73,2.0000,6.3686,0.5000,2.0000,2.0000,0.6667,0.2143
d43a4529-c3d6-47a7-bf16-51d83c463e35,b590db6d-3092-4a48-a3cd-8b3828f6fd97,2.0000,13.0510,0.5000,2.0000,2.0000,0.0000,0.2500
d43a4529-c3d6-47a7-bf16-51d83c463e35,1079305f-65fb-473e-9658-e7251b0824be,2.0000,12.3547,0.5000,2.0000,2.0000,0.6667,0.3571
d43a4529-c3d6-47a7-bf16-51d83c463e35,efdea335-b7fb-4a9f-b55c-05e6f649b42f,0.0000,5.7213,1.0000,0.0000,0.0000,0.6667,0.0357
d43a4529-c3d6-47a7-bf16-51d83c463e35,2a753e87-dc5b-4f7e-8441-59141fcc0cb2,2.0000,12.8988,0.5000,2.0000,2.0000,0.0000,0.1429
d43a4529-c3d6-47a7-bf16-51d83c463e35,09ce3282-4e7d-43e3-aad0-d8ba479e152e,2.0000,8.8483,0.5000,2.0000,2.0000,0.6667,0.2500
d43a4529-c3d6-47a7-bf16-51d83c463e35,130e102a-345e-41bc-8c2b-f9eddef31bd5,2.0000,12.5016,0.5000,2.0000,2.0000,0.6667,0.1429
d43a4529-c3d6-47a7-bf16-51d83c463e35,9ded00ab-0866-4032-92bf-5dc8fdc4d243,0.0000,8.8115,1.0000,0.0000,0.0000,0.6667,0.1429
d43a4529-c3d6-47a7-bf16-51d83c463e35,5d4d9a94-6aaa-4bbe-b639-a0eeb4e1c088,0.0000,9.8526,1.0000,0.0000,0.0000,0.6667,0.0000
d43a4529-c3d6-47a7-bf16-51d83c463e35,a8c5b81e-599a-4ed1-901b-356d1fc94e84,2.0000,5.9390,0.5000,2.0000,2.0000,0.6667,0.2857
d43a4529-c3d6-47a7-bf16-51d83c463e35,f19250f3-e0cf-4ebf-b106-1c75855eb8ed,2.0000,5.7833,0.5000,2.0000,2.0000,0.6667,0.1429
d43a4529-c3d6-47a7-bf16-51d83c463e35,6482a7eb-8182-43d4-8df9-1ad15f5bbf5d,0.0000,7.9561,1.0000,0.0000,0.0000,0.6667,0.1071
d43a4529-c3d6-47a7-bf16-51d83c463e35,5e5e895e-dd66-4fb6-a1d2-04f02c760fd8,2.0000,6.4509,0.5000,2.0000,2.0000,0.6667,0.1786
d43a4529-c3d6-47a7-bf16-51d83c463e35,ff1bb715-41ad-4a24-a31e-499bba5e889a,2.0000,7.3346,0.5000,2.0000,2.0000,0.6667,0.1786
d43a4529-c3d6-47a7-bf16-51d83c463e35,9fd672d7-152c-423e-af51-4b14f62db78f,2.0000,10.7665,0.5000,2.0000,2.0000,0.0000,0.2857
d43a4529-c3d6-47a7-bf16-51d83c463e35,0c07cbfe-8089-4618-8ea2-9d49c5c7676f,0.0000,9.5098,1.0000,0.0000,0.0000,0.6667,0.1071
d43a4529-c3d6-47a7-bf16-51d83c463e35,2db915b4-b287-4d07-8d78-0d79e2b715e6,2.0000,12.7014,0.5000,2.0000,2.0000,0.0000,0.2857
d43a4529-c3d6-47a7-bf16-51d83c463e35,1041fa72-e598-4a46-9d90-bbdb1a8c8cfa,2.0000,13.4927,0.5000,2.0000,2.0000,0.0000,0.3571
d43a4529-c3d6-47a7-bf16-51d83c463e35,e2678857-49ff-42d1-9649-47b147a8ed3e,0.0000,6.4246,1.0000,0.0000,0.0000,0.0000,0.0357
d43a4529-c3d6-47a7-bf16-51d83c463e35,0b2085d3-0fbc-4351-845e-5d9bccda34e5,2.0000,11.7637,0.5000,2.0000,2.0000,0.0000,0.1786
d43a4529-c3d6-47a7-bf16-51d83c463e35,0abcffc0-2fc7-4385-a82f-bbe80bfd51ae,2.0000,12.3877,0.5000,2.0000,2.0000,0.0000,0.1786
d43a4529-c3d6-47a7-bf16-51d83c463e35,d54c73cc-cc77-415e-aeff-dd22604f13cf,2.0000,14.0669,0.5000,2.0000,2.0000,0.0000,0.2857
d43a4529-c3d6-47a7-bf16-51d83c463e35,09bf266d-b272-4968-9251-ab34779e8344,2.0000,10.4451,0.5000,2.0000,2.0000,0.6667,0.0714
d43a4529-c3d6-47a7-bf16-51d83c463e35,b336cd79-f2f6-4913-b922-d1061f5fb2e1,2.0000,10.6614,0.5000,2.0000,2.0000,0.0000,0.1786
d43a4529-c3d6-47a7-bf16-51d83c463e35,c6e27378-0b9e-4d40-9dbf-057217176282,2.0000,12.5748,0.5000,2.0000,2.0000,0.0000,0.1786
d43a4529-c3d6-47a7-bf16-51d83c463e35,d9267fd4-495d-4d11-843c-cedddfeddabf,2.0000,7.1958,0.5000,2.0000,2.0000,0.6667,0.2500
d43a4529-c3d6-47a7-bf16-51d83c463e35,8dfa57b2-e8b0-4a9a-b5b6-86dc84f15e30,0.0000,5.7306,1.0000,0.0000,0.0000,0.6667,0.0000
d43a4529-c3d6-47a7-bf16-51d83c463e35,d9fa51da-ab2b-411c-a41b-ce2b5c23473b,2.0000,12.0113,0.5000,2.0000,2.0000,0.0000,0.1786
d43a4529-c3d6-47a7-bf16-51d83c463e35,4895c953-8e9a-4e62-b308-61d0f4106e69,2.0000,16.3100,0.5000,2.0000,2.0000,0.0000,0.1786
d43a4529-c3d6-47a7-bf16-51d83c463e35,c95936f5-0096-4c43-a2a2-4cc7a9b26504,0.0000,5.8540,1.0000,0.0000,0.0000,0.0000,0.1071
d43a4529-c3d6-47a7-bf16-51d83c463e35,535f130b-68ff-4463-83b0-d04785999fbb,2.0000,5.4396,0.5000,2.0000,2.0000,0.6667,0.2857
d43a4529-c3d6-47a7-bf16-51d83c463e35,5c952de4-19c5-4324-b3f4-48b0c2169833,2.0000,12.6325,0.5000,2.0000,2.0000,0.0000,0.1786
d43a4529-c3d6-47a7-bf16-51d83c463e35,ced92f16-312a-4b19-addf-523cfefee6c7,2.0000,12.2412,0.5000,2.0000,2.0000,0.0000,0.0714
d43a4529-c3d6-47a7-bf16-51d83c463e35,a11c3bca-9343-4869-8c77-38e616536f5e,2.0000,10.9726,0.5000,2.0000,2.0000,0.0000,0.2857
d43a4529-c3d6-47a7-bf16-51d83c463e35,110b5c81-0d3f-40bb-bc0d-cd4c327ce925,0.0000,5.3961,1.0000,0.0000,0.0000,0.6667,0.0357
d43a4529-c3d6-47a7-bf16-51d83c463e35,80481175-af46-455a-8bef-0c682e4c0cb6,0.0000,9.4834,1.0000,0.0000,0.0000,0.0000,0.0357
d43a4529-c3d6-47a7-bf16-51d83c463e35,422a1c98-ae36-47b0-8890-a8295b6cd85c,0.0000,8.6467,1.0000,0.0000,0.0000,0.6667,0.1071
d43a4529-c3d6-47a7-bf16-51d83c463e35,51d9466b-1ba9-4646-8257-1d21cb2ed954,0.0000,8.2226,1.0000,0.0000,0.0000,0.0000,0.0357
d43a4529-c3d6-47a7-bf16-51d83c463e35,03e8c72b-9c28-43b3-a50c-ba09195e3e3c,2.0000,8.1796,0.5000,2.0000,2.0000,0.6667,0.2143
d43a4529-c3d6-47a7-bf16-51d83c463e35,cf9b7960-9d27-4554-a98d-f1fa9bb1a5ca,0.0000,8.7074,1.0000,0.0000,0.0000,0.6667,0.1250
d43a4529-c3d6-47a7-bf16-51d83c463e35,bf0dfd9e-5489-4b04-ae78-ba2facc60792,2.0000,7.4334,0.5000,2.0000,2.0000,0.6667,0.2143
d43a4529-c3d6-47a7-bf16-51d83c463e35,4f2e86c2-4b73-47fc-bf83-31eb686d4ad0,2.0000,8.4890,0.5000,2.0000,2.0000,0.6667,0.2500
d43a4529-c3d6-47a7-bf16-51d83c463e35,ddd56f00-e94c-4f73-bc24-d6538d02d76f,0.0000,11.2220,1.0000,0.0000,0.0000,0.6667,0.0667
d43a4529-c3d6-47a7-bf16-51d83c463e35,67351bd4-8ebd-4ac5-b552-24308cef799f,0.0000,6.0656,1.0000,0.0000,0.0000,0.0000,0.0000
d43a4529-c3d6-47a7-bf16-51d83c463e35,7d591389-70df-411c-93e7-2948d4c04738,2.0000,10.8933,0.5000,2.0000,2.0000,0.0000,0.2857
d43a4529-c3d6-47a7-bf16-51d83c463e35,91fd5a9f-0848-4551-a1a2-9689a4125830,2.0000,9.7069,0.5000,2.0000,2.0000,0.0000,0.0000
d43a4529-c3d6-47a7-bf16-51d83c463e35,ae6b3203-494b-4066-b0ba-b923b393bced,2.0000,7.3325,0.5000,2.0000,2.0000,0.6667,0.2143
d43a4529-c3d6-47a7-bf16-51d83c463e35,4b0f1708-0377-46ec-b3a4-cc53fe72fcc8,2.0000,10.4306,0.5000,2.0000,2.0000,0.6667,0.2143
d43a4529-c3d6-47a7-bf16-51d83c463e35,17101d7a-983e-469a-82f0-3dbd27b59660,0.0000,10.3134,1.0000,0.0000,0.0000,0.0000,0.0345
d43a4529-c3d6-47a7-bf16-51d83c463e35,6c2f7b68-d439-46b0-b6c2-111ae90e59be,0.0000,5.8795,1.0000,0.0000,0.0000,0.6667,0.0000
d43a4529-c3d6-47a7-bf16-51d83c463e35,b07b0e33-0c1e-489d-8b69-aa1b4ae8d2ad,2.0000,9.2120,0.5000,2.0000,2.0000,0.6667,0.3929
d43a4529-c3d6-47a7-bf16-51d83c463e35,cb93662e-0aed-4f56-9500-1e7f2e128287,0.0000,8.1682,1.0000,0.0000,0.0000,0.6667,0.0357
d43a4529-c3d6-47a7-bf16-51d83c463e35,5c581ce7-7a4b-4fd5-86a2-16c83a3a7b68,2.0000,5.5708,0.5000,2.0000,2.0000,0.6667,0.2500
d43a4529-c3d6-47a7-bf16-51d83c463e35,f2deb05a-d512-48f4-b641-59e526831230,2.0000,7.2626,0.5000,2.0000,2.0000,0.6667,0.3214
d43a4529-c3d6-47a7-bf16-51d83c463e35,2908d1db-866e-4631-a655-8ac0a0da0e28,0.0000,2.7871,1.0000,0.0000,0.0000,0.6667,0.0667
d43a4529-c3d6-47a7-bf16-51d83c463e35,4481c909-2f78-4205-8334-e27d27305642,0.0000,8.7740,1.0000,0.0000,0.0000,0.6667,0.0714
d43a4529-c3d6-47a7-bf16-51d83c463e35,d450f16e-59ec-490a-8ce7-7968e10dd065,0.0000,9.8618,1.0000,0.0000,0.0000,0.6667,0.0000
d43a4529-c3d6-47a7-bf16-51d83c463e35,51625cea-8af7-4dca-9b2d-17750e3831ea,2.0000,12.7720,0.5000,2.0000,2.0000,0.0000,0.2143
d43a4529-c3d6-47a7-bf16-51d83c463e35,bb080865-5184-4114-942e-0a1b314c8016,2.0000,10.8030,0.5000,2.0000,2.0000,0.0000,0.1786
d43a4529-c3d6-47a7-bf16-51d83c463e35,8b354a1d-b301-4cd1-b271-878ba45ed85f,2.0000,12.6286,0.5000,2.0000,2.0000,0.0000,0.2500
8b912a7e-96de-4da8-a91d-f1ddafa36f9b,637d55e6-25d5-43aa-95e1-e71da53b4a65,2.0000,10.7264,0.5000,2.0000,2.0000,0.0000,0.2759
8b912a7e-96de-4da8-a91d-f1ddafa36f9b,7a051738-24d2-4d72-bbfa-9f81c092b5d4,2.0000,10.7995,0.5000,2.0000,2.0000,0.6667,0.1923
8b912a7e-96de-4da8-a91d-f1ddafa36f9b,0fcb9700-df04-4531-a3d8-d6169f91eae5,0.0000,5.8428,1.0000,0.0000,0.0000,0.0000,0.1600
8b912a7e-96de-4da8-a91d-f1ddafa36f9b,e3cd235f-f77c-4448-8fe5-62434f6ef801,0.0000,7.4420,1.0000,0.0000,0.0000,0.0000,0.0000
8b912a7e-96de-4da8-a91d-f1ddafa36f9b,d84d6202-1b0d-494e-83aa-282623351558,0.0000,9.7830,1.0000,0.0000,0.0000,0.6667,0.1250
8b912a7e-96de-4da8-a91d-f1ddafa36f9b,fb3bb871-3382-43a6-86cf-25862db66608,2.0000,10.2211,0.5000,2.0000,2.0000,0.6667,0.2759
8b912a7e-96de-4da8-a91d-f1ddafa36f9b,8b2ba48c-dea4-4586-8cdd-81d2a8b1aa73,0.0000,6.7988,1.0000,0.0000,0.0000,0.0000,0.0455
8b912a7e-96de-4da8-a91d-f1ddafa36f9b,b590db6d-3092-4a48-a3cd-8b3828f6fd97,0.0000,7.5317,1.0000,0.0000,0.0000,0.6667,0.0000
8b912a7e-96de-4da8-a91d-f1ddafa36f9b,1079305f-65fb-473e-9658-e7251b0824be,0.0000,14.3726,1.0000,0.0000,0.0000,0.6667,0.1429
8b912a7e-96de-4da8-a91d-f1ddafa36f9b,efdea335-b7fb-4a9f-b55c-05e6f649b42f,2.0000,9.6086,0.5000,2.0000,2.0000,0.0000,0.2222
8b912a7e-96de-4da8-a91d-f1ddafa36f9b,2a753e87-dc5b-4f7e-8441-59141fcc0cb2,0.0000,10.3941,1.0000,0.0000,0.0000,0.6667,0.1250
8b912a7e-96de-4da8-a91d-f1ddafa36f9b,09ce3282-4e7d-43e3-aad0-d8ba479e152e,0.0000,9.7155,1.0000,0.0000,0.0000,0.0000,0.0000
8b912a7e-96de-4da8-a91d-f1ddafa36f9b,130e102a-345e-41bc-8c2b-f9eddef31bd5,0.0000,14.7885,1.0000,0.0000,0.0000,0.0000,0.1250
8b912a7e-96de-4da8-a91d-f1ddafa36f9b,9ded00ab-0866-4032-92bf-5dc8fdc4d243,2.0000,10.0884,0.5000,2.0000,2.0000,0.6667,0.1250
8b912a7e-96de-4da8-a91d-f1ddafa36f9b,5d4d9a94-6aaa-4bbe-b639-a0eeb4e1c088,2.0000,10.1893,0.5000,2.0000,2.0000,0.6667,0.2500
8b912a7e-96de-4da8-a91d-f1ddafa36f9b,a8c5b81e-599a-4ed1-901b-356d1fc94e84,0.0000,9.5627,1.0000,0.0000,0.0000,0.0000,0.0476
8b912a7e-96de-4da8-a91d-f1ddafa36f9b,f19250f3-e0cf-4ebf-b106-1c75855eb8ed,0.0000,9.4380,1.0000,0.0000,0.0000,0.0000,0.1250
8b912a7e-96de-4da8-a91d-f1ddafa36f9b,6482a7eb-8182-43d4-8df9-1ad15f5bbf5d,2.0000,9.5023,0.5000,2.0000,2.0000,0.0000,0.1600
8b912a7e-96de-4da8-a91d-f1ddafa36f9b,5e5e895e-dd66-4fb6-a1d2-04f02c760fd8,0.0000,5.0912,1.0000,0.0000,0.0000,0.6667,0.0870
8b912a7e-96de-4da8-a91d-f1ddafa36f9b,ff1bb715-41ad-4a24-a31e-499bba5e889a,0.0000,10.9904,1.0000,0.0000,0.0000,0.0000,0.0870
8b912a7e-96de-4da8-a91d-f1ddafa36f9b,9fd672d7-152c-423e-af51-4b14f62db78f,0.0000,13.2055,1.0000,0.0000,0.0000,0.6667,0.0476
8b912a7e-96de-4da8-a91d-f1ddafa36f9b,0c07cbfe-8089-4618-8ea2-9d49c5c7676f,2.0000,11.6472,0.5000,2.0000,2.0000,0.6667,0.1600
8b912a7e-96de-4da8-a91d-f1ddafa36f9b,2db915b4-b287-4d07-8d78-0d79e2b715e6,0.0000,7.0159,1.0000,0.0000,0.0000,0.6667,0.0476
8b912a7e-96de-4da8-a91d-f1ddafa36f9b,1041fa72-e598-4a46-9d90-bbdb1a8c8cfa,0.0000,14.7754,1.0000,0.0000,0.0000,0.6667,0.1429
8b912a7e-96de-4da8-a91d-f1ddafa36f9b,e2678857-49ff-42d1-9649-47b147a8ed3e,2.0000,5.3487,0.5000,2.0000,2.0000,0.6667,0.2222
8b912a7e-96de-4da8-a91d-f1ddafa36f9b,0b2085d3-0fbc-4351-845e-5d9bccda34e5,0.0000,11.3805,1.0000,0.0000,0.0000,0.6667,0.0870
8b912a7e-96de-4da8-a91d-f1ddafa36f9b,0abcffc0-2fc7-4385-a82f-bbe80bfd51ae,0.0000,14.2631,1.0000,0.0000,0.0000,0.6667,0.0870
8b912a7e-96de-4da8-a91d-f1ddafa36f9b,d54c73cc-cc77-415e-aeff-dd22604f13cf,0.0000,10.2920,1.0000,0.0000,0.0000,0.6667,0.0476
8b912a7e-96de-4da8-a91d-f1ddafa36f9b,09bf266d-b272-4968-9251-ab34779e8344,0.0000,12.3228,1.0000,0.0000,0.0000,0.6667,0.1923
8b912a7e-96de-4da8-a91d-f1ddafa36f9b,b336cd79-f2f6-4913-b922-d1061f5fb2e1,0.0000,11.3181,1.0000,0.0000,0.0000,0.6667,0.0870
8b912a7e-96de-4da8-a91d-f1ddafa36f9b,c6e27378-0b9e-4d40-9dbf-057217176282,0.0000,10.5794,1.0000,0.0000,0.0000,0.6667,0.0870
8b912a7e-96de-4da8-a91d-f1ddafa36f9b,d9267fd4-495d-4d11-843c-cedddfeddabf,0.0000,7.3555,1.0000,0.0000,0.0000,0.0000,0.0000
8b912a7e-96de-4da8-a91d-f1ddafa36f9b,8dfa57b2-e8b0-4a9a-b5b6-86dc84f15e30,2.0000,12.6916,0.5000,2.0000,2.0000,0.6667,0.2500
8b912a7e-96de-4da8-a91d-f1ddafa36f9b,d9fa51da-ab2b-411c-a41b-ce2b5c23473b,0.0000,11.5129,1.0000,0.0000,0.0000,0.6667,0.0870
8b912a7e-96de-4da8-a91d-f1ddafa36f9b,4895c953-8e9a-4e62-b308-61d0f4106e69,0.0000,13.1145,1.0000,0.0000,0.0000,0.6667,0.0870
8b912a7e-96de-4da8-a91d-f1ddafa36f9b,c95936f5-0096-4c43-a2a2-4cc7a9b26504,2.0000,9.7185,0.5000,2.0000,2.0000,0.6667,0.1600
8b912a7e-96de-4da8-a91d-f1ddafa36f9b,535f130b-68ff-4463-83b0-d04785999fbb,0.0000,9.4299,1.0000,0.0000,0.0000,0.0000,0.0476
8b912a7e-96de-4da8-a91d-f1ddafa36f9b,5c952de4-19c5-4324-b3f4-48b0c2169833,0.0000,14.1738,1.0000,0.0000,0.0000,0.6667,0.0870
8b912a7e-96de-4da8-a91d-f1ddafa36f9b,ced92f16-312a-4b19-addf-523cfefee6c7,0.0000,11.3234,1.0000,0.0000,0.0000,0.6667,0.1923
8b912a7e-96de-4da8-a91d-f1ddafa36f9b,a11c3bca-9343-4869-8c77-38e616536f5e,0.0000,11.6368,1.0000,0.0000,0.0000,0.6667,0.0476
8b912a7e-96de-4da8-a91d-f1ddafa36f9b,110b5c81-0d3f-40bb-bc0d-cd4c327ce925,2.0000,7.2593,0.5000,2.0000,2.0000,0.0000,0.2222
8b912a7e-96de-4da8-a91d-f1ddafa36f9b,80481175-af46-455a-8bef-0c682e4c0cb6,2.0000,13.5687,0.5000,2.0000,2.0000,0.6667,0.2222
8b912a7e-96de-4da8-a91d-f1ddafa36f9b,422a1c98-ae36-47b0-8890-a8295b6cd85c,2.0000,10.3992,0.5000,2.0000,2.0000,0.0000,0.1600
8b912a7e-96de-4da8-a91d-f1ddafa36f9b,51d9466b-1ba9-4646-8257-1d21cb2ed954,2.0000,10.3105,0.5000,2.0000,2.0000,0.6667,0.2222
8b912a7e-96de-4da8-a91d-f1ddafa36f9b,03e8c72b-9c28-43b3-a50c-ba09195e3e3c,0.0000,6.0329,1.0000,0.0000,0.0000,0.0000,0.0455
8b912a7e-96de-4da8-a91d-f1ddafa36f9b,cf9b7960-9d27-4554-a98d-f1fa9bb1a5ca,2.0000,11.5082,0.5000,2.0000,2.0000,0.0000,0.3438
8b912a7e-96de-4da8-a91d-f1ddafa36f9b,bf0dfd9e-5489-4b04-ae78-ba2facc60792,0.0000,5.7465,1.0000,0.0000,0.0000,0.0000,0.0455
8b912a7e-96de-4da8-a91d-f1ddafa36f9b,4f2e86c2-4b73-47fc-bf83-31eb686d4ad0,0.0000,5.1418,1.0000,0.0000,0.0000,0.0000,0.0000
8b912a7e-96de-4da8-a91d-f1ddafa36f9b,ddd56f00-e94c-4f73-bc24-d6538d02d76f,2.0000,11.6649,0.5000,2.0000,2.0000,0.0000,0.3000
8b912a7e-96de-4da8-a91d-f1ddafa36f9b,67351bd4-8ebd-4ac5-b552-24308cef799f,2.0000,9.6488,0.5000,2.0000,2.0000,0.6667,0.2500
8b912a7e-96de-4da8-a91d-f1ddafa36f9b,7d591389-70df-411c-93e7-2948d4c04738,0.0000,12.1424,1.0000,0.0000,0.0000,0.6667,0.0476
8b912a7e-96de-4da8-a91d-f1ddafa36f9b,91fd5a9f-0848-4551-a1a2-9689a4125830,0.0000,14.6901,1.0000,0.0000,0.0000,0.6667,0.2500
8b912a7e-96de-4da8-a91d-f1ddafa36f9b,ae6b3203-494b-4066-b0ba-b923b393bced,0.0000,4.6991,1.0000,0.0000,0.0000,0.0000,0.0455
8b912a7e-96de-4da8-a91d-f1ddafa36f9b,4b0f1708-0377-46ec-b3a4-cc53fe72fcc8,0.0000,9.3999,1.0000,0.0000,0.0000,0.6667,0.0455
8b912a7e-96de-4da8-a91d-f1ddafa36f9b,17101d7a-983e-469a-82f0-3dbd27b59660,2.0000,13.9340,0.5000,2.0000,2.0000,0.6667,0.2759
8b912a7e-96de-4da8-a91d-f1ddafa36f9b,6c2f7b68-d439-46b0-b6c2-111ae90e59be,2.0000,4.9607,0.5000,2.0000,2.0000,0.0000,0.2500
8b912a7e-96de-4da8-a91d-f1ddafa36f9b,b07b0e33-0c1e-489d-8b69-aa1b4ae8d2ad,0.0000,8.0234,1.0000,0.0000,0.0000,0.6667,0.1905
8b912a7e-96de-4da8-a91d-f1ddafa36f9b,cb93662e-0aed-4f56-9500-1e7f2e128287,2.0000,8.0117,0.5000,2.0000,2.0000,0.0000,0.2222
8b912a7e-96de-4da8-a91d-f1ddafa36f9b,5c581ce7-7a4b-4fd5-86a2-16c83a3a7b68,0.0000,11.6221,1.0000,0.0000,0.0000,0.0000,0.0000
8b912a7e-96de-4da8-a91d-f1ddafa36f9b,f2deb05a-d512-48f4-b641-59e526831230,0.0000,8.0779,1.0000,0.0000,0.0000,0.0000,0.0952
8b912a7e-96de-4da8-a91d-f1ddafa36f9b,2908d1db-866e-4631-a655-8ac0a0da0e28,2.0000,7.5595,0.5000,2.0000,2.0000,0.6667,0.3000
8b912a7e-96de-4da8-a91d-f1ddafa36f9b,4481c909-2f78-4205-8334-e27d27305642,2.0000,13.2524,0.5000,2.0000,2.0000,0.6667,0.1923
8b912a7e-96de-4da8-a91d-f1ddafa36f9b,d450f16e-59ec-490a-8ce7-7968e10dd065,2.0000,10.8542,0.5000,2.0000,2.0000,0.0000,0.2500
8b912a7e-96de-4da8-a91d-f1ddafa36f9b,51625cea-8af7-4dca-9b2d-17750e3831ea,0.0000,10.2259,1.0000,0.0000,0.0000,0.6667,0.0455
8b912a7e-96de-4da8-a91d-f1ddafa36f9b,bb080865-5184-4114-942e-0a1b314c8016,0.0000,13.0686,1.0000,0.0000,0.0000,0.6667,0.0870
8b912a7e-96de-4da8-a91d-f1ddafa36f9b,8b354a1d-b301-4cd1-b271-878ba45ed85f,0.0000,10.6618,1.0000,0.0000,0.0000,0.6667,0.0000
637d55e6-25d5-43aa-95e1-e71da53b4a65,7a051738-24d2-4d72-bbfa-9f81c092b5d4,0.0000,10.4235,1.0000,0.0000,0.0000,0.6667,0.1034
637d55e6-25d5-43aa-95e1-e71da53b4a65,0fcb9700-df04-4531-a3d8-d6169f91eae5,2.0000,10.4053,0.5000,2.0000,2.0000,0.0000,0.1379
637d55e6-25d5-43aa-95e1-e71da53b4a65,e3cd235f-f77c-4448-8fe5-62434f6ef801,2.0000,11.8280,0.5000,2.0000,2.0000,0.0000,0.2759
637d55e6-25d5-43aa-95e1-e71da53b4a65,d84d6202-1b0d-494e-83aa-282623351558,2.0000,11.4313,0.5000,2.0000,2.0000,0.6667,0.1724
637d55e6-25d5-43aa-95e1-e71da53b4a65,fb3bb871-3382-43a6-86cf-25862db66608,0.0000,5.5784,1.0000,0.0000,0.0000,0.6667,0.0000
637d55e6-25d5-43aa-95e1-e71da53b4a65,8b2ba48c-dea4-4586-8cdd-81d2a8b1aa73,2.0000,8.9917,0.5000,2.0000,2.0000,0.0000,0.2414
637d55e6-25d5-43aa-95e1-e71da53b4a65,b590db6d-3092-4a48-a3cd-8b3828f6fd97,2.0000,10.4543,0.5000,2.0000,2.0000,0.6667,0.2759
637d55e6-25d5-43aa-95e1-e71da53b4a65,1079305f-65fb-473e-9658-e7251b0824be,2.0000,8.9487,0.5000,2.0000,2.0000,0.6667,0.3793
637d55e6-25d5-43aa-95e1-e71da53b4a65,efdea335-b7fb-4a9f-b55c-05e6f649b42f,0.0000,7.1740,1.0000,0.0000,0.0000,0.0000,0.0690
637d55e6-25d5-43aa-95e1-e71da53b4a65,2a753e87-dc5b-4f7e-8441-59141fcc0cb2,2.0000,7.4711,0.5000,2.0000,2.0000,0.6667,0.1724
637d55e6-25d5-43aa-95e1-e71da53b4a65,09ce3282-4e7d-43e3-aad0-d8ba479e152e,2.0000,9.5877,0.5000,2.0000,2.0000,0.0000,0.2759
637d55e6-25d5-43aa-95e1-e71da53b4a65,130e102a-345e-41bc-8c2b-f9eddef31bd5,2.0000,8.9143,0.5000,2.0000,2.0000,0.0000,0.1724
637d55e6-25d5-43aa-95e1-e71da53b4a65,9ded00ab-0866-4032-92bf-5dc8fdc4d243,0.0000,6.0323,1.0000,0.0000,0.0000,0.6667,0.1724
637d55e6-25d5-43aa-95e1-e71da53b4a65,5d4d9a94-6aaa-4bbe-b639-a0eeb4e1c088,0.0000,6.7044,1.0000,0.0000,0.0000,0.6667,0.0345
637d55e6-25d5-43aa-95e1-e71da53b4a65,a8c5b81e-599a-4ed1-901b-356d1fc94e84,2.0000,12.8635,0.5000,2.0000,2.0000,0.0000,0.3103
637d55e6-25d5-43aa-95e1-e71da53b4a65,f19250f3-e0cf-4ebf-b106-1c75855eb8ed,2.0000,12.6009,0.5000,2.0000,2.0000,0.0000,0.1724
637d55e6-25d5-43aa-95e1-e71da53b4a65,6482a7eb-8182-43d4-8df9-1ad15f5bbf5d,0.0000,8.0883,1.0000,0.0000,0.0000,0.0000,0.1379
637d55e6-25d5-43aa-95e1-e71da53b4a65,5e5e895e-dd66-4fb6-a1d2-04f02c760fd8,2.0000,10.4179,0.5000,2.0000,2.0000,0.6667,0.2069
637d55e6-25d5-43aa-95e1-e71da53b4a65,ff1bb715-41ad-4a24-a31e-499bba5e889a,2.0000,7.1298,0.5000,2.0000,2.0000,0.0000,0.2069
637d55e6-25d5-43aa-95e1-e71da53b4a65,9fd672d7-152c-423e-af51-4b14f62db78f,2.0000,7.6143,0.5000,2.0000,2.0000,0.6667,0.3103
637d55e6-25d5-43aa-95e1-e71da53b4a65,0c07cbfe-8089-4618-8ea2-9d49c5c7676f,0.0000,6.0051,1.0000,0.0000,0.0000,0.6667,0.1379
637d55e6-25d5-43aa-95e1-e71da53b4a65,2db915b4-b287-4d07-8d78-0d79e2b715e6,2.0000,9.7290,0.5000,2.0000,2.0000,0.6667,0.3103
637d55e6-25d5-43aa-95e1-e71da53b4a65,1041fa72-e598-4a46-9d90-bbdb1a8c8cfa,2.0000,9.6671,0.5000,2.0000,2.0000,0.6667,0.3793
637d55e6-25d5-43aa-95e1-e71da53b4a65,e2678857-49ff-42d1-9649-47b147a8ed3e,0.0000,7.3221,1.0000,0.0000,0.0000,0.6667,0.0690
637d55e6-25d5-43aa-95e1-e71da53b4a65,0b2085d3-0fbc-4351-845e-5d9bccda34e5,2.0000,12.0373,0.5000,2.0000,2.0000,0.6667,0.2069
637d55e6-25d5-43aa-95e1-e71da53b4a65,0abcffc0-2fc7-4385-a82f-bbe80bfd51ae,2.0000,10.2767,0.5000,2.0000,2.0000,0.6667,0.2069
637d55e6-25d5-43aa-95e1-e71da53b4a65,d54c73cc-cc77-415e-aeff-dd22604f13cf,2.0000,11.1053,0.5000,2.0000,2.0000,0.6667,0.3103
637d55e6-25d5-43aa-95e1-e71da53b4a65,09bf266d-b272-4968-9251-ab34779e8344,2.0000,9.3045,0.5000,2.0000,2.0000,0.6667,0.1034
637d55e6-25d5-43aa-95e1-e71da53b4a65,b336cd79-f2f6-4913-b922-d1061f5fb2e1,2.0000,7.7387,0.5000,2.0000,2.0000,0.6667,0.2069
637d55e6-25d5-43aa-95e1-e71da53b4a65,c6e27378-0b9e-4d40-9dbf-057217176282,2.0000,10.5237,0.5000,2.0000,2.0000,0.6667,0.2069
637d55e6-25d5-43aa-95e1-e71da53b4a65,d9267fd4-495d-4d11-843c-cedddfeddabf,2.0000,10.0479,0.5000,2.0000,2.0000,0.0000,0.2759
637d55e6-25d5-43aa-95e1-e71da53b4a65,8dfa57b2-e8b0-4a9a-b5b6-86dc84f15e30,0.0000,5.7104,1.0000,0.0000,0.0000,0.6667,0.0345
637d55e6-25d5-43aa-95e1-e71da53b4a65,d9fa51da-ab2b-411c-a41b-ce2b5c23473b,2.0000,4.6181,0.5000,2.0000,2.0000,0.6667,0.2069
637d55e6-25d5-43aa-95e1-e71da53b4a65,4895c953-8e9a-4e62-b308-61d0f4106e69,2.0000,11.4238,0.5000,2.0000,2.0000,0.6667,0.2069
637d55e6-25d5-43aa-95e1-e71da53b4a65,c95936f5-0096-4c43-a2a2-4cc7a9b26504,0.0000,7.0642,1.0000,0.0000,0.0000,0.6667,0.1379
637d55e6-25d5-43aa-95e1-e71da53b4a65,535f130b-68ff-4463-83b0-d04785999fbb,2.0000,12.6942,0.5000,2.0000,2.0000,0.0000,0.3103
637d55e6-25d5-43aa-95e1-e71da53b4a65,5c952de4-19c5-4324-b3f4-48b0c2169833,2.0000,7.9381,0.5000,2.0000,2.0000,0.6667,0.2069
637d55e6-25d5-43aa-95e1-e71da53b4a65,ced92f16-312a-4b19-addf-523cfefee6c7,2.0000,4.6390,0.5000,2.0000,2.0000,0.6667,0.1034
637d55e6-25d5-43aa-95e1-e71da53b4a65,a11c3bca-9343-4869-8c77-38e616536f5e,2.0000,9.2528,0.5000,2.0000,2.0000,0.6667,0.3103
637d55e6-25d5-43aa-95e1-e71da53b4a65,110b5c81-0d3f-40bb-bc0d-cd4c327ce925,0.0000,11.6737,1.0000,0.0000,0.0000,0.0000,0.0690
637d55e6-25d5-43aa-95e1-e71da53b4a65,80481175-af46-455a-8bef-0c682e4c0cb6,0.0000,6.1283,1.0000,0.0000,0.0000,0.6667,0.0690
637d55e6-25d5-43aa-95e1-e71da53b4a65,422a1c98-ae36-47b0-8890-a8295b6cd85c,0.0000,5.1188,1.0000,0.0000,0.0000,0.0000,0.1379
637d55e6-25d5-43aa-95e1-e71da53b4a65,51d9466b-1ba9-4646-8257-1d21cb2ed954,0.0000,9.5545,1.0000,0.0000,0.0000,0.6667,0.0690
637d55e6-25d5-43aa-95e1-e71da53b4a65,03e8c72b-9c28-43b3-a50c-ba09195e3e3c,2.0000,10.1818,0.5000,2.0000,2.0000,0.0000,0.2414
637d55e6-25d5-43aa-95e1-e71da53b4a65,cf9b7960-9d27-4554-a98d-f1fa9bb1a5ca,0.0000,7.7027,1.0000,0.0000,0.0000,0.0000,0.0938
637d55e6-25d5-43aa-95e1-e71da53b4a65,bf0dfd9e-5489-4b04-ae78-ba2facc60792,2.0000,11.0113,0.5000,2.0000,2.0000,0.0000,0.2414
637d55e6-25d5-43aa-95e1-e71da53b4a65,4f2e86c2-4b73-47fc-bf83-31eb686d4ad0,2.0000,8.1270,0.5000,2.0000,2.0000,0.0000,0.2759
637d55e6-25d5-43aa-95e1-e71da53b4a65,ddd56f00-e94c-4f73-bc24-d6538d02d76f,0.0000,9.7304,1.0000,0.0000,0.0000,0.0000,0.0333
637d55e6-25d5-43aa-95e1-e71da53b4a65,67351bd4-8ebd-4ac5-b552-24308cef799f,0.0000,10.7029,1.0000,0.0000,0.0000,0.6667,0.0345
637d55e6-25d5-43aa-95e1-e71da53b4a65,7d591389-70df-411c-93e7-2948d4c04738,2.0000,9.1797,0.5000,2.0000,2.0000,0.6667,0.3103
637d55e6-25d5-43aa-95e1-e71da53b4a65,91fd5a9f-0848-4551-a1a2-9689a4125830,2.0000,9.0918,0.5000,2.0000,2.0000,0.6667,0.0345
637d55e6-25d5-43aa-95e1-e71da53b4a65,ae6b3203-494b-4066-b0ba-b923b393bced,2.0000,12.3093,0.5000,2.0000,2.0000,0.0000,0.2414
637d55e6-25d5-43aa-95e1-e71da53b4a65,4b0f1708-0377-46ec-b3a4-cc53fe72fcc8,2.0000,10.7978,0.5000,2.0000,2.0000,0.6667,0.2414
637d55e6-25d5-43aa-95e1-e71da53b4a65,17101d7a-983e-469a-82f0-3dbd27b59660,0.0000,9.1391,1.0000,0.0000,0.0000,0.6667,0.0000
637d55e6-25d5-43aa-95e1-e71da53b4a65,6c2f7b68-d439-46b0-b6c2-111ae90e59be,0.0000,10.3482,1.0000,0.0000,0.0000,0.0000,0.0345
637d55e6-25d5-43aa-95e1-e71da53b4a65,b07b0e33-0c1e-489d-8b69-aa1b4ae8d2ad,2.0000,11.7917,0.5000,2.0000,2.0000,0.6667,0.4138
637d55e6-25d5-43aa-95e1-e71da53b4a65,cb93662e-0aed-4f56-9500-1e7f2e128287,0.0000,11.0204,1.0000,0.0000,0.0000,0.0000,0.0690
637d55e6-25d5-43aa-95e1-e71da53b4a65,5c581ce7-7a4b-4fd5-86a2-16c83a3a7b68,2.0000,10.6159,0.5000,2.0000,2.0000,0.0000,0.2759
637d55e6-25d5-43aa-95e1-e71da53b4a65,f2deb05a-d512-48f4-b641-59e526831230,2.0000,9.3934,0.5000,2.0000,2.0000,0.0000,0.3448
637d55e6-25d5-43aa-95e1-e71da53b4a65,2908d1db-866e-4631-a655-8ac0a0da0e28,0.0000,10.3066,1.0000,0.0000,0.0000,0.6667,0.0333
637d55e6-25d5-43aa-95e1-e71da53b4a65,4481c909-2f78-4205-8334-e27d27305642,0.0000,6.8009,1.0000,0.0000,0.0000,0.6667,0.1034
637d55e6-25d5-43aa-95e1-e71da53b4a65,d450f16e-59ec-490a-8ce7-7968e10dd065,0.0000,0.5575,1.0000,0.0000,0.0000,0.0000,0.0345
637d55e6-25d5-43aa-95e1-e71da53b4a65,51625cea-8af7-4dca-9b2d-17750e3831ea,2.0000,10.4537,0.5000,2.0000,2.0000,0.6667,0.2414
637d55e6-25d5-43aa-95e1-e71da53b4a65,bb080865-5184-4114-942e-0a1b314c8016,2.0000,12.3303,0.5000,2.0000,2.0000,0.6667,0.2069
637d55e6-25d5-43aa-95e1-e71da53b4a65,8b354a1d-b301-4cd1-b271-878ba45ed85f,2.0000,10.6396,0.5000,2.0000,2.0000,0.6667,0.2759
7a051738-24d2-4d72-bbfa-9f81c092b5d4,0fcb9700-df04-4531-a3d8-d6169f91eae5,2.0000,7.8512,0.5000,2.0000,2.0000,0.6667,0.0385
7a051738-24d2-4d72-bbfa-9f81c092b5d4,e3cd235f-f77c-4448-8fe5-62434f6ef801,2.0000,8.4198,0.5000,2.0000,2.0000,0.6667,0.1923
7a051738-24d2-4d72-bbfa-9f81c092b5d4,d84d6202-1b0d-494e-83aa-282623351558,2.0000,9.6611,0.5000,2.0000,2.0000,0.6667,0.0769
7a051738-24d2-4d72-bbfa-9f81c092b5d4,fb3bb871-3382-43a6-86cf-25862db66608,0.0000,11.4448,1.0000,0.0000,0.0000,0.0000,0.1034
7a051738-24d2-4d72-bbfa-9f81c092b5d4,8b2ba48c-dea4-4586-8cdd-81d2a8b1aa73,2.0000,9.7186,0.5000,2.0000,2.0000,0.6667,0.1538
7a051738-24d2-4d72-bbfa-9f81c092b5d4,b590db6d-3092-4a48-a3cd-8b3828f6fd97,2.0000,11.8908,0.5000,2.0000,2.0000,0.6667,0.1923
7a051738-24d2-4d72-bbfa-9f81c092b5d4,1079305f-65fb-473e-9658-e7251b0824be,2.0000,11.1275,0.5000,2.0000,2.0000,0.0000,0.3077
7a051738-24d2-4d72-bbfa-9f81c092b5d4,efdea335-b7fb-4a9f-b55c-05e6f649b42f,0.0000,6.3792,1.0000,0.0000,0.0000,0.6667,0.0370
7a051738-24d2-4d72-bbfa-9f81c092b5d4,2a753e87-dc5b-4f7e-8441-59141fcc0cb2,2.0000,12.8804,0.5000,2.0000,2.0000,0.6667,0.0769
7a051738-24d2-4d72-bbfa-9f81c092b5d4,09ce3282-4e7d-43e3-aad0-d8ba479e152e,2.0000,7.8621,0.5000,2.0000,2.0000,0.6667,0.1923
7a051738-24d2-4d72-bbfa-9f81c092b5d4,130e102a-345e-41bc-8c2b-f9eddef31bd5,2.0000,11.3023,0.5000,2.0000,2.0000,0.6667,0.0769
7a051738-24d2-4d72-bbfa-9f81c092b5d4,9ded00ab-0866-4032-92bf-5dc8fdc4d243,0.0000,9.7367,1.0000,0.0000,0.0000,0.0000,0.0769
7a051738-24d2-4d72-bbfa-9f81c092b5d4,5d4d9a94-6aaa-4bbe-b639-a0eeb4e1c088,0.0000,7.9389,1.0000,0.0000,0.0000,0.0000,0.0714
7a051738-24d2-4d72-bbfa-9f81c092b5d4,a8c5b81e-599a-4ed1-901b-356d1fc94e84,2.0000,6.5322,0.5000,2.0000,2.0000,0.6667,0.2308
7a051738-24d2-4d72-bbfa-9f81c092b5d4,f19250f3-e0cf-4ebf-b106-1c75855eb8ed,2.0000,7.3366,0.5000,2.0000,2.0000,0.6667,0.0769
7a051738-24d2-4d72-bbfa-9f81c092b5d4,6482a7eb-8182-43d4-8df9-1ad15f5bbf5d,0.0000,3.9476,1.0000,0.0000,0.0000,0.6667,0.0385
7a051738-24d2-4d72-bbfa-9f81c092b5d4,5e5e895e-dd66-4fb6-a1d2-04f02c760fd8,2.0000,6.8368,0.5000,2.0000,2.0000,0.0000,0.1154
7a051738-24d2-4d72-bbfa-9f81c092b5d4,ff1bb715-41ad-4a24-a31e-499bba5e889a,2.0000,9.3844,0.5000,2.0000,2.0000,0.6667,0.1154
7a051738-24d2-4d72-bbfa-9f81c092b5d4,9fd672d7-152c-423e-af51-4b14f62db78f,2.0000,10.8841,0.5000,2.0000,2.0000,0.6667,0.2308
7a051738-24d2-4d72-bbfa-9f81c092b5d4,0c07cbfe-8089-4618-8ea2-9d49c5c7676f,0.0000,8.7197,1.0000,0.0000,0.0000,0.0000,0.0385
7a051738-24d2-4d72-bbfa-9f81c092b5d4,2db915b4-b287-4d07-8d78-0d79e2b715e6,2.0000,12.3533,0.5000,2.0000,2.0000,0.6667,0.2308
7a051738-24d2-4d72-bbfa-9f81c092b5d4,1041fa72-e598-4a46-9d90-bbdb1a8c8cfa,2.0000,13.6188,0.5000,2.0000,2.0000,0.6667,0.3077
7a051738-24d2-4d72-bbfa-9f81c092b5d4,e2678857-49ff-42d1-9649-47b147a8ed3e,0.0000,6.8136,1.0000,0.0000,0.0000,0.6667,0.0370
7a051738-24d2-4d72-bbfa-9f81c092b5d4,0b2085d3-0fbc-4351-845e-5d9bccda34e5,2.0000,9.5418,0.5000,2.0000,2.0000,0.6667,0.1154
7a051738-24d2-4d72-bbfa-9f81c092b5d4,0abcffc0-2fc7-4385-a82f-bbe80bfd51ae,2.0000,7.8135,0.5000,2.0000,2.0000,0.6667,0.1154
7a051738-24d2-4d72-bbfa-9f81c092b5d4,d54c73cc-cc77-415e-aeff-dd22604f13cf,2.0000,12.5587,0.5000,2.0000,2.0000,0.6667,0.2308
7a051738-24d2-4d72-bbfa-9f81c092b5d4,09bf266d-b272-4968-9251-ab34779e8344,2.0000,10.6068,0.5000,2.0000,2.0000,0.0000,0.0000
7a051738-24d2-4d72-bbfa-9f81c092b5d4,b336cd79-f2f6-4913-b922-d1061f5fb2e1,2.0000,10.3289,0.5000,2.0000,2.0000,0.6667,0.1154
7a051738-24d2-4d72-bbfa-9f81c092b5d4,c6e27378-0b9e-4d40-9dbf-057217176282,2.0000,10.0174,0.5000,2.0000,2.0000,0.6667,0.1154
7a051738-24d2-4d72-bbfa-9f81c092b5d4,d9267fd4-495d-4d11-843c-cedddfeddabf,2.0000,7.9721,0.5000,2.0000,2.0000,0.6667,0.1923
7a051738-24d2-4d72-bbfa-9f81c092b5d4,8dfa57b2-e8b0-4a9a-b5b6-86dc84f15e30,0.0000,8.8637,1.0000,0.0000,0.0000,0.0000,0.0714
7a051738-24d2-4d72-bbfa-9f81c092b5d4,d9fa51da-ab2b-411c-a41b-ce2b5c23473b,2.0000,11.8490,0.5000,2.0000,2.0000,0.6667,0.1154
7a051738-24d2-4d72-bbfa-9f81c092b5d4,4895c953-8e9a-4e62-b308-61d0f4106e69,2.0000,13.6638,0.5000,2.0000,2.0000,0.6667,0.1154
7a051738-24d2-4d72-bbfa-9f81c092b5d4,c95936f5-0096-4c43-a2a2-4cc7a9b26504,0.0000,6.8959,1.0000,0.0000,0.0000,0.6667,0.0385
7a051738-24d2-4d72-bbfa-9f81c092b5d4,535f130b-68ff-4463-83b0-d04785999fbb,2.0000,6.0791,0.5000,2.0000,2.0000,0.6667,0.2308
7a051738-24d2-4d72-bbfa-9f81c092b5d4,5c952de4-19c5-4324-b3f4-48b0c2169833,2.0000,11.5246,0.5000,2.0000,2.0000,0.6667,0.1154
7a051738-24d2-4d72-bbfa-9f81c092b5d4,ced92f16-312a-4b19-addf-523cfefee6c7,2.0000,12.1470,0.5000,2.0000,2.0000,0.6667,0.0000
7a051738-24d2-4d72-bbfa-9f81c092b5d4,a11c3bca-9343-4869-8c77-38e616536f5e,2.0000,9.0059,0.5000,2.0000,2.0000,0.6667,0.2308
7a051738-24d2-4d72-bbfa-9f81c092b5d4,110b5c81-0d3f-40bb-bc0d-cd4c327ce925,0.0000,9.3500,1.0000,0.0000,0.0000,0.6667,0.0370
7a051738-24d2-4d72-bbfa-9f81c092b5d4,80481175-af46-455a-8bef-0c682e4c0cb6,0.0000,9.9770,1.0000,0.0000,0.0000,0.6667,0.0370
7a051738-24d2-4d72-bbfa-9f81c092b5d4,422a1c98-ae36-47b0-8890-a8295b6cd85c,0.0000,7.2643,1.0000,0.0000,0.0000,0.6667,0.0385
7a051738-24d2-4d72-bbfa-9f81c092b5d4,51d9466b-1ba9-4646-8257-1d21cb2ed954,0.0000,5.4369,1.0000,0.0000,0.0000,0.6667,0.0370
7a051738-24d2-4d72-bbfa-9f81c092b5d4,03e8c72b-9c28-43b3-a50c-ba09195e3e3c,2.0000,7.2617,0.5000,2.0000,2.0000,0.6667,0.1538
7a051738-24d2-4d72-bbfa-9f81c092b5d4,cf9b7960-9d27-4554-a98d-f1fa9bb1a5ca,0.0000,8.9259,1.0000,0.0000,0.0000,0.6667,0.1875
7a051738-24d2-4d72-bbfa-9f81c092b5d4,bf0dfd9e-5489-4b04-ae78-ba2facc60792,2.0000,6.2194,0.5000,2.0000,2.0000,0.6667,0.1538
7a051738-24d2-4d72-bbfa-9f81c092b5d4,4f2e86c2-4b73-47fc-bf83-31eb686d4ad0,2.0000,11.3062,0.5000,2.0000,2.0000,0.6667,0.1923
7a051738-24d2-4d72-bbfa-9f81c092b5d4,ddd56f00-e94c-4f73-bc24-d6538d02d76f,0.0000,7.8090,1.0000,0.0000,0.0000,0.6667,0.1333
7a051738-24d2-4d72-bbfa-9f81c092b5d4,67351bd4-8ebd-4ac5-b552-24308cef799f,0.0000,9.8851,1.0000,0.0000,0.0000,0.6667,0.0714
7a051738-24d2-4d72-bbfa-9f81c092b5d4,7d591389-70df-411c-93e7-2948d4c04738,2.0000,12.3801,0.5000,2.0000,2.0000,0.6667,0.2308
7a051738-24d2-4d72-bbfa-9f81c092b5d4,91fd5a9f-0848-4551-a1a2-9689a4125830,2.0000,9.7963,0.5000,2.0000,2.0000,0.6667,0.0714
7a051738-24d2-4d72-bbfa-9f81c092b5d4,ae6b3203-494b-4066-b0ba-b923b393bced,2.0000,10.0953,0.5000,2.0000,2.0000,0.6667,0.1538
7a051738-24d2-4d72-bbfa-9f81c092b5d4,4b0f1708-0377-46ec-b3a4-cc53fe72fcc8,2.0000,13.6413,0.5000,2.0000,2.0000,0.0000,0.1538
7a051738-24d2-4d72-bbfa-9f81c092b5d4,17101d7a-983e-469a-82f0-3dbd27b59660,0.0000,10.7652,1.0000,0.0000,0.0000,0.6667,0.1034
7a051738-24d2-4d72-bbfa-9f81c092b5d4,6c2f7b68-d439-46b0-b6c2-111ae90e59be,0.0000,6.7514,1.0000,0.0000,0.0000,0.6667,0.0714
7a051738-24d2-4d72-bbfa-9f81c092b5d4,b07b0e33-0c1e-489d-8b69-aa1b4ae8d2ad,2.0000,13.0999,0.5000,2.0000,2.0000,0.0000,0.3462
7a051738-24d2-4d72-bbfa-9f81c092b5d4,cb93662e-0aed-4f56-9500-1e7f2e128287,0.0000,8.4729,1.0000,0.0000,0.0000,0.6667,0.0370
7a051738-24d2-4d72-bbfa-9f81c092b5d4,5c581ce7-7a4b-4fd5-86a2-16c83a3a7b68,2.0000,5.0369,0.5000,2.0000,2.0000,0.6667,0.1923
7a051738-24d2-4d72-bbfa-9f81c092b5d4,f2deb05a-d512-48f4-b641-59e526831230,2.0000,11.0410,0.5000,2.0000,2.0000,0.6667,0.2692
7a051738-24d2-4d72-bbfa-9f81c092b5d4,2908d1db-866e-4631-a655-8ac0a0da0e28,0.0000,4.9001,1.0000,0.0000,0.0000,0.0000,0.1333
7a051738-24d2-4d72-bbfa-9f81c092b5d4,4481c909-2f78-4205-8334-e27d27305642,0.0000,4.5852,1.0000,0.0000,0.0000,0.0000,0.0000
7a051738-24d2-4d72-bbfa-9f81c092b5d4,d450f16e-59ec-490a-8ce7-7968e10dd065,0.0000,10.4116,1.0000,0.0000,0.0000,0.6667,0.0714
7a051738-24d2-4d72-bbfa-9f81c092b5d4,51625cea-8af7-4dca-9b2d-17750e3831ea,2.0000,10.3417,0.5000,2.0000,2.0000,0.6667,0.1538
7a051738-24d2-4d72-bbfa-9f81c092b5d4,bb080865-5184-4114-942e-0a1b314c8016,2.0000,7.6572,0.5000,2.0000,2.0000,0.6667,0.1154
7a051738-24d2-4d72-bbfa-9f81c092b5d4,8b354a1d-b301-4cd1-b271-878ba45ed85f,2.0000,10.0780,0.5000,2.0000,2.0000,0.6667,0.1923
0fcb9700-df04-4531-a3d8-d6169f91eae5,e3cd235f-f77c-4448-8fe5-62434f6ef801,0.0000,9.8887,1.0000,0.0000,0.0000,0.0000,0.1600
0fcb9700-df04-4531-a3d8-d6169f91eae5,d84d6202-1b0d-494e-83aa-282623351558,0.0000,8.4293,1.0000,0.0000,0.0000,0.6667,0.0400
0fcb9700-df04-4531-a3d8-d6169f91eae5,fb3bb871-3382-43a6-86cf-25862db66608,2.0000,8.6098,0.5000,2.0000,2.0000,0.6667,0.1379
0fcb9700-df04-4531-a3d8-d6169f91eae5,8b2ba48c-dea4-4586-8cdd-81d2a8b1aa73,0.0000,3.2022,1.0000,0.0000,0.0000,0.0000,0.1200
0fcb9700-df04-4531-a3d8-d6169f91eae5,b590db6d-3092-4a48-a3cd-8b3828f6fd97,0.0000,10.4339,1.0000,0.0000,0.0000,0.6667,0.1600
0fcb9700-df04-4531-a3d8-d6169f91eae5,1079305f-65fb-473e-9658-e7251b0824be,0.0000,12.7987,1.0000,0.0000,0.0000,0.6667,0.2800
0fcb9700-df04-4531-a3d8-d6169f91eae5,efdea335-b7fb-4a9f-b55c-05e6f649b42f,2.0000,8.0371,0.5000,2.0000,2.0000,0.0000,0.0741
0fcb9700-df04-4531-a3d8-d6169f91eae5,2a753e87-dc5b-4f7e-8441-59141fcc0cb2,0.0000,9.0240,1.0000,0.0000,0.0000,0.6667,0.0400
0fcb9700-df04-4531-a3d8-d6169f91eae5,09ce3282-4e7d-43e3-aad0-d8ba479e152e,0.0000,8.4466,1.0000,0.0000,0.0000,0.0000,0.1600
0fcb9700-df04-4531-a3d8-d6169f91eae5,130e102a-345e-41bc-8c2b-f9eddef31bd5,0.0000,12.9090,1.0000,0.0000,0.0000,0.0000,0.0400
0fcb9700-df04-4531-a3d8-d6169f91eae5,9ded00ab-0866-4032-92bf-5dc8fdc4d243,2.0000,7.3860,0.5000,2.0000,2.0000,0.6667,0.0400
0fcb9700-df04-4531-a3d8-d6169f91eae5,5d4d9a94-6aaa-4bbe-b639-a0eeb4e1c088,2.0000,12.3620,0.5000,2.0000,2.0000,0.6667,0.1071
0fcb9700-df04-4531-a3d8-d6169f91eae5,a8c5b81e-599a-4ed1-901b-356d1fc94e84,0.0000,8.4877,1.0000,0.0000,0.0000,0.0000,0.2000
0fcb9700-df04-4531-a3d8-d6169f91eae5,f19250f3-e0cf-4ebf-b106-1c75855eb8ed,0.0000,8.3315,1.0000,0.0000,0.0000,0.0000,0.0400
0fcb9700-df04-4531-a3d8-d6169f91eae5,6482a7eb-8182-43d4-8df9-1ad15f5bbf5d,2.0000,8.7320,0.5000,2.0000,2.0000,0.0000,0.0000
0fcb9700-df04-4531-a3d8-d6169f91eae5,5e5e895e-dd66-4fb6-a1d2-04f02c760fd8,0.0000,4.4050,1.0000,0.0000,0.0000,0.6667,0.0800
0fcb9700-df04-4531-a3d8-d6169f91eae5,ff1bb715-41ad-4a24-a31e-499bba5e889a,0.0000,9.5165,1.0000,0.0000,0.0000,0.0000,0.0800
0fcb9700-df04-4531-a3d8-d6169f91eae5,9fd672d7-152c-423e-af51-4b14f62db78f,0.0000,10.6018,1.0000,0.0000,0.0000,0.6667,0.2000
0fcb9700-df04-4531-a3d8-d6169f91eae5,0c07cbfe-8089-4618-8ea2-9d49c5c7676f,2.0000,9.9443,0.5000,2.0000,2.0000,0.6667,0.0000
0fcb9700-df04-4531-a3d8-d6169f91eae5,2db915b4-b287-4d07-8d78-0d79e2b715e6,0.0000,10.4809,1.0000,0.0000,0.0000,0.6667,0.2000
0fcb9700-df04-4531-a3d8-d6169f91eae5,1041fa72-e598-4a46-9d90-bbdb1a8c8cfa,0.0000,16.7553,1.0000,0.0000,0.0000,0.6667,0.2800
0fcb9700-df04-4531-a3d8-d6169f91eae5,e2678857-49ff-42d1-9649-47b147a8ed3e,2.0000,7.6455,0.5000,2.0000,2.0000,0.6667,0.0741
0fcb9700-df04-4531-a3d8-d6169f91eae5,0b2085d3-0fbc-4351-845e-5d9bccda34e5,0.0000,13.9692,1.0000,0.0000,0.0000,0.6667,0.0800
0fcb9700-df04-4531-a3d8-d6169f91eae5,0abcffc0-2fc7-4385-a82f-bbe80bfd51ae,0.0000,8.6462,1.0000,0.0000,0.0000,0.6667,0.0800
0fcb9700-df04-4531-a3d8-d6169f91eae5,d54c73cc-cc77-415e-aeff-dd22604f13cf,0.0000,13.9548,1.0000,0.0000,0.0000,0.6667,0.2000
0fcb9700-df04-4531-a3d8-d6169f91eae5,09bf266d-b272-4968-9251-ab34779e8344,0.0000,14.7502,1.0000,0.0000,0.0000,0.6667,0.0385
0fcb9700-df04-4531-a3d8-d6169f91eae5,b336cd79-f2f6-4913-b922-d1061f5fb2e1,0.0000,13.4944,1.0000,0.0000,0.0000,0.6667,0.0800
0fcb9700-df04-4531-a3d8-d6169f91eae5,c6e27378-0b9e-4d40-9dbf-057217176282,0.0000,12.9343,1.0000,0.0000,0.0000,0.6667,0.0800
0fcb9700-df04-4531-a3d8-d6169f91eae5,d9267fd4-495d-4d11-843c-cedddfeddabf,0.0000,10.3443,1.0000,0.0000,0.0000,0.0000,0.1600
0fcb9700-df04-4531-a3d8-d6169f91eae5,8dfa57b2-e8b0-4a9a-b5b6-86dc84f15e30,2.0000,9.7719,0.5000,2.0000,2.0000,0.6667,0.1071
0fcb9700-df04-4531-a3d8-d6169f91eae5,d9fa51da-ab2b-411c-a41b-ce2b5c23473b,0.0000,11.1228,1.0000,0.0000,0.0000,0.6667,0.0800
0fcb9700-df04-4531-a3d8-d6169f91eae5,4895c953-8e9a-4e62-b308-61d0f4106e69,0.0000,12.4387,1.0000,0.0000,0.0000,0.6667,0.0800
0fcb9700-df04-4531-a3d8-d6169f91eae5,c95936f5-0096-4c43-a2a2-4cc7a9b26504,2.0000,11.0041,0.5000,2.0000,2.0000,0.6667,0.0000
0fcb9700-df04-4531-a3d8-d6169f91eae5,535f130b-68ff-4463-83b0-d04785999fbb,0.0000,8.3653,1.0000,0.0000,0.0000,0.0000,0.2000
0fcb9700-df04-4531-a3d8-d6169f91eae5,5c952de4-19c5-4324-b3f4-48b0c2169833,0.0000,12.2784,1.0000,0.0000,0.0000,0.6667,0.0800
0fcb9700-df04-4531-a3d8-d6169f91eae5,ced92f16-312a-4b19-addf-523cfefee6c7,0.0000,11.1078,1.0000,0.0000,0.0000,0.6667,0.0385
0fcb9700-df04-4531-a3d8-d6169f91eae5,a11c3bca-9343-4869-8c77-38e616536f5e,0.0000,13.9908,1.0000,0.0000,0.0000,0.6667,0.2000
0fcb9700-df04-4531-a3d8-d6169f91eae5,110b5c81-0d3f-40bb-bc0d-cd4c327ce925,2.0000,7.4027,0.5000,2.0000,2.0000,0.0000,0.0741
0fcb9700-df04-4531-a3d8-d6169f91eae5,80481175-af46-455a-8bef-0c682e4c0cb6,2.0000,11.2114,0.5000,2.0000,2.0000,0.6667,0.0741
0fcb9700-df04-4531-a3d8-d6169f91eae5,422a1c98-ae36-47b0-8890-a8295b6cd85c,2.0000,10.0434,0.5000,2.0000,2.0000,0.0000,0.0000
0fcb9700-df04-4531-a3d8-d6169f91eae5,51d9466b-1ba9-4646-8257-1d21cb2ed954,2.0000,8.4532,0.5000,2.0000,2.0000,0.6667,0.0741
0fcb9700-df04-4531-a3d8-d6169f91eae5,03e8c72b-9c28-43b3-a50c-ba09195e3e3c,0.0000,1.2324,1.0000,0.0000,0.0000,0.0000,0.1200
0fcb9700-df04-4531-a3d8-d6169f91eae5,cf9b7960-9d27-4554-a98d-f1fa9bb1a5ca,2.0000,9.0208,0.5000,2.0000,2.0000,0.0000,0.2188
0fcb9700-df04-4531-a3d8-d6169f91eae5,bf0dfd9e-5489-4b04-ae78-ba2facc60792,0.0000,4.3588,1.0000,0.0000,0.0000,0.0000,0.1200
0fcb9700-df04-4531-a3d8-d6169f91eae5,4f2e86c2-4b73-47fc-bf83-31eb686d4ad0,0.0000,4.8204,1.0000,0.0000,0.0000,0.0000,0.1600
0fcb9700-df04-4531-a3d8-d6169f91eae5,ddd56f00-e94c-4f73-bc24-d6538d02d76f,2.0000,7.3446,0.5000,2.0000,2.0000,0.0000,0.1667
0fcb9700-df04-4531-a3d8-d6169f91eae5,67351bd4-8ebd-4ac5-b552-24308cef799f,2.0000,5.8048,0.5000,2.0000,2.0000,0.6667,0.1071
0fcb9700-df04-4531-a3d8-d6169f91eae5,7d591389-70df-411c-93e7-2948d4c04738,0.0000,8.8380,1.0000,0.0000,0.0000,0.6667,0.2000
0fcb9700-df04-4531-a3d8-d6169f91eae5,91fd5a9f-0848-4551-a1a2-9689a4125830,0.0000,10.4397,1.0000,0.0000,0.0000,0.6667,0.1071
0fcb9700-df04-4531-a3d8-d6169f91eae5,ae6b3203-494b-4066-b0ba-b923b393bced,0.0000,9.0373,1.0000,0.0000,0.0000,0.0000,0.1200
0fcb9700-df04-4531-a3d8-d6169f91eae5,4b0f1708-0377-46ec-b3a4-cc53fe72fcc8,0.0000,7.4676,1.0000,0.0000,0.0000,0.6667,0.1200
0fcb9700-df04-4531-a3d8-d6169f91eae5,17101d7a-983e-469a-82f0-3dbd27b59660,2.0000,9.7790,0.5000,2.0000,2.0000,0.6667,0.1379
0fcb9700-df04-4531-a3d8-d6169f91eae5,6c2f7b68-d439-46b0-b6c2-111ae90e59be,2.0000,7.4667,0.5000,2.0000,2.0000,0.0000,0.1071
0fcb9700-df04-4531-a3d8-d6169f91eae5,b07b0e33-0c1e-489d-8b69-aa1b4ae8d2ad,0.0000,9.3055,1.0000,0.0000,0.0000,0.6667,0.3200
0fcb9700-df04-4531-a3d8-d6169f91eae5,cb93662e-0aed-4f56-9500-1e7f2e128287,2.0000,7.7599,0.5000,2.0000,2.0000,0.0000,0.0741
0fcb9700-df04-4531-a3d8-d6169f91eae5,5c581ce7-7a4b-4fd5-86a2-16c83a3a7b68,0.0000,10.1053,1.0000,0.0000,0.0000,0.0000,0.1600
0fcb9700-df04-4531-a3d8-d6169f91eae5,f2deb05a-d512-48f4-b641-59e526831230,0.0000,7.9795,1.0000,0.0000,0.0000,0.0000,0.2400
0fcb9700-df04-4531-a3d8-d6169f91eae5,2908d1db-866e-4631-a655-8ac0a0da0e28,2.0000,6.1976,0.5000,2.0000,2.0000,0.6667,0.1667
0fcb9700-df04-4531-a3d8-d6169f91eae5,4481c909-2f78-4205-8334-e27d27305642,2.0000,9.0221,0.5000,2.0000,2.0000,0.6667,0.0385
0fcb9700-df04-4531-a3d8-d6169f91eae5,d450f16e-59ec-490a-8ce7-7968e10dd065,2.0000,10.4273,0.5000,2.0000,2.0000,0.0000,0.1071
0fcb9700-df04-4531-a3d8-d6169f91eae5,51625cea-8af7-4dca-9b2d-17750e3831ea,0.0000,13.2606,1.0000,0.0000,0.0000,0.6667,0.1200
0fcb9700-df04-4531-a3d8-d6169f91eae5,bb080865-5184-4114-942e-0a1b314c8016,0.0000,11.8457,1.0000,0.0000,0.0000,0.6667,0.0800
0fcb9700-df04-4531-a3d8-d6169f91eae5,8b354a1d-b301-4cd1-b271-878ba45ed85f,0.0000,13.0728,1.0000,0.0000,0.0000,0.6667,0.1600
e3cd235f-f77c-4448-8fe5-62434f6ef801,d84d6202-1b0d-494e-83aa-282623351558,0.0000,12.0634,1.0000,0.0000,0.0000,0.6667,0.1250
e3cd235f-f77c-4448-8fe5-62434f6ef801,fb3bb871-3382-43a6-86cf-25862db66608,2.0000,10.8875,0.5000,2.0000,2.0000,0.6667,0.2759
e3cd235f-f77c-4448-8fe5-62434f6ef801,8b2ba48c-dea4-4586-8cdd-81d2a8b1aa73,0.0000,10.9351,1.0000,0.0000,0.0000,0.0000,0.0455
e3cd235f-f77c-4448-8fe5-62434f6ef801,b590db6d-3092-4a48-a3cd-8b3828f6fd97,0.0000,12.6695,1.0000,0.0000,0.0000,0.6667,0.0000
e3cd235f-f77c-4448-8fe5-62434f6ef801,1079305f-65fb-473e-9658-e7251b0824be,0.0000,14.0415,1.0000,0.0000,0.0000,0.6667,0.1429
e3cd235f-f77c-4448-8fe5-62434f6ef801,efdea335-b7fb-4a9f-b55c-05e6f649b42f,2.0000,7.1543,0.5000,2.0000,2.0000,0.0000,0.2222
e3cd235f-f77c-4448-8fe5-62434f6ef801,2a753e87-dc5b-4f7e-8441-59141fcc0cb2,0.0000,14.9492,1.0000,0.0000,0.0000,0.6667,0.1250
e3cd235f-f77c-4448-8fe5-62434f6ef801,09ce3282-4e7d-43e3-aad0-d8ba479e152e,0.0000,7.7289,1.0000,0.0000,0.0000,0.0000,0.0000
e3cd235f-f77c-4448-8fe5-62434f6ef801,130e102a-345e-41bc-8c2b-f9eddef31bd5,0.0000,14.4124,1.0000,0.0000,0.0000,0.0000,0.1250
e3cd235f-f77c-4448-8fe5-62434f6ef801,9ded00ab-0866-4032-92bf-5dc8fdc4d243,2.0000,13.0054,0.5000,2.0000,2.0000,0.6667,0.1250
e3cd235f-f77c-4448-8fe5-62434f6ef801,5d4d9a94-6aaa-4bbe-b639-a0eeb4e1c088,2.0000,8.2918,0.5000,2.0000,2.0000,0.6667,0.2500
e3cd235f-f77c-4448-8fe5-62434f6ef801,a8c5b81e-599a-4ed1-901b-356d1fc94e84,0.0000,2.7753,1.0000,0.0000,0.0000,0.0000,0.0476
e3cd235f-f77c-4448-8fe5-62434f6ef801,f19250f3-e0cf-4ebf-b106-1c75855eb8ed,0.0000,3.0732,1.0000,0.0000,0.0000,0.0000,0.1250
e3cd235f-f77c-4448-8fe5-62434f6ef801,6482a7eb-8182-43d4-8df9-1ad15f5bbf5d,2.0000,7.6668,0.5000,2.0000,2.0000,0.0000,0.1600
e3cd235f-f77c-4448-8fe5-62434f6ef801,5e5e895e-dd66-4fb6-a1d2-04f02c760fd8,0.0000,6.7561,1.0000,0.0000,0.0000,0.6667,0.0870
e3cd235f-f77c-4448-8fe5-62434f6ef801,ff1bb715-41ad-4a24-a31e-499bba5e889a,0.0000,9.6147,1.0000,0.0000,0.0000,0.0000,0.0870
e3cd235f-f77c-4448-8fe5-62434f6ef801,9fd672d7-152c-423e-af51-4b14f62db78f,0.0000,15.7097,1.0000,0.0000,0.0000,0.6667,0.0476
e3cd235f-f77c-4448-8fe5-62434f6ef801,0c07cbfe-8089-4618-8ea2-9d49c5c7676f,2.0000,11.7373,0.5000,2.0000,2.0000,0.6667,0.1600
e3cd235f-f77c-4448-8fe5-62434f6ef801,2db915b4-b287-4d07-8d78-0d79e2b715e6,0.0000,12.9087,1.0000,0.0000,0.0000,0.6667,0.0476
e3cd235f-f77c-4448-8fe5-62434f6ef801,1041fa72-e598-4a46-9d90-bbdb1a8c8cfa,0.0000,15.7068,1.0000,0.0000,0.0000,0.6667,0.1429
e3cd235f-f77c-4448-8fe5-62434f6ef801,e2678857-49ff-42d1-9649-47b147a8ed3e,2.0000,5.6997,0.5000,2.0000,2.0000,0.6667,0.2222
e3cd235f-f77c-4448-8fe5-62434f6ef801,0b2085d3-0fbc-4351-845e-5d9bccda34e5,0.0000,11.3029,1.0000,0.0000,0.0000,0.6667,0.0870
e3cd235f-f77c-4448-8fe5-62434f6ef801,0abcffc0-2fc7-4385-a82f-bbe80bfd51ae,0.0000,15.0619,1.0000,0.0000,0.0000,0.6667,0.0870
e3cd235f-f77c-4448-8fe5-62434f6ef801,d54c73cc-cc77-415e-aeff-dd22604f13cf,0.0000,14.6009,1.0000,0.0000,0.0000,0.6667,0.0476
e3cd235f-f77c-4448-8fe5-62434f6ef801,09bf266d-b272-4968-9251-ab34779e8344,0.0000,13.1179,1.0000,0.0000,0.0000,0.6667,0.1923
e3cd235f-f77c-4448-8fe5-62434f6ef801,b336cd79-f2f6-4913-b922-d1061f5fb2e1,0.0000,13.8458,1.0000,0.0000,0.0000,0.6667,0.0870
e3cd235f-f77c-4448-8fe5-62434f6ef801,c6e27378-0b9e-4d40-9dbf-057217176282,0.0000,12.9538,1.0000,0.0000,0.0000,0.6667,0.0870
e3cd235f-f77c-4448-8fe5-62434f6ef801,d9267fd4-495d-4d11-843c-cedddfeddabf,0.0000,7.0628,1.0000,0.0000,0.0000,0.0000,0.0000
e3cd235f-f77c-4448-8fe5-62434f6ef801,8dfa57b2-e8b0-4a9a-b5b6-86dc84f15e30,2.0000,10.9404,0.5000,2.0000,2.0000,0.6667,0.2500
e3cd235f-f77c-4448-8fe5-62434f6ef801,d9fa51da-ab2b-411c-a41b-ce2b5c23473b,0.0000,14.2853,1.0000,0.0000,0.0000,0.6667,0.0870
e3cd235f-f77c-4448-8fe5-62434f6ef801,4895c953-8e9a-4e62-b308-61d0f4106e69,0.0000,16.1534,1.0000,0.0000,0.0000,0.6667,0.0870
e3cd235f-f77c-4448-8fe5-62434f6ef801,c95936f5-0096-4c43-a2a2-4cc7a9b26504,2.0000,9.0555,0.5000,2.0000,2.0000,0.6667,0.1600
e3cd235f-f77c-4448-8fe5-62434f6ef801,535f130b-68ff-4463-83b0-d04785999fbb,0.0000,2.8980,1.0000,0.0000,0.0000,0.0000,0.0476
e3cd235f-f77c-4448-8fe5-62434f6ef801,5c952de4-19c5-4324-b3f4-48b0c2169833,0.0000,15.5483,1.0000,0.0000,0.0000,0.6667,0.0870
e3cd235f-f77c-4448-8fe5-62434f6ef801,ced92f16-312a-4b19-addf-523cfefee6c7,0.0000,14.2977,1.0000,0.0000,0.0000,0.6667,0.1923
e3cd235f-f77c-4448-8fe5-62434f6ef801,a11c3bca-9343-4869-8c77-38e616536f5e,0.0000,10.6703,1.0000,0.0000,0.0000,0.6667,0.0476
e3cd235f-f77c-4448-8fe5-62434f6ef801,110b5c81-0d3f-40bb-bc0d-cd4c327ce925,2.0000,10.9174,0.5000,2.0000,2.0000,0.0000,0.2222
e3cd235f-f77c-4448-8fe5-62434f6ef801,80481175-af46-455a-8bef-0c682e4c0cb6,2.0000,14.8154,0.5000,2.0000,2.0000,0.6667,0.2222
e3cd235f-f77c-4448-8fe5-62434f6ef801,422a1c98-ae36-47b0-8890-a8295b6cd85c,2.0000,10.4781,0.5000,2.0000,2.0000,0.0000,0.1600
e3cd235f-f77c-4448-8fe5-62434f6ef801,51d9466b-1ba9-4646-8257-1d21cb2ed954,2.0000,11.0194,0.5000,2.0000,2.0000,0.6667,0.2222
e3cd235f-f77c-4448-8fe5-62434f6ef801,03e8c72b-9c28-43b3-a50c-ba09195e3e3c,0.0000,9.0906,1.0000,0.0000,0.0000,0.0000,0.0455
e3cd235f-f77c-4448-8fe5-62434f6ef801,cf9b7960-9d27-4554-a98d-f1fa9bb1a5ca,2.0000,13.8235,0.5000,2.0000,2.0000,0.0000,0.3438
e3cd235f-f77c-4448-8fe5-62434f6ef801,bf0dfd9e-5489-4b04-ae78-ba2facc60792,0.0000,7.4331,1.0000,0.0000,0.0000,0.0000,0.0455
e3cd235f-f77c-4448-8fe5-62434f6ef801,4f2e86c2-4b73-47fc-bf83-31eb686d4ad0,0.0000,9.1535,1.0000,0.0000,0.0000,0.0000,0.0000
e3cd235f-f77c-4448-8fe5-62434f6ef801,ddd56f00-e94c-4f73-bc24-d6538d02d76f,2.0000,14.2413,0.5000,2.0000,2.0000,0.0000,0.3000
e3cd235f-f77c-4448-8fe5-62434f6ef801,67351bd4-8ebd-4ac5-b552-24308cef799f,2.0000,11.8200,0.5000,2.0000,2.0000,0.6667,0.2500
e3cd235f-f77c-4448-8fe5-62434f6ef801,7d591389-70df-411c-93e7-2948d4c04738,0.0000,16.4961,1.0000,0.0000,0.0000,0.6667,0.0476
e3cd235f-f77c-4448-8fe5-62434f6ef801,91fd5a9f-0848-4551-a1a2-9689a4125830,0.0000,15.8590,1.0000,0.0000,0.0000,0.6667,0.2500
e3cd235f-f77c-4448-8fe5-62434f6ef801,ae6b3203-494b-4066-b0ba-b923b393bced,0.0000,2.8875,1.0000,0.0000,0.0000,0.0000,0.0455
e3cd235f-f77c-4448-8fe5-62434f6ef801,4b0f1708-0377-46ec-b3a4-cc53fe72fcc8,0.0000,15.0840,1.0000,0.0000,0.0000,0.6667,0.0455
e3cd235f-f77c-4448-8fe5-62434f6ef801,17101d7a-983e-469a-82f0-3dbd27b59660,2.0000,16.3370,0.5000,2.0000,2.0000,0.6667,0.2759
e3cd235f-f77c-4448-8fe5-62434f6ef801,6c2f7b68-d439-46b0-b6c2-111ae90e59be,2.0000,6.0322,0.5000,2.0000,2.0000,0.0000,0.2500
e3cd235f-f77c-4448-8fe5-62434f6ef801,b07b0e33-0c1e-489d-8b69-aa1b4ae8d2ad,0.0000,13.9365,1.0000,0.0000,0.0000,0.6667,0.1905
e3cd235f-f77c-4448-8fe5-62434f6ef801,cb93662e-0aed-4f56-9500-1e7f2e128287,2.0000,10.1579,0.5000,2.0000,2.0000,0.0000,0.2222
e3cd235f-f77c-4448-8fe5-62434f6ef801,5c581ce7-7a4b-4fd5-86a2-16c83a3a7b68,0.0000,6.7046,1.0000,0.0000,0.0000,0.0000,0.0000
e3cd235f-f77c-4448-8fe5-62434f6ef801,f2deb05a-d512-48f4-b641-59e526831230,0.0000,5.4206,1.0000,0.0000,0.0000,0.0000,0.0952
e3cd235f-f77c-4448-8fe5-62434f6ef801,2908d1db-866e-4631-a655-8ac0a0da0e28,2.0000,4.9905,0.5000,2.0000,2.0000,0.6667,0.3000
e3cd235f-f77c-4448-8fe5-62434f6ef801,4481c909-2f78-4205-8334-e27d27305642,2.0000,11.0217,0.5000,2.0000,2.0000,0.6667,0.1923
e3cd235f-f77c-4448-8fe5-62434f6ef801,d450f16e-59ec-490a-8ce7-7968e10dd065,2.0000,11.8660,0.5000,2.0000,2.0000,0.0000,0.2500
e3cd235f-f77c-4448-8fe5-62434f6ef801,51625cea-8af7-4dca-9b2d-17750e3831ea,0.0000,12.4751,1.0000,0.0000,0.0000,0.6667,0.0455
e3cd235f-f77c-4448-8fe5-62434f6ef801,bb080865-5184-4114-942e-0a1b314c8016,0.0000,13.3567,1.0000,0.0000,0.0000,0.6667,0.0870
e3cd235f-f77c-4448-8fe5-62434f6ef801,8b354a1d-b301-4cd1-b271-878ba45ed85f,0.0000,12.9609,1.0000,0.0000,0.0000,0.6667,0.0000
d84d6202-1b0d-494e-83aa-282623351558,fb3bb871-3382-43a6-86cf-25862db66608,2.0000,15.6879,0.5000,2.0000,2.0000,0.6667,0.1724
d84d6202-1b0d-494e-83aa-282623351558,8b2ba48c-dea4-4586-8cdd-81d2a8b1aa73,0.0000,10.0789,1.0000,0.0000,0.0000,0.6667,0.0833
d84d6202-1b0d-494e-83aa-282623351558,b590db6d-3092-4a48-a3cd-8b3828f6fd97,0.0000,8.9886,1.0000,0.0000,0.0000,0.0000,0.1250
d84d6202-1b0d-494e-83aa-282623351558,1079305f-65fb-473e-9658-e7251b0824be,0.0000,19.2190,1.0000,0.0000,0.0000,0.6667,0.2500
d84d6202-1b0d-494e-83aa-282623351558,efdea335-b7fb-4a9f-b55c-05e6f649b42f,2.0000,8.9038,0.5000,2.0000,2.0000,0.6667,0.1111
d84d6202-1b0d-494e-83aa-282623351558,2a753e87-dc5b-4f7e-8441-59141fcc0cb2,0.0000,10.7469,1.0000,0.0000,0.0000,0.0000,0.0000
d84d6202-1b0d-494e-83aa-282623351558,09ce3282-4e7d-43e3-aad0-d8ba479e152e,0.0000,15.6752,1.0000,0.0000,0.0000,0.6667,0.1250
d84d6202-1b0d-494e-83aa-282623351558,130e102a-345e-41bc-8c2b-f9eddef31bd5,0.0000,19.3398,1.0000,0.0000,0.0000,0.6667,0.0000
d84d6202-1b0d-494e-83aa-282623351558,9ded00ab-0866-4032-92bf-5dc8fdc4d243,2.0000,7.8965,0.5000,2.0000,2.0000,0.6667,0.0000
d84d6202-1b0d-494e-83aa-282623351558,5d4d9a94-6aaa-4bbe-b639-a0eeb4e1c088,2.0000,11.3075,0.5000,2.0000,2.0000,0.6667,0.1429
d84d6202-1b0d-494e-83aa-282623351558,a8c5b81e-599a-4ed1-901b-356d1fc94e84,0.0000,10.7584,1.0000,0.0000,0.0000,0.6667,0.1667
d84d6202-1b0d-494e-83aa-282623351558,f19250f3-e0cf-4ebf-b106-1c75855eb8ed,0.0000,10.1732,1.0000,0.0000,0.0000,0.6667,0.0000
d84d6202-1b0d-494e-83aa-282623351558,6482a7eb-8182-43d4-8df9-1ad15f5bbf5d,2.0000,12.4729,0.5000,2.0000,2.0000,0.6667,0.0400
d84d6202-1b0d-494e-83aa-282623351558,5e5e895e-dd66-4fb6-a1d2-04f02c760fd8,0.0000,5.6468,1.0000,0.0000,0.0000,0.6667,0.0417
d84d6202-1b0d-494e-83aa-282623351558,ff1bb715-41ad-4a24-a31e-499bba5e889a,0.0000,16.3639,1.0000,0.0000,0.0000,0.6667,0.0417
d84d6202-1b0d-494e-83aa-282623351558,9fd672d7-152c-423e-af51-4b14f62db78f,0.0000,8.6487,1.0000,0.0000,0.0000,0.0000,0.1667
d84d6202-1b0d-494e-83aa-282623351558,0c07cbfe-8089-4618-8ea2-9d49c5c7676f,2.0000,16.2538,0.5000,2.0000,2.0000,0.6667,0.0400
d84d6202-1b0d-494e-83aa-282623351558,2db915b4-b287-4d07-8d78-0d79e2b715e6,0.0000,8.7134,1.0000,0.0000,0.0000,0.0000,0.1667
d84d6202-1b0d-494e-83aa-282623351558,1041fa72-e598-4a46-9d90-bbdb1a8c8cfa,0.0000,12.5826,1.0000,0.0000,0.0000,0.0000,0.2500
d84d6202-1b0d-494e-83aa-282623351558,e2678857-49ff-42d1-9649-47b147a8ed3e,2.0000,8.5784,0.5000,2.0000,2.0000,0.0000,0.1111
d84d6202-1b0d-494e-83aa-282623351558,0b2085d3-0fbc-4351-845e-5d9bccda34e5,0.0000,17.4478,1.0000,0.0000,0.0000,0.0000,0.0417
d84d6202-1b0d-494e-83aa-282623351558,0abcffc0-2fc7-4385-a82f-bbe80bfd51ae,0.0000,13.7702,1.0000,0.0000,0.0000,0.0000,0.0417
d84d6202-1b0d-494e-83aa-282623351558,d54c73cc-cc77-415e-aeff-dd22604f13cf,0.0000,13.7056,1.0000,0.0000,0.0000,0.0000,0.1667
d84d6202-1b0d-494e-83aa-282623351558,09bf266d-b272-4968-9251-ab34779e8344,0.0000,18.2661,1.0000,0.0000,0.0000,0.6667,0.0769
d84d6202-1b0d-494e-83aa-282623351558,b336cd79-f2f6-4913-b922-d1061f5fb2e1,0.0000,15.5010,1.0000,0.0000,0.0000,0.0000,0.0417
d84d6202-1b0d-494e-83aa-282623351558,c6e27378-0b9e-4d40-9dbf-057217176282,0.0000,14.5109,1.0000,0.0000,0.0000,0.0000,0.0417
d84d6202-1b0d-494e-83aa-282623351558,d9267fd4-495d-4d11-843c-cedddfeddabf,0.0000,14.7833,1.0000,0.0000,0.0000,0.6667,0.1250
d84d6202-1b0d-494e-83aa-282623351558,8dfa57b2-e8b0-4a9a-b5b6-86dc84f15e30,2.0000,13.4024,0.5000,2.0000,2.0000,0.6667,0.1429
d84d6202-1b0d-494e-83aa-282623351558,d9fa51da-ab2b-411c-a41b-ce2b5c23473b,0.0000,9.5552,1.0000,0.0000,0.0000,0.0000,0.0417
d84d6202-1b0d-494e-83aa-282623351558,4895c953-8e9a-4e62-b308-61d0f4106e69,0.0000,14.7261,1.0000,0.0000,0.0000,0.0000,0.0417
d84d6202-1b0d-494e-83aa-282623351558,c95936f5-0096-4c43-a2a2-4cc7a9b26504,2.0000,11.0584,0.5000,2.0000,2.0000,0.0000,0.0400
d84d6202-1b0d-494e-83aa-282623351558,535f130b-68ff-4463-83b0-d04785999fbb,0.0000,10.7550,1.0000,0.0000,0.0000,0.6667,0.1667
d84d6202-1b0d-494e-83aa-282623351558,5c952de4-19c5-4324-b3f4-48b0c2169833,0.0000,17.4411,1.0000,0.0000,0.0000,0.0000,0.0417
d84d6202-1b0d-494e-83aa-282623351558,ced92f16-312a-4b19-addf-523cfefee6c7,0.0000,9.2267,1.0000,0.0000,0.0000,0.0000,0.0769
d84d6202-1b0d-494e-83aa-282623351558,a11c3bca-9343-4869-8c77-38e616536f5e,0.0000,12.7786,1.0000,0.0000,0.0000,0.0000,0.1667
d84d6202-1b0d-494e-83aa-282623351558,110b5c81-0d3f-40bb-bc0d-cd4c327ce925,2.0000,10.1692,0.5000,2.0000,2.0000,0.6667,0.1111
d84d6202-1b0d-494e-83aa-282623351558,80481175-af46-455a-8bef-0c682e4c0cb6,2.0000,11.5311,0.5000,2.0000,2.0000,0.0000,0.1111
d84d6202-1b0d-494e-83aa-282623351558,422a1c98-ae36-47b0-8890-a8295b6cd85c,2.0000,12.4011,0.5000,2.0000,2.0000,0.6667,0.0400
d84d6202-1b0d-494e-83aa-282623351558,51d9466b-1ba9-4646-8257-1d21cb2ed954,2.0000,12.6681,0.5000,2.0000,2.0000,0.0000,0.1111
d84d6202-1b0d-494e-83aa-282623351558,03e8c72b-9c28-43b3-a50c-ba09195e3e3c,0.0000,8.3900,1.0000,0.0000,0.0000,0.6667,0.0833
d84d6202-1b0d-494e-83aa-282623351558,cf9b7960-9d27-4554-a98d-f1fa9bb1a5ca,2.0000,10.1787,0.5000,2.0000,2.0000,0.6667,0.2500
d84d6202-1b0d-494e-83aa-282623351558,bf0dfd9e-5489-4b04-ae78-ba2facc60792,0.0000,5.4188,1.0000,0.0000,0.0000,0.6667,0.0833
d84d6202-1b0d-494e-83aa-282623351558,4f2e86c2-4b73-47fc-bf83-31eb686d4ad0,0.0000,11.5549,1.0000,0.0000,0.0000,0.6667,0.1250
d84d6202-1b0d-494e-83aa-282623351558,ddd56f00-e94c-4f73-bc24-d6538d02d76f,2.0000,10.4480,0.5000,2.0000,2.0000,0.6667,0.2000
d84d6202-1b0d-494e-83aa-282623351558,67351bd4-8ebd-4ac5-b552-24308cef799f,2.0000,11.6014,0.5000,2.0000,2.0000,0.0000,0.1429
d84d6202-1b0d-494e-83aa-282623351558,7d591389-70df-411c-93e7-2948d4c04738,0.0000,10.3514,1.0000,0.0000,0.0000,0.0000,0.1667
d84d6202-1b0d-494e-83aa-282623351558,91fd5a9f-0848-4551-a1a2-9689a4125830,0.0000,15.4467,1.0000,0.0000,0.0000,0.0000,0.1429
d84d6202-1b0d-494e-83aa-282623351558,ae6b3203-494b-4066-b0ba-b923b393bced,0.0000,14.1191,1.0000,0.0000,0.0000,0.6667,0.0833
d84d6202-1b0d-494e-83aa-282623351558,4b0f1708-0377-46ec-b3a4-cc53fe72fcc8,0.0000,6.3358,1.0000,0.0000,0.0000,0.6667,0.0833
d84d6202-1b0d-494e-83aa-282623351558,17101d7a-983e-469a-82f0-3dbd27b59660,2.0000,13.6453,0.5000,2.0000,2.0000,0.0000,0.1724
d84d6202-1b0d-494e-83aa-282623351558,6c2f7b68-d439-46b0-b6c2-111ae90e59be,2.0000,12.1150,0.5000,2.0000,2.0000,0.6667,0.1429
d84d6202-1b0d-494e-83aa-282623351558,b07b0e33-0c1e-489d-8b69-aa1b4ae8d2ad,0.0000,5.2397,1.0000,0.0000,0.0000,0.6667,0.2917
d84d6202-1b0d-494e-83aa-282623351558,cb93662e-0aed-4f56-9500-1e7f2e128287,2.0000,10.8701,0.5000,2.0000,2.0000,0.6667,0.1111
d84d6202-1b0d-494e-83aa-282623351558,5c581ce7-7a4b-4fd5-86a2-16c83a3a7b68,0.0000,11.7515,1.0000,0.0000,0.0000,0.6667,0.1250
d84d6202-1b0d-494e-83aa-282623351558,f2deb05a-d512-48f4-b641-59e526831230,0.0000,15.0945,1.0000,0.0000,0.0000,0.6667,0.2083
d84d6202-1b0d-494e-83aa-282623351558,2908d1db-866e-4631-a655-8ac0a0da0e28,2.0000,8.9713,0.5000,2.0000,2.0000,0.6667,0.2000
d84d6202-1b0d-494e-83aa-282623351558,4481c909-2f78-4205-8334-e27d27305642,2.0000,11.9968,0.5000,2.0000,2.0000,0.6667,0.0769
d84d6202-1b0d-494e-83aa-282623351558,d450f16e-59ec-490a-8ce7-7968e10dd065,2.0000,11.9070,0.5000,2.0000,2.0000,0.6667,0.1429
d84d6202-1b0d-494e-83aa-282623351558,51625cea-8af7-4dca-9b2d-17750e3831ea,0.0000,15.2528,1.0000,0.0000,0.0000,0.0000,0.0833
d84d6202-1b0d-494e-83aa-282623351558,bb080865-5184-4114-942e-0a1b314c8016,0.0000,15.3636,1.0000,0.0000,0.0000,0.0000,0.0417
d84d6202-1b0d-494e-83aa-282623351558,8b354a1d-b301-4cd1-b271-878ba45ed85f,0.0000,14.8464,1.0000,0.0000,0.0000,0.0000,0.1250
fb3bb871-3382-43a6-86cf-25862db66608,8b2ba48c-dea4-4586-8cdd-81d2a8b1aa73,2.0000,8.2508,0.5000,2.0000,2.0000,0.6667,0.2414
fb3bb871-3382-43a6-86cf-25862db66608,b590db6d-3092-4a48-a3cd-8b3828f6fd97,2.0000,12.4342,0.5000,2.0000,2.0000,0.6667,0.2759
fb3bb871-3382-43a6-86cf-25862db66608,1079305f-65fb-473e-9658-e7251b0824be,2.0000,5.8820,0.5000,2.0000,2.0000,0.0000,0.3793
fb3bb871-3382-43a6-86cf-25862db66608,efdea335-b7fb-4a9f-b55c-05e6f649b42f,0.0000,7.0286,1.0000,0.0000,0.0000,0.6667,0.0690
fb3bb871-3382-43a6-86cf-25862db66608,2a753e87-dc5b-4f7e-8441-59141fcc0cb2,2.0000,7.9360,0.5000,2.0000,2.0000,0.6667,0.1724
fb3bb871-3382-43a6-86cf-25862db66608,09ce3282-4e7d-43e3-aad0-d8ba479e152e,2.0000,6.3409,0.5000,2.0000,2.0000,0.6667,0.2759
fb3bb871-3382-43a6-86cf-25862db66608,130e102a-345e-41bc-8c2b-f9eddef31bd5,2.0000,6.1670,0.5000,2.0000,2.0000,0.6667,0.1724
fb3bb871-3382-43a6-86cf-25862db66608,9ded00ab-0866-4032-92bf-5dc8fdc4d243,0.0000,10.6946,1.0000,0.0000,0.0000,0.0000,0.1724
fb3bb871-3382-43a6-86cf-25862db66608,5d4d9a94-6aaa-4bbe-b639-a0eeb4e1c088,0.0000,9.2866,1.0000,0.0000,0.0000,0.0000,0.0345
fb3bb871-3382-43a6-86cf-25862db66608,a8c5b81e-599a-4ed1-901b-356d1fc94e84,2.0000,12.0463,0.5000,2.0000,2.0000,0.6667,0.3103
fb3bb871-3382-43a6-86cf-25862db66608,f19250f3-e0cf-4ebf-b106-1c75855eb8ed,2.0000,12.0906,0.5000,2.0000,2.0000,0.6667,0.1724
fb3bb871-3382-43a6-86cf-25862db66608,6482a7eb-8182-43d4-8df9-1ad15f5bbf5d,0.0000,9.7656,1.0000,0.0000,0.0000,0.6667,0.1379
fb3bb871-3382-43a6-86cf-25862db66608,5e5e895e-dd66-4fb6-a1d2-04f02c760fd8,2.0000,11.8881,0.5000,2.0000,2.0000,0.0000,0.2069
fb3bb871-3382-43a6-86cf-25862db66608,ff1bb715-41ad-4a24-a31e-499bba5e889a,2.0000,3.7662,0.5000,2.0000,2.0000,0.6667,0.2069
fb3bb871-3382-43a6-86cf-25862db66608,9fd672d7-152c-423e-af51-4b14f62db78f,2.0000,12.6073,0.5000,2.0000,2.0000,0.6667,0.3103
fb3bb871-3382-43a6-86cf-25862db66608,0c07cbfe-8089-4618-8ea2-9d49c5c7676f,0.0000,3.3470,1.0000,0.0000,0.0000,0.0000,0.1379
fb3bb871-3382-43a6-86cf-25862db66608,2db915b4-b287-4d07-8d78-0d79e2b715e6,2.0000,11.8485,0.5000,2.0000,2.0000,0.6667,0.3103
fb3bb871-3382-43a6-86cf-25862db66608,1041fa72-e598-4a46-9d90-bbdb1a8c8cfa,2.0000,12.8585,0.5000,2.0000,2.0000,0.6667,0.3793
fb3bb871-3382-43a6-86cf-25862db66608,e2678857-49ff-42d1-9649-47b147a8ed3e,0.0000,10.0142,1.0000,0.0000,0.0000,0.6667,0.0690
fb3bb871-3382-43a6-86cf-25862db66608,0b2085d3-0fbc-4351-845e-5d9bccda34e5,2.0000,10.5493,0.5000,2.0000,2.0000,0.6667,0.2069
fb3bb871-3382-43a6-86cf-25862db66608,0abcffc0-2fc7-4385-a82f-bbe80bfd51ae,2.0000,8.9032,0.5000,2.0000,2.0000,0.6667,0.2069
fb3bb871-3382-43a6-86cf-25862db66608,d54c73cc-cc77-415e-aeff-dd22604f13cf,2.0000,12.1772,0.5000,2.0000,2.0000,0.6667,0.3103
fb3bb871-3382-43a6-86cf-25862db66608,09bf266d-b272-4968-9251-ab34779e8344,2.0000,7.8638,0.5000,2.0000,2.0000,0.0000,0.1034
fb3bb871-3382-43a6-86cf-25862db66608,b336cd79-f2f6-4913-b922-d1061f5fb2e1,2.0000,7.4739,0.5000,2.0000,2.0000,0.6667,0.2069
fb3bb871-3382-43a6-86cf-25862db66608,c6e27378-0b9e-4d40-9dbf-057217176282,2.0000,10.7460,0.5000,2.0000,2.0000,0.6667,0.2069
fb3bb871-3382-43a6-86cf-25862db66608,d9267fd4-495d-4d11-843c-cedddfeddabf,2.0000,7.6719,0.5000,2.0000,2.0000,0.6667,0.2759
fb3bb871-3382-43a6-86cf-25862db66608,8dfa57b2-e8b0-4a9a-b5b6-86dc84f15e30,0.0000,5.8271,1.0000,0.0000,0.0000,0.0000,0.0345
fb3bb871-3382-43a6-86cf-25862db66608,d9fa51da-ab2b-411c-a41b-ce2b5c23473b,2.0000,9.7084,0.5000,2.0000,2.0000,0.6667,0.2069
fb3bb871-3382-43a6-86cf-25862db66608,4895c953-8e9a-4e62-b308-61d0f4106e69,2.0000,11.2789,0.5000,2.0000,2.0000,0.6667,0.2069
fb3bb871-3382-43a6-86cf-25862db66608,c95936f5-0096-4c43-a2a2-4cc7a9b26504,0.0000,9.1881,1.0000,0.0000,0.0000,0.6667,0.1379
fb3bb871-3382-43a6-86cf-25862db66608,535f130b-68ff-4463-83b0-d04785999fbb,2.0000,11.7166,0.5000,2.0000,2.0000,0.6667,0.3103
fb3bb871-3382-43a6-86cf-25862db66608,5c952de4-19c5-4324-b3f4-48b0c2169833,2.0000,5.0929,0.5000,2.0000,2.0000,0.6667,0.2069
fb3bb871-3382-43a6-86cf-25862db66608,ced92f16-312a-4b19-addf-523cfefee6c7,2.0000,9.8311,0.5000,2.0000,2.0000,0.6667,0.1034
fb3bb871-3382-43a6-86cf-25862db66608,a11c3bca-9343-4869-8c77-38e616536f5e,2.0000,11.0994,0.5000,2.0000,2.0000,0.6667,0.3103
fb3bb871-3382-43a6-86cf-25862db66608,110b5c81-0d3f-40bb-bc0d-cd4c327ce925,0.0000,8.8569,1.0000,0.0000,0.0000,0.6667,0.0690
fb3bb871-3382-43a6-86cf-25862db66608,80481175-af46-455a-8bef-0c682e4c0cb6,0.0000,9.8537,1.0000,0.0000,0.0000,0.6667,0.0690
fb3bb871-3382-43a6-86cf-25862db66608,422a1c98-ae36-47b0-8890-a8295b6cd85c,0.0000,8.5809,1.0000,0.0000,0.0000,0.6667,0.1379
fb3bb871-3382-43a6-86cf-25862db66608,51d9466b-1ba9-4646-8257-1d21cb2ed954,0.0000,7.6971,1.0000,0.0000,0.0000,0.6667,0.0690
fb3bb871-3382-43a6-86cf-25862db66608,03e8c72b-9c28-43b3-a50c-ba09195e3e3c,2.0000,8.9750,0.5000,2.0000,2.0000,0.6667,0.2414
fb3bb871-3382-43a6-86cf-25862db66608,cf9b7960-9d27-4554-a98d-f1fa9bb1a5ca,0.0000,10.2945,1.0000,0.0000,0.0000,0.6667,0.0938
fb3bb871-3382-43a6-86cf-25862db66608,bf0dfd9e-5489-4b04-ae78-ba2facc60792,2.0000,12.8460,0.5000,2.0000,2.0000,0.6667,0.2414
fb3bb871-3382-43a6-86cf-25862db66608,4f2e86c2-4b73-47fc-bf83-31eb686d4ad0,2.0000,6.4708,0.5000,2.0000,2.0000,0.6667,0.2759
fb3bb871-3382-43a6-86cf-25862db66608,ddd56f00-e94c-4f73-bc24-d6538d02d76f,0.0000,9.4879,1.0000,0.0000,0.0000,0.6667,0.0333
fb3bb871-3382-43a6-86cf-25862db66608,67351bd4-8ebd-4ac5-b552-24308cef799f,0.0000,6.2889,1.0000,0.0000,0.0000,0.6667,0.0345
fb3bb871-3382-43a6-86cf-25862db66608,7d591389-70df-411c-93e7-2948d4c04738,2.0000,9.7366,0.5000,2.0000,2.0000,0.6667,0.3103
fb3bb871-3382-43a6-86cf-25862db66608,91fd5a9f-0848-4551-a1a2-9689a4125830,2.0000,7.6200,0.5000,2.0000,2.0000,0.6667,0.0345
fb3bb871-3382-43a6-86cf-25862db66608,ae6b3203-494b-4066-b0ba-b923b393bced,2.0000,9.5361,0.5000,2.0000,2.0000,0.6667,0.2414
fb3bb871-3382-43a6-86cf-25862db66608,4b0f1708-0377-46ec-b3a4-cc53fe72fcc8,2.0000,11.4520,0.5000,2.0000,2.0000,0.0000,0.2414
fb3bb871-3382-43a6-86cf-25862db66608,17101d7a-983e-469a-82f0-3dbd27b59660,0.0000,8.6628,1.0000,0.0000,0.0000,0.6667,0.0000
fb3bb871-3382-43a6-86cf-25862db66608,6c2f7b68-d439-46b0-b6c2-111ae90e59be,0.0000,7.9915,1.0000,0.0000,0.0000,0.6667,0.0345
fb3bb871-3382-43a6-86cf-25862db66608,b07b0e33-0c1e-489d-8b69-aa1b4ae8d2ad,2.0000,13.5611,0.5000,2.0000,2.0000,0.0000,0.4138
fb3bb871-3382-43a6-86cf-25862db66608,cb93662e-0aed-4f56-9500-1e7f2e128287,0.0000,8.1206,1.0000,0.0000,0.0000,0.6667,0.0690
fb3bb871-3382-43a6-86cf-25862db66608,5c581ce7-7a4b-4fd5-86a2-16c83a3a7b68,2.0000,10.1188,0.5000,2.0000,2.0000,0.6667,0.2759
fb3bb871-3382-43a6-86cf-25862db66608,f2deb05a-d512-48f4-b641-59e526831230,2.0000,6.1560,0.5000,2.0000,2.0000,0.6667,0.3448
fb3bb871-3382-43a6-86cf-25862db66608,2908d1db-866e-4631-a655-8ac0a0da0e28,0.0000,9.1741,1.0000,0.0000,0.0000,0.0000,0.0333
fb3bb871-3382-43a6-86cf-25862db66608,4481c909-2f78-4205-8334-e27d27305642,0.0000,8.3174,1.0000,0.0000,0.0000,0.0000,0.1034
fb3bb871-3382-43a6-86cf-25862db66608,d450f16e-59ec-490a-8ce7-7968e10dd065,0.0000,5.1506,1.0000,0.0000,0.0000,0.6667,0.0345
fb3bb871-3382-43a6-86cf-25862db66608,51625cea-8af7-4dca-9b2d-17750e3831ea,2.0000,10.2470,0.5000,2.0000,2.0000,0.6667,0.2414
fb3bb871-3382-43a6-86cf-25862db66608,bb080865-5184-4114-942e-0a1b314c8016,2.0000,11.0635,0.5000,2.0000,2.0000,0.6667,0.2069
fb3bb871-3382-43a6-86cf-25862db66608,8b354a1d-b301-4cd1-b271-878ba45ed85f,2.0000,10.6679,0.5000,2.0000,2.0000,0.6667,0.2759
8b2ba48c-dea4-4586-8cdd-81d2a8b1aa73,b590db6d-3092-4a48-a3cd-8b3828f6fd97,0.0000,11.6635,1.0000,0.0000,0.0000,0.6667,0.0455
8b2ba48c-dea4-4586-8cdd-81d2a8b1aa73,1079305f-65fb-473e-9658-e7251b0824be,0.0000,12.8178,1.0000,0.0000,0.0000,0.6667,0.1818
8b2ba48c-dea4-4586-8cdd-81d2a8b1aa73,efdea335-b7fb-4a9f-b55c-05e6f649b42f,2.0000,9.2450,0.5000,2.0000,2.0000,0.0000,0.1852
8b2ba48c-dea4-4586-8cdd-81d2a8b1aa73,2a753e87-dc5b-4f7e-8441-59141fcc0cb2,0.0000,8.8180,1.0000,0.0000,0.0000,0.6667,0.0833
8b2ba48c-dea4-4586-8cdd-81d2a8b1aa73,09ce3282-4e7d-43e3-aad0-d8ba479e152e,0.0000,9.8949,1.0000,0.0000,0.0000,0.0000,0.0455
8b2ba48c-dea4-4586-8cdd-81d2a8b1aa73,130e102a-345e-41bc-8c2b-f9eddef31bd5,0.0000,12.8321,1.0000,0.0000,0.0000,0.0000,0.0833
8b2ba48c-dea4-4586-8cdd-81d2a8b1aa73,9ded00ab-0866-4032-92bf-5dc8fdc4d243,2.0000,5.2643,0.5000,2.0000,2.0000,0.6667,0.0833
8b2ba48c-dea4-4586-8cdd-81d2a8b1aa73,5d4d9a94-6aaa-4bbe-b639-a0eeb4e1c088,2.0000,13.0682,0.5000,2.0000,2.0000,0.6667,0.2143
8b2ba48c-dea4-4586-8cdd-81d2a8b1aa73,a8c5b81e-599a-4ed1-901b-356d1fc94e84,0.0000,10.4669,1.0000,0.0000,0.0000,0.0000,0.0909
8b2ba48c-dea4-4586-8cdd-81d2a8b1aa73,f19250f3-e0cf-4ebf-b106-1c75855eb8ed,0.0000,9.8647,1.0000,0.0000,0.0000,0.0000,0.0833
8b2ba48c-dea4-4586-8cdd-81d2a8b1aa73,6482a7eb-8182-43d4-8df9-1ad15f5bbf5d,2.0000,9.4976,0.5000,2.0000,2.0000,0.0000,0.1200
8b2ba48c-dea4-4586-8cdd-81d2a8b1aa73,5e5e895e-dd66-4fb6-a1d2-04f02c760fd8,0.0000,6.0898,1.0000,0.0000,0.0000,0.6667,0.0435
8b2ba48c-dea4-4586-8cdd-81d2a8b1aa73,ff1bb715-41ad-4a24-a31e-499bba5e889a,0.0000,8.6293,1.0000,0.0000,0.0000,0.0000,0.0435
8b2ba48c-dea4-4586-8cdd-81d2a8b1aa73,9fd672d7-152c-423e-af51-4b14f62db78f,0.0000,8.2656,1.0000,0.0000,0.0000,0.6667,0.0909
8b2ba48c-dea4-4586-8cdd-81d2a8b1aa73,0c07cbfe-8089-4618-8ea2-9d49c5c7676f,2.0000,9.6587,0.5000,2.0000,2.0000,0.6667,0.1200
8b2ba48c-dea4-4586-8cdd-81d2a8b1aa73,2db915b4-b287-4d07-8d78-0d79e2b715e6,0.0000,11.2369,1.0000,0.0000,0.0000,0.6667,0.0909
8b2ba48c-dea4-4586-8cdd-81d2a8b1aa73,1041fa72-e598-4a46-9d90-bbdb1a8c8cfa,0.0000,15.4678,1.0000,0.0000,0.0000,0.6667,0.1818
8b2ba48c-dea4-4586-8cdd-81d2a8b1aa73,e2678857-49ff-42d1-9649-47b147a8ed3e,2.0000,8.5839,0.5000,2.0000,2.0000,0.6667,0.1852
8b2ba48c-dea4-4586-8cdd-81d2a8b1aa73,0b2085d3-0fbc-4351-845e-5d9bccda34e5,0.0000,15.4312,1.0000,0.0000,0.0000,0.6667,0.0435
8b2ba48c-dea4-4586-8cdd-81d2a8b1aa73,0abcffc0-2fc7-4385-a82f-bbe80bfd51ae,0.0000,11.3465,1.0000,0.0000,0.0000,0.6667,0.0435
8b2ba48c-dea4-4586-8cdd-81d2a8b1aa73,d54c73cc-cc77-415e-aeff-dd22604f13cf,0.0000,14.5783,1.0000,0.0000,0.0000,0.6667,0.0909
8b2ba48c-dea4-4586-8cdd-81d2a8b1aa73,09bf266d-b272-4968-9251-ab34779e8344,0.0000,14.0060,1.0000,0.0000,0.0000,0.6667,0.1538
8b2ba48c-dea4-4586-8cdd-81d2a8b1aa73,b336cd79-f2f6-4913-b922-d1061f5fb2e1,0.0000,12.6237,1.0000,0.0000,0.0000,0.6667,0.0435
8b2ba48c-dea4-4586-8cdd-81d2a8b1aa73,c6e27378-0b9e-4d40-9dbf-057217176282,0.0000,14.2347,1.0000,0.0000,0.0000,0.6667,0.0435
8b2ba48c-dea4-4586-8cdd-81d2a8b1aa73,d9267fd4-495d-4d11-843c-cedddfeddabf,0.0000,11.4416,1.0000,0.0000,0.0000,0.0000,0.0455
8b2ba48c-dea4-4586-8cdd-81d2a8b1aa73,8dfa57b2-e8b0-4a9a-b5b6-86dc84f15e30,2.0000,7.1625,0.5000,2.0000,2.0000,0.6667,0.2143
8b2ba48c-dea4-4586-8cdd-81d2a8b1aa73,d9fa51da-ab2b-411c-a41b-ce2b5c23473b,0.0000,9.5106,1.0000,0.0000,0.0000,0.6667,0.0435
8b2ba48c-dea4-4586-8cdd-81d2a8b1aa73,4895c953-8e9a-4e62-b308-61d0f4106e69,0.0000,13.6998,1.0000,0.0000,0.0000,0.6667,0.0435
8b2ba48c-dea4-4586-8cdd-81d2a8b1aa73,c95936f5-0096-4c43-a2a2-4cc7a9b26504,2.0000,9.5714,0.5000,2.0000,2.0000,0.6667,0.1200
8b2ba48c-dea4-4586-8cdd-81d2a8b1aa73,535f130b-68ff-4463-83b0-d04785999fbb,0.0000,10.4717,1.0000,0.0000,0.0000,0.0000,0.0909
8b2ba48c-dea4-4586-8cdd-81d2a8b1aa73,5c952de4-19c5-4324-b3f4-48b0c2169833,0.0000,11.7658,1.0000,0.0000,0.0000,0.6667,0.0435
8b2ba48c-dea4-4586-8cdd-81d2a8b1aa73,ced92f16-312a-4b19-addf-523cfefee6c7,0.0000,9.5575,1.0000,0.0000,0.0000,0.6667,0.1538
8b2ba48c-dea4-4586-8cdd-81d2a8b1aa73,a11c3bca-9343-4869-8c77-38e616536f5e,0.0000,14.5379,1.0000,0.0000,0.0000,0.6667,0.0909
8b2ba48c-dea4-4586-8cdd-81d2a8b1aa73,110b5c81-0d3f-40bb-bc0d-cd4c327ce925,2.0000,5.7444,0.5000,2.0000,2.0000,0.0000,0.1852
8b2ba48c-dea4-4586-8cdd-81d2a8b1aa73,80481175-af46-455a-8bef-0c682e4c0cb6,2.0000,8.3087,0.5000,2.0000,2.0000,0.6667,0.1852
8b2ba48c-dea4-4586-8cdd-81d2a8b1aa73,422a1c98-ae36-47b0-8890-a8295b6cd85c,2.0000,9.0003,0.5000,2.0000,2.0000,0.0000,0.1200
8b2ba48c-dea4-4586-8cdd-81d2a8b1aa73,51d9466b-1ba9-4646-8257-1d21cb2ed954,2.0000,10.8901,0.5000,2.0000,2.0000,0.6667,0.1852
8b2ba48c-dea4-4586-8cdd-81d2a8b1aa73,03e8c72b-9c28-43b3-a50c-ba09195e3e3c,0.0000,3.0653,1.0000,0.0000,0.0000,0.0000,0.0000
8b2ba48c-dea4-4586-8cdd-81d2a8b1aa73,cf9b7960-9d27-4554-a98d-f1fa9bb1a5ca,2.0000,6.1721,0.5000,2.0000,2.0000,0.0000,0.3125
8b2ba48c-dea4-4586-8cdd-81d2a8b1aa73,bf0dfd9e-5489-4b04-ae78-ba2facc60792,0.0000,6.3213,1.0000,0.0000,0.0000,0.0000,0.0000
8b2ba48c-dea4-4586-8cdd-81d2a8b1aa73,4f2e86c2-4b73-47fc-bf83-31eb686d4ad0,0.0000,3.9309,1.0000,0.0000,0.0000,0.0000,0.0455
8b2ba48c-dea4-4586-8cdd-81d2a8b1aa73,ddd56f00-e94c-4f73-bc24-d6538d02d76f,2.0000,9.5911,0.5000,2.0000,2.0000,0.0000,0.2667
8b2ba48c-dea4-4586-8cdd-81d2a8b1aa73,67351bd4-8ebd-4ac5-b552-24308cef799f,2.0000,4.0690,0.5000,2.0000,2.0000,0.6667,0.2143
8b2ba48c-dea4-4586-8cdd-81d2a8b1aa73,7d591389-70df-411c-93e7-2948d4c04738,0.0000,7.0716,1.0000,0.0000,0.0000,0.6667,0.0909
8b2ba48c-dea4-4586-8cdd-81d2a8b1aa73,91fd5a9f-0848-4551-a1a2-9689a4125830,0.0000,8.4270,1.0000,0.0000,0.0000,0.6667,0.2143
8b2ba48c-dea4-4586-8cdd-81d2a8b1aa73,ae6b3203-494b-4066-b0ba-b923b393bced,0.0000,10.1227,1.0000,0.0000,0.0000,0.0000,0.0000
8b2ba48c-dea4-4586-8cdd-81d2a8b1aa73,4b0f1708-0377-46ec-b3a4-cc53fe72fcc8,0.0000,5.1862,1.0000,0.0000,0.0000,0.6667,0.0000
8b2ba48c-dea4-4586-8cdd-81d2a8b1aa73,17101d7a-983e-469a-82f0-3dbd27b59660,2.0000,7.7842,0.5000,2.0000,2.0000,0.6667,0.2414
8b2ba48c-dea4-4586-8cdd-81d2a8b1aa73,6c2f7b68-d439-46b0-b6c2-111ae90e59be,2.0000,9.0451,0.5000,2.0000,2.0000,0.0000,0.2143
8b2ba48c-dea4-4586-8cdd-81d2a8b1aa73,b07b0e33-0c1e-489d-8b69-aa1b4ae8d2ad,0.0000,7.0395,1.0000,0.0000,0.0000,0.6667,0.2273
8b2ba48c-dea4-4586-8cdd-81d2a8b1aa73,cb93662e-0aed-4f56-9500-1e7f2e128287,2.0000,10.0314,0.5000,2.0000,2.0000,0.0000,0.1852
8b2ba48c-dea4-4586-8cdd-81d2a8b1aa73,5c581ce7-7a4b-4fd5-86a2-16c83a3a7b68,0.0000,11.3994,1.0000,0.0000,0.0000,0.0000,0.0455
8b2ba48c-dea4-4586-8cdd-81d2a8b1aa73,f2deb05a-d512-48f4-b641-59e526831230,0.0000,7.6335,1.0000,0.0000,0.0000,0.0000,0.1364
8b2ba48c-dea4-4586-8cdd-81d2a8b1aa73,2908d1db-866e-4631-a655-8ac0a0da0e28,2.0000,7.6573,0.5000,2.0000,2.0000,0.6667,0.2667
8b2ba48c-dea4-4586-8cdd-81d2a8b1aa73,4481c909-2f78-4205-8334-e27d27305642,2.0000,10.7086,0.5000,2.0000,2.0000,0.6667,0.1538
8b2ba48c-dea4-4586-8cdd-81d2a8b1aa73,d450f16e-59ec-490a-8ce7-7968e10dd065,2.0000,8.9383,0.5000,2.0000,2.0000,0.0000,0.2143
8b2ba48c-dea4-4586-8cdd-81d2a8b1aa73,51625cea-8af7-4dca-9b2d-17750e3831ea,0.0000,14.4982,1.0000,0.0000,0.0000,0.6667,0.0000
8b2ba48c-dea4-4586-8cdd-81d2a8b1aa73,bb080865-5184-4114-942e-0a1b314c8016,0.0000,14.1542,1.0000,0.0000,0.0000,0.6667,0.0435
8b2ba48c-dea4-4586-8cdd-81d2a8b1aa73,8b354a1d-b301-4cd1-b271-878ba45ed85f,0.0000,14.3563,1.0000,0.0000,0.0000,0.6667,0.0455
b590db6d-3092-4a48-a3cd-8b3828f6fd97,1079305f-65fb-473e-9658-e7251b0824be,0.0000,14.3964,1.0000,0.0000,0.0000,0.6667,0.1429
b590db6d-3092-4a48-a3cd-8b3828f6fd97,efdea335-b7fb-4a9f-b55c-05e6f649b42f,2.0000,11.4860,0.5000,2.0000,2.0000,0.6667,0.2222
b590db6d-3092-4a48-a3cd-8b3828f6fd97,2a753e87-dc5b-4f7e-8441-59141fcc0cb2,0.0000,5.1413,1.0000,0.0000,0.0000,0.0000,0.1250
b590db6d-3092-4a48-a3cd-8b3828f6fd97,09ce3282-4e7d-43e3-aad0-d8ba479e152e,0.0000,11.3832,1.0000,0.0000,0.0000,0.6667,0.0000
b590db6d-3092-4a48-a3cd-8b3828f6fd97,130e102a-345e-41bc-8c2b-f9eddef31bd5,0.0000,14.6491,1.0000,0.0000,0.0000,0.6667,0.1250
b590db6d-3092-4a48-a3cd-8b3828f6fd97,9ded00ab-0866-4032-92bf-5dc8fdc4d243,2.0000,9.6501,0.5000,2.0000,2.0000,0.6667,0.1250
b590db6d-3092-4a48-a3cd-8b3828f6fd97,5d4d9a94-6aaa-4bbe-b639-a0eeb4e1c088,2.0000,8.3848,0.5000,2.0000,2.0000,0.6667,0.2500
b590db6d-3092-4a48-a3cd-8b3828f6fd97,a8c5b81e-599a-4ed1-901b-356d1fc94e84,0.0000,14.4534,1.0000,0.0000,0.0000,0.6667,0.0476
b590db6d-3092-4a48-a3cd-8b3828f6fd97,f19250f3-e0cf-4ebf-b106-1c75855eb8ed,0.0000,14.8855,1.0000,0.0000,0.0000,0.6667,0.1250
b590db6d-3092-4a48-a3cd-8b3828f6fd97,6482a7eb-8182-43d4-8df9-1ad15f5bbf5d,2.0000,10.4244,0.5000,2.0000,2.0000,0.6667,0.1600
b590db6d-3092-4a48-a3cd-8b3828f6fd97,5e5e895e-dd66-4fb6-a1d2-04f02c760fd8,0.0000,10.9334,1.0000,0.0000,0.0000,0.6667,0.0870
b590db6d-3092-4a48-a3cd-8b3828f6fd97,ff1bb715-41ad-4a24-a31e-499bba5e889a,0.0000,13.6930,1.0000,0.0000,0.0000,0.6667,0.0870
b590db6d-3092-4a48-a3cd-8b3828f6fd97,9fd672d7-152c-423e-af51-4b14f62db78f,0.0000,6.8158,1.0000,0.0000,0.0000,0.0000,0.0476
b590db6d-3092-4a48-a3cd-8b3828f6fd97,0c07cbfe-8089-4618-8ea2-9d49c5c7676f,2.0000,12.1845,0.5000,2.0000,2.0000,0.6667,0.1600
b590db6d-3092-4a48-a3cd-8b3828f6fd97,2db915b4-b287-4d07-8d78-0d79e2b715e6,0.0000,1.2071,1.0000,0.0000,0.0000,0.0000,0.0476
b590db6d-3092-4a48-a3cd-8b3828f6fd97,1041fa72-e598-4a46-9d90-bbdb1a8c8cfa,0.0000,9.6017,1.0000,0.0000,0.0000,0.0000,0.1429
b590db6d-3092-4a48-a3cd-8b3828f6fd97,e2678857-49ff-42d1-9649-47b147a8ed3e,2.0000,7.2189,0.5000,2.0000,2.0000,0.0000,0.2222
b590db6d-3092-4a48-a3cd-8b3828f6fd97,0b2085d3-0fbc-4351-845e-5d9bccda34e5,0.0000,10.5585,1.0000,0.0000,0.0000,0.0000,0.0870
b590db6d-3092-4a48-a3cd-8b3828f6fd97,0abcffc0-2fc7-4385-a82f-bbe80bfd51ae,0.0000,11.0968,1.0000,0.0000,0.0000,0.0000,0.0870
b590db6d-3092-4a48-a3cd-8b3828f6fd97,d54c73cc-cc77-415e-aeff-dd22604f13cf,0.0000,5.6801,1.0000,0.0000,0.0000,0.0000,0.0476
b590db6d-3092-4a48-a3cd-8b3828f6fd97,09bf266d-b272-4968-9251-ab34779e8344,0.0000,12.7019,1.0000,0.0000,0.0000,0.6667,0.1923
b590db6d-3092-4a48-a3cd-8b3828f6fd97,b336cd79-f2f6-4913-b922-d1061f5fb2e1,0.0000,9.3541,1.0000,0.0000,0.0000,0.0000,0.0870
b590db6d-3092-4a48-a3cd-8b3828f6fd97,c6e27378-0b9e-4d40-9dbf-057217176282,0.0000,6.7300,1.0000,0.0000,0.0000,0.0000,0.0870
b590db6d-3092-4a48-a3cd-8b3828f6fd97,d9267fd4-495d-4d11-843c-cedddfeddabf,0.0000,9.8360,1.0000,0.0000,0.0000,0.6667,0.0000
b590db6d-3092-4a48-a3cd-8b3828f6fd97,8dfa57b2-e8b0-4a9a-b5b6-86dc84f15e30,2.0000,14.5403,0.5000,2.0000,2.0000,0.6667,0.2500
b590db6d-3092-4a48-a3cd-8b3828f6fd97,d9fa51da-ab2b-411c-a41b-ce2b5c23473b,0.0000,6.7782,1.0000,0.0000,0.0000,0.0000,0.0870
b590db6d-3092-4a48-a3cd-8b3828f6fd97,4895c953-8e9a-4e62-b308-61d0f4106e69,0.0000,7.3939,1.0000,0.0000,0.0000,0.0000,0.0870
b590db6d-3092-4a48-a3cd-8b3828f6fd97,c95936f5-0096-4c43-a2a2-4cc7a9b26504,2.0000,10.2104,0.5000,2.0000,2.0000,0.0000,0.1600
b590db6d-3092-4a48-a3cd-8b3828f6fd97,535f130b-68ff-4463-83b0-d04785999fbb,0.0000,13.9863,1.0000,0.0000,0.0000,0.6667,0.0476
b590db6d-3092-4a48-a3cd-8b3828f6fd97,5c952de4-19c5-4324-b3f4-48b0c2169833,0.0000,12.1925,1.0000,0.0000,0.0000,0.0000,0.0870
b590db6d-3092-4a48-a3cd-8b3828f6fd97,ced92f16-312a-4b19-addf-523cfefee6c7,0.0000,6.6980,1.0000,0.0000,0.0000,0.0000,0.1923
b590db6d-3092-4a48-a3cd-8b3828f6fd97,a11c3bca-9343-4869-8c77-38e616536f5e,0.0000,8.8354,1.0000,0.0000,0.0000,0.0000,0.0476
b590db6d-3092-4a48-a3cd-8b3828f6fd97,110b5c81-0d3f-40bb-bc0d-cd4c327ce925,2.0000,8.9508,0.5000,2.0000,2.0000,0.6667,0.2222
b590db6d-3092-4a48-a3cd-8b3828f6fd97,80481175-af46-455a-8bef-0c682e4c0cb6,2.0000,9.9846,0.5000,2.0000,2.0000,0.0000,0.2222
b590db6d-3092-4a48-a3cd-8b3828f6fd97,422a1c98-ae36-47b0-8890-a8295b6cd85c,2.0000,10.7398,0.5000,2.0000,2.0000,0.6667,0.1600
b590db6d-3092-4a48-a3cd-8b3828f6fd97,51d9466b-1ba9-4646-8257-1d21cb2ed954,2.0000,9.9469,0.5000,2.0000,2.0000,0.0000,0.2222
b590db6d-3092-4a48-a3cd-8b3828f6fd97,03e8c72b-9c28-43b3-a50c-ba09195e3e3c,0.0000,10.7660,1.0000,0.0000,0.0000,0.6667,0.0455
b590db6d-3092-4a48-a3cd-8b3828f6fd97,cf9b7960-9d27-4554-a98d-f1fa9bb1a5ca,2.0000,9.4367,0.5000,2.0000,2.0000,0.6667,0.3438
b590db6d-3092-4a48-a3cd-8b3828f6fd97,bf0dfd9e-5489-4b04-ae78-ba2facc60792,0.0000,10.8623,1.0000,0.0000,0.0000,0.6667,0.0455
b590db6d-3092-4a48-a3cd-8b3828f6fd97,4f2e86c2-4b73-47fc-bf83-31eb686d4ad0,0.0000,11.8811,1.0000,0.0000,0.0000,0.6667,0.0000
b590db6d-3092-4a48-a3cd-8b3828f6fd97,ddd56f00-e94c-4f73-bc24-d6538d02d76f,2.0000,7.5081,0.5000,2.0000,2.0000,0.6667,0.3000
b590db6d-3092-4a48-a3cd-8b3828f6fd97,67351bd4-8ebd-4ac5-b552-24308cef799f,2.0000,11.1934,0.5000,2.0000,2.0000,0.0000,0.2500
b590db6d-3092-4a48-a3cd-8b3828f6fd97,7d591389-70df-411c-93e7-2948d4c04738,0.0000,5.8398,1.0000,0.0000,0.0000,0.0000,0.0476
b590db6d-3092-4a48-a3cd-8b3828f6fd97,91fd5a9f-0848-4551-a1a2-9689a4125830,0.0000,12.1915,1.0000,0.0000,0.0000,0.0000,0.2500
b590db6d-3092-4a48-a3cd-8b3828f6fd97,ae6b3203-494b-4066-b0ba-b923b393bced,0.0000,10.9100,1.0000,0.0000,0.0000,0.6667,0.0455
b590db6d-3092-4a48-a3cd-8b3828f6fd97,4b0f1708-0377-46ec-b3a4-cc53fe72fcc8,0.0000,9.9946,1.0000,0.0000,0.0000,0.6667,0.0455
b590db6d-3092-4a48-a3cd-8b3828f6fd97,17101d7a-983e-469a-82f0-3dbd27b59660,2.0000,10.1184,0.5000,2.0000,2.0000,0.0000,0.2759
b590db6d-3092-4a48-a3cd-8b3828f6fd97,6c2f7b68-d439-46b0-b6c2-111ae90e59be,2.0000,7.4960,0.5000,2.0000,2.0000,0.6667,0.2500
b590db6d-3092-4a48-a3cd-8b3828f6fd97,b07b0e33-0c1e-489d-8b69-aa1b4ae8d2ad,0.0000,9.1295,1.0000,0.0000,0.0000,0.6667,0.1905
b590db6d-3092-4a48-a3cd-8b3828f6fd97,cb93662e-0aed-4f56-9500-1e7f2e128287,2.0000,7.2881,0.5000,2.0000,2.0000,0.6667,0.2222
b590db6d-3092-4a48-a3cd-8b3828f6fd97,5c581ce7-7a4b-4fd5-86a2-16c83a3a7b68,0.0000,13.8454,1.0000,0.0000,0.0000,0.6667,0.0000
b590db6d-3092-4a48-a3cd-8b3828f6fd97,f2deb05a-d512-48f4-b641-59e526831230,0.0000,13.8372,1.0000,0.0000,0.0000,0.6667,0.0952
b590db6d-3092-4a48-a3cd-8b3828f6fd97,2908d1db-866e-4631-a655-8ac0a0da0e28,2.0000,11.7500,0.5000,2.0000,2.0000,0.6667,0.3000
b590db6d-3092-4a48-a3cd-8b3828f6fd97,4481c909-2f78-4205-8334-e27d27305642,2.0000,13.0107,0.5000,2.0000,2.0000,0.6667,0.1923
b590db6d-3092-4a48-a3cd-8b3828f6fd97,d450f16e-59ec-490a-8ce7-7968e10dd065,2.0000,10.6616,0.5000,2.0000,2.0000,0.6667,0.2500
b590db6d-3092-4a48-a3cd-8b3828f6fd97,51625cea-8af7-4dca-9b2d-17750e3831ea,0.0000,7.0814,1.0000,0.0000,0.0000,0.0000,0.0455
b590db6d-3092-4a48-a3cd-8b3828f6fd97,bb080865-5184-4114-942e-0a1b314c8016,0.0000,12.2099,1.0000,0.0000,0.0000,0.0000,0.0870
b590db6d-3092-4a48-a3cd-8b3828f6fd97,8b354a1d-b301-4cd1-b271-878ba45ed85f,0.0000,6.9329,1.0000,0.0000,0.0000,0.0000,0.0000
1079305f-65fb-473e-9658-e7251b0824be,efdea335-b7fb-4a9f-b55c-05e6f649b42f,2.0000,11.5880,0.5000,2.0000,2.0000,0.6667,0.3333
1079305f-65fb-473e-9658-e7251b0824be,2a753e87-dc5b-4f7e-8441-59141fcc0cb2,0.0000,9.8878,1.0000,0.0000,0.0000,0.6667,0.2500
1079305f-65fb-473e-9658-e7251b0824be,09ce3282-4e7d-43e3-aad0-d8ba479e152e,0.0000,6.4247,1.0000,0.0000,0.0000,0.6667,0.1429
1079305f-65fb-473e-9658-e7251b0824be,130e102a-345e-41bc-8c2b-f9eddef31bd5,0.0000,0.8744,1.0000,0.0000,0.0000,0.6667,0.2500
1079305f-65fb-473e-9658-e7251b0824be,9ded00ab-0866-4032-92bf-5dc8fdc4d243,2.0000,14.2295,0.5000,2.0000,2.0000,0.0000,0.2500
1079305f-65fb-473e-9658-e7251b0824be,5d4d9a94-6aaa-4bbe-b639-a0eeb4e1c088,2.0000,10.0890,0.5000,2.0000,2.0000,0.0000,0.3571
1079305f-65fb-473e-9658-e7251b0824be,a8c5b81e-599a-4ed1-901b-356d1fc94e84,0.0000,14.9587,1.0000,0.0000,0.0000,0.6667,0.1000
1079305f-65fb-473e-9658-e7251b0824be,f19250f3-e0cf-4ebf-b106-1c75855eb8ed,0.0000,15.6319,1.0000,0.0000,0.0000,0.6667,0.2500
1079305f-65fb-473e-9658-e7251b0824be,6482a7eb-8182-43d4-8df9-1ad15f5bbf5d,2.0000,9.4961,0.5000,2.0000,2.0000,0.6667,0.2800
1079305f-65fb-473e-9658-e7251b0824be,5e5e895e-dd66-4fb6-a1d2-04f02c760fd8,0.0000,16.2469,1.0000,0.0000,0.0000,0.0000,0.2174
1079305f-65fb-473e-9658-e7251b0824be,ff1bb715-41ad-4a24-a31e-499bba5e889a,0.0000,5.5190,1.0000,0.0000,0.0000,0.6667,0.2174
1079305f-65fb-473e-9658-e7251b0824be,9fd672d7-152c-423e-af51-4b14f62db78f,0.0000,14.8617,1.0000,0.0000,0.0000,0.6667,0.1000
1079305f-65fb-473e-9658-e7251b0824be,0c07cbfe-8089-4618-8ea2-9d49c5c7676f,2.0000,3.3003,0.5000,2.0000,2.0000,0.0000,0.2800
1079305f-65fb-473e-9658-e7251b0824be,2db915b4-b287-4d07-8d78-0d79e2b715e6,0.0000,14.0909,1.0000,0.0000,0.0000,0.6667,0.1000
1079305f-65fb-473e-9658-e7251b0824be,1041fa72-e598-4a46-9d90-bbdb1a8c8cfa,0.0000,13.2935,1.0000,0.0000,0.0000,0.6667,0.0000
1079305f-65fb-473e-9658-e7251b0824be,e2678857-49ff-42d1-9649-47b147a8ed3e,2.0000,12.9961,0.5000,2.0000,2.0000,0.6667,0.3333
1079305f-65fb-473e-9658-e7251b0824be,0b2085d3-0fbc-4351-845e-5d9bccda34e5,0.0000,5.0691,1.0000,0.0000,0.0000,0.6667,0.2174
1079305f-65fb-473e-9658-e7251b0824be,0abcffc0-2fc7-4385-a82f-bbe80bfd51ae,0.0000,7.2295,1.0000,0.0000,0.0000,0.6667,0.2174
1079305f-65fb-473e-9658-e7251b0824be,d54c73cc-cc77-415e-aeff-dd22604f13cf,0.0000,11.7196,1.0000,0.0000,0.0000,0.6667,0.1000
1079305f-65fb-473e-9658-e7251b0824be,09bf266d-b272-4968-9251-ab34779e8344,0.0000,3.2690,1.0000,0.0000,0.0000,0.0000,0.3077
1079305f-65fb-473e-9658-e7251b0824be,b336cd79-f2f6-4913-b922-d1061f5fb2e1,0.0000,6.5395,1.0000,0.0000,0.0000,0.6667,0.2174
1079305f-65fb-473e-9658-e7251b0824be,c6e27378-0b9e-4d40-9dbf-057217176282,0.0000,9.1983,1.0000,0.0000,0.0000,0.6667,0.2174
1079305f-65fb-473e-9658-e7251b0824be,d9267fd4-495d-4d11-843c-cedddfeddabf,0.0000,8.4230,1.0000,0.0000,0.0000,0.6667,0.1429
1079305f-65fb-473e-9658-e7251b0824be,8dfa57b2-e8b0-4a9a-b5b6-86dc84f15e30,2.0000,10.4000,0.5000,2.0000,2.0000,0.0000,0.3571
1079305f-65fb-473e-9658-e7251b0824be,d9fa51da-ab2b-411c-a41b-ce2b5c23473b,0.0000,12.3955,1.0000,0.0000,0.0000,0.6667,0.2174
1079305f-65fb-473e-9658-e7251b0824be,4895c953-8e9a-4e62-b308-61d0f4106e69,0.0000,10.7361,1.0000,0.0000,0.0000,0.6667,0.2174
1079305f-65fb-473e-9658-e7251b0824be,c95936f5-0096-4c43-a2a2-4cc7a9b26504,2.0000,10.6999,0.5000,2.0000,2.0000,0.6667,0.2800
1079305f-65fb-473e-9658-e7251b0824be,535f130b-68ff-4463-83b0-d04785999fbb,0.0000,14.5813,1.0000,0.0000,0.0000,0.6667,0.1000
1079305f-65fb-473e-9658-e7251b0824be,5c952de4-19c5-4324-b3f4-48b0c2169833,0.0000,4.2897,1.0000,0.0000,0.0000,0.6667,0.2174
1079305f-65fb-473e-9658-e7251b0824be,ced92f16-312a-4b19-addf-523cfefee6c7,0.0000,12.6423,1.0000,0.0000,0.0000,0.6667,0.3077
1079305f-65fb-473e-9658-e7251b0824be,a11c3bca-9343-4869-8c77-38e616536f5e,0.0000,9.6704,1.0000,0.0000,0.0000,0.6667,0.1000
1079305f-65fb-473e-9658-e7251b0824be,110b5c81-0d3f-40bb-bc0d-cd4c327ce925,2.0000,13.7200,0.5000,2.0000,2.0000,0.6667,0.3333
1079305f-65fb-473e-9658-e7251b0824be,80481175-af46-455a-8bef-0c682e4c0cb6,2.0000,11.6878,0.5000,2.0000,2.0000,0.6667,0.3333
1079305f-65fb-473e-9658-e7251b0824be,422a1c98-ae36-47b0-8890-a8295b6cd85c,2.0000,9.1471,0.5000,2.0000,2.0000,0.6667,0.2800
1079305f-65fb-473e-9658-e7251b0824be,51d9466b-1ba9-4646-8257-1d21cb2ed954,2.0000,8.4809,0.5000,2.0000,2.0000,0.6667,0.3333
1079305f-65fb-473e-9658-e7251b0824be,03e8c72b-9c28-43b3-a50c-ba09195e3e3c,0.0000,13.2557,1.0000,0.0000,0.0000,0.6667,0.1818
1079305f-65fb-473e-9658-e7251b0824be,cf9b7960-9d27-4554-a98d-f1fa9bb1a5ca,2.0000,11.8731,0.5000,2.0000,2.0000,0.6667,0.4375
1079305f-65fb-473e-9658-e7251b0824be,bf0dfd9e-5489-4b04-ae78-ba2facc60792,0.0000,17.0058,1.0000,0.0000,0.0000,0.6667,0.1818
1079305f-65fb-473e-9658-e7251b0824be,4f2e86c2-4b73-47fc-bf83-31eb686d4ad0,0.0000,11.3411,1.0000,0.0000,0.0000,0.6667,0.1429
1079305f-65fb-473e-9658-e7251b0824be,ddd56f00-e94c-4f73-bc24-d6538d02d76f,2.0000,10.4961,0.5000,2.0000,2.0000,0.6667,0.4000
1079305f-65fb-473e-9658-e7251b0824be,67351bd4-8ebd-4ac5-b552-24308cef799f,2.0000,11.1928,0.5000,2.0000,2.0000,0.6667,0.3571
1079305f-65fb-473e-9658-e7251b0824be,7d591389-70df-411c-93e7-2948d4c04738,0.0000,12.1638,1.0000,0.0000,0.0000,0.6667,0.1000
1079305f-65fb-473e-9658-e7251b0824be,91fd5a9f-0848-4551-a1a2-9689a4125830,0.0000,6.8441,1.0000,0.0000,0.0000,0.6667,0.3571
1079305f-65fb-473e-9658-e7251b0824be,ae6b3203-494b-4066-b0ba-b923b393bced,0.0000,12.8178,1.0000,0.0000,0.0000,0.6667,0.1818
1079305f-65fb-473e-9658-e7251b0824be,4b0f1708-0377-46ec-b3a4-cc53fe72fcc8,0.0000,15.8592,1.0000,0.0000,0.0000,0.0000,0.1818
1079305f-65fb-473e-9658-e7251b0824be,17101d7a-983e-469a-82f0-3dbd27b59660,2.0000,9.5617,0.5000,2.0000,2.0000,0.6667,0.3793
1079305f-65fb-473e-9658-e7251b0824be,6c2f7b68-d439-46b0-b6c2-111ae90e59be,2.0000,11.3470,0.5000,2.0000,2.0000,0.6667,0.3571
1079305f-65fb-473e-9658-e7251b0824be,b07b0e33-0c1e-489d-8b69-aa1b4ae8d2ad,0.0000,18.0308,1.0000,0.0000,0.0000,0.0000,0.0556
1079305f-65fb-473e-9658-e7251b0824be,cb93662e-0aed-4f56-9500-1e7f2e128287,2.0000,12.2324,0.5000,2.0000,2.0000,0.6667,0.3333
1079305f-65fb-473e-9658-e7251b0824be,5c581ce7-7a4b-4fd5-86a2-16c83a3a7b68,0.0000,10.4094,1.0000,0.0000,0.0000,0.6667,0.1429
1079305f-65fb-473e-9658-e7251b0824be,f2deb05a-d512-48f4-b641-59e526831230,0.0000,10.1296,1.0000,0.0000,0.0000,0.6667,0.0526
1079305f-65fb-473e-9658-e7251b0824be,2908d1db-866e-4631-a655-8ac0a0da0e28,2.0000,13.3982,0.5000,2.0000,2.0000,0.0000,0.4000
1079305f-65fb-473e-9658-e7251b0824be,4481c909-2f78-4205-8334-e27d27305642,2.0000,8.5598,0.5000,2.0000,2.0000,0.0000,0.3077
1079305f-65fb-473e-9658-e7251b0824be,d450f16e-59ec-490a-8ce7-7968e10dd065,2.0000,8.6700,0.5000,2.0000,2.0000,0.6667,0.3571
1079305f-65fb-473e-9658-e7251b0824be,51625cea-8af7-4dca-9b2d-17750e3831ea,0.0000,8.7584,1.0000,0.0000,0.0000,0.6667,0.1818
1079305f-65fb-473e-9658-e7251b0824be,bb080865-5184-4114-942e-0a1b314c8016,0.0000,5.5820,1.0000,0.0000,0.0000,0.6667,0.2174
1079305f-65fb-473e-9658-e7251b0824be,8b354a1d-b301-4cd1-b271-878ba45ed85f,0.0000,8.9389,1.0000,0.0000,0.0000,0.6667,0.1429
efdea335-b7fb-4a9f-b55c-05e6f649b42f,2a753e87-dc5b-4f7e-8441-59141fcc0cb2,2.0000,12.6671,0.5000,2.0000,2.0000,0.6667,0.1111
efdea335-b7fb-4a9f-b55c-05e6f649b42f,09ce3282-4e7d-43e3-aad0-d8ba479e152e,2.0000,8.7154,0.5000,2.0000,2.0000,0.0000,0.2222
efdea335-b7fb-4a9f-b55c-05e6f649b42f,130e102a-345e-41bc-8c2b-f9eddef31bd5,2.0000,11.7769,0.5000,2.0000,2.0000,0.0000,0.1111
efdea335-b7fb-4a9f-b55c-05e6f649b42f,9ded00ab-0866-4032-92bf-5dc8fdc4d243,0.0000,9.6155,1.0000,0.0000,0.0000,0.6667,0.1111
efdea335-b7fb-4a9f-b55c-05e6f649b42f,5d4d9a94-6aaa-4bbe-b639-a0eeb4e1c088,0.0000,5.6640,1.0000,0.0000,0.0000,0.6667,0.0357
efdea335-b7fb-4a9f-b55c-05e6f649b42f,a8c5b81e-599a-4ed1-901b-356d1fc94e84,2.0000,6.2433,0.5000,2.0000,2.0000,0.0000,0.2593
efdea335-b7fb-4a9f-b55c-05e6f649b42f,f19250f3-e0cf-4ebf-b106-1c75855eb8ed,2.0000,5.5623,0.5000,2.0000,2.0000,0.0000,0.1111
efdea335-b7fb-4a9f-b55c-05e6f649b42f,6482a7eb-8182-43d4-8df9-1ad15f5bbf5d,0.0000,8.7720,1.0000,0.0000,0.0000,0.0000,0.0741
efdea335-b7fb-4a9f-b55c-05e6f649b42f,5e5e895e-dd66-4fb6-a1d2-04f02c760fd8,2.0000,4.9178,0.5000,2.0000,2.0000,0.6667,0.1481
efdea335-b7fb-4a9f-b55c-05e6f649b42f,ff1bb715-41ad-4a24-a31e-499bba5e889a,2.0000,8.8543,0.5000,2.0000,2.0000,0.0000,0.1481
efdea335-b7fb-4a9f-b55c-05e6f649b42f,9fd672d7-152c-423e-af51-4b14f62db78f,2.0000,10.9811,0.5000,2.0000,2.0000,0.6667,0.2593
efdea335-b7fb-4a9f-b55c-05e6f649b42f,0c07cbfe-8089-4618-8ea2-9d49c5c7676f,0.0000,8.4015,1.0000,0.0000,0.0000,0.6667,0.0741
efdea335-b7fb-4a9f-b55c-05e6f649b42f,2db915b4-b287-4d07-8d78-0d79e2b715e6,2.0000,11.3726,0.5000,2.0000,2.0000,0.6667,0.2593
efdea335-b7fb-4a9f-b55c-05e6f649b42f,1041fa72-e598-4a46-9d90-bbdb1a8c8cfa,2.0000,11.9395,0.5000,2.0000,2.0000,0.6667,0.3333
efdea335-b7fb-4a9f-b55c-05e6f649b42f,e2678857-49ff-42d1-9649-47b147a8ed3e,0.0000,6.7908,1.0000,0.0000,0.0000,0.6667,0.0000
efdea335-b7fb-4a9f-b55c-05e6f649b42f,0b2085d3-0fbc-4351-845e-5d9bccda34e5,2.0000,9.7947,0.5000,2.0000,2.0000,0.6667,0.1481
efdea335-b7fb-4a9f-b55c-05e6f649b42f,0abcffc0-2fc7-4385-a82f-bbe80bfd51ae,2.0000,9.0089,0.5000,2.0000,2.0000,0.6667,0.1481
efdea335-b7fb-4a9f-b55c-05e6f649b42f,d54c73cc-cc77-415e-aeff-dd22604f13cf,2.0000,12.0767,0.5000,2.0000,2.0000,0.6667,0.2593
efdea335-b7fb-4a9f-b55c-05e6f649b42f,09bf266d-b272-4968-9251-ab34779e8344,2.0000,10.3190,0.5000,2.0000,2.0000,0.6667,0.0370
efdea335-b7fb-4a9f-b55c-05e6f649b42f,b336cd79-f2f6-4913-b922-d1061f5fb2e1,2.0000,9.8970,0.5000,2.0000,2.0000,0.6667,0.1481
efdea335-b7fb-4a9f-b55c-05e6f649b42f,c6e27378-0b9e-4d40-9dbf-057217176282,2.0000,9.8559,0.5000,2.0000,2.0000,0.6667,0.1481
efdea335-b7fb-4a9f-b55c-05e6f649b42f,d9267fd4-495d-4d11-843c-cedddfeddabf,2.0000,7.2683,0.5000,2.0000,2.0000,0.0000,0.2222
efdea335-b7fb-4a9f-b55c-05e6f649b42f,8dfa57b2-e8b0-4a9a-b5b6-86dc84f15e30,0.0000,5.1376,1.0000,0.0000,0.0000,0.6667,0.0357
efdea335-b7fb-4a9f-b55c-05e6f649b42f,d9fa51da-ab2b-411c-a41b-ce2b5c23473b,2.0000,11.3140,0.5000,2.0000,2.0000,0.6667,0.1481
efdea335-b7fb-4a9f-b55c-05e6f649b42f,4895c953-8e9a-4e62-b308-61d0f4106e69,2.0000,13.9780,0.5000,2.0000,2.0000,0.6667,0.1481
efdea335-b7fb-4a9f-b55c-05e6f649b42f,c95936f5-0096-4c43-a2a2-4cc7a9b26504,0.0000,8.3083,1.0000,0.0000,0.0000,0.6667,0.0741
efdea335-b7fb-4a9f-b55c-05e6f649b42f,535f130b-68ff-4463-83b0-d04785999fbb,2.0000,5.9959,0.5000,2.0000,2.0000,0.0000,0.2593
efdea335-b7fb-4a9f-b55c-05e6f649b42f,5c952de4-19c5-4324-b3f4-48b0c2169833,2.0000,11.7284,0.5000,2.0000,2.0000,0.6667,0.1481
efdea335-b7fb-4a9f-b55c-05e6f649b42f,ced92f16-312a-4b19-addf-523cfefee6c7,2.0000,11.5157,0.5000,2.0000,2.0000,0.6667,0.0370
efdea335-b7fb-4a9f-b55c-05e6f649b42f,a11c3bca-9343-4869-8c77-38e616536f5e,2.0000,7.9733,0.5000,2.0000,2.0000,0.6667,0.2593
efdea335-b7fb-4a9f-b55c-05e6f649b42f,110b5c81-0d3f-40bb-bc0d-cd4c327ce925,0.0000,7.9647,1.0000,0.0000,0.0000,0.0000,0.0000
efdea335-b7fb-4a9f-b55c-05e6f649b42f,80481175-af46-455a-8bef-0c682e4c0cb6,0.0000,9.6093,1.0000,0.0000,0.0000,0.6667,0.0000
efdea335-b7fb-4a9f-b55c-05e6f649b42f,422a1c98-ae36-47b0-8890-a8295b6cd85c,0.0000,10.2241,1.0000,0.0000,0.0000,0.0000,0.0741
efdea335-b7fb-4a9f-b55c-05e6f649b42f,51d9466b-1ba9-4646-8257-1d21cb2ed954,0.0000,5.4282,1.0000,0.0000,0.0000,0.6667,0.0000
efdea335-b7fb-4a9f-b55c-05e6f649b42f,03e8c72b-9c28-43b3-a50c-ba09195e3e3c,2.0000,7.4162,0.5000,2.0000,2.0000,0.0000,0.1852
efdea335-b7fb-4a9f-b55c-05e6f649b42f,cf9b7960-9d27-4554-a98d-f1fa9bb1a5ca,0.0000,10.7914,1.0000,0.0000,0.0000,0.0000,0.1563
efdea335-b7fb-4a9f-b55c-05e6f649b42f,bf0dfd9e-5489-4b04-ae78-ba2facc60792,2.0000,5.9878,0.5000,2.0000,2.0000,0.0000,0.1852
efdea335-b7fb-4a9f-b55c-05e6f649b42f,4f2e86c2-4b73-47fc-bf83-31eb686d4ad0,2.0000,10.3463,0.5000,2.0000,2.0000,0.0000,0.2222
efdea335-b7fb-4a9f-b55c-05e6f649b42f,ddd56f00-e94c-4f73-bc24-d6538d02d76f,0.0000,8.5384,1.0000,0.0000,0.0000,0.0000,0.1000
efdea335-b7fb-4a9f-b55c-05e6f649b42f,67351bd4-8ebd-4ac5-b552-24308cef799f,0.0000,9.0202,1.0000,0.0000,0.0000,0.6667,0.0357
efdea335-b7fb-4a9f-b55c-05e6f649b42f,7d591389-70df-411c-93e7-2948d4c04738,2.0000,12.0580,0.5000,2.0000,2.0000,0.6667,0.2593
efdea335-b7fb-4a9f-b55c-05e6f649b42f,91fd5a9f-0848-4551-a1a2-9689a4125830,2.0000,10.0396,0.5000,2.0000,2.0000,0.6667,0.0357
efdea335-b7fb-4a9f-b55c-05e6f649b42f,ae6b3203-494b-4066-b0ba-b923b393bced,2.0000,9.3839,0.5000,2.0000,2.0000,0.0000,0.1852
efdea335-b7fb-4a9f-b55c-05e6f649b42f,4b0f1708-0377-46ec-b3a4-cc53fe72fcc8,2.0000,12.6165,0.5000,2.0000,2.0000,0.6667,0.1852
efdea335-b7fb-4a9f-b55c-05e6f649b42f,17101d7a-983e-469a-82f0-3dbd27b59660,0.0000,10.9313,1.0000,0.0000,0.0000,0.6667,0.0690
efdea335-b7fb-4a9f-b55c-05e6f649b42f,6c2f7b68-d439-46b0-b6c2-111ae90e59be,0.0000,6.9215,1.0000,0.0000,0.0000,0.0000,0.0357
efdea335-b7fb-4a9f-b55c-05e6f649b42f,b07b0e33-0c1e-489d-8b69-aa1b4ae8d2ad,2.0000,11.5001,0.5000,2.0000,2.0000,0.6667,0.3704
efdea335-b7fb-4a9f-b55c-05e6f649b42f,cb93662e-0aed-4f56-9500-1e7f2e128287,0.0000,5.9304,1.0000,0.0000,0.0000,0.0000,0.0000
efdea335-b7fb-4a9f-b55c-05e6f649b42f,5c581ce7-7a4b-4fd5-86a2-16c83a3a7b68,2.0000,4.3586,0.5000,2.0000,2.0000,0.0000,0.2222
efdea335-b7fb-4a9f-b55c-05e6f649b42f,f2deb05a-d512-48f4-b641-59e526831230,2.0000,10.1192,0.5000,2.0000,2.0000,0.0000,0.2963
efdea335-b7fb-4a9f-b55c-05e6f649b42f,2908d1db-866e-4631-a655-8ac0a0da0e28,0.0000,3.7115,1.0000,0.0000,0.0000,0.6667,0.1000
efdea335-b7fb-4a9f-b55c-05e6f649b42f,4481c909-2f78-4205-8334-e27d27305642,0.0000,5.1706,1.0000,0.0000,0.0000,0.6667,0.0370
efdea335-b7fb-4a9f-b55c-05e6f649b42f,d450f16e-59ec-490a-8ce7-7968e10dd065,0.0000,7.2552,1.0000,0.0000,0.0000,0.0000,0.0357
efdea335-b7fb-4a9f-b55c-05e6f649b42f,51625cea-8af7-4dca-9b2d-17750e3831ea,2.0000,10.1184,0.5000,2.0000,2.0000,0.6667,0.1852
efdea335-b7fb-4a9f-b55c-05e6f649b42f,bb080865-5184-4114-942e-0a1b314c8016,2.0000,8.3614,0.5000,2.0000,2.0000,0.6667,0.1481
efdea335-b7fb-4a9f-b55c-05e6f649b42f,8b354a1d-b301-4cd1-b271-878ba45ed85f,2.0000,9.9609,0.5000,2.0000,2.0000,0.6667,0.2222
2a753e87-dc5b-4f7e-8441-59141fcc0cb2,09ce3282-4e7d-43e3-aad0-d8ba479e152e,0.0000,10.7672,1.0000,0.0000,0.0000,0.6667,0.1250
2a753e87-dc5b-4f7e-8441-59141fcc0cb2,130e102a-345e-41bc-8c2b-f9eddef31bd5,0.0000,9.9591,1.0000,0.0000,0.0000,0.6667,0.0000
2a753e87-dc5b-4f7e-8441-59141fcc0cb2,9ded00ab-0866-4032-92bf-5dc8fdc4d243,2.0000,7.5830,0.5000,2.0000,2.0000,0.6667,0.0000
2a753e87-dc5b-4f7e-8441-59141fcc0cb2,5d4d9a94-6aaa-4bbe-b639-a0eeb4e1c088,2.0000,10.4537,0.5000,2.0000,2.0000,0.6667,0.1429
2a753e87-dc5b-4f7e-8441-59141fcc0cb2,a8c5b81e-599a-4ed1-901b-356d1fc94e84,0.0000,16.1036,1.0000,0.0000,0.0000,0.6667,0.1667
2a753e87-dc5b-4f7e-8441-59141fcc0cb2,f19250f3-e0cf-4ebf-b106-1c75855eb8ed,0.0000,16.1760,1.0000,0.0000,0.0000,0.6667,0.0000
2a753e87-dc5b-4f7e-8441-59141fcc0cb2,6482a7eb-8182-43d4-8df9-1ad15f5bbf5d,2.0000,11.0376,0.5000,2.0000,2.0000,0.6667,0.0400
2a753e87-dc5b-4f7e-8441-59141fcc0cb2,5e5e895e-dd66-4fb6-a1d2-04f02c760fd8,0.0000,12.4379,1.0000,0.0000,0.0000,0.6667,0.0417
2a753e87-dc5b-4f7e-8441-59141fcc0cb2,ff1bb715-41ad-4a24-a31e-499bba5e889a,0.0000,9.5834,1.0000,0.0000,0.0000,0.6667,0.0417
2a753e87-dc5b-4f7e-8441-59141fcc0cb2,9fd672d7-152c-423e-af51-4b14f62db78f,0.0000,5.5363,1.0000,0.0000,0.0000,0.0000,0.1667
2a753e87-dc5b-4f7e-8441-59141fcc0cb2,0c07cbfe-8089-4618-8ea2-9d49c5c7676f,2.0000,7.6256,0.5000,2.0000,2.0000,0.6667,0.0400
2a753e87-dc5b-4f7e-8441-59141fcc0cb2,2db915b4-b287-4d07-8d78-0d79e2b715e6,0.0000,4.7879,1.0000,0.0000,0.0000,0.0000,0.1667
2a753e87-dc5b-4f7e-8441-59141fcc0cb2,1041fa72-e598-4a46-9d90-bbdb1a8c8cfa,0.0000,8.6364,1.0000,0.0000,0.0000,0.0000,0.2500
2a753e87-dc5b-4f7e-8441-59141fcc0cb2,e2678857-49ff-42d1-9649-47b147a8ed3e,2.0000,10.0226,0.5000,2.0000,2.0000,0.0000,0.1111
2a753e87-dc5b-4f7e-8441-59141fcc0cb2,0b2085d3-0fbc-4351-845e-5d9bccda34e5,0.0000,14.4405,1.0000,0.0000,0.0000,0.0000,0.0417
2a753e87-dc5b-4f7e-8441-59141fcc0cb2,0abcffc0-2fc7-4385-a82f-bbe80bfd51ae,0.0000,9.6214,1.0000,0.0000,0.0000,0.0000,0.0417
2a753e87-dc5b-4f7e-8441-59141fcc0cb2,d54c73cc-cc77-415e-aeff-dd22604f13cf,0.0000,8.1644,1.0000,0.0000,0.0000,0.0000,0.1667
2a753e87-dc5b-4f7e-8441-59141fcc0cb2,09bf266d-b272-4968-9251-ab34779e8344,0.0000,12.3765,1.0000,0.0000,0.0000,0.6667,0.0769
2a753e87-dc5b-4f7e-8441-59141fcc0cb2,b336cd79-f2f6-4913-b922-d1061f5fb2e1,0.0000,8.7239,1.0000,0.0000,0.0000,0.0000,0.0417
2a753e87-dc5b-4f7e-8441-59141fcc0cb2,c6e27378-0b9e-4d40-9dbf-057217176282,0.0000,10.4350,1.0000,0.0000,0.0000,0.0000,0.0417
2a753e87-dc5b-4f7e-8441-59141fcc0cb2,d9267fd4-495d-4d11-843c-cedddfeddabf,0.0000,12.6293,1.0000,0.0000,0.0000,0.6667,0.1250
2a753e87-dc5b-4f7e-8441-59141fcc0cb2,8dfa57b2-e8b0-4a9a-b5b6-86dc84f15e30,2.0000,12.4779,0.5000,2.0000,2.0000,0.6667,0.1429
2a753e87-dc5b-4f7e-8441-59141fcc0cb2,d9fa51da-ab2b-411c-a41b-ce2b5c23473b,0.0000,3.4444,1.0000,0.0000,0.0000,0.0000,0.0417
2a753e87-dc5b-4f7e-8441-59141fcc0cb2,4895c953-8e9a-4e62-b308-61d0f4106e69,0.0000,6.6447,1.0000,0.0000,0.0000,0.0000,0.0417
2a753e87-dc5b-4f7e-8441-59141fcc0cb2,c95936f5-0096-4c43-a2a2-4cc7a9b26504,2.0000,8.9431,0.5000,2.0000,2.0000,0.0000,0.0400
2a753e87-dc5b-4f7e-8441-59141fcc0cb2,535f130b-68ff-4463-83b0-d04785999fbb,0.0000,15.8851,1.0000,0.0000,0.0000,0.6667,0.1667
2a753e87-dc5b-4f7e-8441-59141fcc0cb2,5c952de4-19c5-4324-b3f4-48b0c2169833,0.0000,7.4771,1.0000,0.0000,0.0000,0.0000,0.0417
2a753e87-dc5b-4f7e-8441-59141fcc0cb2,ced92f16-312a-4b19-addf-523cfefee6c7,0.0000,3.4555,1.0000,0.0000,0.0000,0.0000,0.0769
2a753e87-dc5b-4f7e-8441-59141fcc0cb2,a11c3bca-9343-4869-8c77-38e616536f5e,0.0000,10.7996,1.0000,0.0000,0.0000,0.0000,0.1667
2a753e87-dc5b-4f7e-8441-59141fcc0cb2,110b5c81-0d3f-40bb-bc0d-cd4c327ce925,2.0000,10.1295,0.5000,2.0000,2.0000,0.6667,0.1111
2a753e87-dc5b-4f7e-8441-59141fcc0cb2,80481175-af46-455a-8bef-0c682e4c0cb6,2.0000,7.3830,0.5000,2.0000,2.0000,0.0000,0.1111
2a753e87-dc5b-4f7e-8441-59141fcc0cb2,422a1c98-ae36-47b0-8890-a8295b6cd85c,2.0000,7.4242,0.5000,2.0000,2.0000,0.6667,0.0400
2a753e87-dc5b-4f7e-8441-59141fcc0cb2,51d9466b-1ba9-4646-8257-1d21cb2ed954,2.0000,12.2188,0.5000,2.0000,2.0000,0.0000,0.1111
2a753e87-dc5b-4f7e-8441-59141fcc0cb2,03e8c72b-9c28-43b3-a50c-ba09195e3e3c,0.0000,9.8502,1.0000,0.0000,0.0000,0.6667,0.0833
2a753e87-dc5b-4f7e-8441-59141fcc0cb2,cf9b7960-9d27-4554-a98d-f1fa9bb1a5ca,2.0000,6.6949,0.5000,2.0000,2.0000,0.6667,0.2500
2a753e87-dc5b-4f7e-8441-59141fcc0cb2,bf0dfd9e-5489-4b04-ae78-ba2facc60792,0.0000,12.6843,1.0000,0.0000,0.0000,0.6667,0.0833
2a753e87-dc5b-4f7e-8441-59141fcc0cb2,4f2e86c2-4b73-47fc-bf83-31eb686d4ad0,0.0000,8.0059,1.0000,0.0000,0.0000,0.6667,0.1250
2a753e87-dc5b-4f7e-8441-59141fcc0cb2,ddd56f00-e94c-4f73-bc24-d6538d02d76f,2.0000,7.1009,0.5000,2.0000,2.0000,0.6667,0.2000
2a753e87-dc5b-4f7e-8441-59141fcc0cb2,67351bd4-8ebd-4ac5-b552-24308cef799f,2.0000,8.0083,0.5000,2.0000,2.0000,0.0000,0.1429
2a753e87-dc5b-4f7e-8441-59141fcc0cb2,7d591389-70df-411c-93e7-2948d4c04738,0.0000,3.2229,1.0000,0.0000,0.0000,0.0000,0.1667
2a753e87-dc5b-4f7e-8441-59141fcc0cb2,91fd5a9f-0848-4551-a1a2-9689a4125830,0.0000,8.8112,1.0000,0.0000,0.0000,0.0000,0.1429
2a753e87-dc5b-4f7e-8441-59141fcc0cb2,ae6b3203-494b-4066-b0ba-b923b393bced,0.0000,13.5026,1.0000,0.0000,0.0000,0.6667,0.0833
2a753e87-dc5b-4f7e-8441-59141fcc0cb2,4b0f1708-0377-46ec-b3a4-cc53fe72fcc8,0.0000,7.7179,1.0000,0.0000,0.0000,0.6667,0.0833
2a753e87-dc5b-4f7e-8441-59141fcc0cb2,17101d7a-983e-469a-82f0-3dbd27b59660,2.0000,6.7399,0.5000,2.0000,2.0000,0.0000,0.1724
2a753e87-dc5b-4f7e-8441-59141fcc0cb2,6c2f7b68-d439-46b0-b6c2-111ae90e59be,2.0000,11.4068,0.5000,2.0000,2.0000,0.6667,0.1429
2a753e87-dc5b-4f7e-8441-59141fcc0cb2,b07b0e33-0c1e-489d-8b69-aa1b4ae8d2ad,0.0000,10.0088,1.0000,0.0000,0.0000,0.6667,0.2917
2a753e87-dc5b-4f7e-8441-59141fcc0cb2,cb93662e-0aed-4f56-9500-1e7f2e128287,2.0000,10.4098,0.5000,2.0000,2.0000,0.6667,0.1111
2a753e87-dc5b-4f7e-8441-59141fcc0cb2,5c581ce7-7a4b-4fd5-86a2-16c83a3a7b68,0.0000,14.9519,1.0000,0.0000,0.0000,0.6667,0.1250
2a753e87-dc5b-4f7e-8441-59141fcc0cb2,f2deb05a-d512-48f4-b641-59e526831230,0.0000,10.7246,1.0000,0.0000,0.0000,0.6667,0.2083
2a753e87-dc5b-4f7e-8441-59141fcc0cb2,2908d1db-866e-4631-a655-8ac0a0da0e28,2.0000,13.1290,0.5000,2.0000,2.0000,0.6667,0.2000
2a753e87-dc5b-4f7e-8441-59141fcc0cb2,4481c909-2f78-4205-8334-e27d27305642,2.0000,12.6710,0.5000,2.0000,2.0000,0.6667,0.0769
2a753e87-dc5b-4f7e-8441-59141fcc0cb2,d450f16e-59ec-490a-8ce7-7968e10dd065,2.0000,7.4557,0.5000,2.0000,2.0000,0.6667,0.1429
2a753e87-dc5b-4f7e-8441-59141fcc0cb2,51625cea-8af7-4dca-9b2d-17750e3831ea,0.0000,10.6191,1.0000,0.0000,0.0000,0.0000,0.0833
2a753e87-dc5b-4f7e-8441-59141fcc0cb2,bb080865-5184-4114-942e-0a1b314c8016,0.0000,14.8553,1.0000,0.0000,0.0000,0.0000,0.0417
2a753e87-dc5b-4f7e-8441-59141fcc0cb2,8b354a1d-b301-4cd1-b271-878ba45ed85f,0.0000,10.6360,1.0000,0.0000,0.0000,0.0000,0.1250
09ce3282-4e7d-43e3-aad0-d8ba479e152e,130e102a-345e-41bc-8c2b-f9eddef31bd5,0.0000,6.7518,1.0000,0.0000,0.0000,0.0000,0.1250
09ce3282-4e7d-43e3-aad0-d8ba479e152e,9ded00ab-0866-4032-92bf-5dc8fdc4d243,2.0000,12.2151,0.5000,2.0000,2.0000,0.6667,0.1250
09ce3282-4e7d-43e3-aad0-d8ba479e152e,5d4d9a94-6aaa-4bbe-b639-a0eeb4e1c088,2.0000,8.1603,0.5000,2.0000,2.0000,0.6667,0.2500
09ce3282-4e7d-43e3-aad0-d8ba479e152e,a8c5b81e-599a-4ed1-901b-356d1fc94e84,0.0000,9.3330,1.0000,0.0000,0.0000,0.0000,0.0476
09ce3282-4e7d-43e3-aad0-d8ba479e152e,f19250f3-e0cf-4ebf-b106-1c75855eb8ed,0.0000,10.4197,1.0000,0.0000,0.0000,0.0000,0.1250
09ce3282-4e7d-43e3-aad0-d8ba479e152e,6482a7eb-8182-43d4-8df9-1ad15f5bbf5d,2.0000,5.3013,0.5000,2.0000,2.0000,0.0000,0.1600
09ce3282-4e7d-43e3-aad0-d8ba479e152e,5e5e895e-dd66-4fb6-a1d2-04f02c760fd8,0.0000,11.7128,1.0000,0.0000,0.0000,0.6667,0.0870
09ce3282-4e7d-43e3-aad0-d8ba479e152e,ff1bb715-41ad-4a24-a31e-499bba5e889a,0.0000,3.2867,1.0000,0.0000,0.0000,0.0000,0.0870
09ce3282-4e7d-43e3-aad0-d8ba479e152e,9fd672d7-152c-423e-af51-4b14f62db78f,0.0000,14.1637,1.0000,0.0000,0.0000,0.6667,0.0476
09ce3282-4e7d-43e3-aad0-d8ba479e152e,0c07cbfe-8089-4618-8ea2-9d49c5c7676f,2.0000,4.4564,0.5000,2.0000,2.0000,0.6667,0.1600
09ce3282-4e7d-43e3-aad0-d8ba479e152e,2db915b4-b287-4d07-8d78-0d79e2b715e6,0.0000,11.7775,1.0000,0.0000,0.0000,0.6667,0.0476
09ce3282-4e7d-43e3-aad0-d8ba479e152e,1041fa72-e598-4a46-9d90-bbdb1a8c8cfa,0.0000,15.9965,1.0000,0.0000,0.0000,0.6667,0.1429
09ce3282-4e7d-43e3-aad0-d8ba479e152e,e2678857-49ff-42d1-9649-47b147a8ed3e,2.0000,7.8122,0.5000,2.0000,2.0000,0.6667,0.2222
09ce3282-4e7d-43e3-aad0-d8ba479e152e,0b2085d3-0fbc-4351-845e-5d9bccda34e5,0.0000,6.7674,1.0000,0.0000,0.0000,0.6667,0.0870
09ce3282-4e7d-43e3-aad0-d8ba479e152e,0abcffc0-2fc7-4385-a82f-bbe80bfd51ae,0.0000,8.0227,1.0000,0.0000,0.0000,0.6667,0.0870
09ce3282-4e7d-43e3-aad0-d8ba479e152e,d54c73cc-cc77-415e-aeff-dd22604f13cf,0.0000,11.7378,1.0000,0.0000,0.0000,0.6667,0.0476
09ce3282-4e7d-43e3-aad0-d8ba479e152e,09bf266d-b272-4968-9251-ab34779e8344,0.0000,8.4789,1.0000,0.0000,0.0000,0.6667,0.1923
09ce3282-4e7d-43e3-aad0-d8ba479e152e,b336cd79-f2f6-4913-b922-d1061f5fb2e1,0.0000,9.9149,1.0000,0.0000,0.0000,0.6667,0.0870
09ce3282-4e7d-43e3-aad0-d8ba479e152e,c6e27378-0b9e-4d40-9dbf-057217176282,0.0000,9.0898,1.0000,0.0000,0.0000,0.6667,0.0870
09ce3282-4e7d-43e3-aad0-d8ba479e152e,d9267fd4-495d-4d11-843c-cedddfeddabf,0.0000,3.2127,1.0000,0.0000,0.0000,0.0000,0.0000
09ce3282-4e7d-43e3-aad0-d8ba479e152e,8dfa57b2-e8b0-4a9a-b5b6-86dc84f15e30,2.0000,8.9364,0.5000,2.0000,2.0000,0.6667,0.2500
09ce3282-4e7d-43e3-aad0-d8ba479e152e,d9fa51da-ab2b-411c-a41b-ce2b5c23473b,0.0000,12.9094,1.0000,0.0000,0.0000,0.6667,0.0870
09ce3282-4e7d-43e3-aad0-d8ba479e152e,4895c953-8e9a-4e62-b308-61d0f4106e69,0.0000,10.4034,1.0000,0.0000,0.0000,0.6667,0.0870
09ce3282-4e7d-43e3-aad0-d8ba479e152e,c95936f5-0096-4c43-a2a2-4cc7a9b26504,2.0000,10.3032,0.5000,2.0000,2.0000,0.6667,0.1600
09ce3282-4e7d-43e3-aad0-d8ba479e152e,535f130b-68ff-4463-83b0-d04785999fbb,0.0000,8.8598,1.0000,0.0000,0.0000,0.0000,0.0476
09ce3282-4e7d-43e3-aad0-d8ba479e152e,5c952de4-19c5-4324-b3f4-48b0c2169833,0.0000,8.5077,1.0000,0.0000,0.0000,0.6667,0.0870
09ce3282-4e7d-43e3-aad0-d8ba479e152e,ced92f16-312a-4b19-addf-523cfefee6c7,0.0000,13.1166,1.0000,0.0000,0.0000,0.6667,0.1923
09ce3282-4e7d-43e3-aad0-d8ba479e152e,a11c3bca-9343-4869-8c77-38e616536f5e,0.0000,9.6670,1.0000,0.0000,0.0000,0.6667,0.0476
09ce3282-4e7d-43e3-aad0-d8ba479e152e,110b5c81-0d3f-40bb-bc0d-cd4c327ce925,2.0000,11.0042,0.5000,2.0000,2.0000,0.0000,0.2222
09ce3282-4e7d-43e3-aad0-d8ba479e152e,80481175-af46-455a-8bef-0c682e4c0cb6,2.0000,12.1500,0.5000,2.0000,2.0000,0.6667,0.2222
09ce3282-4e7d-43e3-aad0-d8ba479e152e,422a1c98-ae36-47b0-8890-a8295b6cd85c,2.0000,8.8624,0.5000,2.0000,2.0000,0.0000,0.1600
09ce3282-4e7d-43e3-aad0-d8ba479e152e,51d9466b-1ba9-4646-8257-1d21cb2ed954,2.0000,6.2999,0.5000,2.0000,2.0000,0.6667,0.2222
09ce3282-4e7d-43e3-aad0-d8ba479e152e,03e8c72b-9c28-43b3-a50c-ba09195e3e3c,0.0000,8.4679,1.0000,0.0000,0.0000,0.0000,0.0455
09ce3282-4e7d-43e3-aad0-d8ba479e152e,cf9b7960-9d27-4554-a98d-f1fa9bb1a5ca,2.0000,11.4010,0.5000,2.0000,2.0000,0.0000,0.3438
09ce3282-4e7d-43e3-aad0-d8ba479e152e,bf0dfd9e-5489-4b04-ae78-ba2facc60792,0.0000,12.2256,1.0000,0.0000,0.0000,0.0000,0.0455
09ce3282-4e7d-43e3-aad0-d8ba479e152e,4f2e86c2-4b73-47fc-bf83-31eb686d4ad0,0.0000,9.2435,1.0000,0.0000,0.0000,0.0000,0.0000
09ce3282-4e7d-43e3-aad0-d8ba479e152e,ddd56f00-e94c-4f73-bc24-d6538d02d76f,2.0000,9.3738,0.5000,2.0000,2.0000,0.0000,0.3000
09ce3282-4e7d-43e3-aad0-d8ba479e152e,67351bd4-8ebd-4ac5-b552-24308cef799f,2.0000,8.9493,0.5000,2.0000,2.0000,0.6667,0.2500
09ce3282-4e7d-43e3-aad0-d8ba479e152e,7d591389-70df-411c-93e7-2948d4c04738,0.0000,12.1638,1.0000,0.0000,0.0000,0.6667,0.0476
09ce3282-4e7d-43e3-aad0-d8ba479e152e,91fd5a9f-0848-4551-a1a2-9689a4125830,0.0000,8.9275,1.0000,0.0000,0.0000,0.6667,0.2500
09ce3282-4e7d-43e3-aad0-d8ba479e152e,ae6b3203-494b-4066-b0ba-b923b393bced,0.0000,7.4615,1.0000,0.0000,0.0000,0.0000,0.0455
09ce3282-4e7d-43e3-aad0-d8ba479e152e,4b0f1708-0377-46ec-b3a4-cc53fe72fcc8,0.0000,13.7735,1.0000,0.0000,0.0000,0.6667,0.0455
09ce3282-4e7d-43e3-aad0-d8ba479e152e,17101d7a-983e-469a-82f0-3dbd27b59660,2.0000,10.4665,0.5000,2.0000,2.0000,0.6667,0.2759
09ce3282-4e7d-43e3-aad0-d8ba479e152e,6c2f7b68-d439-46b0-b6c2-111ae90e59be,2.0000,5.7391,0.5000,2.0000,2.0000,0.0000,0.2500
09ce3282-4e7d-43e3-aad0-d8ba479e152e,b07b0e33-0c1e-489d-8b69-aa1b4ae8d2ad,0.0000,15.8369,1.0000,0.0000,0.0000,0.6667,0.1905
09ce3282-4e7d-43e3-aad0-d8ba479e152e,cb93662e-0aed-4f56-9500-1e7f2e128287,2.0000,9.0402,0.5000,2.0000,2.0000,0.0000,0.2222
09ce3282-4e7d-43e3-aad0-d8ba479e152e,5c581ce7-7a4b-4fd5-86a2-16c83a3a7b68,0.0000,5.6629,1.0000,0.0000,0.0000,0.0000,0.0000
09ce3282-4e7d-43e3-aad0-d8ba479e152e,f2deb05a-d512-48f4-b641-59e526831230,0.0000,7.5943,1.0000,0.0000,0.0000,0.0000,0.0952
09ce3282-4e7d-43e3-aad0-d8ba479e152e,2908d1db-866e-4631-a655-8ac0a0da0e28,2.0000,8.5320,0.5000,2.0000,2.0000,0.6667,0.3000
09ce3282-4e7d-43e3-aad0-d8ba479e152e,4481c909-2f78-4205-8334-e27d27305642,2.0000,6.6686,0.5000,2.0000,2.0000,0.6667,0.1923
09ce3282-4e7d-43e3-aad0-d8ba479e152e,d450f16e-59ec-490a-8ce7-7968e10dd065,2.0000,9.4074,0.5000,2.0000,2.0000,0.0000,0.2500
09ce3282-4e7d-43e3-aad0-d8ba479e152e,51625cea-8af7-4dca-9b2d-17750e3831ea,0.0000,8.6538,1.0000,0.0000,0.0000,0.6667,0.0455
09ce3282-4e7d-43e3-aad0-d8ba479e152e,bb080865-5184-4114-942e-0a1b314c8016,0.0000,8.6012,1.0000,0.0000,0.0000,0.6667,0.0870
09ce3282-4e7d-43e3-aad0-d8ba479e152e,8b354a1d-b301-4cd1-b271-878ba45ed85f,0.0000,8.9448,1.0000,0.0000,0.0000,0.6667,0.0000
130e102a-345e-41bc-8c2b-f9eddef31bd5,9ded00ab-0866-4032-92bf-5dc8fdc4d243,2.0000,14.1771,0.5000,2.0000,2.0000,0.6667,0.0000
130e102a-345e-41bc-8c2b-f9eddef31bd5,5d4d9a94-6aaa-4bbe-b639-a0eeb4e1c088,2.0000,10.2911,0.5000,2.0000,2.0000,0.6667,0.1429
130e102a-345e-41bc-8c2b-f9eddef31bd5,a8c5b81e-599a-4ed1-901b-356d1fc94e84,0.0000,15.1872,1.0000,0.0000,0.0000,0.0000,0.1667
130e102a-345e-41bc-8c2b-f9eddef31bd5,f19250f3-e0cf-4ebf-b106-1c75855eb8ed,0.0000,15.8502,1.0000,0.0000,0.0000,0.0000,0.0000
130e102a-345e-41bc-8c2b-f9eddef31bd5,6482a7eb-8182-43d4-8df9-1ad15f5bbf5d,2.0000,9.6988,0.5000,2.0000,2.0000,0.0000,0.0400
130e102a-345e-41bc-8c2b-f9eddef31bd5,5e5e895e-dd66-4fb6-a1d2-04f02c760fd8,0.0000,16.4444,1.0000,0.0000,0.0000,0.6667,0.0417
130e102a-345e-41bc-8c2b-f9eddef31bd5,ff1bb715-41ad-4a24-a31e-499bba5e889a,0.0000,5.6694,1.0000,0.0000,0.0000,0.0000,0.0417
130e102a-345e-41bc-8c2b-f9eddef31bd5,9fd672d7-152c-423e-af51-4b14f62db78f,0.0000,14.7461,1.0000,0.0000,0.0000,0.6667,0.1667
130e102a-345e-41bc-8c2b-f9eddef31bd5,0c07cbfe-8089-4618-8ea2-9d49c5c7676f,2.0000,3.3945,0.5000,2.0000,2.0000,0.6667,0.0400
130e102a-345e-41bc-8c2b-f9eddef31bd5,2db915b4-b287-4d07-8d78-0d79e2b715e6,0.0000,14.3524,1.0000,0.0000,0.0000,0.6667,0.1667
130e102a-345e-41bc-8c2b-f9eddef31bd5,1041fa72-e598-4a46-9d90-bbdb1a8c8cfa,0.0000,13.1758,1.0000,0.0000,0.0000,0.6667,0.2500
130e102a-345e-41bc-8c2b-f9eddef31bd5,e2678857-49ff-42d1-9649-47b147a8ed3e,2.0000,13.3180,0.5000,2.0000,2.0000,0.6667,0.1111
130e102a-345e-41bc-8c2b-f9eddef31bd5,0b2085d3-0fbc-4351-845e-5d9bccda34e5,0.0000,5.5695,1.0000,0.0000,0.0000,0.6667,0.0417
130e102a-345e-41bc-8c2b-f9eddef31bd5,0abcffc0-2fc7-4385-a82f-bbe80bfd51ae,0.0000,7.1623,1.0000,0.0000,0.0000,0.6667,0.0417
130e102a-345e-41bc-8c2b-f9eddef31bd5,d54c73cc-cc77-415e-aeff-dd22604f13cf,0.0000,11.8840,1.0000,0.0000,0.0000,0.6667,0.1667
130e102a-345e-41bc-8c2b-f9eddef31bd5,09bf266d-b272-4968-9251-ab34779e8344,0.0000,3.5395,1.0000,0.0000,0.0000,0.6667,0.0769
130e102a-345e-41bc-8c2b-f9eddef31bd5,b336cd79-f2f6-4913-b922-d1061f5fb2e1,0.0000,6.5390,1.0000,0.0000,0.0000,0.6667,0.0417
130e102a-345e-41bc-8c2b-f9eddef31bd5,c6e27378-0b9e-4d40-9dbf-057217176282,0.0000,9.2673,1.0000,0.0000,0.0000,0.6667,0.0417
130e102a-345e-41bc-8c2b-f9eddef31bd5,d9267fd4-495d-4d11-843c-cedddfeddabf,0.0000,8.8257,1.0000,0.0000,0.0000,0.0000,0.1250
130e102a-345e-41bc-8c2b-f9eddef31bd5,8dfa57b2-e8b0-4a9a-b5b6-86dc84f15e30,2.0000,10.4250,0.5000,2.0000,2.0000,0.6667,0.1429
130e102a-345e-41bc-8c2b-f9eddef31bd5,d9fa51da-ab2b-411c-a41b-ce2b5c23473b,0.0000,12.3168,1.0000,0.0000,0.0000,0.6667,0.0417
130e102a-345e-41bc-8c2b-f9eddef31bd5,4895c953-8e9a-4e62-b308-61d0f4106e69,0.0000,10.8569,1.0000,0.0000,0.0000,0.6667,0.0417
130e102a-345e-41bc-8c2b-f9eddef31bd5,c95936f5-0096-4c43-a2a2-4cc7a9b26504,2.0000,10.6825,0.5000,2.0000,2.0000,0.6667,0.0400
130e102a-345e-41bc-8c2b-f9eddef31bd5,535f130b-68ff-4463-83b0-d04785999fbb,0.0000,14.8249,1.0000,0.0000,0.0000,0.0000,0.1667
130e102a-345e-41bc-8c2b-f9eddef31bd5,5c952de4-19c5-4324-b3f4-48b0c2169833,0.0000,4.2656,1.0000,0.0000,0.0000,0.6667,0.0417
130e102a-345e-41bc-8c2b-f9eddef31bd5,ced92f16-312a-4b19-addf-523cfefee6c7,0.0000,12.5711,1.0000,0.0000,0.0000,0.6667,0.0769
130e102a-345e-41bc-8c2b-f9eddef31bd5,a11c3bca-9343-4869-8c77-38e616536f5e,0.0000,9.7875,1.0000,0.0000,0.0000,0.6667,0.1667
130e102a-345e-41bc-8c2b-f9eddef31bd5,110b5c81-0d3f-40bb-bc0d-cd4c327ce925,2.0000,13.9140,0.5000,2.0000,2.0000,0.0000,0.1111
130e102a-345e-41bc-8c2b-f9eddef31bd5,80481175-af46-455a-8bef-0c682e4c0cb6,2.0000,11.5920,0.5000,2.0000,2.0000,0.6667,0.1111
130e102a-345e-41bc-8c2b-f9eddef31bd5,422a1c98-ae36-47b0-8890-a8295b6cd85c,2.0000,9.1677,0.5000,2.0000,2.0000,0.0000,0.0400
130e102a-345e-41bc-8c2b-f9eddef31bd5,51d9466b-1ba9-4646-8257-1d21cb2ed954,2.0000,8.7572,0.5000,2.0000,2.0000,0.6667,0.1111
130e102a-345e-41bc-8c2b-f9eddef31bd5,03e8c72b-9c28-43b3-a50c-ba09195e3e3c,0.0000,13.3725,1.0000,0.0000,0.0000,0.0000,0.0833
130e102a-345e-41bc-8c2b-f9eddef31bd5,cf9b7960-9d27-4554-a98d-f1fa9bb1a5ca,2.0000,11.7098,0.5000,2.0000,2.0000,0.0000,0.2500
130e102a-345e-41bc-8c2b-f9eddef31bd5,bf0dfd9e-5489-4b04-ae78-ba2facc60792,0.0000,17.2094,1.0000,0.0000,0.0000,0.0000,0.0833
130e102a-345e-41bc-8c2b-f9eddef31bd5,4f2e86c2-4b73-47fc-bf83-31eb686d4ad0,0.0000,11.4170,1.0000,0.0000,0.0000,0.0000,0.1250
130e102a-345e-41bc-8c2b-f9eddef31bd5,ddd56f00-e94c-4f73-bc24-d6538d02d76f,2.0000,10.6444,0.5000,2.0000,2.0000,0.0000,0.2000
130e102a-345e-41bc-8c2b-f9eddef31bd5,67351bd4-8ebd-4ac5-b552-24308cef799f,2.0000,11.3810,0.5000,2.0000,2.0000,0.6667,0.1429
130e102a-345e-41bc-8c2b-f9eddef31bd5,7d591389-70df-411c-93e7-2948d4c04738,0.0000,12.2140,1.0000,0.0000,0.0000,0.6667,0.1667
130e102a-345e-41bc-8c2b-f9eddef31bd5,91fd5a9f-0848-4551-a1a2-9689a4125830,0.0000,6.6428,1.0000,0.0000,0.0000,0.6667,0.1429
130e102a-345e-41bc-8c2b-f9eddef31bd5,ae6b3203-494b-4066-b0ba-b923b393bced,0.0000,13.2550,1.0000,0.0000,0.0000,0.0000,0.0833
130e102a-345e-41bc-8c2b-f9eddef31bd5,4b0f1708-0377-46ec-b3a4-cc53fe72fcc8,0.0000,15.9524,1.0000,0.0000,0.0000,0.6667,0.0833
130e102a-345e-41bc-8c2b-f9eddef31bd5,17101d7a-983e-469a-82f0-3dbd27b59660,2.0000,9.3663,0.5000,2.0000,2.0000,0.6667,0.1724
130e102a-345e-41bc-8c2b-f9eddef31bd5,6c2f7b68-d439-46b0-b6c2-111ae90e59be,2.0000,11.7425,0.5000,2.0000,2.0000,0.0000,0.1429
130e102a-345e-41bc-8c2b-f9eddef31bd5,b07b0e33-0c1e-489d-8b69-aa1b4ae8d2ad,0.0000,18.1640,1.0000,0.0000,0.0000,0.6667,0.2917
130e102a-345e-41bc-8c2b-f9eddef31bd5,cb93662e-0aed-4f56-9500-1e7f2e128287,2.0000,12.5488,0.5000,2.0000,2.0000,0.0000,0.1111
130e102a-345e-41bc-8c2b-f9eddef31bd5,5c581ce7-7a4b-4fd5-86a2-16c83a3a7b68,0.0000,10.5710,1.0000,0.0000,0.0000,0.0000,0.1250
130e102a-345e-41bc-8c2b-f9eddef31bd5,f2deb05a-d512-48f4-b641-59e526831230,0.0000,10.3436,1.0000,0.0000,0.0000,0.0000,0.2083
130e102a-345e-41bc-8c2b-f9eddef31bd5,2908d1db-866e-4631-a655-8ac0a0da0e28,2.0000,13.6168,0.5000,2.0000,2.0000,0.6667,0.2000
130e102a-345e-41bc-8c2b-f9eddef31bd5,4481c909-2f78-4205-8334-e27d27305642,2.0000,8.6726,0.5000,2.0000,2.0000,0.6667,0.0769
130e102a-345e-41bc-8c2b-f9eddef31bd5,d450f16e-59ec-490a-8ce7-7968e10dd065,2.0000,8.6549,0.5000,2.0000,2.0000,0.0000,0.1429
130e102a-345e-41bc-8c2b-f9eddef31bd5,51625cea-8af7-4dca-9b2d-17750e3831ea,0.0000,8.9934,1.0000,0.0000,0.0000,0.6667,0.0833
130e102a-345e-41bc-8c2b-f9eddef31bd5,bb080865-5184-4114-942e-0a1b314c8016,0.0000,6.1209,1.0000,0.0000,0.0000,0.6667,0.0417
130e102a-345e-41bc-8c2b-f9eddef31bd5,8b354a1d-b301-4cd1-b271-878ba45ed85f,0.0000,8.9972,1.0000,0.0000,0.0000,0.6667,0.1250
9ded00ab-0866-4032-92bf-5dc8fdc4d243,5d4d9a94-6aaa-4bbe-b639-a0eeb4e1c088,0.0000,11.3508,1.0000,0.0000,0.0000,0.0000,0.1429
9ded00ab-0866-4032-92bf-5dc8fdc4d243,a8c5b81e-599a-4ed1-901b-356d1fc94e84,2.0000,12.5074,0.5000,2.0000,2.0000,0.6667,0.1667
9ded00ab-0866-4032-92bf-5dc8fdc4d243,f19250f3-e0cf-4ebf-b106-1c75855eb8ed,2.0000,11.9667,0.5000,2.0000,2.0000,0.6667,0.0000
9ded00ab-0866-4032-92bf-5dc8fdc4d243,6482a7eb-8182-43d4-8df9-1ad15f5bbf5d,0.0000,8.6088,1.0000,0.0000,0.0000,0.6667,0.0400
9ded00ab-0866-4032-92bf-5dc8fdc4d243,5e5e895e-dd66-4fb6-a1d2-04f02c760fd8,2.0000,8.0657,0.5000,2.0000,2.0000,0.0000,0.0417
9ded00ab-0866-4032-92bf-5dc8fdc4d243,ff1bb715-41ad-4a24-a31e-499bba5e889a,2.0000,11.3171,0.5000,2.0000,2.0000,0.6667,0.0417
9ded00ab-0866-4032-92bf-5dc8fdc4d243,9fd672d7-152c-423e-af51-4b14f62db78f,2.0000,4.4144,0.5000,2.0000,2.0000,0.6667,0.1667
9ded00ab-0866-4032-92bf-5dc8fdc4d243,0c07cbfe-8089-4618-8ea2-9d49c5c7676f,0.0000,11.1811,1.0000,0.0000,0.0000,0.0000,0.0400
9ded00ab-0866-4032-92bf-5dc8fdc4d243,2db915b4-b287-4d07-8d78-0d79e2b715e6,2.0000,9.2308,0.5000,2.0000,2.0000,0.6667,0.1667
9ded00ab-0866-4032-92bf-5dc8fdc4d243,1041fa72-e598-4a46-9d90-bbdb1a8c8cfa,2.0000,12.6691,0.5000,2.0000,2.0000,0.6667,0.2500
9ded00ab-0866-4032-92bf-5dc8fdc4d243,e2678857-49ff-42d1-9649-47b147a8ed3e,0.0000,8.3904,1.0000,0.0000,0.0000,0.6667,0.1111
9ded00ab-0866-4032-92bf-5dc8fdc4d243,0b2085d3-0fbc-4351-845e-5d9bccda34e5,2.0000,16.1673,0.5000,2.0000,2.0000,0.6667,0.0417
9ded00ab-0866-4032-92bf-5dc8fdc4d243,0abcffc0-2fc7-4385-a82f-bbe80bfd51ae,2.0000,11.5270,0.5000,2.0000,2.0000,0.6667,0.0417
9ded00ab-0866-4032-92bf-5dc8fdc4d243,d54c73cc-cc77-415e-aeff-dd22604f13cf,2.0000,13.0020,0.5000,2.0000,2.0000,0.6667,0.1667
9ded00ab-0866-4032-92bf-5dc8fdc4d243,09bf266d-b272-4968-9251-ab34779e8344,2.0000,15.0405,0.5000,2.0000,2.0000,0.0000,0.0769
9ded00ab-0866-4032-92bf-5dc8fdc4d243,b336cd79-f2f6-4913-b922-d1061f5fb2e1,2.0000,12.4452,0.5000,2.0000,2.0000,0.6667,0.0417
9ded00ab-0866-4032-92bf-5dc8fdc4d243,c6e27378-0b9e-4d40-9dbf-057217176282,2.0000,13.4755,0.5000,2.0000,2.0000,0.6667,0.0417
9ded00ab-0866-4032-92bf-5dc8fdc4d243,d9267fd4-495d-4d11-843c-cedddfeddabf,2.0000,13.2505,0.5000,2.0000,2.0000,0.6667,0.1250
9ded00ab-0866-4032-92bf-5dc8fdc4d243,8dfa57b2-e8b0-4a9a-b5b6-86dc84f15e30,0.0000,7.2101,1.0000,0.0000,0.0000,0.0000,0.1429
9ded00ab-0866-4032-92bf-5dc8fdc4d243,d9fa51da-ab2b-411c-a41b-ce2b5c23473b,2.0000,5.3647,0.5000,2.0000,2.0000,0.6667,0.0417
9ded00ab-0866-4032-92bf-5dc8fdc4d243,4895c953-8e9a-4e62-b308-61d0f4106e69,2.0000,12.5432,0.5000,2.0000,2.0000,0.6667,0.0417
9ded00ab-0866-4032-92bf-5dc8fdc4d243,c95936f5-0096-4c43-a2a2-4cc7a9b26504,0.0000,9.2868,1.0000,0.0000,0.0000,0.6667,0.0400
9ded00ab-0866-4032-92bf-5dc8fdc4d243,535f130b-68ff-4463-83b0-d04785999fbb,2.0000,12.4858,0.5000,2.0000,2.0000,0.6667,0.1667
9ded00ab-0866-4032-92bf-5dc8fdc4d243,5c952de4-19c5-4324-b3f4-48b0c2169833,2.0000,12.2785,0.5000,2.0000,2.0000,0.6667,0.0417
9ded00ab-0866-4032-92bf-5dc8fdc4d243,ced92f16-312a-4b19-addf-523cfefee6c7,2.0000,5.3715,0.5000,2.0000,2.0000,0.6667,0.0769
9ded00ab-0866-4032-92bf-5dc8fdc4d243,a11c3bca-9343-4869-8c77-38e616536f5e,2.0000,12.7199,0.5000,2.0000,2.0000,0.6667,0.1667
9ded00ab-0866-4032-92bf-5dc8fdc4d243,110b5c81-0d3f-40bb-bc0d-cd4c327ce925,0.0000,7.1986,1.0000,0.0000,0.0000,0.6667,0.1111
9ded00ab-0866-4032-92bf-5dc8fdc4d243,80481175-af46-455a-8bef-0c682e4c0cb6,0.0000,5.3269,1.0000,0.0000,0.0000,0.6667,0.1111
9ded00ab-0866-4032-92bf-5dc8fdc4d243,422a1c98-ae36-47b0-8890-a8295b6cd85c,0.0000,7.1881,1.0000,0.0000,0.0000,0.6667,0.0400
9ded00ab-0866-4032-92bf-5dc8fdc4d243,51d9466b-1ba9-4646-8257-1d21cb2ed954,0.0000,11.9524,1.0000,0.0000,0.0000,0.6667,0.1111
9ded00ab-0866-4032-92bf-5dc8fdc4d243,03e8c72b-9c28-43b3-a50c-ba09195e3e3c,2.0000,7.1833,0.5000,2.0000,2.0000,0.6667,0.0833
9ded00ab-0866-4032-92bf-5dc8fdc4d243,cf9b7960-9d27-4554-a98d-f1fa9bb1a5ca,0.0000,3.9300,1.0000,0.0000,0.0000,0.6667,0.2500
9ded00ab-0866-4032-92bf-5dc8fdc4d243,bf0dfd9e-5489-4b04-ae78-ba2facc60792,2.0000,8.3346,0.5000,2.0000,2.0000,0.6667,0.0833
9ded00ab-0866-4032-92bf-5dc8fdc4d243,4f2e86c2-4b73-47fc-bf83-31eb686d4ad0,2.0000,8.2785,0.5000,2.0000,2.0000,0.6667,0.1250
9ded00ab-0866-4032-92bf-5dc8fdc4d243,ddd56f00-e94c-4f73-bc24-d6538d02d76f,0.0000,9.0291,1.0000,0.0000,0.0000,0.6667,0.2000
9ded00ab-0866-4032-92bf-5dc8fdc4d243,67351bd4-8ebd-4ac5-b552-24308cef799f,0.0000,6.1312,1.0000,0.0000,0.0000,0.6667,0.1429
9ded00ab-0866-4032-92bf-5dc8fdc4d243,7d591389-70df-411c-93e7-2948d4c04738,2.0000,6.2337,0.5000,2.0000,2.0000,0.6667,0.1667
9ded00ab-0866-4032-92bf-5dc8fdc4d243,91fd5a9f-0848-4551-a1a2-9689a4125830,2.0000,9.5264,0.5000,2.0000,2.0000,0.6667,0.1429
9ded00ab-0866-4032-92bf-5dc8fdc4d243,ae6b3203-494b-4066-b0ba-b923b393bced,2.0000,13.4765,0.5000,2.0000,2.0000,0.6667,0.0833
9ded00ab-0866-4032-92bf-5dc8fdc4d243,4b0f1708-0377-46ec-b3a4-cc53fe72fcc8,2.0000,6.3646,0.5000,2.0000,2.0000,0.0000,0.0833
9ded00ab-0866-4032-92bf-5dc8fdc4d243,17101d7a-983e-469a-82f0-3dbd27b59660,0.0000,7.6502,1.0000,0.0000,0.0000,0.6667,0.1724
9ded00ab-0866-4032-92bf-5dc8fdc4d243,6c2f7b68-d439-46b0-b6c2-111ae90e59be,0.0000,11.2537,1.0000,0.0000,0.0000,0.6667,0.1429
9ded00ab-0866-4032-92bf-5dc8fdc4d243,b07b0e33-0c1e-489d-8b69-aa1b4ae8d2ad,2.0000,7.5573,0.5000,2.0000,2.0000,0.0000,0.2917
9ded00ab-0866-4032-92bf-5dc8fdc4d243,cb93662e-0aed-4f56-9500-1e7f2e128287,0.0000,10.9057,1.0000,0.0000,0.0000,0.6667,0.1111
9ded00ab-0866-4032-92bf-5dc8fdc4d243,5c581ce7-7a4b-4fd5-86a2-16c83a3a7b68,2.0000,12.0786,0.5000,2.0000,2.0000,0.6667,0.1250
9ded00ab-0866-4032-92bf-5dc8fdc4d243,f2deb05a-d512-48f4-b641-59e526831230,2.0000,11.6495,0.5000,2.0000,2.0000,0.6667,0.2083
9ded00ab-0866-4032-92bf-5dc8fdc4d243,2908d1db-866e-4631-a655-8ac0a0da0e28,0.0000,9.5642,1.0000,0.0000,0.0000,0.0000,0.2000
9ded00ab-0866-4032-92bf-5dc8fdc4d243,4481c909-2f78-4205-8334-e27d27305642,0.0000,9.1571,1.0000,0.0000,0.0000,0.0000,0.0769
9ded00ab-0866-4032-92bf-5dc8fdc4d243,d450f16e-59ec-490a-8ce7-7968e10dd065,0.0000,6.2099,1.0000,0.0000,0.0000,0.6667,0.1429
9ded00ab-0866-4032-92bf-5dc8fdc4d243,51625cea-8af7-4dca-9b2d-17750e3831ea,2.0000,13.9819,0.5000,2.0000,2.0000,0.6667,0.0833
9ded00ab-0866-4032-92bf-5dc8fdc4d243,bb080865-5184-4114-942e-0a1b314c8016,2.0000,14.9060,0.5000,2.0000,2.0000,0.6667,0.0417
9ded00ab-0866-4032-92bf-5dc8fdc4d243,8b354a1d-b301-4cd1-b271-878ba45ed85f,2.0000,13.7134,0.5000,2.0000,2.0000,0.6667,0.1250
5d4d9a94-6aaa-4bbe-b639-a0eeb4e1c088,a8c5b81e-599a-4ed1-901b-356d1fc94e84,2.0000,10.6139,0.5000,2.0000,2.0000,0.6667,0.2857
5d4d9a94-6aaa-4bbe-b639-a0eeb4e1c088,f19250f3-e0cf-4ebf-b106-1c75855eb8ed,2.0000,11.0167,0.5000,2.0000,2.0000,0.6667,0.1429
5d4d9a94-6aaa-4bbe-b639-a0eeb4e1c088,6482a7eb-8182-43d4-8df9-1ad15f5bbf5d,0.0000,7.2114,1.0000,0.0000,0.0000,0.6667,0.1071
5d4d9a94-6aaa-4bbe-b639-a0eeb4e1c088,5e5e895e-dd66-4fb6-a1d2-04f02c760fd8,2.0000,9.5610,0.5000,2.0000,2.0000,0.0000,0.1786
5d4d9a94-6aaa-4bbe-b639-a0eeb4e1c088,ff1bb715-41ad-4a24-a31e-499bba5e889a,2.0000,10.1844,0.5000,2.0000,2.0000,0.6667,0.1786
5d4d9a94-6aaa-4bbe-b639-a0eeb4e1c088,9fd672d7-152c-423e-af51-4b14f62db78f,2.0000,11.0497,0.5000,2.0000,2.0000,0.6667,0.2857
5d4d9a94-6aaa-4bbe-b639-a0eeb4e1c088,0c07cbfe-8089-4618-8ea2-9d49c5c7676f,0.0000,7.8402,1.0000,0.0000,0.0000,0.0000,0.1071
5d4d9a94-6aaa-4bbe-b639-a0eeb4e1c088,2db915b4-b287-4d07-8d78-0d79e2b715e6,2.0000,8.9487,0.5000,2.0000,2.0000,0.6667,0.2857
5d4d9a94-6aaa-4bbe-b639-a0eeb4e1c088,1041fa72-e598-4a46-9d90-bbdb1a8c8cfa,2.0000,8.7470,0.5000,2.0000,2.0000,0.6667,0.3571
5d4d9a94-6aaa-4bbe-b639-a0eeb4e1c088,e2678857-49ff-42d1-9649-47b147a8ed3e,0.0000,5.5630,1.0000,0.0000,0.0000,0.6667,0.0357
5d4d9a94-6aaa-4bbe-b639-a0eeb4e1c088,0b2085d3-0fbc-4351-845e-5d9bccda34e5,2.0000,7.8847,0.5000,2.0000,2.0000,0.6667,0.1786
5d4d9a94-6aaa-4bbe-b639-a0eeb4e1c088,0abcffc0-2fc7-4385-a82f-bbe80bfd51ae,2.0000,9.0271,0.5000,2.0000,2.0000,0.6667,0.1786
5d4d9a94-6aaa-4bbe-b639-a0eeb4e1c088,d54c73cc-cc77-415e-aeff-dd22604f13cf,2.0000,7.5977,0.5000,2.0000,2.0000,0.6667,0.2857
5d4d9a94-6aaa-4bbe-b639-a0eeb4e1c088,09bf266d-b272-4968-9251-ab34779e8344,2.0000,9.5663,0.5000,2.0000,2.0000,0.0000,0.0714
5d4d9a94-6aaa-4bbe-b639-a0eeb4e1c088,b336cd79-f2f6-4913-b922-d1061f5fb2e1,2.0000,7.7606,0.5000,2.0000,2.0000,0.6667,0.1786
5d4d9a94-6aaa-4bbe-b639-a0eeb4e1c088,c6e27378-0b9e-4d40-9dbf-057217176282,2.0000,6.2039,0.5000,2.0000,2.0000,0.6667,0.1786
5d4d9a94-6aaa-4bbe-b639-a0eeb4e1c088,d9267fd4-495d-4d11-843c-cedddfeddabf,2.0000,7.6337,0.5000,2.0000,2.0000,0.6667,0.2500
5d4d9a94-6aaa-4bbe-b639-a0eeb4e1c088,8dfa57b2-e8b0-4a9a-b5b6-86dc84f15e30,0.0000,9.5180,1.0000,0.0000,0.0000,0.0000,0.0000
5d4d9a94-6aaa-4bbe-b639-a0eeb4e1c088,d9fa51da-ab2b-411c-a41b-ce2b5c23473b,2.0000,9.9671,0.5000,2.0000,2.0000,0.6667,0.1786
5d4d9a94-6aaa-4bbe-b639-a0eeb4e1c088,4895c953-8e9a-4e62-b308-61d0f4106e69,2.0000,9.2718,0.5000,2.0000,2.0000,0.6667,0.1786
5d4d9a94-6aaa-4bbe-b639-a0eeb4e1c088,c95936f5-0096-4c43-a2a2-4cc7a9b26504,0.0000,5.4784,1.0000,0.0000,0.0000,0.6667,0.1071
5d4d9a94-6aaa-4bbe-b639-a0eeb4e1c088,535f130b-68ff-4463-83b0-d04785999fbb,2.0000,10.0909,0.5000,2.0000,2.0000,0.6667,0.2857
5d4d9a94-6aaa-4bbe-b639-a0eeb4e1c088,5c952de4-19c5-4324-b3f4-48b0c2169833,2.0000,9.4756,0.5000,2.0000,2.0000,0.6667,0.1786
5d4d9a94-6aaa-4bbe-b639-a0eeb4e1c088,ced92f16-312a-4b19-addf-523cfefee6c7,2.0000,10.2836,0.5000,2.0000,2.0000,0.6667,0.0714
5d4d9a94-6aaa-4bbe-b639-a0eeb4e1c088,a11c3bca-9343-4869-8c77-38e616536f5e,2.0000,3.8530,0.5000,2.0000,2.0000,0.6667,0.2857
5d4d9a94-6aaa-4bbe-b639-a0eeb4e1c088,110b5c81-0d3f-40bb-bc0d-cd4c327ce925,0.0000,12.5311,1.0000,0.0000,0.0000,0.6667,0.0357
5d4d9a94-6aaa-4bbe-b639-a0eeb4e1c088,80481175-af46-455a-8bef-0c682e4c0cb6,0.0000,8.7782,1.0000,0.0000,0.0000,0.6667,0.0357
5d4d9a94-6aaa-4bbe-b639-a0eeb4e1c088,422a1c98-ae36-47b0-8890-a8295b6cd85c,0.0000,6.8023,1.0000,0.0000,0.0000,0.6667,0.1071
5d4d9a94-6aaa-4bbe-b639-a0eeb4e1c088,51d9466b-1ba9-4646-8257-1d21cb2ed954,0.0000,7.6072,1.0000,0.0000,0.0000,0.6667,0.0357
5d4d9a94-6aaa-4bbe-b639-a0eeb4e1c088,03e8c72b-9c28-43b3-a50c-ba09195e3e3c,2.0000,12.0444,0.5000,2.0000,2.0000,0.6667,0.2143
5d4d9a94-6aaa-4bbe-b639-a0eeb4e1c088,cf9b7960-9d27-4554-a98d-f1fa9bb1a5ca,0.0000,9.3741,1.0000,0.0000,0.0000,0.6667,0.1250
5d4d9a94-6aaa-4bbe-b639-a0eeb4e1c088,bf0dfd9e-5489-4b04-ae78-ba2facc60792,2.0000,9.8872,0.5000,2.0000,2.0000,0.6667,0.2143
5d4d9a94-6aaa-4bbe-b639-a0eeb4e1c088,4f2e86c2-4b73-47fc-bf83-31eb686d4ad0,2.0000,13.0308,0.5000,2.0000,2.0000,0.6667,0.2500
5d4d9a94-6aaa-4bbe-b639-a0eeb4e1c088,ddd56f00-e94c-4f73-bc24-d6538d02d76f,0.0000,8.2351,1.0000,0.0000,0.0000,0.6667,0.0667
5d4d9a94-6aaa-4bbe-b639-a0eeb4e1c088,67351bd4-8ebd-4ac5-b552-24308cef799f,0.0000,13.4673,1.0000,0.0000,0.0000,0.6667,0.0000
5d4d9a94-6aaa-4bbe-b639-a0eeb4e1c088,7d591389-70df-411c-93e7-2948d4c04738,2.0000,11.7867,0.5000,2.0000,2.0000,0.6667,0.2857
5d4d9a94-6aaa-4bbe-b639-a0eeb4e1c088,91fd5a9f-0848-4551-a1a2-9689a4125830,2.0000,9.9720,0.5000,2.0000,2.0000,0.6667,0.0000
5d4d9a94-6aaa-4bbe-b639-a0eeb4e1c088,ae6b3203-494b-4066-b0ba-b923b393bced,2.0000,10.7241,0.5000,2.0000,2.0000,0.6667,0.2143
5d4d9a94-6aaa-4bbe-b639-a0eeb4e1c088,4b0f1708-0377-46ec-b3a4-cc53fe72fcc8,2.0000,15.2195,0.5000,2.0000,2.0000,0.0000,0.2143
5d4d9a94-6aaa-4bbe-b639-a0eeb4e1c088,17101d7a-983e-469a-82f0-3dbd27b59660,0.0000,9.9987,1.0000,0.0000,0.0000,0.6667,0.0345
5d4d9a94-6aaa-4bbe-b639-a0eeb4e1c088,6c2f7b68-d439-46b0-b6c2-111ae90e59be,0.0000,7.8286,1.0000,0.0000,0.0000,0.6667,0.0000
5d4d9a94-6aaa-4bbe-b639-a0eeb4e1c088,b07b0e33-0c1e-489d-8b69-aa1b4ae8d2ad,2.0000,14.2470,0.5000,2.0000,2.0000,0.0000,0.3929
5d4d9a94-6aaa-4bbe-b639-a0eeb4e1c088,cb93662e-0aed-4f56-9500-1e7f2e128287,0.0000,9.9006,1.0000,0.0000,0.0000,0.6667,0.0357
5d4d9a94-6aaa-4bbe-b639-a0eeb4e1c088,5c581ce7-7a4b-4fd5-86a2-16c83a3a7b68,2.0000,7.8927,0.5000,2.0000,2.0000,0.6667,0.2500
5d4d9a94-6aaa-4bbe-b639-a0eeb4e1c088,f2deb05a-d512-48f4-b641-59e526831230,2.0000,13.0303,0.5000,2.0000,2.0000,0.6667,0.3214
5d4d9a94-6aaa-4bbe-b639-a0eeb4e1c088,2908d1db-866e-4631-a655-8ac0a0da0e28,0.0000,9.1039,1.0000,0.0000,0.0000,0.0000,0.0667
5d4d9a94-6aaa-4bbe-b639-a0eeb4e1c088,4481c909-2f78-4205-8334-e27d27305642,0.0000,7.3392,1.0000,0.0000,0.0000,0.0000,0.0714
5d4d9a94-6aaa-4bbe-b639-a0eeb4e1c088,d450f16e-59ec-490a-8ce7-7968e10dd065,0.0000,6.7062,1.0000,0.0000,0.0000,0.6667,0.0000
5d4d9a94-6aaa-4bbe-b639-a0eeb4e1c088,51625cea-8af7-4dca-9b2d-17750e3831ea,2.0000,5.4073,0.5000,2.0000,2.0000,0.6667,0.2143
5d4d9a94-6aaa-4bbe-b639-a0eeb4e1c088,bb080865-5184-4114-942e-0a1b314c8016,2.0000,9.6787,0.5000,2.0000,2.0000,0.6667,0.1786
5d4d9a94-6aaa-4bbe-b639-a0eeb4e1c088,8b354a1d-b301-4cd1-b271-878ba45ed85f,2.0000,6.3390,0.5000,2.0000,2.0000,0.6667,0.2500
a8c5b81e-599a-4ed1-901b-356d1fc94e84,f19250f3-e0cf-4ebf-b106-1c75855eb8ed,0.0000,1.8270,1.0000,0.0000,0.0000,0.0000,0.1667
a8c5b81e-599a-4ed1-901b-356d1fc94e84,6482a7eb-8182-43d4-8df9-1ad15f5bbf5d,2.0000,8.8105,0.5000,2.0000,2.0000,0.0000,0.2000
a8c5b81e-599a-4ed1-901b-356d1fc94e84,5e5e895e-dd66-4fb6-a1d2-04f02c760fd8,0.0000,5.7708,1.0000,0.0000,0.0000,0.6667,0.1304
a8c5b81e-599a-4ed1-901b-356d1fc94e84,ff1bb715-41ad-4a24-a31e-499bba5e889a,0.0000,10.2363,1.0000,0.0000,0.0000,0.0000,0.1304
a8c5b81e-599a-4ed1-901b-356d1fc94e84,9fd672d7-152c-423e-af51-4b14f62db78f,0.0000,14.9940,1.0000,0.0000,0.0000,0.6667,0.0000
a8c5b81e-599a-4ed1-901b-356d1fc94e84,0c07cbfe-8089-4618-8ea2-9d49c5c7676f,2.0000,12.5684,0.5000,2.0000,2.0000,0.6667,0.2000
a8c5b81e-599a-4ed1-901b-356d1fc94e84,2db915b4-b287-4d07-8d78-0d79e2b715e6,0.0000,14.6239,1.0000,0.0000,0.0000,0.6667,0.0000
a8c5b81e-599a-4ed1-901b-356d1fc94e84,1041fa72-e598-4a46-9d90-bbdb1a8c8cfa,0.0000,16.9431,1.0000,0.0000,0.0000,0.6667,0.1000
a8c5b81e-599a-4ed1-901b-356d1fc94e84,e2678857-49ff-42d1-9649-47b147a8ed3e,2.0000,7.9451,0.5000,2.0000,2.0000,0.6667,0.2593
a8c5b81e-599a-4ed1-901b-356d1fc94e84,0b2085d3-0fbc-4351-845e-5d9bccda34e5,0.0000,12.4972,1.0000,0.0000,0.0000,0.6667,0.1304
a8c5b81e-599a-4ed1-901b-356d1fc94e84,0abcffc0-2fc7-4385-a82f-bbe80bfd51ae,0.0000,13.3360,1.0000,0.0000,0.0000,0.6667,0.1304
a8c5b81e-599a-4ed1-901b-356d1fc94e84,d54c73cc-cc77-415e-aeff-dd22604f13cf,0.0000,16.4307,1.0000,0.0000,0.0000,0.6667,0.0000
a8c5b81e-599a-4ed1-901b-356d1fc94e84,09bf266d-b272-4968-9251-ab34779e8344,0.0000,13.7343,1.0000,0.0000,0.0000,0.6667,0.2308
a8c5b81e-599a-4ed1-901b-356d1fc94e84,b336cd79-f2f6-4913-b922-d1061f5fb2e1,0.0000,14.6824,1.0000,0.0000,0.0000,0.6667,0.1304
a8c5b81e-599a-4ed1-901b-356d1fc94e84,c6e27378-0b9e-4d40-9dbf-057217176282,0.0000,14.1938,1.0000,0.0000,0.0000,0.6667,0.1304
a8c5b81e-599a-4ed1-901b-356d1fc94e84,d9267fd4-495d-4d11-843c-cedddfeddabf,0.0000,8.2879,1.0000,0.0000,0.0000,0.0000,0.0476
a8c5b81e-599a-4ed1-901b-356d1fc94e84,8dfa57b2-e8b0-4a9a-b5b6-86dc84f15e30,2.0000,10.2715,0.5000,2.0000,2.0000,0.6667,0.2857
a8c5b81e-599a-4ed1-901b-356d1fc94e84,d9fa51da-ab2b-411c-a41b-ce2b5c23473b,0.0000,15.1735,1.0000,0.0000,0.0000,0.6667,0.1304
a8c5b81e-599a-4ed1-901b-356d1fc94e84,4895c953-8e9a-4e62-b308-61d0f4106e69,0.0000,18.1179,1.0000,0.0000,0.0000,0.6667,0.1304
a8c5b81e-599a-4ed1-901b-356d1fc94e84,c95936f5-0096-4c43-a2a2-4cc7a9b26504,2.0000,9.9538,0.5000,2.0000,2.0000,0.6667,0.2000
a8c5b81e-599a-4ed1-901b-356d1fc94e84,535f130b-68ff-4463-83b0-d04785999fbb,0.0000,0.9789,1.0000,0.0000,0.0000,0.0000,0.0000
a8c5b81e-599a-4ed1-901b-356d1fc94e84,5c952de4-19c5-4324-b3f4-48b0c2169833,0.0000,16.4259,1.0000,0.0000,0.0000,0.6667,0.1304
a8c5b81e-599a-4ed1-901b-356d1fc94e84,ced92f16-312a-4b19-addf-523cfefee6c7,0.0000,15.2734,1.0000,0.0000,0.0000,0.6667,0.2308
a8c5b81e-599a-4ed1-901b-356d1fc94e84,a11c3bca-9343-4869-8c77-38e616536f5e,0.0000,12.5983,1.0000,0.0000,0.0000,0.6667,0.0000
a8c5b81e-599a-4ed1-901b-356d1fc94e84,110b5c81-0d3f-40bb-bc0d-cd4c327ce925,2.0000,10.1772,0.5000,2.0000,2.0000,0.0000,0.2593
a8c5b81e-599a-4ed1-901b-356d1fc94e84,80481175-af46-455a-8bef-0c682e4c0cb6,2.0000,14.4661,0.5000,2.0000,2.0000,0.6667,0.2593
a8c5b81e-599a-4ed1-901b-356d1fc94e84,422a1c98-ae36-47b0-8890-a8295b6cd85c,2.0000,11.5926,0.5000,2.0000,2.0000,0.0000,0.2000
a8c5b81e-599a-4ed1-901b-356d1fc94e84,51d9466b-1ba9-4646-8257-1d21cb2ed954,2.0000,9.3091,0.5000,2.0000,2.0000,0.6667,0.2593
a8c5b81e-599a-4ed1-901b-356d1fc94e84,03e8c72b-9c28-43b3-a50c-ba09195e3e3c,0.0000,7.6551,1.0000,0.0000,0.0000,0.0000,0.0909
a8c5b81e-599a-4ed1-901b-356d1fc94e84,cf9b7960-9d27-4554-a98d-f1fa9bb1a5ca,2.0000,13.4431,0.5000,2.0000,2.0000,0.0000,0.3750
a8c5b81e-599a-4ed1-901b-356d1fc94e84,bf0dfd9e-5489-4b04-ae78-ba2facc60792,0.0000,6.1268,1.0000,0.0000,0.0000,0.0000,0.0909
a8c5b81e-599a-4ed1-901b-356d1fc94e84,4f2e86c2-4b73-47fc-bf83-31eb686d4ad0,0.0000,10.1318,1.0000,0.0000,0.0000,0.0000,0.0476
a8c5b81e-599a-4ed1-901b-356d1fc94e84,ddd56f00-e94c-4f73-bc24-d6538d02d76f,2.0000,12.6827,0.5000,2.0000,2.0000,0.0000,0.3333
a8c5b81e-599a-4ed1-901b-356d1fc94e84,67351bd4-8ebd-4ac5-b552-24308cef799f,2.0000,11.1078,0.5000,2.0000,2.0000,0.6667,0.2857
a8c5b81e-599a-4ed1-901b-356d1fc94e84,7d591389-70df-411c-93e7-2948d4c04738,0.0000,16.1014,1.0000,0.0000,0.0000,0.6667,0.0000
a8c5b81e-599a-4ed1-901b-356d1fc94e84,91fd5a9f-0848-4551-a1a2-9689a4125830,0.0000,15.0947,1.0000,0.0000,0.0000,0.6667,0.2857
a8c5b81e-599a-4ed1-901b-356d1fc94e84,ae6b3203-494b-4066-b0ba-b923b393bced,0.0000,4.9509,1.0000,0.0000,0.0000,0.0000,0.0909
a8c5b81e-599a-4ed1-901b-356d1fc94e84,4b0f1708-0377-46ec-b3a4-cc53fe72fcc8,0.0000,14.6912,1.0000,0.0000,0.0000,0.6667,0.0909
a8c5b81e-599a-4ed1-901b-356d1fc94e84,17101d7a-983e-469a-82f0-3dbd27b59660,2.0000,15.6848,0.5000,2.0000,2.0000,0.6667,0.3103
a8c5b81e-599a-4ed1-901b-356d1fc94e84,6c2f7b68-d439-46b0-b6c2-111ae90e59be,2.0000,7.4625,0.5000,2.0000,2.0000,0.0000,0.2857
a8c5b81e-599a-4ed1-901b-356d1fc94e84,b07b0e33-0c1e-489d-8b69-aa1b4ae8d2ad,0.0000,13.5259,1.0000,0.0000,0.0000,0.6667,0.1500
a8c5b81e-599a-4ed1-901b-356d1fc94e84,cb93662e-0aed-4f56-9500-1e7f2e128287,2.0000,8.8669,0.5000,2.0000,2.0000,0.0000,0.2593
a8c5b81e-599a-4ed1-901b-356d1fc94e84,5c581ce7-7a4b-4fd5-86a2-16c83a3a7b68,0.0000,4.9818,1.0000,0.0000,0.0000,0.0000,0.0476
a8c5b81e-599a-4ed1-901b-356d1fc94e84,f2deb05a-d512-48f4-b641-59e526831230,0.0000,6.5969,1.0000,0.0000,0.0000,0.0000,0.0500
a8c5b81e-599a-4ed1-901b-356d1fc94e84,2908d1db-866e-4631-a655-8ac0a0da0e28,2.0000,3.9406,0.5000,2.0000,2.0000,0.6667,0.3333
a8c5b81e-599a-4ed1-901b-356d1fc94e84,4481c909-2f78-4205-8334-e27d27305642,2.0000,9.1885,0.5000,2.0000,2.0000,0.6667,0.2308
a8c5b81e-599a-4ed1-901b-356d1fc94e84,d450f16e-59ec-490a-8ce7-7968e10dd065,2.0000,12.9398,0.5000,2.0000,2.0000,0.0000,0.2857
a8c5b81e-599a-4ed1-901b-356d1fc94e84,51625cea-8af7-4dca-9b2d-17750e3831ea,0.0000,14.4583,1.0000,0.0000,0.0000,0.6667,0.0909
a8c5b81e-599a-4ed1-901b-356d1fc94e84,bb080865-5184-4114-942e-0a1b314c8016,0.0000,11.6116,1.0000,0.0000,0.0000,0.6667,0.1304
a8c5b81e-599a-4ed1-901b-356d1fc94e84,8b354a1d-b301-4cd1-b271-878ba45ed85f,0.0000,14.2808,1.0000,0.0000,0.0000,0.6667,0.0476
f19250f3-e0cf-4ebf-b106-1c75855eb8ed,6482a7eb-8182-43d4-8df9-1ad15f5bbf5d,2.0000,9.8675,0.5000,2.0000,2.0000,0.0000,0.0400
f19250f3-e0cf-4ebf-b106-1c75855eb8ed,5e5e895e-dd66-4fb6-a1d2-04f02c760fd8,0.0000,4.6355,1.0000,0.0000,0.0000,0.6667,0.0417
f19250f3-e0cf-4ebf-b106-1c75855eb8ed,ff1bb715-41ad-4a24-a31e-499bba5e889a,0.0000,10.7214,1.0000,0.0000,0.0000,0.0000,0.0417
f19250f3-e0cf-4ebf-b106-1c75855eb8ed,9fd672d7-152c-423e-af51-4b14f62db78f,0.0000,14.5246,1.0000,0.0000,0.0000,0.6667,0.1667
f19250f3-e0cf-4ebf-b106-1c75855eb8ed,0c07cbfe-8089-4618-8ea2-9d49c5c7676f,2.0000,13.1539,0.5000,2.0000,2.0000,0.6667,0.0400
f19250f3-e0cf-4ebf-b106-1c75855eb8ed,2db915b4-b287-4d07-8d78-0d79e2b715e6,0.0000,14.8079,1.0000,0.0000,0.0000,0.6667,0.1667
f19250f3-e0cf-4ebf-b106-1c75855eb8ed,1041fa72-e598-4a46-9d90-bbdb1a8c8cfa,0.0000,16.6220,1.0000,0.0000,0.0000,0.6667,0.2500
f19250f3-e0cf-4ebf-b106-1c75855eb8ed,e2678857-49ff-42d1-9649-47b147a8ed3e,2.0000,8.1805,0.5000,2.0000,2.0000,0.6667,0.1111
f19250f3-e0cf-4ebf-b106-1c75855eb8ed,0b2085d3-0fbc-4351-845e-5d9bccda34e5,0.0000,13.5840,1.0000,0.0000,0.0000,0.6667,0.0417
f19250f3-e0cf-4ebf-b106-1c75855eb8ed,0abcffc0-2fc7-4385-a82f-bbe80bfd51ae,0.0000,13.9759,1.0000,0.0000,0.0000,0.6667,0.0417
f19250f3-e0cf-4ebf-b106-1c75855eb8ed,d54c73cc-cc77-415e-aeff-dd22604f13cf,0.0000,16.9368,1.0000,0.0000,0.0000,0.6667,0.1667
f19250f3-e0cf-4ebf-b106-1c75855eb8ed,09bf266d-b272-4968-9251-ab34779e8344,0.0000,14.1908,1.0000,0.0000,0.0000,0.6667,0.0769
f19250f3-e0cf-4ebf-b106-1c75855eb8ed,b336cd79-f2f6-4913-b922-d1061f5fb2e1,0.0000,14.9698,1.0000,0.0000,0.0000,0.6667,0.0417
f19250f3-e0cf-4ebf-b106-1c75855eb8ed,c6e27378-0b9e-4d40-9dbf-057217176282,0.0000,15.0020,1.0000,0.0000,0.0000,0.6667,0.0417
f19250f3-e0cf-4ebf-b106-1c75855eb8ed,d9267fd4-495d-4d11-843c-cedddfeddabf,0.0000,9.1248,1.0000,0.0000,0.0000,0.0000,0.1250
f19250f3-e0cf-4ebf-b106-1c75855eb8ed,8dfa57b2-e8b0-4a9a-b5b6-86dc84f15e30,2.0000,9.9024,0.5000,2.0000,2.0000,0.6667,0.1429
f19250f3-e0cf-4ebf-b106-1c75855eb8ed,d9fa51da-ab2b-411c-a41b-ce2b5c23473b,0.0000,15.0746,1.0000,0.0000,0.0000,0.6667,0.0417
f19250f3-e0cf-4ebf-b106-1c75855eb8ed,4895c953-8e9a-4e62-b308-61d0f4106e69,0.0000,18.8051,1.0000,0.0000,0.0000,0.6667,0.0417
f19250f3-e0cf-4ebf-b106-1c75855eb8ed,c95936f5-0096-4c43-a2a2-4cc7a9b26504,2.0000,9.7802,0.5000,2.0000,2.0000,0.6667,0.0400
f19250f3-e0cf-4ebf-b106-1c75855eb8ed,535f130b-68ff-4463-83b0-d04785999fbb,0.0000,2.2388,1.0000,0.0000,0.0000,0.0000,0.1667
f19250f3-e0cf-4ebf-b106-1c75855eb8ed,5c952de4-19c5-4324-b3f4-48b0c2169833,0.0000,16.8588,1.0000,0.0000,0.0000,0.6667,0.0417
f19250f3-e0cf-4ebf-b106-1c75855eb8ed,ced92f16-312a-4b19-addf-523cfefee6c7,0.0000,15.1562,1.0000,0.0000,0.0000,0.6667,0.0769
f19250f3-e0cf-4ebf-b106-1c75855eb8ed,a11c3bca-9343-4869-8c77-38e616536f5e,0.0000,13.1144,1.0000,0.0000,0.0000,0.6667,0.1667
f19250f3-e0cf-4ebf-b106-1c75855eb8ed,110b5c81-0d3f-40bb-bc0d-cd4c327ce925,2.0000,9.8077,0.5000,2.0000,2.0000,0.0000,0.1111
f19250f3-e0cf-4ebf-b106-1c75855eb8ed,80481175-af46-455a-8bef-0c682e4c0cb6,2.0000,14.2011,0.5000,2.0000,2.0000,0.6667,0.1111
f19250f3-e0cf-4ebf-b106-1c75855eb8ed,422a1c98-ae36-47b0-8890-a8295b6cd85c,2.0000,11.8580,0.5000,2.0000,2.0000,0.0000,0.0400
f19250f3-e0cf-4ebf-b106-1c75855eb8ed,51d9466b-1ba9-4646-8257-1d21cb2ed954,2.0000,9.8936,0.5000,2.0000,2.0000,0.6667,0.1111
f19250f3-e0cf-4ebf-b106-1c75855eb8ed,03e8c72b-9c28-43b3-a50c-ba09195e3e3c,0.0000,7.7053,1.0000,0.0000,0.0000,0.0000,0.0833
f19250f3-e0cf-4ebf-b106-1c75855eb8ed,cf9b7960-9d27-4554-a98d-f1fa9bb1a5ca,2.0000,13.3343,0.5000,2.0000,2.0000,0.0000,0.2500
f19250f3-e0cf-4ebf-b106-1c75855eb8ed,bf0dfd9e-5489-4b04-ae78-ba2facc60792,0.0000,5.9406,1.0000,0.0000,0.0000,0.0000,0.0833
f19250f3-e0cf-4ebf-b106-1c75855eb8ed,4f2e86c2-4b73-47fc-bf83-31eb686d4ad0,0.0000,9.6644,1.0000,0.0000,0.0000,0.0000,0.1250
f19250f3-e0cf-4ebf-b106-1c75855eb8ed,ddd56f00-e94c-4f73-bc24-d6538d02d76f,2.0000,12.9089,0.5000,2.0000,2.0000,0.0000,0.2000
f19250f3-e0cf-4ebf-b106-1c75855eb8ed,67351bd4-8ebd-4ac5-b552-24308cef799f,2.0000,10.9143,0.5000,2.0000,2.0000,0.6667,0.1429
f19250f3-e0cf-4ebf-b106-1c75855eb8ed,7d591389-70df-411c-93e7-2948d4c04738,0.0000,15.6906,1.0000,0.0000,0.0000,0.6667,0.1667
f19250f3-e0cf-4ebf-b106-1c75855eb8ed,91fd5a9f-0848-4551-a1a2-9689a4125830,0.0000,15.0740,1.0000,0.0000,0.0000,0.6667,0.1429
f19250f3-e0cf-4ebf-b106-1c75855eb8ed,ae6b3203-494b-4066-b0ba-b923b393bced,0.0000,5.4203,1.0000,0.0000,0.0000,0.0000,0.0833
f19250f3-e0cf-4ebf-b106-1c75855eb8ed,4b0f1708-0377-46ec-b3a4-cc53fe72fcc8,0.0000,13.8873,1.0000,0.0000,0.0000,0.6667,0.0833
f19250f3-e0cf-4ebf-b106-1c75855eb8ed,17101d7a-983e-469a-82f0-3dbd27b59660,2.0000,15.5253,0.5000,2.0000,2.0000,0.6667,0.1724
f19250f3-e0cf-4ebf-b106-1c75855eb8ed,6c2f7b68-d439-46b0-b6c2-111ae90e59be,2.0000,8.1439,0.5000,2.0000,2.0000,0.0000,0.1429
f19250f3-e0cf-4ebf-b106-1c75855eb8ed,b07b0e33-0c1e-489d-8b69-aa1b4ae8d2ad,0.0000,12.5615,1.0000,0.0000,0.0000,0.6667,0.2917
f19250f3-e0cf-4ebf-b106-1c75855eb8ed,cb93662e-0aed-4f56-9500-1e7f2e128287,2.0000,9.7015,0.5000,2.0000,2.0000,0.0000,0.1111
f19250f3-e0cf-4ebf-b106-1c75855eb8ed,5c581ce7-7a4b-4fd5-86a2-16c83a3a7b68,0.0000,5.5188,1.0000,0.0000,0.0000,0.0000,0.1250
f19250f3-e0cf-4ebf-b106-1c75855eb8ed,f2deb05a-d512-48f4-b641-59e526831230,0.0000,6.1177,1.0000,0.0000,0.0000,0.0000,0.2083
f19250f3-e0cf-4ebf-b106-1c75855eb8ed,2908d1db-866e-4631-a655-8ac0a0da0e28,2.0000,3.3656,0.5000,2.0000,2.0000,0.6667,0.2000
f19250f3-e0cf-4ebf-b106-1c75855eb8ed,4481c909-2f78-4205-8334-e27d27305642,2.0000,9.7243,0.5000,2.0000,2.0000,0.6667,0.0769
f19250f3-e0cf-4ebf-b106-1c75855eb8ed,d450f16e-59ec-490a-8ce7-7968e10dd065,2.0000,12.7188,0.5000,2.0000,2.0000,0.0000,0.1429
f19250f3-e0cf-4ebf-b106-1c75855eb8ed,51625cea-8af7-4dca-9b2d-17750e3831ea,0.0000,15.2878,1.0000,0.0000,0.0000,0.6667,0.0833
f19250f3-e0cf-4ebf-b106-1c75855eb8ed,bb080865-5184-4114-942e-0a1b314c8016,0.0000,12.0756,1.0000,0.0000,0.0000,0.6667,0.0417
f19250f3-e0cf-4ebf-b106-1c75855eb8ed,8b354a1d-b301-4cd1-b271-878ba45ed85f,0.0000,15.0947,1.0000,0.0000,0.0000,0.6667,0.1250
6482a7eb-8182-43d4-8df9-1ad15f5bbf5d,5e5e895e-dd66-4fb6-a1d2-04f02c760fd8,2.0000,9.3308,0.5000,2.0000,2.0000,0.6667,0.0800
6482a7eb-8182-43d4-8df9-1ad15f5bbf5d,ff1bb715-41ad-4a24-a31e-499bba5e889a,2.0000,7.9139,0.5000,2.0000,2.0000,0.0000,0.0800
6482a7eb-8182-43d4-8df9-1ad15f5bbf5d,9fd672d7-152c-423e-af51-4b14f62db78f,2.0000,10.1488,0.5000,2.0000,2.0000,0.6667,0.2000
6482a7eb-8182-43d4-8df9-1ad15f5bbf5d,0c07cbfe-8089-4618-8ea2-9d49c5c7676f,0.0000,7.0681,1.0000,0.0000,0.0000,0.6667,0.0000
6482a7eb-8182-43d4-8df9-1ad15f5bbf5d,2db915b4-b287-4d07-8d78-0d79e2b715e6,2.0000,11.2014,0.5000,2.0000,2.0000,0.6667,0.2000
6482a7eb-8182-43d4-8df9-1ad15f5bbf5d,1041fa72-e598-4a46-9d90-bbdb1a8c8cfa,2.0000,13.9911,0.5000,2.0000,2.0000,0.6667,0.2800
6482a7eb-8182-43d4-8df9-1ad15f5bbf5d,e2678857-49ff-42d1-9649-47b147a8ed3e,0.0000,5.8120,1.0000,0.0000,0.0000,0.6667,0.0741
6482a7eb-8182-43d4-8df9-1ad15f5bbf5d,0b2085d3-0fbc-4351-845e-5d9bccda34e5,2.0000,8.5764,0.5000,2.0000,2.0000,0.6667,0.0800
6482a7eb-8182-43d4-8df9-1ad15f5bbf5d,0abcffc0-2fc7-4385-a82f-bbe80bfd51ae,2.0000,8.9670,0.5000,2.0000,2.0000,0.6667,0.0800
6482a7eb-8182-43d4-8df9-1ad15f5bbf5d,d54c73cc-cc77-415e-aeff-dd22604f13cf,2.0000,11.4274,0.5000,2.0000,2.0000,0.6667,0.2000
6482a7eb-8182-43d4-8df9-1ad15f5bbf5d,09bf266d-b272-4968-9251-ab34779e8344,2.0000,10.6421,0.5000,2.0000,2.0000,0.6667,0.0385
6482a7eb-8182-43d4-8df9-1ad15f5bbf5d,b336cd79-f2f6-4913-b922-d1061f5fb2e1,2.0000,10.0790,0.5000,2.0000,2.0000,0.6667,0.0800
6482a7eb-8182-43d4-8df9-1ad15f5bbf5d,c6e27378-0b9e-4d40-9dbf-057217176282,2.0000,8.8898,0.5000,2.0000,2.0000,0.6667,0.0800
6482a7eb-8182-43d4-8df9-1ad15f5bbf5d,d9267fd4-495d-4d11-843c-cedddfeddabf,2.0000,7.0368,0.5000,2.0000,2.0000,0.0000,0.1600
6482a7eb-8182-43d4-8df9-1ad15f5bbf5d,8dfa57b2-e8b0-4a9a-b5b6-86dc84f15e30,0.0000,8.1786,1.0000,0.0000,0.0000,0.6667,0.1071
6482a7eb-8182-43d4-8df9-1ad15f5bbf5d,d9fa51da-ab2b-411c-a41b-ce2b5c23473b,2.0000,9.2792,0.5000,2.0000,2.0000,0.6667,0.0800
6482a7eb-8182-43d4-8df9-1ad15f5bbf5d,4895c953-8e9a-4e62-b308-61d0f4106e69,2.0000,11.1466,0.5000,2.0000,2.0000,0.6667,0.0800
6482a7eb-8182-43d4-8df9-1ad15f5bbf5d,c95936f5-0096-4c43-a2a2-4cc7a9b26504,0.0000,7.3420,1.0000,0.0000,0.0000,0.6667,0.0000
6482a7eb-8182-43d4-8df9-1ad15f5bbf5d,535f130b-68ff-4463-83b0-d04785999fbb,2.0000,8.4780,0.5000,2.0000,2.0000,0.0000,0.2000
6482a7eb-8182-43d4-8df9-1ad15f5bbf5d,5c952de4-19c5-4324-b3f4-48b0c2169833,2.0000,9.9013,0.5000,2.0000,2.0000,0.6667,0.0800
6482a7eb-8182-43d4-8df9-1ad15f5bbf5d,ced92f16-312a-4b19-addf-523cfefee6c7,2.0000,9.5065,0.5000,2.0000,2.0000,0.6667,0.0385
6482a7eb-8182-43d4-8df9-1ad15f5bbf5d,a11c3bca-9343-4869-8c77-38e616536f5e,2.0000,8.4976,0.5000,2.0000,2.0000,0.6667,0.2000
6482a7eb-8182-43d4-8df9-1ad15f5bbf5d,110b5c81-0d3f-40bb-bc0d-cd4c327ce925,0.0000,11.0262,1.0000,0.0000,0.0000,0.0000,0.0741
6482a7eb-8182-43d4-8df9-1ad15f5bbf5d,80481175-af46-455a-8bef-0c682e4c0cb6,0.0000,8.6891,1.0000,0.0000,0.0000,0.6667,0.0741
6482a7eb-8182-43d4-8df9-1ad15f5bbf5d,422a1c98-ae36-47b0-8890-a8295b6cd85c,0.0000,4.2769,1.0000,0.0000,0.0000,0.0000,0.0000
6482a7eb-8182-43d4-8df9-1ad15f5bbf5d,51d9466b-1ba9-4646-8257-1d21cb2ed954,0.0000,7.8447,1.0000,0.0000,0.0000,0.6667,0.0741
6482a7eb-8182-43d4-8df9-1ad15f5bbf5d,03e8c72b-9c28-43b3-a50c-ba09195e3e3c,2.0000,7.9450,0.5000,2.0000,2.0000,0.0000,0.1200
6482a7eb-8182-43d4-8df9-1ad15f5bbf5d,cf9b7960-9d27-4554-a98d-f1fa9bb1a5ca,0.0000,7.9941,1.0000,0.0000,0.0000,0.0000,0.2188
6482a7eb-8182-43d4-8df9-1ad15f5bbf5d,bf0dfd9e-5489-4b04-ae78-ba2facc60792,2.0000,9.6792,0.5000,2.0000,2.0000,0.0000,0.1200
6482a7eb-8182-43d4-8df9-1ad15f5bbf5d,4f2e86c2-4b73-47fc-bf83-31eb686d4ad0,2.0000,9.6628,0.5000,2.0000,2.0000,0.0000,0.1600
6482a7eb-8182-43d4-8df9-1ad15f5bbf5d,ddd56f00-e94c-4f73-bc24-d6538d02d76f,0.0000,9.4348,1.0000,0.0000,0.0000,0.0000,0.1667
6482a7eb-8182-43d4-8df9-1ad15f5bbf5d,67351bd4-8ebd-4ac5-b552-24308cef799f,0.0000,10.1796,1.0000,0.0000,0.0000,0.6667,0.1071
6482a7eb-8182-43d4-8df9-1ad15f5bbf5d,7d591389-70df-411c-93e7-2948d4c04738,2.0000,12.3000,0.5000,2.0000,2.0000,0.6667,0.2000
6482a7eb-8182-43d4-8df9-1ad15f5bbf5d,91fd5a9f-0848-4551-a1a2-9689a4125830,2.0000,9.8442,0.5000,2.0000,2.0000,0.6667,0.1071
6482a7eb-8182-43d4-8df9-1ad15f5bbf5d,ae6b3203-494b-4066-b0ba-b923b393bced,2.0000,8.8402,0.5000,2.0000,2.0000,0.0000,0.1200
6482a7eb-8182-43d4-8df9-1ad15f5bbf5d,4b0f1708-0377-46ec-b3a4-cc53fe72fcc8,2.0000,13.7050,0.5000,2.0000,2.0000,0.6667,0.1200
6482a7eb-8182-43d4-8df9-1ad15f5bbf5d,17101d7a-983e-469a-82f0-3dbd27b59660,0.0000,10.4779,1.0000,0.0000,0.0000,0.6667,0.1379
6482a7eb-8182-43d4-8df9-1ad15f5bbf5d,6c2f7b68-d439-46b0-b6c2-111ae90e59be,0.0000,5.4841,1.0000,0.0000,0.0000,0.0000,0.1071
6482a7eb-8182-43d4-8df9-1ad15f5bbf5d,b07b0e33-0c1e-489d-8b69-aa1b4ae8d2ad,2.0000,14.6170,0.5000,2.0000,2.0000,0.6667,0.3200
6482a7eb-8182-43d4-8df9-1ad15f5bbf5d,cb93662e-0aed-4f56-9500-1e7f2e128287,0.0000,10.0985,1.0000,0.0000,0.0000,0.0000,0.0741
6482a7eb-8182-43d4-8df9-1ad15f5bbf5d,5c581ce7-7a4b-4fd5-86a2-16c83a3a7b68,2.0000,7.4778,0.5000,2.0000,2.0000,0.0000,0.1600
6482a7eb-8182-43d4-8df9-1ad15f5bbf5d,f2deb05a-d512-48f4-b641-59e526831230,2.0000,9.7708,0.5000,2.0000,2.0000,0.0000,0.2400
6482a7eb-8182-43d4-8df9-1ad15f5bbf5d,2908d1db-866e-4631-a655-8ac0a0da0e28,0.0000,7.2588,1.0000,0.0000,0.0000,0.6667,0.1667
6482a7eb-8182-43d4-8df9-1ad15f5bbf5d,4481c909-2f78-4205-8334-e27d27305642,0.0000,4.9318,1.0000,0.0000,0.0000,0.6667,0.0385
6482a7eb-8182-43d4-8df9-1ad15f5bbf5d,d450f16e-59ec-490a-8ce7-7968e10dd065,0.0000,7.9018,1.0000,0.0000,0.0000,0.0000,0.1071
6482a7eb-8182-43d4-8df9-1ad15f5bbf5d,51625cea-8af7-4dca-9b2d-17750e3831ea,2.0000,9.0012,0.5000,2.0000,2.0000,0.6667,0.1200
6482a7eb-8182-43d4-8df9-1ad15f5bbf5d,bb080865-5184-4114-942e-0a1b314c8016,2.0000,10.2413,0.5000,2.0000,2.0000,0.6667,0.0800
6482a7eb-8182-43d4-8df9-1ad15f5bbf5d,8b354a1d-b301-4cd1-b271-878ba45ed85f,2.0000,8.8836,0.5000,2.0000,2.0000,0.6667,0.1600
5e5e895e-dd66-4fb6-a1d2-04f02c760fd8,ff1bb715-41ad-4a24-a31e-499bba5e889a,0.0000,12.1390,1.0000,0.0000,0.0000,0.6667,0.0000
5e5e895e-dd66-4fb6-a1d2-04f02c760fd8,9fd672d7-152c-423e-af51-4b14f62db78f,0.0000,10.8717,1.0000,0.0000,0.0000,0.6667,0.1304
5e5e895e-dd66-4fb6-a1d2-04f02c760fd8,0c07cbfe-8089-4618-8ea2-9d49c5c7676f,2.0000,13.1898,0.5000,2.0000,2.0000,0.0000,0.0800
5e5e895e-dd66-4fb6-a1d2-04f02c760fd8,2db915b4-b287-4d07-8d78-0d79e2b715e6,0.0000,10.7802,1.0000,0.0000,0.0000,0.6667,0.1304
5e5e895e-dd66-4fb6-a1d2-04f02c760fd8,1041fa72-e598-4a46-9d90-bbdb1a8c8cfa,0.0000,13.6035,1.0000,0.0000,0.0000,0.6667,0.2174
5e5e895e-dd66-4fb6-a1d2-04f02c760fd8,e2678857-49ff-42d1-9649-47b147a8ed3e,2.0000,5.7677,0.5000,2.0000,2.0000,0.6667,0.1481
5e5e895e-dd66-4fb6-a1d2-04f02c760fd8,0b2085d3-0fbc-4351-845e-5d9bccda34e5,0.0000,14.2684,1.0000,0.0000,0.0000,0.6667,0.0000
5e5e895e-dd66-4fb6-a1d2-04f02c760fd8,0abcffc0-2fc7-4385-a82f-bbe80bfd51ae,0.0000,12.7972,1.0000,0.0000,0.0000,0.6667,0.0000
5e5e895e-dd66-4fb6-a1d2-04f02c760fd8,d54c73cc-cc77-415e-aeff-dd22604f13cf,0.0000,14.2082,1.0000,0.0000,0.0000,0.6667,0.1304
5e5e895e-dd66-4fb6-a1d2-04f02c760fd8,09bf266d-b272-4968-9251-ab34779e8344,0.0000,14.9131,1.0000,0.0000,0.0000,0.0000,0.1154
5e5e895e-dd66-4fb6-a1d2-04f02c760fd8,b336cd79-f2f6-4913-b922-d1061f5fb2e1,0.0000,13.7600,1.0000,0.0000,0.0000,0.6667,0.0000
5e5e895e-dd66-4fb6-a1d2-04f02c760fd8,c6e27378-0b9e-4d40-9dbf-057217176282,0.0000,13.4112,1.0000,0.0000,0.0000,0.6667,0.0000
5e5e895e-dd66-4fb6-a1d2-04f02c760fd8,d9267fd4-495d-4d11-843c-cedddfeddabf,0.0000,10.4435,1.0000,0.0000,0.0000,0.6667,0.0870
5e5e895e-dd66-4fb6-a1d2-04f02c760fd8,8dfa57b2-e8b0-4a9a-b5b6-86dc84f15e30,2.0000,9.9711,0.5000,2.0000,2.0000,0.0000,0.1786
5e5e895e-dd66-4fb6-a1d2-04f02c760fd8,d9fa51da-ab2b-411c-a41b-ce2b5c23473b,0.0000,11.3505,1.0000,0.0000,0.0000,0.6667,0.0000
5e5e895e-dd66-4fb6-a1d2-04f02c760fd8,4895c953-8e9a-4e62-b308-61d0f4106e69,0.0000,15.9043,1.0000,0.0000,0.0000,0.6667,0.0000
5e5e895e-dd66-4fb6-a1d2-04f02c760fd8,c95936f5-0096-4c43-a2a2-4cc7a9b26504,2.0000,8.3203,0.5000,2.0000,2.0000,0.6667,0.0800
5e5e895e-dd66-4fb6-a1d2-04f02c760fd8,535f130b-68ff-4463-83b0-d04785999fbb,0.0000,5.7397,1.0000,0.0000,0.0000,0.6667,0.1304
5e5e895e-dd66-4fb6-a1d2-04f02c760fd8,5c952de4-19c5-4324-b3f4-48b0c2169833,0.0000,15.8303,1.0000,0.0000,0.0000,0.6667,0.0000
5e5e895e-dd66-4fb6-a1d2-04f02c760fd8,ced92f16-312a-4b19-addf-523cfefee6c7,0.0000,11.2973,1.0000,0.0000,0.0000,0.6667,0.1154
5e5e895e-dd66-4fb6-a1d2-04f02c760fd8,a11c3bca-9343-4869-8c77-38e616536f5e,0.0000,11.5099,1.0000,0.0000,0.0000,0.6667,0.1304
5e5e895e-dd66-4fb6-a1d2-04f02c760fd8,110b5c81-0d3f-40bb-bc0d-cd4c327ce925,2.0000,7.7774,0.5000,2.0000,2.0000,0.6667,0.1481
5e5e895e-dd66-4fb6-a1d2-04f02c760fd8,80481175-af46-455a-8bef-0c682e4c0cb6,2.0000,11.6011,0.5000,2.0000,2.0000,0.6667,0.1481
5e5e895e-dd66-4fb6-a1d2-04f02c760fd8,422a1c98-ae36-47b0-8890-a8295b6cd85c,2.0000,10.3416,0.5000,2.0000,2.0000,0.6667,0.0800
5e5e895e-dd66-4fb6-a1d2-04f02c760fd8,51d9466b-1ba9-4646-8257-1d21cb2ed954,2.0000,9.8438,0.5000,2.0000,2.0000,0.6667,0.1481
5e5e895e-dd66-4fb6-a1d2-04f02c760fd8,03e8c72b-9c28-43b3-a50c-ba09195e3e3c,0.0000,4.3933,1.0000,0.0000,0.0000,0.6667,0.0435
5e5e895e-dd66-4fb6-a1d2-04f02c760fd8,cf9b7960-9d27-4554-a98d-f1fa9bb1a5ca,2.0000,10.2054,0.5000,2.0000,2.0000,0.6667,0.2813
5e5e895e-dd66-4fb6-a1d2-04f02c760fd8,bf0dfd9e-5489-4b04-ae78-ba2facc60792,0.0000,1.7530,1.0000,0.0000,0.0000,0.6667,0.0435
5e5e895e-dd66-4fb6-a1d2-04f02c760fd8,4f2e86c2-4b73-47fc-bf83-31eb686d4ad0,0.0000,6.7306,1.0000,0.0000,0.0000,0.6667,0.0870
5e5e895e-dd66-4fb6-a1d2-04f02c760fd8,ddd56f00-e94c-4f73-bc24-d6538d02d76f,2.0000,10.4449,0.5000,2.0000,2.0000,0.6667,0.2333
5e5e895e-dd66-4fb6-a1d2-04f02c760fd8,67351bd4-8ebd-4ac5-b552-24308cef799f,2.0000,9.1898,0.5000,2.0000,2.0000,0.6667,0.1786
5e5e895e-dd66-4fb6-a1d2-04f02c760fd8,7d591389-70df-411c-93e7-2948d4c04738,0.0000,12.0743,1.0000,0.0000,0.0000,0.6667,0.1304
5e5e895e-dd66-4fb6-a1d2-04f02c760fd8,91fd5a9f-0848-4551-a1a2-9689a4125830,0.0000,13.9657,1.0000,0.0000,0.0000,0.6667,0.1786
5e5e895e-dd66-4fb6-a1d2-04f02c760fd8,ae6b3203-494b-4066-b0ba-b923b393bced,0.0000,8.7658,1.0000,0.0000,0.0000,0.6667,0.0435
5e5e895e-dd66-4fb6-a1d2-04f02c760fd8,4b0f1708-0377-46ec-b3a4-cc53fe72fcc8,0.0000,9.4930,1.0000,0.0000,0.0000,0.0000,0.0435
5e5e895e-dd66-4fb6-a1d2-04f02c760fd8,17101d7a-983e-469a-82f0-3dbd27b59660,2.0000,13.2826,0.5000,2.0000,2.0000,0.6667,0.2069
5e5e895e-dd66-4fb6-a1d2-04f02c760fd8,6c2f7b68-d439-46b0-b6c2-111ae90e59be,2.0000,7.7199,0.5000,2.0000,2.0000,0.6667,0.1786
5e5e895e-dd66-4fb6-a1d2-04f02c760fd8,b07b0e33-0c1e-489d-8b69-aa1b4ae8d2ad,0.0000,8.1839,1.0000,0.0000,0.0000,0.0000,0.2609
5e5e895e-dd66-4fb6-a1d2-04f02c760fd8,cb93662e-0aed-4f56-9500-1e7f2e128287,2.0000,8.4778,0.5000,2.0000,2.0000,0.6667,0.1481
5e5e895e-dd66-4fb6-a1d2-04f02c760fd8,5c581ce7-7a4b-4fd5-86a2-16c83a3a7b68,0.0000,7.2974,1.0000,0.0000,0.0000,0.6667,0.0870
5e5e895e-dd66-4fb6-a1d2-04f02c760fd8,f2deb05a-d512-48f4-b641-59e526831230,0.0000,9.7788,1.0000,0.0000,0.0000,0.6667,0.1739
5e5e895e-dd66-4fb6-a1d2-04f02c760fd8,2908d1db-866e-4631-a655-8ac0a0da0e28,2.0000,3.8437,0.5000,2.0000,2.0000,0.0000,0.2333
5e5e895e-dd66-4fb6-a1d2-04f02c760fd8,4481c909-2f78-4205-8334-e27d27305642,2.0000,9.7251,0.5000,2.0000,2.0000,0.0000,0.1154
5e5e895e-dd66-4fb6-a1d2-04f02c760fd8,d450f16e-59ec-490a-8ce7-7968e10dd065,2.0000,10.6449,0.5000,2.0000,2.0000,0.6667,0.1786
5e5e895e-dd66-4fb6-a1d2-04f02c760fd8,51625cea-8af7-4dca-9b2d-17750e3831ea,0.0000,13.8610,1.0000,0.0000,0.0000,0.6667,0.0435
5e5e895e-dd66-4fb6-a1d2-04f02c760fd8,bb080865-5184-4114-942e-0a1b314c8016,0.0000,12.6781,1.0000,0.0000,0.0000,0.6667,0.0000
5e5e895e-dd66-4fb6-a1d2-04f02c760fd8,8b354a1d-b301-4cd1-b271-878ba45ed85f,0.0000,13.6173,1.0000,0.0000,0.0000,0.6667,0.0870
ff1bb715-41ad-4a24-a31e-499bba5e889a,9fd672d7-152c-423e-af51-4b14f62db78f,0.0000,13.3627,1.0000,0.0000,0.0000,0.6667,0.1304
ff1bb715-41ad-4a24-a31e-499bba5e889a,0c07cbfe-8089-4618-8ea2-9d49c5c7676f,2.0000,3.4824,0.5000,2.0000,2.0000,0.6667,0.0800
ff1bb715-41ad-4a24-a31e-499bba5e889a,2db915b4-b287-4d07-8d78-0d79e2b715e6,0.0000,13.2370,1.0000,0.0000,0.0000,0.6667,0.1304
ff1bb715-41ad-4a24-a31e-499bba5e889a,1041fa72-e598-4a46-9d90-bbdb1a8c8cfa,0.0000,13.7677,1.0000,0.0000,0.0000,0.6667,0.2174
ff1bb715-41ad-4a24-a31e-499bba5e889a,e2678857-49ff-42d1-9649-47b147a8ed3e,2.0000,9.9611,0.5000,2.0000,2.0000,0.6667,0.1481
ff1bb715-41ad-4a24-a31e-499bba5e889a,0b2085d3-0fbc-4351-845e-5d9bccda34e5,0.0000,9.3746,1.0000,0.0000,0.0000,0.6667,0.0000
ff1bb715-41ad-4a24-a31e-499bba5e889a,0abcffc0-2fc7-4385-a82f-bbe80bfd51ae,0.0000,9.6488,1.0000,0.0000,0.0000,0.6667,0.0000
ff1bb715-41ad-4a24-a31e-499bba5e889a,d54c73cc-cc77-415e-aeff-dd22604f13cf,0.0000,13.2673,1.0000,0.0000,0.0000,0.6667,0.1304
ff1bb715-41ad-4a24-a31e-499bba5e889a,09bf266d-b272-4968-9251-ab34779e8344,0.0000,6.6022,1.0000,0.0000,0.0000,0.6667,0.1154
ff1bb715-41ad-4a24-a31e-499bba5e889a,b336cd79-f2f6-4913-b922-d1061f5fb2e1,0.0000,7.9075,1.0000,0.0000,0.0000,0.6667,0.0000
ff1bb715-41ad-4a24-a31e-499bba5e889a,c6e27378-0b9e-4d40-9dbf-057217176282,0.0000,11.4457,1.0000,0.0000,0.0000,0.6667,0.0000
ff1bb715-41ad-4a24-a31e-499bba5e889a,d9267fd4-495d-4d11-843c-cedddfeddabf,0.0000,4.4521,1.0000,0.0000,0.0000,0.0000,0.0870
ff1bb715-41ad-4a24-a31e-499bba5e889a,8dfa57b2-e8b0-4a9a-b5b6-86dc84f15e30,2.0000,7.3385,0.5000,2.0000,2.0000,0.6667,0.1786
ff1bb715-41ad-4a24-a31e-499bba5e889a,d9fa51da-ab2b-411c-a41b-ce2b5c23473b,0.0000,10.6370,1.0000,0.0000,0.0000,0.6667,0.0000
ff1bb715-41ad-4a24-a31e-499bba5e889a,4895c953-8e9a-4e62-b308-61d0f4106e69,0.0000,12.8261,1.0000,0.0000,0.0000,0.6667,0.0000
ff1bb715-41ad-4a24-a31e-499bba5e889a,c95936f5-0096-4c43-a2a2-4cc7a9b26504,2.0000,8.0556,0.5000,2.0000,2.0000,0.6667,0.0800
ff1bb715-41ad-4a24-a31e-499bba5e889a,535f130b-68ff-4463-83b0-d04785999fbb,0.0000,9.8676,1.0000,0.0000,0.0000,0.0000,0.1304
ff1bb715-41ad-4a24-a31e-499bba5e889a,5c952de4-19c5-4324-b3f4-48b0c2169833,0.0000,6.7162,1.0000,0.0000,0.0000,0.6667,0.0000
ff1bb715-41ad-4a24-a31e-499bba5e889a,ced92f16-312a-4b19-addf-523cfefee6c7,0.0000,10.8546,1.0000,0.0000,0.0000,0.6667,0.1154
ff1bb715-41ad-4a24-a31e-499bba5e889a,a11c3bca-9343-4869-8c77-38e616536f5e,0.0000,11.6289,1.0000,0.0000,0.0000,0.6667,0.1304
ff1bb715-41ad-4a24-a31e-499bba5e889a,110b5c81-0d3f-40bb-bc0d-cd4c327ce925,2.0000,9.9034,0.5000,2.0000,2.0000,0.0000,0.1481
ff1bb715-41ad-4a24-a31e-499bba5e889a,80481175-af46-455a-8bef-0c682e4c0cb6,2.0000,10.6846,0.5000,2.0000,2.0000,0.6667,0.1481
ff1bb715-41ad-4a24-a31e-499bba5e889a,422a1c98-ae36-47b0-8890-a8295b6cd85c,2.0000,7.6302,0.5000,2.0000,2.0000,0.0000,0.0800
ff1bb715-41ad-4a24-a31e-499bba5e889a,51d9466b-1ba9-4646-8257-1d21cb2ed954,2.0000,7.6048,0.5000,2.0000,2.0000,0.6667,0.1481
ff1bb715-41ad-4a24-a31e-499bba5e889a,03e8c72b-9c28-43b3-a50c-ba09195e3e3c,0.0000,9.2813,1.0000,0.0000,0.0000,0.0000,0.0435
ff1bb715-41ad-4a24-a31e-499bba5e889a,cf9b7960-9d27-4554-a98d-f1fa9bb1a5ca,2.0000,10.1226,0.5000,2.0000,2.0000,0.0000,0.2813
ff1bb715-41ad-4a24-a31e-499bba5e889a,bf0dfd9e-5489-4b04-ae78-ba2facc60792,0.0000,13.0637,1.0000,0.0000,0.0000,0.0000,0.0435
ff1bb715-41ad-4a24-a31e-499bba5e889a,4f2e86c2-4b73-47fc-bf83-31eb686d4ad0,0.0000,6.6524,1.0000,0.0000,0.0000,0.0000,0.0870
ff1bb715-41ad-4a24-a31e-499bba5e889a,ddd56f00-e94c-4f73-bc24-d6538d02d76f,2.0000,10.4870,0.5000,2.0000,2.0000,0.0000,0.2333
ff1bb715-41ad-4a24-a31e-499bba5e889a,67351bd4-8ebd-4ac5-b552-24308cef799f,2.0000,7.8120,0.5000,2.0000,2.0000,0.6667,0.1786
ff1bb715-41ad-4a24-a31e-499bba5e889a,7d591389-70df-411c-93e7-2948d4c04738,0.0000,11.3280,1.0000,0.0000,0.0000,0.6667,0.1304
ff1bb715-41ad-4a24-a31e-499bba5e889a,91fd5a9f-0848-4551-a1a2-9689a4125830,0.0000,8.3952,1.0000,0.0000,0.0000,0.6667,0.1786
ff1bb715-41ad-4a24-a31e-499bba5e889a,ae6b3203-494b-4066-b0ba-b923b393bced,0.0000,8.6383,1.0000,0.0000,0.0000,0.0000,0.0435
ff1bb715-41ad-4a24-a31e-499bba5e889a,4b0f1708-0377-46ec-b3a4-cc53fe72fcc8,0.0000,12.4119,1.0000,0.0000,0.0000,0.6667,0.0435
ff1bb715-41ad-4a24-a31e-499bba5e889a,17101d7a-983e-469a-82f0-3dbd27b59660,2.0000,9.8806,0.5000,2.0000,2.0000,0.6667,0.2069
ff1bb715-41ad-4a24-a31e-499bba5e889a,6c2f7b68-d439-46b0-b6c2-111ae90e59be,2.0000,7.7812,0.5000,2.0000,2.0000,0.0000,0.1786
ff1bb715-41ad-4a24-a31e-499bba5e889a,b07b0e33-0c1e-489d-8b69-aa1b4ae8d2ad,0.0000,14.5809,1.0000,0.0000,0.0000,0.6667,0.2609
ff1bb715-41ad-4a24-a31e-499bba5e889a,cb93662e-0aed-4f56-9500-1e7f2e128287,2.0000,9.9878,0.5000,2.0000,2.0000,0.0000,0.1481
ff1bb715-41ad-4a24-a31e-499bba5e889a,5c581ce7-7a4b-4fd5-86a2-16c83a3a7b68,0.0000,6.5957,1.0000,0.0000,0.0000,0.0000,0.0870
ff1bb715-41ad-4a24-a31e-499bba5e889a,f2deb05a-d512-48f4-b641-59e526831230,0.0000,5.2507,1.0000,0.0000,0.0000,0.0000,0.1739
ff1bb715-41ad-4a24-a31e-499bba5e889a,2908d1db-866e-4631-a655-8ac0a0da0e28,2.0000,8.7923,0.5000,2.0000,2.0000,0.6667,0.2333
ff1bb715-41ad-4a24-a31e-499bba5e889a,4481c909-2f78-4205-8334-e27d27305642,2.0000,7.8709,0.5000,2.0000,2.0000,0.6667,0.1154
ff1bb715-41ad-4a24-a31e-499bba5e889a,d450f16e-59ec-490a-8ce7-7968e10dd065,2.0000,6.7106,0.5000,2.0000,2.0000,0.0000,0.1786
ff1bb715-41ad-4a24-a31e-499bba5e889a,51625cea-8af7-4dca-9b2d-17750e3831ea,0.0000,11.0411,1.0000,0.0000,0.0000,0.6667,0.0435
ff1bb715-41ad-4a24-a31e-499bba5e889a,bb080865-5184-4114-942e-0a1b314c8016,0.0000,9.8568,1.0000,0.0000,0.0000,0.6667,0.0000
ff1bb715-41ad-4a24-a31e-499bba5e889a,8b354a1d-b301-4cd1-b271-878ba45ed85f,0.0000,11.3326,1.0000,0.0000,0.0000,0.6667,0.0870
9fd672d7-152c-423e-af51-4b14f62db78f,0c07cbfe-8089-4618-8ea2-9d49c5c7676f,2.0000,12.3027,0.5000,2.0000,2.0000,0.6667,0.2000
9fd672d7-152c-423e-af51-4b14f62db78f,2db915b4-b287-4d07-8d78-0d79e2b715e6,0.0000,6.7871,1.0000,0.0000,0.0000,0.0000,0.0000
9fd672d7-152c-423e-af51-4b14f62db78f,1041fa72-e598-4a46-9d90-bbdb1a8c8cfa,0.0000,9.4237,1.0000,0.0000,0.0000,0.0000,0.1000
9fd672d7-152c-423e-af51-4b14f62db78f,e2678857-49ff-42d1-9649-47b147a8ed3e,2.0000,11.0969,0.5000,2.0000,2.0000,0.0000,0.2593
9fd672d7-152c-423e-af51-4b14f62db78f,0b2085d3-0fbc-4351-845e-5d9bccda34e5,0.0000,16.4232,1.0000,0.0000,0.0000,0.0000,0.1304
9fd672d7-152c-423e-af51-4b14f62db78f,0abcffc0-2fc7-4385-a82f-bbe80bfd51ae,0.0000,10.8077,1.0000,0.0000,0.0000,0.0000,0.1304
9fd672d7-152c-423e-af51-4b14f62db78f,d54c73cc-cc77-415e-aeff-dd22604f13cf,0.0000,10.2822,1.0000,0.0000,0.0000,0.0000,0.0000
9fd672d7-152c-423e-af51-4b14f62db78f,09bf266d-b272-4968-9251-ab34779e8344,0.0000,15.3930,1.0000,0.0000,0.0000,0.6667,0.2308
9fd672d7-152c-423e-af51-4b14f62db78f,b336cd79-f2f6-4913-b922-d1061f5fb2e1,0.0000,11.6619,1.0000,0.0000,0.0000,0.0000,0.1304
9fd672d7-152c-423e-af51-4b14f62db78f,c6e27378-0b9e-4d40-9dbf-057217176282,0.0000,12.1301,1.0000,0.0000,0.0000,0.0000,0.1304
9fd672d7-152c-423e-af51-4b14f62db78f,d9267fd4-495d-4d11-843c-cedddfeddabf,0.0000,14.9126,1.0000,0.0000,0.0000,0.6667,0.0476
9fd672d7-152c-423e-af51-4b14f62db78f,8dfa57b2-e8b0-4a9a-b5b6-86dc84f15e30,2.0000,8.2722,0.5000,2.0000,2.0000,0.6667,0.2857
9fd672d7-152c-423e-af51-4b14f62db78f,d9fa51da-ab2b-411c-a41b-ce2b5c23473b,0.0000,3.3553,1.0000,0.0000,0.0000,0.0000,0.1304
9fd672d7-152c-423e-af51-4b14f62db78f,4895c953-8e9a-4e62-b308-61d0f4106e69,0.0000,9.8252,1.0000,0.0000,0.0000,0.0000,0.1304
9fd672d7-152c-423e-af51-4b14f62db78f,c95936f5-0096-4c43-a2a2-4cc7a9b26504,2.0000,9.9196,0.5000,2.0000,2.0000,0.0000,0.2000
9fd672d7-152c-423e-af51-4b14f62db78f,535f130b-68ff-4463-83b0-d04785999fbb,0.0000,14.8789,1.0000,0.0000,0.0000,0.6667,0.0000
9fd672d7-152c-423e-af51-4b14f62db78f,5c952de4-19c5-4324-b3f4-48b0c2169833,0.0000,11.8973,1.0000,0.0000,0.0000,0.0000,0.1304
9fd672d7-152c-423e-af51-4b14f62db78f,ced92f16-312a-4b19-addf-523cfefee6c7,0.0000,3.5312,1.0000,0.0000,0.0000,0.0000,0.2308
9fd672d7-152c-423e-af51-4b14f62db78f,a11c3bca-9343-4869-8c77-38e616536f5e,0.0000,11.3939,1.0000,0.0000,0.0000,0.0000,0.0000
9fd672d7-152c-423e-af51-4b14f62db78f,110b5c81-0d3f-40bb-bc0d-cd4c327ce925,2.0000,9.0863,0.5000,2.0000,2.0000,0.6667,0.2593
9fd672d7-152c-423e-af51-4b14f62db78f,80481175-af46-455a-8bef-0c682e4c0cb6,2.0000,4.0010,0.5000,2.0000,2.0000,0.0000,0.2593
9fd672d7-152c-423e-af51-4b14f62db78f,422a1c98-ae36-47b0-8890-a8295b6cd85c,2.0000,7.9806,0.5000,2.0000,2.0000,0.6667,0.2000
9fd672d7-152c-423e-af51-4b14f62db78f,51d9466b-1ba9-4646-8257-1d21cb2ed954,2.0000,12.5733,0.5000,2.0000,2.0000,0.0000,0.2593
9fd672d7-152c-423e-af51-4b14f62db78f,03e8c72b-9c28-43b3-a50c-ba09195e3e3c,0.0000,10.3323,1.0000,0.0000,0.0000,0.6667,0.0909
9fd672d7-152c-423e-af51-4b14f62db78f,cf9b7960-9d27-4554-a98d-f1fa9bb1a5ca,2.0000,4.6699,0.5000,2.0000,2.0000,0.6667,0.3750
9fd672d7-152c-423e-af51-4b14f62db78f,bf0dfd9e-5489-4b04-ae78-ba2facc60792,0.0000,11.0543,1.0000,0.0000,0.0000,0.6667,0.0909
9fd672d7-152c-423e-af51-4b14f62db78f,4f2e86c2-4b73-47fc-bf83-31eb686d4ad0,0.0000,11.7159,1.0000,0.0000,0.0000,0.6667,0.0476
9fd672d7-152c-423e-af51-4b14f62db78f,ddd56f00-e94c-4f73-bc24-d6538d02d76f,2.0000,7.7869,0.5000,2.0000,2.0000,0.6667,0.3333
9fd672d7-152c-423e-af51-4b14f62db78f,67351bd4-8ebd-4ac5-b552-24308cef799f,2.0000,8.4808,0.5000,2.0000,2.0000,0.0000,0.2857
9fd672d7-152c-423e-af51-4b14f62db78f,7d591389-70df-411c-93e7-2948d4c04738,0.0000,3.0187,1.0000,0.0000,0.0000,0.0000,0.0000
9fd672d7-152c-423e-af51-4b14f62db78f,91fd5a9f-0848-4551-a1a2-9689a4125830,0.0000,8.7325,1.0000,0.0000,0.0000,0.0000,0.2857
9fd672d7-152c-423e-af51-4b14f62db78f,ae6b3203-494b-4066-b0ba-b923b393bced,0.0000,16.3138,1.0000,0.0000,0.0000,0.6667,0.0909
9fd672d7-152c-423e-af51-4b14f62db78f,4b0f1708-0377-46ec-b3a4-cc53fe72fcc8,0.0000,7.6519,1.0000,0.0000,0.0000,0.6667,0.0909
9fd672d7-152c-423e-af51-4b14f62db78f,17101d7a-983e-469a-82f0-3dbd27b59660,2.0000,6.4193,0.5000,2.0000,2.0000,0.0000,0.3103
9fd672d7-152c-423e-af51-4b14f62db78f,6c2f7b68-d439-46b0-b6c2-111ae90e59be,2.0000,13.5653,0.5000,2.0000,2.0000,0.6667,0.2857
9fd672d7-152c-423e-af51-4b14f62db78f,b07b0e33-0c1e-489d-8b69-aa1b4ae8d2ad,0.0000,8.4414,1.0000,0.0000,0.0000,0.6667,0.1500
9fd672d7-152c-423e-af51-4b14f62db78f,cb93662e-0aed-4f56-9500-1e7f2e128287,2.0000,11.1416,0.5000,2.0000,2.0000,0.6667,0.2593
9fd672d7-152c-423e-af51-4b14f62db78f,5c581ce7-7a4b-4fd5-86a2-16c83a3a7b68,0.0000,13.4873,1.0000,0.0000,0.0000,0.6667,0.0476
9fd672d7-152c-423e-af51-4b14f62db78f,f2deb05a-d512-48f4-b641-59e526831230,0.0000,14.7327,1.0000,0.0000,0.0000,0.6667,0.0500
9fd672d7-152c-423e-af51-4b14f62db78f,2908d1db-866e-4631-a655-8ac0a0da0e28,2.0000,11.8919,0.5000,2.0000,2.0000,0.6667,0.3333
9fd672d7-152c-423e-af51-4b14f62db78f,4481c909-2f78-4205-8334-e27d27305642,2.0000,9.6691,0.5000,2.0000,2.0000,0.6667,0.2308
9fd672d7-152c-423e-af51-4b14f62db78f,d450f16e-59ec-490a-8ce7-7968e10dd065,2.0000,7.7405,0.5000,2.0000,2.0000,0.6667,0.2857
9fd672d7-152c-423e-af51-4b14f62db78f,51625cea-8af7-4dca-9b2d-17750e3831ea,0.0000,13.0034,1.0000,0.0000,0.0000,0.0000,0.0909
9fd672d7-152c-423e-af51-4b14f62db78f,bb080865-5184-4114-942e-0a1b314c8016,0.0000,14.8557,1.0000,0.0000,0.0000,0.0000,0.1304
9fd672d7-152c-423e-af51-4b14f62db78f,8b354a1d-b301-4cd1-b271-878ba45ed85f,0.0000,12.4689,1.0000,0.0000,0.0000,0.0000,0.0476
0c07cbfe-8089-4618-8ea2-9d49c5c7676f,2db915b4-b287-4d07-8d78-0d79e2b715e6,2.0000,11.8033,0.5000,2.0000,2.0000,0.6667,0.2000
0c07cbfe-8089-4618-8ea2-9d49c5c7676f,1041fa72-e598-4a46-9d90-bbdb1a8c8cfa,2.0000,11.9867,0.5000,2.0000,2.0000,0.6667,0.2800
0c07cbfe-8089-4618-8ea2-9d49c5c7676f,e2678857-49ff-42d1-9649-47b147a8ed3e,0.0000,10.4013,1.0000,0.0000,0.0000,0.6667,0.0741
0c07cbfe-8089-4618-8ea2-9d49c5c7676f,0b2085d3-0fbc-4351-845e-5d9bccda34e5,2.0000,7.5771,0.5000,2.0000,2.0000,0.6667,0.0800
0c07cbfe-8089-4618-8ea2-9d49c5c7676f,0abcffc0-2fc7-4385-a82f-bbe80bfd51ae,2.0000,6.5565,0.5000,2.0000,2.0000,0.6667,0.0800
0c07cbfe-8089-4618-8ea2-9d49c5c7676f,d54c73cc-cc77-415e-aeff-dd22604f13cf,2.0000,10.6679,0.5000,2.0000,2.0000,0.6667,0.2000
0c07cbfe-8089-4618-8ea2-9d49c5c7676f,09bf266d-b272-4968-9251-ab34779e8344,2.0000,5.4471,0.5000,2.0000,2.0000,0.0000,0.0385
0c07cbfe-8089-4618-8ea2-9d49c5c7676f,b336cd79-f2f6-4913-b922-d1061f5fb2e1,2.0000,5.7113,0.5000,2.0000,2.0000,0.6667,0.0800
0c07cbfe-8089-4618-8ea2-9d49c5c7676f,c6e27378-0b9e-4d40-9dbf-057217176282,2.0000,8.5972,0.5000,2.0000,2.0000,0.6667,0.0800
0c07cbfe-8089-4618-8ea2-9d49c5c7676f,d9267fd4-495d-4d11-843c-cedddfeddabf,2.0000,6.6072,0.5000,2.0000,2.0000,0.6667,0.1600
0c07cbfe-8089-4618-8ea2-9d49c5c7676f,8dfa57b2-e8b0-4a9a-b5b6-86dc84f15e30,0.0000,7.1744,1.0000,0.0000,0.0000,0.0000,0.1071
0c07cbfe-8089-4618-8ea2-9d49c5c7676f,d9fa51da-ab2b-411c-a41b-ce2b5c23473b,2.0000,9.7625,0.5000,2.0000,2.0000,0.6667,0.0800
0c07cbfe-8089-4618-8ea2-9d49c5c7676f,4895c953-8e9a-4e62-b308-61d0f4106e69,2.0000,9.8799,0.5000,2.0000,2.0000,0.6667,0.0800
0c07cbfe-8089-4618-8ea2-9d49c5c7676f,c95936f5-0096-4c43-a2a2-4cc7a9b26504,0.0000,8.6075,1.0000,0.0000,0.0000,0.6667,0.0000
0c07cbfe-8089-4618-8ea2-9d49c5c7676f,535f130b-68ff-4463-83b0-d04785999fbb,2.0000,12.1862,0.5000,2.0000,2.0000,0.6667,0.2000
0c07cbfe-8089-4618-8ea2-9d49c5c7676f,5c952de4-19c5-4324-b3f4-48b0c2169833,2.0000,4.1252,0.5000,2.0000,2.0000,0.6667,0.0800
0c07cbfe-8089-4618-8ea2-9d49c5c7676f,ced92f16-312a-4b19-addf-523cfefee6c7,2.0000,9.9814,0.5000,2.0000,2.0000,0.6667,0.0385
0c07cbfe-8089-4618-8ea2-9d49c5c7676f,a11c3bca-9343-4869-8c77-38e616536f5e,2.0000,8.8714,0.5000,2.0000,2.0000,0.6667,0.2000
0c07cbfe-8089-4618-8ea2-9d49c5c7676f,110b5c81-0d3f-40bb-bc0d-cd4c327ce925,0.0000,10.6878,1.0000,0.0000,0.0000,0.6667,0.0741
0c07cbfe-8089-4618-8ea2-9d49c5c7676f,80481175-af46-455a-8bef-0c682e4c0cb6,0.0000,9.3038,1.0000,0.0000,0.0000,0.6667,0.0741
0c07cbfe-8089-4618-8ea2-9d49c5c7676f,422a1c98-ae36-47b0-8890-a8295b6cd85c,0.0000,7.0799,1.0000,0.0000,0.0000,0.6667,0.0000
0c07cbfe-8089-4618-8ea2-9d49c5c7676f,51d9466b-1ba9-4646-8257-1d21cb2ed954,0.0000,5.5173,1.0000,0.0000,0.0000,0.6667,0.0741
0c07cbfe-8089-4618-8ea2-9d49c5c7676f,03e8c72b-9c28-43b3-a50c-ba09195e3e3c,2.0000,10.1136,0.5000,2.0000,2.0000,0.6667,0.1200
0c07cbfe-8089-4618-8ea2-9d49c5c7676f,cf9b7960-9d27-4554-a98d-f1fa9bb1a5ca,0.0000,9.4026,1.0000,0.0000,0.0000,0.6667,0.2188
0c07cbfe-8089-4618-8ea2-9d49c5c7676f,bf0dfd9e-5489-4b04-ae78-ba2facc60792,2.0000,13.9733,0.5000,2.0000,2.0000,0.6667,0.1200
0c07cbfe-8089-4618-8ea2-9d49c5c7676f,4f2e86c2-4b73-47fc-bf83-31eb686d4ad0,2.0000,8.2756,0.5000,2.0000,2.0000,0.6667,0.1600
0c07cbfe-8089-4618-8ea2-9d49c5c7676f,ddd56f00-e94c-4f73-bc24-d6538d02d76f,0.0000,8.4709,1.0000,0.0000,0.0000,0.6667,0.1667
0c07cbfe-8089-4618-8ea2-9d49c5c7676f,67351bd4-8ebd-4ac5-b552-24308cef799f,0.0000,8.3489,1.0000,0.0000,0.0000,0.6667,0.1071
0c07cbfe-8089-4618-8ea2-9d49c5c7676f,7d591389-70df-411c-93e7-2948d4c04738,2.0000,10.0181,0.5000,2.0000,2.0000,0.6667,0.2000
0c07cbfe-8089-4618-8ea2-9d49c5c7676f,91fd5a9f-0848-4551-a1a2-9689a4125830,2.0000,5.7321,0.5000,2.0000,2.0000,0.6667,0.1071
0c07cbfe-8089-4618-8ea2-9d49c5c7676f,ae6b3203-494b-4066-b0ba-b923b393bced,2.0000,10.6130,0.5000,2.0000,2.0000,0.6667,0.1200
0c07cbfe-8089-4618-8ea2-9d49c5c7676f,4b0f1708-0377-46ec-b3a4-cc53fe72fcc8,2.0000,12.8365,0.5000,2.0000,2.0000,0.0000,0.1200
0c07cbfe-8089-4618-8ea2-9d49c5c7676f,17101d7a-983e-469a-82f0-3dbd27b59660,0.0000,7.7006,1.0000,0.0000,0.0000,0.6667,0.1379
0c07cbfe-8089-4618-8ea2-9d49c5c7676f,6c2f7b68-d439-46b0-b6c2-111ae90e59be,0.0000,8.7195,1.0000,0.0000,0.0000,0.6667,0.1071
0c07cbfe-8089-4618-8ea2-9d49c5c7676f,b07b0e33-0c1e-489d-8b69-aa1b4ae8d2ad,2.0000,15.0586,0.5000,2.0000,2.0000,0.0000,0.3200
0c07cbfe-8089-4618-8ea2-9d49c5c7676f,cb93662e-0aed-4f56-9500-1e7f2e128287,0.0000,9.5341,1.0000,0.0000,0.0000,0.6667,0.0741
0c07cbfe-8089-4618-8ea2-9d49c5c7676f,5c581ce7-7a4b-4fd5-86a2-16c83a3a7b68,2.0000,8.5869,0.5000,2.0000,2.0000,0.6667,0.1600
0c07cbfe-8089-4618-8ea2-9d49c5c7676f,f2deb05a-d512-48f4-b641-59e526831230,2.0000,7.8353,0.5000,2.0000,2.0000,0.6667,0.2400
0c07cbfe-8089-4618-8ea2-9d49c5c7676f,2908d1db-866e-4631-a655-8ac0a0da0e28,0.0000,10.5326,1.0000,0.0000,0.0000,0.0000,0.1667
0c07cbfe-8089-4618-8ea2-9d49c5c7676f,4481c909-2f78-4205-8334-e27d27305642,0.0000,5.3043,1.0000,0.0000,0.0000,0.0000,0.0385
0c07cbfe-8089-4618-8ea2-9d49c5c7676f,d450f16e-59ec-490a-8ce7-7968e10dd065,0.0000,5.7969,1.0000,0.0000,0.0000,0.6667,0.1071
0c07cbfe-8089-4618-8ea2-9d49c5c7676f,51625cea-8af7-4dca-9b2d-17750e3831ea,2.0000,8.1611,0.5000,2.0000,2.0000,0.6667,0.1200
0c07cbfe-8089-4618-8ea2-9d49c5c7676f,bb080865-5184-4114-942e-0a1b314c8016,2.0000,8.1831,0.5000,2.0000,2.0000,0.6667,0.0800
0c07cbfe-8089-4618-8ea2-9d49c5c7676f,8b354a1d-b301-4cd1-b271-878ba45ed85f,2.0000,8.4437,0.5000,2.0000,2.0000,0.6667,0.1600
2db915b4-b287-4d07-8d78-0d79e2b715e6,1041fa72-e598-4a46-9d90-bbdb1a8c8cfa,0.0000,9.2642,1.0000,0.0000,0.0000,0.0000,0.1000
2db915b4-b287-4d07-8d78-0d79e2b715e6,e2678857-49ff-42d1-9649-47b147a8ed3e,2.0000,7.4780,0.5000,2.0000,2.0000,0.0000,0.2593
2db915b4-b287-4d07-8d78-0d79e2b715e6,0b2085d3-0fbc-4351-845e-5d9bccda34e5,0.0000,11.3582,1.0000,0.0000,0.0000,0.0000,0.1304
2db915b4-b287-4d07-8d78-0d79e2b715e6,0abcffc0-2fc7-4385-a82f-bbe80bfd51ae,0.0000,11.5245,1.0000,0.0000,0.0000,0.0000,0.1304
2db915b4-b287-4d07-8d78-0d79e2b715e6,d54c73cc-cc77-415e-aeff-dd22604f13cf,0.0000,5.5199,1.0000,0.0000,0.0000,0.0000,0.0000
2db915b4-b287-4d07-8d78-0d79e2b715e6,09bf266d-b272-4968-9251-ab34779e8344,0.0000,12.2650,1.0000,0.0000,0.0000,0.6667,0.2308
2db915b4-b287-4d07-8d78-0d79e2b715e6,b336cd79-f2f6-4913-b922-d1061f5fb2e1,0.0000,9.0156,1.0000,0.0000,0.0000,0.0000,0.1304
2db915b4-b287-4d07-8d78-0d79e2b715e6,c6e27378-0b9e-4d40-9dbf-057217176282,0.0000,7.4231,1.0000,0.0000,0.0000,0.0000,0.1304
2db915b4-b287-4d07-8d78-0d79e2b715e6,d9267fd4-495d-4d11-843c-cedddfeddabf,0.0000,9.5317,1.0000,0.0000,0.0000,0.6667,0.0476
2db915b4-b287-4d07-8d78-0d79e2b715e6,8dfa57b2-e8b0-4a9a-b5b6-86dc84f15e30,2.0000,14.1832,0.5000,2.0000,2.0000,0.6667,0.2857
2db915b4-b287-4d07-8d78-0d79e2b715e6,d9fa51da-ab2b-411c-a41b-ce2b5c23473b,0.0000,6.1391,1.0000,0.0000,0.0000,0.0000,0.1304
2db915b4-b287-4d07-8d78-0d79e2b715e6,4895c953-8e9a-4e62-b308-61d0f4106e69,0.0000,7.6642,1.0000,0.0000,0.0000,0.0000,0.1304
2db915b4-b287-4d07-8d78-0d79e2b715e6,c95936f5-0096-4c43-a2a2-4cc7a9b26504,2.0000,9.9605,0.5000,2.0000,2.0000,0.0000,0.2000
2db915b4-b287-4d07-8d78-0d79e2b715e6,535f130b-68ff-4463-83b0-d04785999fbb,0.0000,14.2305,1.0000,0.0000,0.0000,0.6667,0.0000
2db915b4-b287-4d07-8d78-0d79e2b715e6,5c952de4-19c5-4324-b3f4-48b0c2169833,0.0000,11.8958,1.0000,0.0000,0.0000,0.0000,0.1304
2db915b4-b287-4d07-8d78-0d79e2b715e6,ced92f16-312a-4b19-addf-523cfefee6c7,0.0000,5.9146,1.0000,0.0000,0.0000,0.0000,0.2308
2db915b4-b287-4d07-8d78-0d79e2b715e6,a11c3bca-9343-4869-8c77-38e616536f5e,0.0000,8.8951,1.0000,0.0000,0.0000,0.0000,0.0000
2db915b4-b287-4d07-8d78-0d79e2b715e6,110b5c81-0d3f-40bb-bc0d-cd4c327ce925,2.0000,8.6299,0.5000,2.0000,2.0000,0.6667,0.2593
2db915b4-b287-4d07-8d78-0d79e2b715e6,80481175-af46-455a-8bef-0c682e4c0cb6,2.0000,9.7549,0.5000,2.0000,2.0000,0.0000,0.2593
2db915b4-b287-4d07-8d78-0d79e2b715e6,422a1c98-ae36-47b0-8890-a8295b6cd85c,2.0000,10.5496,0.5000,2.0000,2.0000,0.6667,0.2000
2db915b4-b287-4d07-8d78-0d79e2b715e6,51d9466b-1ba9-4646-8257-1d21cb2ed954,2.0000,10.2750,0.5000,2.0000,2.0000,0.0000,0.2593
2db915b4-b287-4d07-8d78-0d79e2b715e6,03e8c72b-9c28-43b3-a50c-ba09195e3e3c,0.0000,10.8671,1.0000,0.0000,0.0000,0.6667,0.0909
2db915b4-b287-4d07-8d78-0d79e2b715e6,cf9b7960-9d27-4554-a98d-f1fa9bb1a5ca,2.0000,9.4018,0.5000,2.0000,2.0000,0.6667,0.3750
2db915b4-b287-4d07-8d78-0d79e2b715e6,bf0dfd9e-5489-4b04-ae78-ba2facc60792,0.0000,10.9217,1.0000,0.0000,0.0000,0.6667,0.0909
2db915b4-b287-4d07-8d78-0d79e2b715e6,4f2e86c2-4b73-47fc-bf83-31eb686d4ad0,0.0000,11.2046,1.0000,0.0000,0.0000,0.6667,0.0476
2db915b4-b287-4d07-8d78-0d79e2b715e6,ddd56f00-e94c-4f73-bc24-d6538d02d76f,2.0000,7.8612,0.5000,2.0000,2.0000,0.6667,0.3333
2db915b4-b287-4d07-8d78-0d79e2b715e6,67351bd4-8ebd-4ac5-b552-24308cef799f,2.0000,10.9173,0.5000,2.0000,2.0000,0.0000,0.2857
2db915b4-b287-4d07-8d78-0d79e2b715e6,7d591389-70df-411c-93e7-2948d4c04738,0.0000,5.7797,1.0000,0.0000,0.0000,0.0000,0.0000
2db915b4-b287-4d07-8d78-0d79e2b715e6,91fd5a9f-0848-4551-a1a2-9689a4125830,0.0000,12.0922,1.0000,0.0000,0.0000,0.0000,0.2857
2db915b4-b287-4d07-8d78-0d79e2b715e6,ae6b3203-494b-4066-b0ba-b923b393bced,0.0000,10.5057,1.0000,0.0000,0.0000,0.6667,0.0909
2db915b4-b287-4d07-8d78-0d79e2b715e6,4b0f1708-0377-46ec-b3a4-cc53fe72fcc8,0.0000,9.3032,1.0000,0.0000,0.0000,0.6667,0.0909
2db915b4-b287-4d07-8d78-0d79e2b715e6,17101d7a-983e-469a-82f0-3dbd27b59660,2.0000,10.0275,0.5000,2.0000,2.0000,0.0000,0.3103
2db915b4-b287-4d07-8d78-0d79e2b715e6,6c2f7b68-d439-46b0-b6c2-111ae90e59be,2.0000,8.1054,0.5000,2.0000,2.0000,0.6667,0.2857
2db915b4-b287-4d07-8d78-0d79e2b715e6,b07b0e33-0c1e-489d-8b69-aa1b4ae8d2ad,0.0000,8.4199,1.0000,0.0000,0.0000,0.6667,0.1500
2db915b4-b287-4d07-8d78-0d79e2b715e6,cb93662e-0aed-4f56-9500-1e7f2e128287,2.0000,7.4386,0.5000,2.0000,2.0000,0.6667,0.2593
2db915b4-b287-4d07-8d78-0d79e2b715e6,5c581ce7-7a4b-4fd5-86a2-16c83a3a7b68,0.0000,13.9451,1.0000,0.0000,0.0000,0.6667,0.0476
2db915b4-b287-4d07-8d78-0d79e2b715e6,f2deb05a-d512-48f4-b641-59e526831230,0.0000,13.2418,1.0000,0.0000,0.0000,0.6667,0.0500
2db915b4-b287-4d07-8d78-0d79e2b715e6,2908d1db-866e-4631-a655-8ac0a0da0e28,2.0000,11.7044,0.5000,2.0000,2.0000,0.6667,0.3333
2db915b4-b287-4d07-8d78-0d79e2b715e6,4481c909-2f78-4205-8334-e27d27305642,2.0000,13.2944,0.5000,2.0000,2.0000,0.6667,0.2308
2db915b4-b287-4d07-8d78-0d79e2b715e6,d450f16e-59ec-490a-8ce7-7968e10dd065,2.0000,9.9973,0.5000,2.0000,2.0000,0.6667,0.2857
2db915b4-b287-4d07-8d78-0d79e2b715e6,51625cea-8af7-4dca-9b2d-17750e3831ea,0.0000,7.7015,1.0000,0.0000,0.0000,0.0000,0.0909
2db915b4-b287-4d07-8d78-0d79e2b715e6,bb080865-5184-4114-942e-0a1b314c8016,0.0000,12.4875,1.0000,0.0000,0.0000,0.0000,0.1304
2db915b4-b287-4d07-8d78-0d79e2b715e6,8b354a1d-b301-4cd1-b271-878ba45ed85f,0.0000,7.5396,1.0000,0.0000,0.0000,0.0000,0.0476
1041fa72-e598-4a46-9d90-bbdb1a8c8cfa,e2678857-49ff-42d1-9649-47b147a8ed3e,2.0000,11.8228,0.5000,2.0000,2.0000,0.0000,0.3333
1041fa72-e598-4a46-9d90-bbdb1a8c8cfa,0b2085d3-0fbc-4351-845e-5d9bccda34e5,0.0000,14.4445,1.0000,0.0000,0.0000,0.0000,0.2174
1041fa72-e598-4a46-9d90-bbdb1a8c8cfa,0abcffc0-2fc7-4385-a82f-bbe80bfd51ae,0.0000,12.3630,1.0000,0.0000,0.0000,0.0000,0.2174
1041fa72-e598-4a46-9d90-bbdb1a8c8cfa,d54c73cc-cc77-415e-aeff-dd22604f13cf,0.0000,5.4605,1.0000,0.0000,0.0000,0.0000,0.1000
1041fa72-e598-4a46-9d90-bbdb1a8c8cfa,09bf266d-b272-4968-9251-ab34779e8344,0.0000,11.9498,1.0000,0.0000,0.0000,0.6667,0.3077
1041fa72-e598-4a46-9d90-bbdb1a8c8cfa,b336cd79-f2f6-4913-b922-d1061f5fb2e1,0.0000,7.7218,1.0000,0.0000,0.0000,0.0000,0.2174
1041fa72-e598-4a46-9d90-bbdb1a8c8cfa,c6e27378-0b9e-4d40-9dbf-057217176282,0.0000,9.3752,1.0000,0.0000,0.0000,0.0000,0.2174
1041fa72-e598-4a46-9d90-bbdb1a8c8cfa,d9267fd4-495d-4d11-843c-cedddfeddabf,0.0000,14.5586,1.0000,0.0000,0.0000,0.6667,0.1429
1041fa72-e598-4a46-9d90-bbdb1a8c8cfa,8dfa57b2-e8b0-4a9a-b5b6-86dc84f15e30,2.0000,14.4224,0.5000,2.0000,2.0000,0.6667,0.3571
1041fa72-e598-4a46-9d90-bbdb1a8c8cfa,d9fa51da-ab2b-411c-a41b-ce2b5c23473b,0.0000,7.6565,1.0000,0.0000,0.0000,0.0000,0.2174
1041fa72-e598-4a46-9d90-bbdb1a8c8cfa,4895c953-8e9a-4e62-b308-61d0f4106e69,0.0000,6.4638,1.0000,0.0000,0.0000,0.0000,0.2174
1041fa72-e598-4a46-9d90-bbdb1a8c8cfa,c95936f5-0096-4c43-a2a2-4cc7a9b26504,2.0000,7.7480,0.5000,2.0000,2.0000,0.0000,0.2800
1041fa72-e598-4a46-9d90-bbdb1a8c8cfa,535f130b-68ff-4463-83b0-d04785999fbb,0.0000,16.4767,1.0000,0.0000,0.0000,0.6667,0.1000
1041fa72-e598-4a46-9d90-bbdb1a8c8cfa,5c952de4-19c5-4324-b3f4-48b0c2169833,0.0000,9.8275,1.0000,0.0000,0.0000,0.0000,0.2174
1041fa72-e598-4a46-9d90-bbdb1a8c8cfa,ced92f16-312a-4b19-addf-523cfefee6c7,0.0000,7.8545,1.0000,0.0000,0.0000,0.0000,0.3077
1041fa72-e598-4a46-9d90-bbdb1a8c8cfa,a11c3bca-9343-4869-8c77-38e616536f5e,0.0000,7.0671,1.0000,0.0000,0.0000,0.0000,0.1000
1041fa72-e598-4a46-9d90-bbdb1a8c8cfa,110b5c81-0d3f-40bb-bc0d-cd4c327ce925,2.0000,14.0802,0.5000,2.0000,2.0000,0.6667,0.3333
1041fa72-e598-4a46-9d90-bbdb1a8c8cfa,80481175-af46-455a-8bef-0c682e4c0cb6,2.0000,8.7757,0.5000,2.0000,2.0000,0.0000,0.3333
1041fa72-e598-4a46-9d90-bbdb1a8c8cfa,422a1c98-ae36-47b0-8890-a8295b6cd85c,2.0000,10.0335,0.5000,2.0000,2.0000,0.6667,0.2800
1041fa72-e598-4a46-9d90-bbdb1a8c8cfa,51d9466b-1ba9-4646-8257-1d21cb2ed954,2.0000,14.0811,0.5000,2.0000,2.0000,0.0000,0.3333
1041fa72-e598-4a46-9d90-bbdb1a8c8cfa,03e8c72b-9c28-43b3-a50c-ba09195e3e3c,0.0000,16.6154,1.0000,0.0000,0.0000,0.6667,0.1818
1041fa72-e598-4a46-9d90-bbdb1a8c8cfa,cf9b7960-9d27-4554-a98d-f1fa9bb1a5ca,2.0000,10.4441,0.5000,2.0000,2.0000,0.6667,0.4375
1041fa72-e598-4a46-9d90-bbdb1a8c8cfa,bf0dfd9e-5489-4b04-ae78-ba2facc60792,0.0000,14.3483,1.0000,0.0000,0.0000,0.6667,0.1818
1041fa72-e598-4a46-9d90-bbdb1a8c8cfa,4f2e86c2-4b73-47fc-bf83-31eb686d4ad0,0.0000,14.4726,1.0000,0.0000,0.0000,0.6667,0.1429
1041fa72-e598-4a46-9d90-bbdb1a8c8cfa,ddd56f00-e94c-4f73-bc24-d6538d02d76f,2.0000,10.5043,0.5000,2.0000,2.0000,0.6667,0.4000
1041fa72-e598-4a46-9d90-bbdb1a8c8cfa,67351bd4-8ebd-4ac5-b552-24308cef799f,2.0000,15.1289,0.5000,2.0000,2.0000,0.0000,0.3571
1041fa72-e598-4a46-9d90-bbdb1a8c8cfa,7d591389-70df-411c-93e7-2948d4c04738,0.0000,9.8508,1.0000,0.0000,0.0000,0.0000,0.1000
1041fa72-e598-4a46-9d90-bbdb1a8c8cfa,91fd5a9f-0848-4551-a1a2-9689a4125830,0.0000,11.5023,1.0000,0.0000,0.0000,0.0000,0.3571
1041fa72-e598-4a46-9d90-bbdb1a8c8cfa,ae6b3203-494b-4066-b0ba-b923b393bced,0.0000,16.9435,1.0000,0.0000,0.0000,0.6667,0.1818
1041fa72-e598-4a46-9d90-bbdb1a8c8cfa,4b0f1708-0377-46ec-b3a4-cc53fe72fcc8,0.0000,14.8782,1.0000,0.0000,0.0000,0.6667,0.1818
1041fa72-e598-4a46-9d90-bbdb1a8c8cfa,17101d7a-983e-469a-82f0-3dbd27b59660,2.0000,10.2437,0.5000,2.0000,2.0000,0.0000,0.3793
1041fa72-e598-4a46-9d90-bbdb1a8c8cfa,6c2f7b68-d439-46b0-b6c2-111ae90e59be,2.0000,14.5107,0.5000,2.0000,2.0000,0.6667,0.3571
1041fa72-e598-4a46-9d90-bbdb1a8c8cfa,b07b0e33-0c1e-489d-8b69-aa1b4ae8d2ad,0.0000,13.8207,1.0000,0.0000,0.0000,0.6667,0.0556
1041fa72-e598-4a46-9d90-bbdb1a8c8cfa,cb93662e-0aed-4f56-9500-1e7f2e128287,2.0000,12.5437,0.5000,2.0000,2.0000,0.6667,0.3333
1041fa72-e598-4a46-9d90-bbdb1a8c8cfa,5c581ce7-7a4b-4fd5-86a2-16c83a3a7b68,0.0000,14.2960,1.0000,0.0000,0.0000,0.6667,0.1429
1041fa72-e598-4a46-9d90-bbdb1a8c8cfa,f2deb05a-d512-48f4-b641-59e526831230,0.0000,16.1002,1.0000,0.0000,0.0000,0.6667,0.0526
1041fa72-e598-4a46-9d90-bbdb1a8c8cfa,2908d1db-866e-4631-a655-8ac0a0da0e28,2.0000,14.2797,0.5000,2.0000,2.0000,0.6667,0.4000
1041fa72-e598-4a46-9d90-bbdb1a8c8cfa,4481c909-2f78-4205-8334-e27d27305642,2.0000,14.0183,0.5000,2.0000,2.0000,0.6667,0.3077
1041fa72-e598-4a46-9d90-bbdb1a8c8cfa,d450f16e-59ec-490a-8ce7-7968e10dd065,2.0000,9.6608,0.5000,2.0000,2.0000,0.6667,0.3571
1041fa72-e598-4a46-9d90-bbdb1a8c8cfa,51625cea-8af7-4dca-9b2d-17750e3831ea,0.0000,10.1766,1.0000,0.0000,0.0000,0.0000,0.1818
1041fa72-e598-4a46-9d90-bbdb1a8c8cfa,bb080865-5184-4114-942e-0a1b314c8016,0.0000,14.8264,1.0000,0.0000,0.0000,0.0000,0.2174
1041fa72-e598-4a46-9d90-bbdb1a8c8cfa,8b354a1d-b301-4cd1-b271-878ba45ed85f,0.0000,9.6934,1.0000,0.0000,0.0000,0.0000,0.1429
e2678857-49ff-42d1-9649-47b147a8ed3e,0b2085d3-0fbc-4351-845e-5d9bccda34e5,2.0000,10.1552,0.5000,2.0000,2.0000,0.0000,0.1481
e2678857-49ff-42d1-9649-47b147a8ed3e,0abcffc0-2fc7-4385-a82f-bbe80bfd51ae,2.0000,12.1081,0.5000,2.0000,2.0000,0.0000,0.1481
e2678857-49ff-42d1-9649-47b147a8ed3e,d54c73cc-cc77-415e-aeff-dd22604f13cf,2.0000,10.0808,0.5000,2.0000,2.0000,0.0000,0.2593
e2678857-49ff-42d1-9649-47b147a8ed3e,09bf266d-b272-4968-9251-ab34779e8344,2.0000,12.0515,0.5000,2.0000,2.0000,0.6667,0.0370
e2678857-49ff-42d1-9649-47b147a8ed3e,b336cd79-f2f6-4913-b922-d1061f5fb2e1,2.0000,10.7715,0.5000,2.0000,2.0000,0.0000,0.1481
e2678857-49ff-42d1-9649-47b147a8ed3e,c6e27378-0b9e-4d40-9dbf-057217176282,2.0000,9.2453,0.5000,2.0000,2.0000,0.0000,0.1481
e2678857-49ff-42d1-9649-47b147a8ed3e,d9267fd4-495d-4d11-843c-cedddfeddabf,2.0000,7.1052,0.5000,2.0000,2.0000,0.6667,0.2222
e2678857-49ff-42d1-9649-47b147a8ed3e,8dfa57b2-e8b0-4a9a-b5b6-86dc84f15e30,0.0000,10.6489,1.0000,0.0000,0.0000,0.6667,0.0357
e2678857-49ff-42d1-9649-47b147a8ed3e,d9fa51da-ab2b-411c-a41b-ce2b5c23473b,2.0000,9.6845,0.5000,2.0000,2.0000,0.0000,0.1481
e2678857-49ff-42d1-9649-47b147a8ed3e,4895c953-8e9a-4e62-b308-61d0f4106e69,2.0000,11.6589,0.5000,2.0000,2.0000,0.0000,0.1481
e2678857-49ff-42d1-9649-47b147a8ed3e,c95936f5-0096-4c43-a2a2-4cc7a9b26504,0.0000,5.5451,1.0000,0.0000,0.0000,0.0000,0.0741
e2678857-49ff-42d1-9649-47b147a8ed3e,535f130b-68ff-4463-83b0-d04785999fbb,2.0000,7.4603,0.5000,2.0000,2.0000,0.6667,0.2593
e2678857-49ff-42d1-9649-47b147a8ed3e,5c952de4-19c5-4324-b3f4-48b0c2169833,2.0000,12.8458,0.5000,2.0000,2.0000,0.0000,0.1481
e2678857-49ff-42d1-9649-47b147a8ed3e,ced92f16-312a-4b19-addf-523cfefee6c7,2.0000,9.6151,0.5000,2.0000,2.0000,0.0000,0.0370
e2678857-49ff-42d1-9649-47b147a8ed3e,a11c3bca-9343-4869-8c77-38e616536f5e,2.0000,7.8313,0.5000,2.0000,2.0000,0.0000,0.2593
e2678857-49ff-42d1-9649-47b147a8ed3e,110b5c81-0d3f-40bb-bc0d-cd4c327ce925,0.0000,9.6170,1.0000,0.0000,0.0000,0.6667,0.0000
e2678857-49ff-42d1-9649-47b147a8ed3e,80481175-af46-455a-8bef-0c682e4c0cb6,0.0000,10.9479,1.0000,0.0000,0.0000,0.0000,0.0000
e2678857-49ff-42d1-9649-47b147a8ed3e,422a1c98-ae36-47b0-8890-a8295b6cd85c,0.0000,6.8737,1.0000,0.0000,0.0000,0.6667,0.0741
e2678857-49ff-42d1-9649-47b147a8ed3e,51d9466b-1ba9-4646-8257-1d21cb2ed954,0.0000,9.3398,1.0000,0.0000,0.0000,0.0000,0.0000
e2678857-49ff-42d1-9649-47b147a8ed3e,03e8c72b-9c28-43b3-a50c-ba09195e3e3c,2.0000,7.6622,0.5000,2.0000,2.0000,0.6667,0.1852
e2678857-49ff-42d1-9649-47b147a8ed3e,cf9b7960-9d27-4554-a98d-f1fa9bb1a5ca,0.0000,10.1940,1.0000,0.0000,0.0000,0.6667,0.1563
e2678857-49ff-42d1-9649-47b147a8ed3e,bf0dfd9e-5489-4b04-ae78-ba2facc60792,2.0000,6.0239,0.5000,2.0000,2.0000,0.6667,0.1852
e2678857-49ff-42d1-9649-47b147a8ed3e,4f2e86c2-4b73-47fc-bf83-31eb686d4ad0,2.0000,8.5925,0.5000,2.0000,2.0000,0.6667,0.2222
e2678857-49ff-42d1-9649-47b147a8ed3e,ddd56f00-e94c-4f73-bc24-d6538d02d76f,0.0000,10.0868,1.0000,0.0000,0.0000,0.6667,0.1000
e2678857-49ff-42d1-9649-47b147a8ed3e,67351bd4-8ebd-4ac5-b552-24308cef799f,0.0000,10.9288,1.0000,0.0000,0.0000,0.0000,0.0357
e2678857-49ff-42d1-9649-47b147a8ed3e,7d591389-70df-411c-93e7-2948d4c04738,2.0000,11.3750,0.5000,2.0000,2.0000,0.0000,0.2593
e2678857-49ff-42d1-9649-47b147a8ed3e,91fd5a9f-0848-4551-a1a2-9689a4125830,2.0000,12.9646,0.5000,2.0000,2.0000,0.0000,0.0357
e2678857-49ff-42d1-9649-47b147a8ed3e,ae6b3203-494b-4066-b0ba-b923b393bced,2.0000,6.9553,0.5000,2.0000,2.0000,0.6667,0.1852
e2678857-49ff-42d1-9649-47b147a8ed3e,4b0f1708-0377-46ec-b3a4-cc53fe72fcc8,2.0000,11.0948,0.5000,2.0000,2.0000,0.6667,0.1852
e2678857-49ff-42d1-9649-47b147a8ed3e,17101d7a-983e-469a-82f0-3dbd27b59660,0.0000,12.4489,1.0000,0.0000,0.0000,0.0000,0.0690
e2678857-49ff-42d1-9649-47b147a8ed3e,6c2f7b68-d439-46b0-b6c2-111ae90e59be,0.0000,4.2233,1.0000,0.0000,0.0000,0.6667,0.0357
e2678857-49ff-42d1-9649-47b147a8ed3e,b07b0e33-0c1e-489d-8b69-aa1b4ae8d2ad,2.0000,9.8560,0.5000,2.0000,2.0000,0.6667,0.3704
e2678857-49ff-42d1-9649-47b147a8ed3e,cb93662e-0aed-4f56-9500-1e7f2e128287,0.0000,8.8936,1.0000,0.0000,0.0000,0.6667,0.0000
e2678857-49ff-42d1-9649-47b147a8ed3e,5c581ce7-7a4b-4fd5-86a2-16c83a3a7b68,2.0000,8.2408,0.5000,2.0000,2.0000,0.6667,0.2222
e2678857-49ff-42d1-9649-47b147a8ed3e,f2deb05a-d512-48f4-b641-59e526831230,2.0000,9.3207,0.5000,2.0000,2.0000,0.6667,0.2963
e2678857-49ff-42d1-9649-47b147a8ed3e,2908d1db-866e-4631-a655-8ac0a0da0e28,0.0000,5.0730,1.0000,0.0000,0.0000,0.6667,0.1000
e2678857-49ff-42d1-9649-47b147a8ed3e,4481c909-2f78-4205-8334-e27d27305642,0.0000,10.0876,1.0000,0.0000,0.0000,0.6667,0.0370
e2678857-49ff-42d1-9649-47b147a8ed3e,d450f16e-59ec-490a-8ce7-7968e10dd065,0.0000,7.4671,1.0000,0.0000,0.0000,0.6667,0.0357
e2678857-49ff-42d1-9649-47b147a8ed3e,51625cea-8af7-4dca-9b2d-17750e3831ea,2.0000,9.0445,0.5000,2.0000,2.0000,0.0000,0.1852
e2678857-49ff-42d1-9649-47b147a8ed3e,bb080865-5184-4114-942e-0a1b314c8016,2.0000,12.0248,0.5000,2.0000,2.0000,0.0000,0.1481
e2678857-49ff-42d1-9649-47b147a8ed3e,8b354a1d-b301-4cd1-b271-878ba45ed85f,2.0000,9.3901,0.5000,2.0000,2.0000,0.0000,0.2222
0b2085d3-0fbc-4351-845e-5d9bccda34e5,0abcffc0-2fc7-4385-a82f-bbe80bfd51ae,0.0000,8.5016,1.0000,0.0000,0.0000,0.0000,0.0000
0b2085d3-0fbc-4351-845e-5d9bccda34e5,d54c73cc-cc77-415e-aeff-dd22604f13cf,0.0000,9.2779,1.0000,0.0000,0.0000,0.0000,0.1304
0b2085d3-0fbc-4351-845e-5d9bccda34e5,09bf266d-b272-4968-9251-ab34779e8344,0.0000,2.8565,1.0000,0.0000,0.0000,0.6667,0.1154
0b2085d3-0fbc-4351-845e-5d9bccda34e5,b336cd79-f2f6-4913-b922-d1061f5fb2e1,0.0000,7.0790,1.0000,0.0000,0.0000,0.0000,0.0000
0b2085d3-0fbc-4351-845e-5d9bccda34e5,c6e27378-0b9e-4d40-9dbf-057217176282,0.0000,5.3791,1.0000,0.0000,0.0000,0.0000,0.0000
0b2085d3-0fbc-4351-845e-5d9bccda34e5,d9267fd4-495d-4d11-843c-cedddfeddabf,0.0000,4.9712,1.0000,0.0000,0.0000,0.6667,0.0870
0b2085d3-0fbc-4351-845e-5d9bccda34e5,8dfa57b2-e8b0-4a9a-b5b6-86dc84f15e30,2.0000,11.9848,0.5000,2.0000,2.0000,0.6667,0.1786
0b2085d3-0fbc-4351-845e-5d9bccda34e5,d9fa51da-ab2b-411c-a41b-ce2b5c23473b,0.0000,15.5946,1.0000,0.0000,0.0000,0.0000,0.0000
0b2085d3-0fbc-4351-845e-5d9bccda34e5,4895c953-8e9a-4e62-b308-61d0f4106e69,0.0000,11.9744,1.0000,0.0000,0.0000,0.0000,0.0000
0b2085d3-0fbc-4351-845e-5d9bccda34e5,c95936f5-0096-4c43-a2a2-4cc7a9b26504,2.0000,11.6318,0.5000,2.0000,2.0000,0.0000,0.0800
0b2085d3-0fbc-4351-845e-5d9bccda34e5,535f130b-68ff-4463-83b0-d04785999fbb,0.0000,11.8602,1.0000,0.0000,0.0000,0.6667,0.1304
0b2085d3-0fbc-4351-845e-5d9bccda34e5,5c952de4-19c5-4324-b3f4-48b0c2169833,0.0000,9.3246,1.0000,0.0000,0.0000,0.0000,0.0000
0b2085d3-0fbc-4351-845e-5d9bccda34e5,ced92f16-312a-4b19-addf-523cfefee6c7,0.0000,15.9175,1.0000,0.0000,0.0000,0.0000,0.1154
0b2085d3-0fbc-4351-845e-5d9bccda34e5,a11c3bca-9343-4869-8c77-38e616536f5e,0.0000,7.5201,1.0000,0.0000,0.0000,0.0000,0.1304
0b2085d3-0fbc-4351-845e-5d9bccda34e5,110b5c81-0d3f-40bb-bc0d-cd4c327ce925,2.0000,11.9442,0.5000,2.0000,2.0000,0.6667,0.1481
0b2085d3-0fbc-4351-845e-5d9bccda34e5,80481175-af46-455a-8bef-0c682e4c0cb6,2.0000,13.9430,0.5000,2.0000,2.0000,0.0000,0.1481
0b2085d3-0fbc-4351-845e-5d9bccda34e5,422a1c98-ae36-47b0-8890-a8295b6cd85c,2.0000,12.4897,0.5000,2.0000,2.0000,0.6667,0.0800
0b2085d3-0fbc-4351-845e-5d9bccda34e5,51d9466b-1ba9-4646-8257-1d21cb2ed954,2.0000,5.8219,0.5000,2.0000,2.0000,0.0000,0.1481
0b2085d3-0fbc-4351-845e-5d9bccda34e5,03e8c72b-9c28-43b3-a50c-ba09195e3e3c,0.0000,13.8391,1.0000,0.0000,0.0000,0.6667,0.0435
0b2085d3-0fbc-4351-845e-5d9bccda34e5,cf9b7960-9d27-4554-a98d-f1fa9bb1a5ca,2.0000,14.3667,0.5000,2.0000,2.0000,0.6667,0.2813
0b2085d3-0fbc-4351-845e-5d9bccda34e5,bf0dfd9e-5489-4b04-ae78-ba2facc60792,0.0000,14.7230,1.0000,0.0000,0.0000,0.6667,0.0435
0b2085d3-0fbc-4351-845e-5d9bccda34e5,4f2e86c2-4b73-47fc-bf83-31eb686d4ad0,0.0000,15.1513,1.0000,0.0000,0.0000,0.6667,0.0870
0b2085d3-0fbc-4351-845e-5d9bccda34e5,ddd56f00-e94c-4f73-bc24-d6538d02d76f,2.0000,10.6570,0.5000,2.0000,2.0000,0.6667,0.2333
0b2085d3-0fbc-4351-845e-5d9bccda34e5,67351bd4-8ebd-4ac5-b552-24308cef799f,2.0000,14.0234,0.5000,2.0000,2.0000,0.0000,0.1786
0b2085d3-0fbc-4351-845e-5d9bccda34e5,7d591389-70df-411c-93e7-2948d4c04738,0.0000,15.2796,1.0000,0.0000,0.0000,0.0000,0.1304
0b2085d3-0fbc-4351-845e-5d9bccda34e5,91fd5a9f-0848-4551-a1a2-9689a4125830,0.0000,10.0417,1.0000,0.0000,0.0000,0.0000,0.1786
0b2085d3-0fbc-4351-845e-5d9bccda34e5,ae6b3203-494b-4066-b0ba-b923b393bced,0.0000,9.7059,1.0000,0.0000,0.0000,0.6667,0.0435
0b2085d3-0fbc-4351-845e-5d9bccda34e5,4b0f1708-0377-46ec-b3a4-cc53fe72fcc8,0.0000,18.2638,1.0000,0.0000,0.0000,0.6667,0.0435
0b2085d3-0fbc-4351-845e-5d9bccda34e5,17101d7a-983e-469a-82f0-3dbd27b59660,2.0000,12.7601,0.5000,2.0000,2.0000,0.0000,0.2069
0b2085d3-0fbc-4351-845e-5d9bccda34e5,6c2f7b68-d439-46b0-b6c2-111ae90e59be,2.0000,6.6986,0.5000,2.0000,2.0000,0.6667,0.1786
0b2085d3-0fbc-4351-845e-5d9bccda34e5,b07b0e33-0c1e-489d-8b69-aa1b4ae8d2ad,0.0000,17.0267,1.0000,0.0000,0.0000,0.6667,0.2609
0b2085d3-0fbc-4351-845e-5d9bccda34e5,cb93662e-0aed-4f56-9500-1e7f2e128287,2.0000,8.7283,0.5000,2.0000,2.0000,0.6667,0.1481
0b2085d3-0fbc-4351-845e-5d9bccda34e5,5c581ce7-7a4b-4fd5-86a2-16c83a3a7b68,0.0000,8.3610,1.0000,0.0000,0.0000,0.6667,0.0870
0b2085d3-0fbc-4351-845e-5d9bccda34e5,f2deb05a-d512-48f4-b641-59e526831230,0.0000,13.0178,1.0000,0.0000,0.0000,0.6667,0.1739
0b2085d3-0fbc-4351-845e-5d9bccda34e5,2908d1db-866e-4631-a655-8ac0a0da0e28,2.0000,11.3146,0.5000,2.0000,2.0000,0.6667,0.2333
0b2085d3-0fbc-4351-845e-5d9bccda34e5,4481c909-2f78-4205-8334-e27d27305642,2.0000,8.3193,0.5000,2.0000,2.0000,0.6667,0.1154
0b2085d3-0fbc-4351-845e-5d9bccda34e5,d450f16e-59ec-490a-8ce7-7968e10dd065,2.0000,11.9987,0.5000,2.0000,2.0000,0.6667,0.1786
0b2085d3-0fbc-4351-845e-5d9bccda34e5,51625cea-8af7-4dca-9b2d-17750e3831ea,0.0000,5.3240,1.0000,0.0000,0.0000,0.0000,0.0435
0b2085d3-0fbc-4351-845e-5d9bccda34e5,bb080865-5184-4114-942e-0a1b314c8016,0.0000,2.5070,1.0000,0.0000,0.0000,0.0000,0.0000
0b2085d3-0fbc-4351-845e-5d9bccda34e5,8b354a1d-b301-4cd1-b271-878ba45ed85f,0.0000,5.1368,1.0000,0.0000,0.0000,0.0000,0.0870
0abcffc0-2fc7-4385-a82f-bbe80bfd51ae,d54c73cc-cc77-415e-aeff-dd22604f13cf,0.0000,8.8326,1.0000,0.0000,0.0000,0.0000,0.1304
0abcffc0-2fc7-4385-a82f-bbe80bfd51ae,09bf266d-b272-4968-9251-ab34779e8344,0.0000,9.4851,1.0000,0.0000,0.0000,0.6667,0.1154
0abcffc0-2fc7-4385-a82f-bbe80bfd51ae,b336cd79-f2f6-4913-b922-d1061f5fb2e1,0.0000,5.6760,1.0000,0.0000,0.0000,0.0000,0.0000
0abcffc0-2fc7-4385-a82f-bbe80bfd51ae,c6e27378-0b9e-4d40-9dbf-057217176282,0.0000,5.2674,1.0000,0.0000,0.0000,0.0000,0.0000
0abcffc0-2fc7-4385-a82f-bbe80bfd51ae,d9267fd4-495d-4d11-843c-cedddfeddabf,0.0000,10.1946,1.0000,0.0000,0.0000,0.6667,0.0870
0abcffc0-2fc7-4385-a82f-bbe80bfd51ae,8dfa57b2-e8b0-4a9a-b5b6-86dc84f15e30,2.0000,9.8522,0.5000,2.0000,2.0000,0.6667,0.1786
0abcffc0-2fc7-4385-a82f-bbe80bfd51ae,d9fa51da-ab2b-411c-a41b-ce2b5c23473b,0.0000,11.7224,1.0000,0.0000,0.0000,0.0000,0.0000
0abcffc0-2fc7-4385-a82f-bbe80bfd51ae,4895c953-8e9a-4e62-b308-61d0f4106e69,0.0000,7.5809,1.0000,0.0000,0.0000,0.0000,0.0000
0abcffc0-2fc7-4385-a82f-bbe80bfd51ae,c95936f5-0096-4c43-a2a2-4cc7a9b26504,2.0000,11.5984,0.5000,2.0000,2.0000,0.0000,0.0800
0abcffc0-2fc7-4385-a82f-bbe80bfd51ae,535f130b-68ff-4463-83b0-d04785999fbb,0.0000,12.7882,1.0000,0.0000,0.0000,0.6667,0.1304
0abcffc0-2fc7-4385-a82f-bbe80bfd51ae,5c952de4-19c5-4324-b3f4-48b0c2169833,0.0000,4.2047,1.0000,0.0000,0.0000,0.0000,0.0000
0abcffc0-2fc7-4385-a82f-bbe80bfd51ae,ced92f16-312a-4b19-addf-523cfefee6c7,0.0000,12.1638,1.0000,0.0000,0.0000,0.0000,0.1154
0abcffc0-2fc7-4385-a82f-bbe80bfd51ae,a11c3bca-9343-4869-8c77-38e616536f5e,0.0000,6.3098,1.0000,0.0000,0.0000,0.0000,0.1304
0abcffc0-2fc7-4385-a82f-bbe80bfd51ae,110b5c81-0d3f-40bb-bc0d-cd4c327ce925,2.0000,11.6823,0.5000,2.0000,2.0000,0.6667,0.1481
0abcffc0-2fc7-4385-a82f-bbe80bfd51ae,80481175-af46-455a-8bef-0c682e4c0cb6,2.0000,8.6574,0.5000,2.0000,2.0000,0.0000,0.1481
0abcffc0-2fc7-4385-a82f-bbe80bfd51ae,422a1c98-ae36-47b0-8890-a8295b6cd85c,2.0000,10.5733,0.5000,2.0000,2.0000,0.6667,0.0800
0abcffc0-2fc7-4385-a82f-bbe80bfd51ae,51d9466b-1ba9-4646-8257-1d21cb2ed954,2.0000,5.5438,0.5000,2.0000,2.0000,0.0000,0.1481
0abcffc0-2fc7-4385-a82f-bbe80bfd51ae,03e8c72b-9c28-43b3-a50c-ba09195e3e3c,0.0000,9.1856,1.0000,0.0000,0.0000,0.6667,0.0435
0abcffc0-2fc7-4385-a82f-bbe80bfd51ae,cf9b7960-9d27-4554-a98d-f1fa9bb1a5ca,2.0000,9.5104,0.5000,2.0000,2.0000,0.6667,0.2813
0abcffc0-2fc7-4385-a82f-bbe80bfd51ae,bf0dfd9e-5489-4b04-ae78-ba2facc60792,0.0000,12.5859,1.0000,0.0000,0.0000,0.6667,0.0435
0abcffc0-2fc7-4385-a82f-bbe80bfd51ae,4f2e86c2-4b73-47fc-bf83-31eb686d4ad0,0.0000,13.1846,1.0000,0.0000,0.0000,0.6667,0.0870
0abcffc0-2fc7-4385-a82f-bbe80bfd51ae,ddd56f00-e94c-4f73-bc24-d6538d02d76f,2.0000,4.0760,0.5000,2.0000,2.0000,0.6667,0.2333
0abcffc0-2fc7-4385-a82f-bbe80bfd51ae,67351bd4-8ebd-4ac5-b552-24308cef799f,2.0000,9.7273,0.5000,2.0000,2.0000,0.0000,0.1786
0abcffc0-2fc7-4385-a82f-bbe80bfd51ae,7d591389-70df-411c-93e7-2948d4c04738,0.0000,8.9516,1.0000,0.0000,0.0000,0.0000,0.1304
0abcffc0-2fc7-4385-a82f-bbe80bfd51ae,91fd5a9f-0848-4551-a1a2-9689a4125830,0.0000,2.9951,1.0000,0.0000,0.0000,0.0000,0.1786
0abcffc0-2fc7-4385-a82f-bbe80bfd51ae,ae6b3203-494b-4066-b0ba-b923b393bced,0.0000,14.4706,1.0000,0.0000,0.0000,0.6667,0.0435
0abcffc0-2fc7-4385-a82f-bbe80bfd51ae,4b0f1708-0377-46ec-b3a4-cc53fe72fcc8,0.0000,13.3791,1.0000,0.0000,0.0000,0.6667,0.0435
0abcffc0-2fc7-4385-a82f-bbe80bfd51ae,17101d7a-983e-469a-82f0-3dbd27b59660,2.0000,5.7395,0.5000,2.0000,2.0000,0.0000,0.2069
0abcffc0-2fc7-4385-a82f-bbe80bfd51ae,6c2f7b68-d439-46b0-b6c2-111ae90e59be,2.0000,10.8453,0.5000,2.0000,2.0000,0.6667,0.1786
0abcffc0-2fc7-4385-a82f-bbe80bfd51ae,b07b0e33-0c1e-489d-8b69-aa1b4ae8d2ad,0.0000,15.3738,1.0000,0.0000,0.0000,0.6667,0.2609
0abcffc0-2fc7-4385-a82f-bbe80bfd51ae,cb93662e-0aed-4f56-9500-1e7f2e128287,2.0000,7.7863,0.5000,2.0000,2.0000,0.6667,0.1481
0abcffc0-2fc7-4385-a82f-bbe80bfd51ae,5c581ce7-7a4b-4fd5-86a2-16c83a3a7b68,0.0000,9.9913,1.0000,0.0000,0.0000,0.6667,0.0870
0abcffc0-2fc7-4385-a82f-bbe80bfd51ae,f2deb05a-d512-48f4-b641-59e526831230,0.0000,13.5152,1.0000,0.0000,0.0000,0.6667,0.1739
0abcffc0-2fc7-4385-a82f-bbe80bfd51ae,2908d1db-866e-4631-a655-8ac0a0da0e28,2.0000,11.0825,0.5000,2.0000,2.0000,0.6667,0.2333
0abcffc0-2fc7-4385-a82f-bbe80bfd51ae,4481c909-2f78-4205-8334-e27d27305642,2.0000,5.8511,0.5000,2.0000,2.0000,0.6667,0.1154
0abcffc0-2fc7-4385-a82f-bbe80bfd51ae,d450f16e-59ec-490a-8ce7-7968e10dd065,2.0000,10.2253,0.5000,2.0000,2.0000,0.6667,0.1786
0abcffc0-2fc7-4385-a82f-bbe80bfd51ae,51625cea-8af7-4dca-9b2d-17750e3831ea,0.0000,5.3381,1.0000,0.0000,0.0000,0.0000,0.0435
0abcffc0-2fc7-4385-a82f-bbe80bfd51ae,bb080865-5184-4114-942e-0a1b314c8016,0.0000,6.2689,1.0000,0.0000,0.0000,0.0000,0.0000
0abcffc0-2fc7-4385-a82f-bbe80bfd51ae,8b354a1d-b301-4cd1-b271-878ba45ed85f,0.0000,5.2218,1.0000,0.0000,0.0000,0.0000,0.0870
d54c73cc-cc77-415e-aeff-dd22604f13cf,09bf266d-b272-4968-9251-ab34779e8344,0.0000,10.1466,1.0000,0.0000,0.0000,0.6667,0.2308
d54c73cc-cc77-415e-aeff-dd22604f13cf,b336cd79-f2f6-4913-b922-d1061f5fb2e1,0.0000,6.0224,1.0000,0.0000,0.0000,0.0000,0.1304
d54c73cc-cc77-415e-aeff-dd22604f13cf,c6e27378-0b9e-4d40-9dbf-057217176282,0.0000,4.2205,1.0000,0.0000,0.0000,0.0000,0.1304
d54c73cc-cc77-415e-aeff-dd22604f13cf,d9267fd4-495d-4d11-843c-cedddfeddabf,0.0000,9.6663,1.0000,0.0000,0.0000,0.6667,0.0476
d54c73cc-cc77-415e-aeff-dd22604f13cf,8dfa57b2-e8b0-4a9a-b5b6-86dc84f15e30,2.0000,14.4927,0.5000,2.0000,2.0000,0.6667,0.2857
d54c73cc-cc77-415e-aeff-dd22604f13cf,d9fa51da-ab2b-411c-a41b-ce2b5c23473b,0.0000,9.4164,1.0000,0.0000,0.0000,0.0000,0.1304
d54c73cc-cc77-415e-aeff-dd22604f13cf,4895c953-8e9a-4e62-b308-61d0f4106e69,0.0000,3.5662,1.0000,0.0000,0.0000,0.0000,0.1304
d54c73cc-cc77-415e-aeff-dd22604f13cf,c95936f5-0096-4c43-a2a2-4cc7a9b26504,2.0000,9.9351,0.5000,2.0000,2.0000,0.0000,0.2000
d54c73cc-cc77-415e-aeff-dd22604f13cf,535f130b-68ff-4463-83b0-d04785999fbb,0.0000,15.8888,1.0000,0.0000,0.0000,0.6667,0.0000
d54c73cc-cc77-415e-aeff-dd22604f13cf,5c952de4-19c5-4324-b3f4-48b0c2169833,0.0000,8.9050,1.0000,0.0000,0.0000,0.0000,0.1304
d54c73cc-cc77-415e-aeff-dd22604f13cf,ced92f16-312a-4b19-addf-523cfefee6c7,0.0000,9.7307,1.0000,0.0000,0.0000,0.0000,0.2308
d54c73cc-cc77-415e-aeff-dd22604f13cf,a11c3bca-9343-4869-8c77-38e616536f5e,0.0000,5.4316,1.0000,0.0000,0.0000,0.0000,0.0000
d54c73cc-cc77-415e-aeff-dd22604f13cf,110b5c81-0d3f-40bb-bc0d-cd4c327ce925,2.0000,11.5210,0.5000,2.0000,2.0000,0.6667,0.2593
d54c73cc-cc77-415e-aeff-dd22604f13cf,80481175-af46-455a-8bef-0c682e4c0cb6,2.0000,9.2675,0.5000,2.0000,2.0000,0.0000,0.2593
d54c73cc-cc77-415e-aeff-dd22604f13cf,422a1c98-ae36-47b0-8890-a8295b6cd85c,2.0000,10.4311,0.5000,2.0000,2.0000,0.6667,0.2000
d54c73cc-cc77-415e-aeff-dd22604f13cf,51d9466b-1ba9-4646-8257-1d21cb2ed954,2.0000,9.8413,0.5000,2.0000,2.0000,0.0000,0.2593
d54c73cc-cc77-415e-aeff-dd22604f13cf,03e8c72b-9c28-43b3-a50c-ba09195e3e3c,0.0000,14.1059,1.0000,0.0000,0.0000,0.6667,0.0909
d54c73cc-cc77-415e-aeff-dd22604f13cf,cf9b7960-9d27-4554-a98d-f1fa9bb1a5ca,2.0000,10.3504,0.5000,2.0000,2.0000,0.6667,0.3750
d54c73cc-cc77-415e-aeff-dd22604f13cf,bf0dfd9e-5489-4b04-ae78-ba2facc60792,0.0000,14.4877,1.0000,0.0000,0.0000,0.6667,0.0909
d54c73cc-cc77-415e-aeff-dd22604f13cf,4f2e86c2-4b73-47fc-bf83-31eb686d4ad0,0.0000,14.4437,1.0000,0.0000,0.0000,0.6667,0.0476
d54c73cc-cc77-415e-aeff-dd22604f13cf,ddd56f00-e94c-4f73-bc24-d6538d02d76f,2.0000,7.1700,0.5000,2.0000,2.0000,0.6667,0.3333
d54c73cc-cc77-415e-aeff-dd22604f13cf,67351bd4-8ebd-4ac5-b552-24308cef799f,2.0000,13.5292,0.5000,2.0000,2.0000,0.0000,0.2857
d54c73cc-cc77-415e-aeff-dd22604f13cf,7d591389-70df-411c-93e7-2948d4c04738,0.0000,9.1753,1.0000,0.0000,0.0000,0.0000,0.0000
d54c73cc-cc77-415e-aeff-dd22604f13cf,91fd5a9f-0848-4551-a1a2-9689a4125830,0.0000,9.6262,1.0000,0.0000,0.0000,0.0000,0.2857
d54c73cc-cc77-415e-aeff-dd22604f13cf,ae6b3203-494b-4066-b0ba-b923b393bced,0.0000,12.1252,1.0000,0.0000,0.0000,0.6667,0.0909
d54c73cc-cc77-415e-aeff-dd22604f13cf,4b0f1708-0377-46ec-b3a4-cc53fe72fcc8,0.0000,14.2430,1.0000,0.0000,0.0000,0.6667,0.0909
d54c73cc-cc77-415e-aeff-dd22604f13cf,17101d7a-983e-469a-82f0-3dbd27b59660,2.0000,8.5401,0.5000,2.0000,2.0000,0.0000,0.3103
d54c73cc-cc77-415e-aeff-dd22604f13cf,6c2f7b68-d439-46b0-b6c2-111ae90e59be,2.0000,9.7078,0.5000,2.0000,2.0000,0.6667,0.2857
d54c73cc-cc77-415e-aeff-dd22604f13cf,b07b0e33-0c1e-489d-8b69-aa1b4ae8d2ad,0.0000,13.1926,1.0000,0.0000,0.0000,0.6667,0.1500
d54c73cc-cc77-415e-aeff-dd22604f13cf,cb93662e-0aed-4f56-9500-1e7f2e128287,2.0000,8.2570,0.5000,2.0000,2.0000,0.6667,0.2593
d54c73cc-cc77-415e-aeff-dd22604f13cf,5c581ce7-7a4b-4fd5-86a2-16c83a3a7b68,0.0000,13.8967,1.0000,0.0000,0.0000,0.6667,0.0476
d54c73cc-cc77-415e-aeff-dd22604f13cf,f2deb05a-d512-48f4-b641-59e526831230,0.0000,15.2668,1.0000,0.0000,0.0000,0.6667,0.0500
d54c73cc-cc77-415e-aeff-dd22604f13cf,2908d1db-866e-4631-a655-8ac0a0da0e28,2.0000,13.6193,0.5000,2.0000,2.0000,0.6667,0.3333
d54c73cc-cc77-415e-aeff-dd22604f13cf,4481c909-2f78-4205-8334-e27d27305642,2.0000,12.4121,0.5000,2.0000,2.0000,0.6667,0.2308
d54c73cc-cc77-415e-aeff-dd22604f13cf,d450f16e-59ec-490a-8ce7-7968e10dd065,2.0000,11.1566,0.5000,2.0000,2.0000,0.6667,0.2857
d54c73cc-cc77-415e-aeff-dd22604f13cf,51625cea-8af7-4dca-9b2d-17750e3831ea,0.0000,4.8238,1.0000,0.0000,0.0000,0.0000,0.0909
d54c73cc-cc77-415e-aeff-dd22604f13cf,bb080865-5184-4114-942e-0a1b314c8016,0.0000,10.5102,1.0000,0.0000,0.0000,0.0000,0.1304
d54c73cc-cc77-415e-aeff-dd22604f13cf,8b354a1d-b301-4cd1-b271-878ba45ed85f,0.0000,4.5477,1.0000,0.0000,0.0000,0.0000,0.0476
09bf266d-b272-4968-9251-ab34779e8344,b336cd79-f2f6-4913-b922-d1061f5fb2e1,0.0000,4.4004,1.0000,0.0000,0.0000,0.6667,0.1154
09bf266d-b272-4968-9251-ab34779e8344,c6e27378-0b9e-4d40-9dbf-057217176282,0.0000,7.4430,1.0000,0.0000,0.0000,0.6667,0.1154
09bf266d-b272-4968-9251-ab34779e8344,d9267fd4-495d-4d11-843c-cedddfeddabf,0.0000,6.1637,1.0000,0.0000,0.0000,0.6667,0.1923
09bf266d-b272-4968-9251-ab34779e8344,8dfa57b2-e8b0-4a9a-b5b6-86dc84f15e30,2.0000,10.6466,0.5000,2.0000,2.0000,0.0000,0.0714
09bf266d-b272-4968-9251-ab34779e8344,d9fa51da-ab2b-411c-a41b-ce2b5c23473b,0.0000,12.8385,1.0000,0.0000,0.0000,0.6667,0.1154
09bf266d-b272-4968-9251-ab34779e8344,4895c953-8e9a-4e62-b308-61d0f4106e69,0.0000,13.3718,1.0000,0.0000,0.0000,0.6667,0.1154
09bf266d-b272-4968-9251-ab34779e8344,c95936f5-0096-4c43-a2a2-4cc7a9b26504,2.0000,8.9786,0.5000,2.0000,2.0000,0.6667,0.0385
09bf266d-b272-4968-9251-ab34779e8344,535f130b-68ff-4463-83b0-d04785999fbb,0.0000,13.2325,1.0000,0.0000,0.0000,0.6667,0.2308
09bf266d-b272-4968-9251-ab34779e8344,5c952de4-19c5-4324-b3f4-48b0c2169833,0.0000,6.7593,1.0000,0.0000,0.0000,0.6667,0.1154
09bf266d-b272-4968-9251-ab34779e8344,ced92f16-312a-4b19-addf-523cfefee6c7,0.0000,13.2584,1.0000,0.0000,0.0000,0.6667,0.0000
09bf266d-b272-4968-9251-ab34779e8344,a11c3bca-9343-4869-8c77-38e616536f5e,0.0000,8.9198,1.0000,0.0000,0.0000,0.6667,0.2308
09bf266d-b272-4968-9251-ab34779e8344,110b5c81-0d3f-40bb-bc0d-cd4c327ce925,2.0000,10.8379,0.5000,2.0000,2.0000,0.6667,0.0370
09bf266d-b272-4968-9251-ab34779e8344,80481175-af46-455a-8bef-0c682e4c0cb6,2.0000,12.1996,0.5000,2.0000,2.0000,0.6667,0.0370
09bf266d-b272-4968-9251-ab34779e8344,422a1c98-ae36-47b0-8890-a8295b6cd85c,2.0000,10.5786,0.5000,2.0000,2.0000,0.6667,0.0385
09bf266d-b272-4968-9251-ab34779e8344,51d9466b-1ba9-4646-8257-1d21cb2ed954,2.0000,6.6825,0.5000,2.0000,2.0000,0.6667,0.0370
09bf266d-b272-4968-9251-ab34779e8344,03e8c72b-9c28-43b3-a50c-ba09195e3e3c,0.0000,14.7064,1.0000,0.0000,0.0000,0.6667,0.1538
09bf266d-b272-4968-9251-ab34779e8344,cf9b7960-9d27-4554-a98d-f1fa9bb1a5ca,2.0000,12.6219,0.5000,2.0000,2.0000,0.6667,0.1875
09bf266d-b272-4968-9251-ab34779e8344,bf0dfd9e-5489-4b04-ae78-ba2facc60792,0.0000,15.8197,1.0000,0.0000,0.0000,0.6667,0.1538
09bf266d-b272-4968-9251-ab34779e8344,4f2e86c2-4b73-47fc-bf83-31eb686d4ad0,0.0000,12.3495,1.0000,0.0000,0.0000,0.6667,0.1923
09bf266d-b272-4968-9251-ab34779e8344,ddd56f00-e94c-4f73-bc24-d6538d02d76f,2.0000,11.4566,0.5000,2.0000,2.0000,0.6667,0.1333
09bf266d-b272-4968-9251-ab34779e8344,67351bd4-8ebd-4ac5-b552-24308cef799f,2.0000,12.6185,0.5000,2.0000,2.0000,0.6667,0.0714
09bf266d-b272-4968-9251-ab34779e8344,7d591389-70df-411c-93e7-2948d4c04738,0.0000,13.8204,1.0000,0.0000,0.0000,0.6667,0.2308
09bf266d-b272-4968-9251-ab34779e8344,91fd5a9f-0848-4551-a1a2-9689a4125830,0.0000,8.7113,1.0000,0.0000,0.0000,0.6667,0.0714
09bf266d-b272-4968-9251-ab34779e8344,ae6b3203-494b-4066-b0ba-b923b393bced,0.0000,10.6632,1.0000,0.0000,0.0000,0.6667,0.1538
09bf266d-b272-4968-9251-ab34779e8344,4b0f1708-0377-46ec-b3a4-cc53fe72fcc8,0.0000,16.8027,1.0000,0.0000,0.0000,0.0000,0.1538
09bf266d-b272-4968-9251-ab34779e8344,17101d7a-983e-469a-82f0-3dbd27b59660,2.0000,11.4489,0.5000,2.0000,2.0000,0.6667,0.1034
09bf266d-b272-4968-9251-ab34779e8344,6c2f7b68-d439-46b0-b6c2-111ae90e59be,2.0000,9.0286,0.5000,2.0000,2.0000,0.6667,0.0714
09bf266d-b272-4968-9251-ab34779e8344,b07b0e33-0c1e-489d-8b69-aa1b4ae8d2ad,0.0000,15.7850,1.0000,0.0000,0.0000,0.0000,0.3462
09bf266d-b272-4968-9251-ab34779e8344,cb93662e-0aed-4f56-9500-1e7f2e128287,2.0000,9.9596,0.5000,2.0000,2.0000,0.6667,0.0370
09bf266d-b272-4968-9251-ab34779e8344,5c581ce7-7a4b-4fd5-86a2-16c83a3a7b68,0.0000,9.0449,1.0000,0.0000,0.0000,0.6667,0.1923
09bf266d-b272-4968-9251-ab34779e8344,f2deb05a-d512-48f4-b641-59e526831230,0.0000,10.3602,1.0000,0.0000,0.0000,0.6667,0.2692
09bf266d-b272-4968-9251-ab34779e8344,2908d1db-866e-4631-a655-8ac0a0da0e28,2.0000,11.8493,0.5000,2.0000,2.0000,0.0000,0.1333
09bf266d-b272-4968-9251-ab34779e8344,4481c909-2f78-4205-8334-e27d27305642,2.0000,9.1123,0.5000,2.0000,2.0000,0.0000,0.0000
09bf266d-b272-4968-9251-ab34779e8344,d450f16e-59ec-490a-8ce7-7968e10dd065,2.0000,9.2579,0.5000,2.0000,2.0000,0.6667,0.0714
09bf266d-b272-4968-9251-ab34779e8344,51625cea-8af7-4dca-9b2d-17750e3831ea,0.0000,7.1594,1.0000,0.0000,0.0000,0.6667,0.1538
09bf266d-b272-4968-9251-ab34779e8344,bb080865-5184-4114-942e-0a1b314c8016,0.0000,3.5252,1.0000,0.0000,0.0000,0.6667,0.1154
09bf266d-b272-4968-9251-ab34779e8344,8b354a1d-b301-4cd1-b271-878ba45ed85f,0.0000,7.1355,1.0000,0.0000,0.0000,0.6667,0.1923
b336cd79-f2f6-4913-b922-d1061f5fb2e1,c6e27378-0b9e-4d40-9dbf-057217176282,0.0000,3.6126,1.0000,0.0000,0.0000,0.0000,0.0000
b336cd79-f2f6-4913-b922-d1061f5fb2e1,d9267fd4-495d-4d11-843c-cedddfeddabf,0.0000,7.8977,1.0000,0.0000,0.0000,0.6667,0.0870
b336cd79-f2f6-4913-b922-d1061f5fb2e1,8dfa57b2-e8b0-4a9a-b5b6-86dc84f15e30,2.0000,10.5682,0.5000,2.0000,2.0000,0.6667,0.1786
b336cd79-f2f6-4913-b922-d1061f5fb2e1,d9fa51da-ab2b-411c-a41b-ce2b5c23473b,0.0000,9.2187,1.0000,0.0000,0.0000,0.0000,0.0000
b336cd79-f2f6-4913-b922-d1061f5fb2e1,4895c953-8e9a-4e62-b308-61d0f4106e69,0.0000,9.1436,1.0000,0.0000,0.0000,0.0000,0.0000
b336cd79-f2f6-4913-b922-d1061f5fb2e1,c95936f5-0096-4c43-a2a2-4cc7a9b26504,2.0000,7.1947,0.5000,2.0000,2.0000,0.0000,0.0800
b336cd79-f2f6-4913-b922-d1061f5fb2e1,535f130b-68ff-4463-83b0-d04785999fbb,0.0000,14.1750,1.0000,0.0000,0.0000,0.6667,0.1304
b336cd79-f2f6-4913-b922-d1061f5fb2e1,5c952de4-19c5-4324-b3f4-48b0c2169833,0.0000,3.2088,1.0000,0.0000,0.0000,0.0000,0.0000
b336cd79-f2f6-4913-b922-d1061f5fb2e1,ced92f16-312a-4b19-addf-523cfefee6c7,0.0000,9.5686,1.0000,0.0000,0.0000,0.0000,0.1154
b336cd79-f2f6-4913-b922-d1061f5fb2e1,a11c3bca-9343-4869-8c77-38e616536f5e,0.0000,4.8624,1.0000,0.0000,0.0000,0.0000,0.1304
b336cd79-f2f6-4913-b922-d1061f5fb2e1,110b5c81-0d3f-40bb-bc0d-cd4c327ce925,2.0000,9.7939,0.5000,2.0000,2.0000,0.6667,0.1481
b336cd79-f2f6-4913-b922-d1061f5fb2e1,80481175-af46-455a-8bef-0c682e4c0cb6,2.0000,8.4204,0.5000,2.0000,2.0000,0.0000,0.1481
b336cd79-f2f6-4913-b922-d1061f5fb2e1,422a1c98-ae36-47b0-8890-a8295b6cd85c,2.0000,8.5161,0.5000,2.0000,2.0000,0.6667,0.0800
b336cd79-f2f6-4913-b922-d1061f5fb2e1,51d9466b-1ba9-4646-8257-1d21cb2ed954,2.0000,6.9897,0.5000,2.0000,2.0000,0.0000,0.1481
b336cd79-f2f6-4913-b922-d1061f5fb2e1,03e8c72b-9c28-43b3-a50c-ba09195e3e3c,0.0000,13.5420,1.0000,0.0000,0.0000,0.6667,0.0435
b336cd79-f2f6-4913-b922-d1061f5fb2e1,cf9b7960-9d27-4554-a98d-f1fa9bb1a5ca,2.0000,9.4662,0.5000,2.0000,2.0000,0.6667,0.2813
b336cd79-f2f6-4913-b922-d1061f5fb2e1,bf0dfd9e-5489-4b04-ae78-ba2facc60792,0.0000,14.4794,1.0000,0.0000,0.0000,0.6667,0.0435
b336cd79-f2f6-4913-b922-d1061f5fb2e1,4f2e86c2-4b73-47fc-bf83-31eb686d4ad0,0.0000,11.2928,1.0000,0.0000,0.0000,0.6667,0.0870
b336cd79-f2f6-4913-b922-d1061f5fb2e1,ddd56f00-e94c-4f73-bc24-d6538d02d76f,2.0000,7.7157,0.5000,2.0000,2.0000,0.6667,0.2333
b336cd79-f2f6-4913-b922-d1061f5fb2e1,67351bd4-8ebd-4ac5-b552-24308cef799f,2.0000,11.2765,0.5000,2.0000,2.0000,0.0000,0.1786
b336cd79-f2f6-4913-b922-d1061f5fb2e1,7d591389-70df-411c-93e7-2948d4c04738,0.0000,10.1780,1.0000,0.0000,0.0000,0.0000,0.1304
b336cd79-f2f6-4913-b922-d1061f5fb2e1,91fd5a9f-0848-4551-a1a2-9689a4125830,0.0000,4.7493,1.0000,0.0000,0.0000,0.0000,0.1786
b336cd79-f2f6-4913-b922-d1061f5fb2e1,ae6b3203-494b-4066-b0ba-b923b393bced,0.0000,11.5599,1.0000,0.0000,0.0000,0.6667,0.0435
b336cd79-f2f6-4913-b922-d1061f5fb2e1,4b0f1708-0377-46ec-b3a4-cc53fe72fcc8,0.0000,14.1683,1.0000,0.0000,0.0000,0.6667,0.0435
b336cd79-f2f6-4913-b922-d1061f5fb2e1,17101d7a-983e-469a-82f0-3dbd27b59660,2.0000,7.5508,0.5000,2.0000,2.0000,0.0000,0.2069
b336cd79-f2f6-4913-b922-d1061f5fb2e1,6c2f7b68-d439-46b0-b6c2-111ae90e59be,2.0000,9.1748,0.5000,2.0000,2.0000,0.6667,0.1786
b336cd79-f2f6-4913-b922-d1061f5fb2e1,b07b0e33-0c1e-489d-8b69-aa1b4ae8d2ad,0.0000,13.2657,1.0000,0.0000,0.0000,0.6667,0.2609
b336cd79-f2f6-4913-b922-d1061f5fb2e1,cb93662e-0aed-4f56-9500-1e7f2e128287,2.0000,8.1240,0.5000,2.0000,2.0000,0.6667,0.1481
b336cd79-f2f6-4913-b922-d1061f5fb2e1,5c581ce7-7a4b-4fd5-86a2-16c83a3a7b68,0.0000,10.9130,1.0000,0.0000,0.0000,0.6667,0.0870
b336cd79-f2f6-4913-b922-d1061f5fb2e1,f2deb05a-d512-48f4-b641-59e526831230,0.0000,10.9849,1.0000,0.0000,0.0000,0.6667,0.1739
b336cd79-f2f6-4913-b922-d1061f5fb2e1,2908d1db-866e-4631-a655-8ac0a0da0e28,2.0000,11.8315,0.5000,2.0000,2.0000,0.6667,0.2333
b336cd79-f2f6-4913-b922-d1061f5fb2e1,4481c909-2f78-4205-8334-e27d27305642,2.0000,9.3617,0.5000,2.0000,2.0000,0.6667,0.1154
b336cd79-f2f6-4913-b922-d1061f5fb2e1,d450f16e-59ec-490a-8ce7-7968e10dd065,2.0000,7.6709,0.5000,2.0000,2.0000,0.6667,0.1786
b336cd79-f2f6-4913-b922-d1061f5fb2e1,51625cea-8af7-4dca-9b2d-17750e3831ea,0.0000,3.5509,1.0000,0.0000,0.0000,0.0000,0.0435
b336cd79-f2f6-4913-b922-d1061f5fb2e1,bb080865-5184-4114-942e-0a1b314c8016,0.0000,7.2397,1.0000,0.0000,0.0000,0.0000,0.0000
b336cd79-f2f6-4913-b922-d1061f5fb2e1,8b354a1d-b301-4cd1-b271-878ba45ed85f,0.0000,3.6125,1.0000,0.0000,0.0000,0.0000,0.0870
c6e27378-0b9e-4d40-9dbf-057217176282,d9267fd4-495d-4d11-843c-cedddfeddabf,0.0000,7.2713,1.0000,0.0000,0.0000,0.6667,0.0870
c6e27378-0b9e-4d40-9dbf-057217176282,8dfa57b2-e8b0-4a9a-b5b6-86dc84f15e30,2.0000,12.4294,0.5000,2.0000,2.0000,0.6667,0.1786
c6e27378-0b9e-4d40-9dbf-057217176282,d9fa51da-ab2b-411c-a41b-ce2b5c23473b,0.0000,11.7040,1.0000,0.0000,0.0000,0.0000,0.0000
c6e27378-0b9e-4d40-9dbf-057217176282,4895c953-8e9a-4e62-b308-61d0f4106e69,0.0000,6.7997,1.0000,0.0000,0.0000,0.0000,0.0000
c6e27378-0b9e-4d40-9dbf-057217176282,c95936f5-0096-4c43-a2a2-4cc7a9b26504,2.0000,9.6375,0.5000,2.0000,2.0000,0.0000,0.0800
c6e27378-0b9e-4d40-9dbf-057217176282,535f130b-68ff-4463-83b0-d04785999fbb,0.0000,13.5599,1.0000,0.0000,0.0000,0.6667,0.1304
c6e27378-0b9e-4d40-9dbf-057217176282,5c952de4-19c5-4324-b3f4-48b0c2169833,0.0000,6.4127,1.0000,0.0000,0.0000,0.0000,0.0000
c6e27378-0b9e-4d40-9dbf-057217176282,ced92f16-312a-4b19-addf-523cfefee6c7,0.0000,12.0816,1.0000,0.0000,0.0000,0.0000,0.1154
c6e27378-0b9e-4d40-9dbf-057217176282,a11c3bca-9343-4869-8c77-38e616536f5e,0.0000,3.1058,1.0000,0.0000,0.0000,0.0000,0.1304
c6e27378-0b9e-4d40-9dbf-057217176282,110b5c81-0d3f-40bb-bc0d-cd4c327ce925,2.0000,10.9610,0.5000,2.0000,2.0000,0.6667,0.1481
c6e27378-0b9e-4d40-9dbf-057217176282,80481175-af46-455a-8bef-0c682e4c0cb6,2.0000,9.9449,0.5000,2.0000,2.0000,0.0000,0.1481
c6e27378-0b9e-4d40-9dbf-057217176282,422a1c98-ae36-47b0-8890-a8295b6cd85c,2.0000,10.2931,0.5000,2.0000,2.0000,0.6667,0.0800
c6e27378-0b9e-4d40-9dbf-057217176282,51d9466b-1ba9-4646-8257-1d21cb2ed954,2.0000,6.6303,0.5000,2.0000,2.0000,0.0000,0.1481
c6e27378-0b9e-4d40-9dbf-057217176282,03e8c72b-9c28-43b3-a50c-ba09195e3e3c,0.0000,13.0113,1.0000,0.0000,0.0000,0.6667,0.0435
c6e27378-0b9e-4d40-9dbf-057217176282,cf9b7960-9d27-4554-a98d-f1fa9bb1a5ca,2.0000,10.8049,0.5000,2.0000,2.0000,0.6667,0.2813
c6e27378-0b9e-4d40-9dbf-057217176282,bf0dfd9e-5489-4b04-ae78-ba2facc60792,0.0000,13.6785,1.0000,0.0000,0.0000,0.6667,0.0435
c6e27378-0b9e-4d40-9dbf-057217176282,4f2e86c2-4b73-47fc-bf83-31eb686d4ad0,0.0000,14.5139,1.0000,0.0000,0.0000,0.6667,0.0870
c6e27378-0b9e-4d40-9dbf-057217176282,ddd56f00-e94c-4f73-bc24-d6538d02d76f,2.0000,6.7492,0.5000,2.0000,2.0000,0.6667,0.2333
c6e27378-0b9e-4d40-9dbf-057217176282,67351bd4-8ebd-4ac5-b552-24308cef799f,2.0000,13.0648,0.5000,2.0000,2.0000,0.0000,0.1786
c6e27378-0b9e-4d40-9dbf-057217176282,7d591389-70df-411c-93e7-2948d4c04738,0.0000,10.9814,1.0000,0.0000,0.0000,0.0000,0.1304
c6e27378-0b9e-4d40-9dbf-057217176282,91fd5a9f-0848-4551-a1a2-9689a4125830,0.0000,6.6959,1.0000,0.0000,0.0000,0.0000,0.1786
c6e27378-0b9e-4d40-9dbf-057217176282,ae6b3203-494b-4066-b0ba-b923b393bced,0.0000,11.2181,1.0000,0.0000,0.0000,0.6667,0.0435
c6e27378-0b9e-4d40-9dbf-057217176282,4b0f1708-0377-46ec-b3a4-cc53fe72fcc8,0.0000,15.4595,1.0000,0.0000,0.0000,0.6667,0.0435
c6e27378-0b9e-4d40-9dbf-057217176282,17101d7a-983e-469a-82f0-3dbd27b59660,2.0000,8.4637,0.5000,2.0000,2.0000,0.0000,0.2069
c6e27378-0b9e-4d40-9dbf-057217176282,6c2f7b68-d439-46b0-b6c2-111ae90e59be,2.0000,7.4124,0.5000,2.0000,2.0000,0.6667,0.1786
c6e27378-0b9e-4d40-9dbf-057217176282,b07b0e33-0c1e-489d-8b69-aa1b4ae8d2ad,0.0000,14.3993,1.0000,0.0000,0.0000,0.6667,0.2609
c6e27378-0b9e-4d40-9dbf-057217176282,cb93662e-0aed-4f56-9500-1e7f2e128287,2.0000,7.1158,0.5000,2.0000,2.0000,0.6667,0.1481
c6e27378-0b9e-4d40-9dbf-057217176282,5c581ce7-7a4b-4fd5-86a2-16c83a3a7b68,0.0000,11.0223,1.0000,0.0000,0.0000,0.6667,0.0870
c6e27378-0b9e-4d40-9dbf-057217176282,f2deb05a-d512-48f4-b641-59e526831230,0.0000,14.2264,1.0000,0.0000,0.0000,0.6667,0.1739
c6e27378-0b9e-4d40-9dbf-057217176282,2908d1db-866e-4631-a655-8ac0a0da0e28,2.0000,11.8611,0.5000,2.0000,2.0000,0.6667,0.2333
c6e27378-0b9e-4d40-9dbf-057217176282,4481c909-2f78-4205-8334-e27d27305642,2.0000,9.2894,0.5000,2.0000,2.0000,0.6667,0.1154
c6e27378-0b9e-4d40-9dbf-057217176282,d450f16e-59ec-490a-8ce7-7968e10dd065,2.0000,10.5482,0.5000,2.0000,2.0000,0.6667,0.1786
c6e27378-0b9e-4d40-9dbf-057217176282,51625cea-8af7-4dca-9b2d-17750e3831ea,0.0000,1.7147,1.0000,0.0000,0.0000,0.0000,0.0435
c6e27378-0b9e-4d40-9dbf-057217176282,bb080865-5184-4114-942e-0a1b314c8016,0.0000,6.6595,1.0000,0.0000,0.0000,0.0000,0.0000
c6e27378-0b9e-4d40-9dbf-057217176282,8b354a1d-b301-4cd1-b271-878ba45ed85f,0.0000,0.4532,1.0000,0.0000,0.0000,0.0000,0.0870
d9267fd4-495d-4d11-843c-cedddfeddabf,8dfa57b2-e8b0-4a9a-b5b6-86dc84f15e30,2.0000,9.2395,0.5000,2.0000,2.0000,0.6667,0.2500
d9267fd4-495d-4d11-843c-cedddfeddabf,d9fa51da-ab2b-411c-a41b-ce2b5c23473b,0.0000,13.6705,1.0000,0.0000,0.0000,0.6667,0.0870
d9267fd4-495d-4d11-843c-cedddfeddabf,4895c953-8e9a-4e62-b308-61d0f4106e69,0.0000,12.7233,1.0000,0.0000,0.0000,0.6667,0.0870
d9267fd4-495d-4d11-843c-cedddfeddabf,c95936f5-0096-4c43-a2a2-4cc7a9b26504,2.0000,9.0590,0.5000,2.0000,2.0000,0.6667,0.1600
d9267fd4-495d-4d11-843c-cedddfeddabf,535f130b-68ff-4463-83b0-d04785999fbb,0.0000,7.6960,1.0000,0.0000,0.0000,0.0000,0.0476
d9267fd4-495d-4d11-843c-cedddfeddabf,5c952de4-19c5-4324-b3f4-48b0c2169833,0.0000,10.5331,1.0000,0.0000,0.0000,0.6667,0.0870
d9267fd4-495d-4d11-843c-cedddfeddabf,ced92f16-312a-4b19-addf-523cfefee6c7,0.0000,13.8726,1.0000,0.0000,0.0000,0.6667,0.1923
d9267fd4-495d-4d11-843c-cedddfeddabf,a11c3bca-9343-4869-8c77-38e616536f5e,0.0000,8.6676,1.0000,0.0000,0.0000,0.6667,0.0476
d9267fd4-495d-4d11-843c-cedddfeddabf,110b5c81-0d3f-40bb-bc0d-cd4c327ce925,2.0000,8.4099,0.5000,2.0000,2.0000,0.0000,0.2222
d9267fd4-495d-4d11-843c-cedddfeddabf,80481175-af46-455a-8bef-0c682e4c0cb6,2.0000,12.9209,0.5000,2.0000,2.0000,0.6667,0.2222
d9267fd4-495d-4d11-843c-cedddfeddabf,422a1c98-ae36-47b0-8890-a8295b6cd85c,2.0000,9.9575,0.5000,2.0000,2.0000,0.0000,0.1600
d9267fd4-495d-4d11-843c-cedddfeddabf,51d9466b-1ba9-4646-8257-1d21cb2ed954,2.0000,4.8907,0.5000,2.0000,2.0000,0.6667,0.2222
d9267fd4-495d-4d11-843c-cedddfeddabf,03e8c72b-9c28-43b3-a50c-ba09195e3e3c,0.0000,10.1169,1.0000,0.0000,0.0000,0.0000,0.0455
d9267fd4-495d-4d11-843c-cedddfeddabf,cf9b7960-9d27-4554-a98d-f1fa9bb1a5ca,2.0000,12.5841,0.5000,2.0000,2.0000,0.0000,0.3438
d9267fd4-495d-4d11-843c-cedddfeddabf,bf0dfd9e-5489-4b04-ae78-ba2facc60792,0.0000,11.1773,1.0000,0.0000,0.0000,0.0000,0.0455
d9267fd4-495d-4d11-843c-cedddfeddabf,4f2e86c2-4b73-47fc-bf83-31eb686d4ad0,0.0000,10.6652,1.0000,0.0000,0.0000,0.0000,0.0000
d9267fd4-495d-4d11-843c-cedddfeddabf,ddd56f00-e94c-4f73-bc24-d6538d02d76f,2.0000,10.3667,0.5000,2.0000,2.0000,0.0000,0.3000
d9267fd4-495d-4d11-843c-cedddfeddabf,67351bd4-8ebd-4ac5-b552-24308cef799f,2.0000,10.3310,0.5000,2.0000,2.0000,0.6667,0.2500
d9267fd4-495d-4d11-843c-cedddfeddabf,7d591389-70df-411c-93e7-2948d4c04738,0.0000,13.7795,1.0000,0.0000,0.0000,0.6667,0.0476
d9267fd4-495d-4d11-843c-cedddfeddabf,91fd5a9f-0848-4551-a1a2-9689a4125830,0.0000,10.9265,1.0000,0.0000,0.0000,0.6667,0.2500
d9267fd4-495d-4d11-843c-cedddfeddabf,ae6b3203-494b-4066-b0ba-b923b393bced,0.0000,5.0337,1.0000,0.0000,0.0000,0.0000,0.0455
d9267fd4-495d-4d11-843c-cedddfeddabf,4b0f1708-0377-46ec-b3a4-cc53fe72fcc8,0.0000,14.9840,1.0000,0.0000,0.0000,0.6667,0.0455
d9267fd4-495d-4d11-843c-cedddfeddabf,17101d7a-983e-469a-82f0-3dbd27b59660,2.0000,12.4118,0.5000,2.0000,2.0000,0.6667,0.2759
d9267fd4-495d-4d11-843c-cedddfeddabf,6c2f7b68-d439-46b0-b6c2-111ae90e59be,2.0000,3.6492,0.5000,2.0000,2.0000,0.0000,0.2500
d9267fd4-495d-4d11-843c-cedddfeddabf,b07b0e33-0c1e-489d-8b69-aa1b4ae8d2ad,0.0000,13.6942,1.0000,0.0000,0.0000,0.6667,0.1905
d9267fd4-495d-4d11-843c-cedddfeddabf,cb93662e-0aed-4f56-9500-1e7f2e128287,2.0000,6.6854,0.5000,2.0000,2.0000,0.0000,0.2222
d9267fd4-495d-4d11-843c-cedddfeddabf,5c581ce7-7a4b-4fd5-86a2-16c83a3a7b68,0.0000,4.8914,1.0000,0.0000,0.0000,0.0000,0.0000
d9267fd4-495d-4d11-843c-cedddfeddabf,f2deb05a-d512-48f4-b641-59e526831230,0.0000,8.0993,1.0000,0.0000,0.0000,0.0000,0.0952
d9267fd4-495d-4d11-843c-cedddfeddabf,2908d1db-866e-4631-a655-8ac0a0da0e28,2.0000,7.0650,0.5000,2.0000,2.0000,0.6667,0.3000
d9267fd4-495d-4d11-843c-cedddfeddabf,4481c909-2f78-4205-8334-e27d27305642,2.0000,7.6895,0.5000,2.0000,2.0000,0.6667,0.1923
d9267fd4-495d-4d11-843c-cedddfeddabf,d450f16e-59ec-490a-8ce7-7968e10dd065,2.0000,9.9721,0.5000,2.0000,2.0000,0.0000,0.2500
d9267fd4-495d-4d11-843c-cedddfeddabf,51625cea-8af7-4dca-9b2d-17750e3831ea,0.0000,7.1627,1.0000,0.0000,0.0000,0.6667,0.0455
d9267fd4-495d-4d11-843c-cedddfeddabf,bb080865-5184-4114-942e-0a1b314c8016,0.0000,6.5097,1.0000,0.0000,0.0000,0.6667,0.0870
d9267fd4-495d-4d11-843c-cedddfeddabf,8b354a1d-b301-4cd1-b271-878ba45ed85f,0.0000,7.1784,1.0000,0.0000,0.0000,0.6667,0.0000
8dfa57b2-e8b0-4a9a-b5b6-86dc84f15e30,d9fa51da-ab2b-411c-a41b-ce2b5c23473b,2.0000,9.5575,0.5000,2.0000,2.0000,0.6667,0.1786
8dfa57b2-e8b0-4a9a-b5b6-86dc84f15e30,4895c953-8e9a-4e62-b308-61d0f4106e69,2.0000,14.8144,0.5000,2.0000,2.0000,0.6667,0.1786
8dfa57b2-e8b0-4a9a-b5b6-86dc84f15e30,c95936f5-0096-4c43-a2a2-4cc7a9b26504,0.0000,10.2583,1.0000,0.0000,0.0000,0.6667,0.1071
8dfa57b2-e8b0-4a9a-b5b6-86dc84f15e30,535f130b-68ff-4463-83b0-d04785999fbb,2.0000,10.0378,0.5000,2.0000,2.0000,0.6667,0.2857
8dfa57b2-e8b0-4a9a-b5b6-86dc84f15e30,5c952de4-19c5-4324-b3f4-48b0c2169833,2.0000,10.3986,0.5000,2.0000,2.0000,0.6667,0.1786
8dfa57b2-e8b0-4a9a-b5b6-86dc84f15e30,ced92f16-312a-4b19-addf-523cfefee6c7,2.0000,9.8641,0.5000,2.0000,2.0000,0.6667,0.0714
8dfa57b2-e8b0-4a9a-b5b6-86dc84f15e30,a11c3bca-9343-4869-8c77-38e616536f5e,2.0000,11.4822,0.5000,2.0000,2.0000,0.6667,0.2857
8dfa57b2-e8b0-4a9a-b5b6-86dc84f15e30,110b5c81-0d3f-40bb-bc0d-cd4c327ce925,0.0000,7.2530,1.0000,0.0000,0.0000,0.6667,0.0357
8dfa57b2-e8b0-4a9a-b5b6-86dc84f15e30,80481175-af46-455a-8bef-0c682e4c0cb6,0.0000,6.0958,1.0000,0.0000,0.0000,0.6667,0.0357
8dfa57b2-e8b0-4a9a-b5b6-86dc84f15e30,422a1c98-ae36-47b0-8890-a8295b6cd85c,0.0000,8.4441,1.0000,0.0000,0.0000,0.6667,0.1071
8dfa57b2-e8b0-4a9a-b5b6-86dc84f15e30,51d9466b-1ba9-4646-8257-1d21cb2ed954,0.0000,7.6485,1.0000,0.0000,0.0000,0.6667,0.0357
8dfa57b2-e8b0-4a9a-b5b6-86dc84f15e30,03e8c72b-9c28-43b3-a50c-ba09195e3e3c,2.0000,9.0030,0.5000,2.0000,2.0000,0.6667,0.2143
8dfa57b2-e8b0-4a9a-b5b6-86dc84f15e30,cf9b7960-9d27-4554-a98d-f1fa9bb1a5ca,0.0000,7.9927,1.0000,0.0000,0.0000,0.6667,0.1250
8dfa57b2-e8b0-4a9a-b5b6-86dc84f15e30,bf0dfd9e-5489-4b04-ae78-ba2facc60792,2.0000,10.7729,0.5000,2.0000,2.0000,0.6667,0.2143
8dfa57b2-e8b0-4a9a-b5b6-86dc84f15e30,4f2e86c2-4b73-47fc-bf83-31eb686d4ad0,2.0000,10.0114,0.5000,2.0000,2.0000,0.6667,0.2500
8dfa57b2-e8b0-4a9a-b5b6-86dc84f15e30,ddd56f00-e94c-4f73-bc24-d6538d02d76f,0.0000,10.1427,1.0000,0.0000,0.0000,0.6667,0.0667
8dfa57b2-e8b0-4a9a-b5b6-86dc84f15e30,67351bd4-8ebd-4ac5-b552-24308cef799f,0.0000,5.8034,1.0000,0.0000,0.0000,0.6667,0.0000
8dfa57b2-e8b0-4a9a-b5b6-86dc84f15e30,7d591389-70df-411c-93e7-2948d4c04738,2.0000,10.4040,0.5000,2.0000,2.0000,0.6667,0.2857
8dfa57b2-e8b0-4a9a-b5b6-86dc84f15e30,91fd5a9f-0848-4551-a1a2-9689a4125830,2.0000,7.2589,0.5000,2.0000,2.0000,0.6667,0.0000
8dfa57b2-e8b0-4a9a-b5b6-86dc84f15e30,ae6b3203-494b-4066-b0ba-b923b393bced,2.0000,11.7634,0.5000,2.0000,2.0000,0.6667,0.2143
8dfa57b2-e8b0-4a9a-b5b6-86dc84f15e30,4b0f1708-0377-46ec-b3a4-cc53fe72fcc8,2.0000,11.1714,0.5000,2.0000,2.0000,0.0000,0.2143
8dfa57b2-e8b0-4a9a-b5b6-86dc84f15e30,17101d7a-983e-469a-82f0-3dbd27b59660,0.0000,8.4000,1.0000,0.0000,0.0000,0.6667,0.0345
8dfa57b2-e8b0-4a9a-b5b6-86dc84f15e30,6c2f7b68-d439-46b0-b6c2-111ae90e59be,0.0000,9.5962,1.0000,0.0000,0.0000,0.6667,0.0000
8dfa57b2-e8b0-4a9a-b5b6-86dc84f15e30,b07b0e33-0c1e-489d-8b69-aa1b4ae8d2ad,2.0000,11.8331,0.5000,2.0000,2.0000,0.0000,0.3929
8dfa57b2-e8b0-4a9a-b5b6-86dc84f15e30,cb93662e-0aed-4f56-9500-1e7f2e128287,0.0000,8.6600,1.0000,0.0000,0.0000,0.6667,0.0357
8dfa57b2-e8b0-4a9a-b5b6-86dc84f15e30,5c581ce7-7a4b-4fd5-86a2-16c83a3a7b68,2.0000,7.9883,0.5000,2.0000,2.0000,0.6667,0.2500
8dfa57b2-e8b0-4a9a-b5b6-86dc84f15e30,f2deb05a-d512-48f4-b641-59e526831230,2.0000,9.8522,0.5000,2.0000,2.0000,0.6667,0.3214
8dfa57b2-e8b0-4a9a-b5b6-86dc84f15e30,2908d1db-866e-4631-a655-8ac0a0da0e28,0.0000,7.5318,1.0000,0.0000,0.0000,0.0000,0.0667
8dfa57b2-e8b0-4a9a-b5b6-86dc84f15e30,4481c909-2f78-4205-8334-e27d27305642,0.0000,4.5879,1.0000,0.0000,0.0000,0.0000,0.0714
8dfa57b2-e8b0-4a9a-b5b6-86dc84f15e30,d450f16e-59ec-490a-8ce7-7968e10dd065,0.0000,5.6388,1.0000,0.0000,0.0000,0.6667,0.0000
8dfa57b2-e8b0-4a9a-b5b6-86dc84f15e30,51625cea-8af7-4dca-9b2d-17750e3831ea,2.0000,12.5279,0.5000,2.0000,2.0000,0.6667,0.2143
8dfa57b2-e8b0-4a9a-b5b6-86dc84f15e30,bb080865-5184-4114-942e-0a1b314c8016,2.0000,10.6419,0.5000,2.0000,2.0000,0.6667,0.1786
8dfa57b2-e8b0-4a9a-b5b6-86dc84f15e30,8b354a1d-b301-4cd1-b271-878ba45ed85f,2.0000,12.4676,0.5000,2.0000,2.0000,0.6667,0.2500
d9fa51da-ab2b-411c-a41b-ce2b5c23473b,4895c953-8e9a-4e62-b308-61d0f4106e69,0.0000,9.2511,1.0000,0.0000,0.0000,0.0000,0.0000
d9fa51da-ab2b-411c-a41b-ce2b5c23473b,c95936f5-0096-4c43-a2a2-4cc7a9b26504,2.0000,8.1489,0.5000,2.0000,2.0000,0.0000,0.0800
d9fa51da-ab2b-411c-a41b-ce2b5c23473b,535f130b-68ff-4463-83b0-d04785999fbb,0.0000,15.0849,1.0000,0.0000,0.0000,0.6667,0.1304
d9fa51da-ab2b-411c-a41b-ce2b5c23473b,5c952de4-19c5-4324-b3f4-48b0c2169833,0.0000,9.5076,1.0000,0.0000,0.0000,0.0000,0.0000
d9fa51da-ab2b-411c-a41b-ce2b5c23473b,ced92f16-312a-4b19-addf-523cfefee6c7,0.0000,0.5295,1.0000,0.0000,0.0000,0.0000,0.1154
d9fa51da-ab2b-411c-a41b-ce2b5c23473b,a11c3bca-9343-4869-8c77-38e616536f5e,0.0000,10.4593,1.0000,0.0000,0.0000,0.0000,0.1304
d9fa51da-ab2b-411c-a41b-ce2b5c23473b,110b5c81-0d3f-40bb-bc0d-cd4c327ce925,2.0000,10.9076,0.5000,2.0000,2.0000,0.6667,0.1481
d9fa51da-ab2b-411c-a41b-ce2b5c23473b,80481175-af46-455a-8bef-0c682e4c0cb6,2.0000,4.6744,0.5000,2.0000,2.0000,0.0000,0.1481
d9fa51da-ab2b-411c-a41b-ce2b5c23473b,422a1c98-ae36-47b0-8890-a8295b6cd85c,2.0000,5.8537,0.5000,2.0000,2.0000,0.6667,0.0800
d9fa51da-ab2b-411c-a41b-ce2b5c23473b,51d9466b-1ba9-4646-8257-1d21cb2ed954,2.0000,13.3064,0.5000,2.0000,2.0000,0.0000,0.1481
d9fa51da-ab2b-411c-a41b-ce2b5c23473b,03e8c72b-9c28-43b3-a50c-ba09195e3e3c,0.0000,10.7854,1.0000,0.0000,0.0000,0.6667,0.0435
d9fa51da-ab2b-411c-a41b-ce2b5c23473b,cf9b7960-9d27-4554-a98d-f1fa9bb1a5ca,2.0000,5.7909,0.5000,2.0000,2.0000,0.6667,0.2813
d9fa51da-ab2b-411c-a41b-ce2b5c23473b,bf0dfd9e-5489-4b04-ae78-ba2facc60792,0.0000,11.6733,1.0000,0.0000,0.0000,0.6667,0.0435
d9fa51da-ab2b-411c-a41b-ce2b5c23473b,4f2e86c2-4b73-47fc-bf83-31eb686d4ad0,0.0000,8.8344,1.0000,0.0000,0.0000,0.6667,0.0870
d9fa51da-ab2b-411c-a41b-ce2b5c23473b,ddd56f00-e94c-4f73-bc24-d6538d02d76f,2.0000,8.7592,0.5000,2.0000,2.0000,0.6667,0.2333
d9fa51da-ab2b-411c-a41b-ce2b5c23473b,67351bd4-8ebd-4ac5-b552-24308cef799f,2.0000,9.9671,0.5000,2.0000,2.0000,0.0000,0.1786
d9fa51da-ab2b-411c-a41b-ce2b5c23473b,7d591389-70df-411c-93e7-2948d4c04738,0.0000,5.2628,1.0000,0.0000,0.0000,0.0000,0.1304
d9fa51da-ab2b-411c-a41b-ce2b5c23473b,91fd5a9f-0848-4551-a1a2-9689a4125830,0.0000,10.4353,1.0000,0.0000,0.0000,0.0000,0.1786
d9fa51da-ab2b-411c-a41b-ce2b5c23473b,ae6b3203-494b-4066-b0ba-b923b393bced,0.0000,14.6181,1.0000,0.0000,0.0000,0.6667,0.0435
d9fa51da-ab2b-411c-a41b-ce2b5c23473b,4b0f1708-0377-46ec-b3a4-cc53fe72fcc8,0.0000,8.9636,1.0000,0.0000,0.0000,0.6667,0.0435
d9fa51da-ab2b-411c-a41b-ce2b5c23473b,17101d7a-983e-469a-82f0-3dbd27b59660,2.0000,8.1493,0.5000,2.0000,2.0000,0.0000,0.2069
d9fa51da-ab2b-411c-a41b-ce2b5c23473b,6c2f7b68-d439-46b0-b6c2-111ae90e59be,2.0000,12.5297,0.5000,2.0000,2.0000,0.6667,0.1786
d9fa51da-ab2b-411c-a41b-ce2b5c23473b,b07b0e33-0c1e-489d-8b69-aa1b4ae8d2ad,0.0000,10.1448,1.0000,0.0000,0.0000,0.6667,0.2609
d9fa51da-ab2b-411c-a41b-ce2b5c23473b,cb93662e-0aed-4f56-9500-1e7f2e128287,2.0000,11.1165,0.5000,2.0000,2.0000,0.6667,0.1481
d9fa51da-ab2b-411c-a41b-ce2b5c23473b,5c581ce7-7a4b-4fd5-86a2-16c83a3a7b68,0.0000,13.9738,1.0000,0.0000,0.0000,0.6667,0.0870
d9fa51da-ab2b-411c-a41b-ce2b5c23473b,f2deb05a-d512-48f4-b641-59e526831230,0.0000,11.8922,1.0000,0.0000,0.0000,0.6667,0.1739
d9fa51da-ab2b-411c-a41b-ce2b5c23473b,2908d1db-866e-4631-a655-8ac0a0da0e28,2.0000,12.4704,0.5000,2.0000,2.0000,0.6667,0.2333
d9fa51da-ab2b-411c-a41b-ce2b5c23473b,4481c909-2f78-4205-8334-e27d27305642,2.0000,10.3288,0.5000,2.0000,2.0000,0.6667,0.1154
d9fa51da-ab2b-411c-a41b-ce2b5c23473b,d450f16e-59ec-490a-8ce7-7968e10dd065,2.0000,4.7381,0.5000,2.0000,2.0000,0.6667,0.1786
d9fa51da-ab2b-411c-a41b-ce2b5c23473b,51625cea-8af7-4dca-9b2d-17750e3831ea,0.0000,11.9809,1.0000,0.0000,0.0000,0.0000,0.0435
d9fa51da-ab2b-411c-a41b-ce2b5c23473b,bb080865-5184-4114-942e-0a1b314c8016,0.0000,15.7899,1.0000,0.0000,0.0000,0.0000,0.0000
d9fa51da-ab2b-411c-a41b-ce2b5c23473b,8b354a1d-b301-4cd1-b271-878ba45ed85f,0.0000,11.9744,1.0000,0.0000,0.0000,0.0000,0.0870
4895c953-8e9a-4e62-b308-61d0f4106e69,c95936f5-0096-4c43-a2a2-4cc7a9b26504,2.0000,12.3226,0.5000,2.0000,2.0000,0.0000,0.0800
4895c953-8e9a-4e62-b308-61d0f4106e69,535f130b-68ff-4463-83b0-d04785999fbb,0.0000,17.6922,1.0000,0.0000,0.0000,0.6667,0.1304
4895c953-8e9a-4e62-b308-61d0f4106e69,5c952de4-19c5-4324-b3f4-48b0c2169833,0.0000,7.9373,1.0000,0.0000,0.0000,0.0000,0.0000
4895c953-8e9a-4e62-b308-61d0f4106e69,ced92f16-312a-4b19-addf-523cfefee6c7,0.0000,9.5308,1.0000,0.0000,0.0000,0.0000,0.1154
4895c953-8e9a-4e62-b308-61d0f4106e69,a11c3bca-9343-4869-8c77-38e616536f5e,0.0000,7.4967,1.0000,0.0000,0.0000,0.0000,0.1304
4895c953-8e9a-4e62-b308-61d0f4106e69,110b5c81-0d3f-40bb-bc0d-cd4c327ce925,2.0000,14.3316,0.5000,2.0000,2.0000,0.6667,0.1481
4895c953-8e9a-4e62-b308-61d0f4106e69,80481175-af46-455a-8bef-0c682e4c0cb6,2.0000,9.4095,0.5000,2.0000,2.0000,0.0000,0.1481
4895c953-8e9a-4e62-b308-61d0f4106e69,422a1c98-ae36-47b0-8890-a8295b6cd85c,2.0000,10.7314,0.5000,2.0000,2.0000,0.6667,0.0800
4895c953-8e9a-4e62-b308-61d0f4106e69,51d9466b-1ba9-4646-8257-1d21cb2ed954,2.0000,12.0839,0.5000,2.0000,2.0000,0.0000,0.1481
4895c953-8e9a-4e62-b308-61d0f4106e69,03e8c72b-9c28-43b3-a50c-ba09195e3e3c,0.0000,13.0953,1.0000,0.0000,0.0000,0.6667,0.0435
4895c953-8e9a-4e62-b308-61d0f4106e69,cf9b7960-9d27-4554-a98d-f1fa9bb1a5ca,2.0000,10.1997,0.5000,2.0000,2.0000,0.6667,0.2813
4895c953-8e9a-4e62-b308-61d0f4106e69,bf0dfd9e-5489-4b04-ae78-ba2facc60792,0.0000,16.0005,1.0000,0.0000,0.0000,0.6667,0.0435
4895c953-8e9a-4e62-b308-61d0f4106e69,4f2e86c2-4b73-47fc-bf83-31eb686d4ad0,0.0000,13.7980,1.0000,0.0000,0.0000,0.6667,0.0870
4895c953-8e9a-4e62-b308-61d0f4106e69,ddd56f00-e94c-4f73-bc24-d6538d02d76f,2.0000,6.8381,0.5000,2.0000,2.0000,0.6667,0.2333
4895c953-8e9a-4e62-b308-61d0f4106e69,67351bd4-8ebd-4ac5-b552-24308cef799f,2.0000,12.3101,0.5000,2.0000,2.0000,0.0000,0.1786
4895c953-8e9a-4e62-b308-61d0f4106e69,7d591389-70df-411c-93e7-2948d4c04738,0.0000,7.4590,1.0000,0.0000,0.0000,0.0000,0.1304
4895c953-8e9a-4e62-b308-61d0f4106e69,91fd5a9f-0848-4551-a1a2-9689a4125830,0.0000,8.6230,1.0000,0.0000,0.0000,0.0000,0.1786
4895c953-8e9a-4e62-b308-61d0f4106e69,ae6b3203-494b-4066-b0ba-b923b393bced,0.0000,15.2341,1.0000,0.0000,0.0000,0.6667,0.0435
4895c953-8e9a-4e62-b308-61d0f4106e69,4b0f1708-0377-46ec-b3a4-cc53fe72fcc8,0.0000,13.2537,1.0000,0.0000,0.0000,0.6667,0.0435
4895c953-8e9a-4e62-b308-61d0f4106e69,17101d7a-983e-469a-82f0-3dbd27b59660,2.0000,7.4143,0.5000,2.0000,2.0000,0.0000,0.2069
4895c953-8e9a-4e62-b308-61d0f4106e69,6c2f7b68-d439-46b0-b6c2-111ae90e59be,2.0000,12.3605,0.5000,2.0000,2.0000,0.6667,0.1786
4895c953-8e9a-4e62-b308-61d0f4106e69,b07b0e33-0c1e-489d-8b69-aa1b4ae8d2ad,0.0000,15.4011,1.0000,0.0000,0.0000,0.6667,0.2609
4895c953-8e9a-4e62-b308-61d0f4106e69,cb93662e-0aed-4f56-9500-1e7f2e128287,2.0000,10.8248,0.5000,2.0000,2.0000,0.6667,0.1481
4895c953-8e9a-4e62-b308-61d0f4106e69,5c581ce7-7a4b-4fd5-86a2-16c83a3a7b68,0.0000,15.7461,1.0000,0.0000,0.0000,0.6667,0.0870
4895c953-8e9a-4e62-b308-61d0f4106e69,f2deb05a-d512-48f4-b641-59e526831230,0.0000,15.4356,1.0000,0.0000,0.0000,0.6667,0.1739
4895c953-8e9a-4e62-b308-61d0f4106e69,2908d1db-866e-4631-a655-8ac0a0da0e28,2.0000,15.6208,0.5000,2.0000,2.0000,0.6667,0.2333
4895c953-8e9a-4e62-b308-61d0f4106e69,4481c909-2f78-4205-8334-e27d27305642,2.0000,12.5611,0.5000,2.0000,2.0000,0.6667,0.1154
4895c953-8e9a-4e62-b308-61d0f4106e69,d450f16e-59ec-490a-8ce7-7968e10dd065,2.0000,11.4296,0.5000,2.0000,2.0000,0.6667,0.1786
4895c953-8e9a-4e62-b308-61d0f4106e69,51625cea-8af7-4dca-9b2d-17750e3831ea,0.0000,7.3675,1.0000,0.0000,0.0000,0.0000,0.0435
4895c953-8e9a-4e62-b308-61d0f4106e69,bb080865-5184-4114-942e-0a1b314c8016,0.0000,13.3469,1.0000,0.0000,0.0000,0.0000,0.0000
4895c953-8e9a-4e62-b308-61d0f4106e69,8b354a1d-b301-4cd1-b271-878ba45ed85f,0.0000,7.0307,1.0000,0.0000,0.0000,0.0000,0.0870
c95936f5-0096-4c43-a2a2-4cc7a9b26504,535f130b-68ff-4463-83b0-d04785999fbb,2.0000,9.4208,0.5000,2.0000,2.0000,0.6667,0.2000
c95936f5-0096-4c43-a2a2-4cc7a9b26504,5c952de4-19c5-4324-b3f4-48b0c2169833,2.0000,9.2253,0.5000,2.0000,2.0000,0.0000,0.0800
c95936f5-0096-4c43-a2a2-4cc7a9b26504,ced92f16-312a-4b19-addf-523cfefee6c7,2.0000,8.5337,0.5000,2.0000,2.0000,0.0000,0.0385
c95936f5-0096-4c43-a2a2-4cc7a9b26504,a11c3bca-9343-4869-8c77-38e616536f5e,2.0000,7.1340,0.5000,2.0000,2.0000,0.0000,0.2000
c95936f5-0096-4c43-a2a2-4cc7a9b26504,110b5c81-0d3f-40bb-bc0d-cd4c327ce925,0.0000,9.8182,1.0000,0.0000,0.0000,0.6667,0.0741
c95936f5-0096-4c43-a2a2-4cc7a9b26504,80481175-af46-455a-8bef-0c682e4c0cb6,0.0000,7.9256,1.0000,0.0000,0.0000,0.0000,0.0741
c95936f5-0096-4c43-a2a2-4cc7a9b26504,422a1c98-ae36-47b0-8890-a8295b6cd85c,0.0000,3.6135,1.0000,0.0000,0.0000,0.6667,0.0000
c95936f5-0096-4c43-a2a2-4cc7a9b26504,51d9466b-1ba9-4646-8257-1d21cb2ed954,0.0000,10.0312,1.0000,0.0000,0.0000,0.0000,0.0741
c95936f5-0096-4c43-a2a2-4cc7a9b26504,03e8c72b-9c28-43b3-a50c-ba09195e3e3c,2.0000,10.8175,0.5000,2.0000,2.0000,0.6667,0.1200
c95936f5-0096-4c43-a2a2-4cc7a9b26504,cf9b7960-9d27-4554-a98d-f1fa9bb1a5ca,0.0000,6.5318,1.0000,0.0000,0.0000,0.6667,0.2188
c95936f5-0096-4c43-a2a2-4cc7a9b26504,bf0dfd9e-5489-4b04-ae78-ba2facc60792,2.0000,9.1376,0.5000,2.0000,2.0000,0.6667,0.1200
c95936f5-0096-4c43-a2a2-4cc7a9b26504,4f2e86c2-4b73-47fc-bf83-31eb686d4ad0,2.0000,8.9463,0.5000,2.0000,2.0000,0.6667,0.1600
c95936f5-0096-4c43-a2a2-4cc7a9b26504,ddd56f00-e94c-4f73-bc24-d6538d02d76f,0.0000,9.6139,1.0000,0.0000,0.0000,0.6667,0.1667
c95936f5-0096-4c43-a2a2-4cc7a9b26504,67351bd4-8ebd-4ac5-b552-24308cef799f,0.0000,10.8158,1.0000,0.0000,0.0000,0.0000,0.1071
c95936f5-0096-4c43-a2a2-4cc7a9b26504,7d591389-70df-411c-93e7-2948d4c04738,2.0000,10.0698,0.5000,2.0000,2.0000,0.0000,0.2000
c95936f5-0096-4c43-a2a2-4cc7a9b26504,91fd5a9f-0848-4551-a1a2-9689a4125830,2.0000,10.1269,0.5000,2.0000,2.0000,0.0000,0.1071
c95936f5-0096-4c43-a2a2-4cc7a9b26504,ae6b3203-494b-4066-b0ba-b923b393bced,2.0000,10.1034,0.5000,2.0000,2.0000,0.6667,0.1200
c95936f5-0096-4c43-a2a2-4cc7a9b26504,4b0f1708-0377-46ec-b3a4-cc53fe72fcc8,2.0000,12.3873,0.5000,2.0000,2.0000,0.6667,0.1200
c95936f5-0096-4c43-a2a2-4cc7a9b26504,17101d7a-983e-469a-82f0-3dbd27b59660,0.0000,9.3437,1.0000,0.0000,0.0000,0.0000,0.1379
c95936f5-0096-4c43-a2a2-4cc7a9b26504,6c2f7b68-d439-46b0-b6c2-111ae90e59be,0.0000,7.6058,1.0000,0.0000,0.0000,0.6667,0.1071
c95936f5-0096-4c43-a2a2-4cc7a9b26504,b07b0e33-0c1e-489d-8b69-aa1b4ae8d2ad,2.0000,11.2465,0.5000,2.0000,2.0000,0.6667,0.3200
c95936f5-0096-4c43-a2a2-4cc7a9b26504,cb93662e-0aed-4f56-9500-1e7f2e128287,0.0000,11.5452,1.0000,0.0000,0.0000,0.6667,0.0741
c95936f5-0096-4c43-a2a2-4cc7a9b26504,5c581ce7-7a4b-4fd5-86a2-16c83a3a7b68,2.0000,8.4603,0.5000,2.0000,2.0000,0.6667,0.1600
c95936f5-0096-4c43-a2a2-4cc7a9b26504,f2deb05a-d512-48f4-b641-59e526831230,2.0000,9.1025,0.5000,2.0000,2.0000,0.6667,0.2400
c95936f5-0096-4c43-a2a2-4cc7a9b26504,2908d1db-866e-4631-a655-8ac0a0da0e28,0.0000,7.0040,1.0000,0.0000,0.0000,0.6667,0.1667
c95936f5-0096-4c43-a2a2-4cc7a9b26504,4481c909-2f78-4205-8334-e27d27305642,0.0000,10.3135,1.0000,0.0000,0.0000,0.6667,0.0385
c95936f5-0096-4c43-a2a2-4cc7a9b26504,d450f16e-59ec-490a-8ce7-7968e10dd065,0.0000,6.9244,1.0000,0.0000,0.0000,0.6667,0.1071
c95936f5-0096-4c43-a2a2-4cc7a9b26504,51625cea-8af7-4dca-9b2d-17750e3831ea,2.0000,9.8333,0.5000,2.0000,2.0000,0.0000,0.1200
c95936f5-0096-4c43-a2a2-4cc7a9b26504,bb080865-5184-4114-942e-0a1b314c8016,2.0000,11.7935,0.5000,2.0000,2.0000,0.0000,0.0800
c95936f5-0096-4c43-a2a2-4cc7a9b26504,8b354a1d-b301-4cd1-b271-878ba45ed85f,2.0000,9.8020,0.5000,2.0000,2.0000,0.0000,0.1600
535f130b-68ff-4463-83b0-d04785999fbb,5c952de4-19c5-4324-b3f4-48b0c2169833,0.0000,16.0456,1.0000,0.0000,0.0000,0.6667,0.1304
535f130b-68ff-4463-83b0-d04785999fbb,ced92f16-312a-4b19-addf-523cfefee6c7,0.0000,15.1998,1.0000,0.0000,0.0000,0.6667,0.2308
535f130b-68ff-4463-83b0-d04785999fbb,a11c3bca-9343-4869-8c77-38e616536f5e,0.0000,11.9189,1.0000,0.0000,0.0000,0.6667,0.0000
535f130b-68ff-4463-83b0-d04785999fbb,110b5c81-0d3f-40bb-bc0d-cd4c327ce925,2.0000,9.8252,0.5000,2.0000,2.0000,0.0000,0.2593
535f130b-68ff-4463-83b0-d04785999fbb,80481175-af46-455a-8bef-0c682e4c0cb6,2.0000,14.2790,0.5000,2.0000,2.0000,0.6667,0.2593
535f130b-68ff-4463-83b0-d04785999fbb,422a1c98-ae36-47b0-8890-a8295b6cd85c,2.0000,11.3841,0.5000,2.0000,2.0000,0.0000,0.2000
535f130b-68ff-4463-83b0-d04785999fbb,51d9466b-1ba9-4646-8257-1d21cb2ed954,2.0000,8.6288,0.5000,2.0000,2.0000,0.6667,0.2593
535f130b-68ff-4463-83b0-d04785999fbb,03e8c72b-9c28-43b3-a50c-ba09195e3e3c,0.0000,7.5620,1.0000,0.0000,0.0000,0.0000,0.0909
535f130b-68ff-4463-83b0-d04785999fbb,cf9b7960-9d27-4554-a98d-f1fa9bb1a5ca,2.0000,13.3064,0.5000,2.0000,2.0000,0.0000,0.3750
535f130b-68ff-4463-83b0-d04785999fbb,bf0dfd9e-5489-4b04-ae78-ba2facc60792,0.0000,5.9645,1.0000,0.0000,0.0000,0.0000,0.0909
535f130b-68ff-4463-83b0-d04785999fbb,4f2e86c2-4b73-47fc-bf83-31eb686d4ad0,0.0000,10.2923,1.0000,0.0000,0.0000,0.0000,0.0476
535f130b-68ff-4463-83b0-d04785999fbb,ddd56f00-e94c-4f73-bc24-d6538d02d76f,2.0000,12.1628,0.5000,2.0000,2.0000,0.0000,0.3333
535f130b-68ff-4463-83b0-d04785999fbb,67351bd4-8ebd-4ac5-b552-24308cef799f,2.0000,10.8758,0.5000,2.0000,2.0000,0.6667,0.2857
535f130b-68ff-4463-83b0-d04785999fbb,7d591389-70df-411c-93e7-2948d4c04738,0.0000,15.8665,1.0000,0.0000,0.0000,0.6667,0.0000
535f130b-68ff-4463-83b0-d04785999fbb,91fd5a9f-0848-4551-a1a2-9689a4125830,0.0000,14.7165,1.0000,0.0000,0.0000,0.6667,0.2857
535f130b-68ff-4463-83b0-d04785999fbb,ae6b3203-494b-4066-b0ba-b923b393bced,0.0000,5.1031,1.0000,0.0000,0.0000,0.0000,0.0909
535f130b-68ff-4463-83b0-d04785999fbb,4b0f1708-0377-46ec-b3a4-cc53fe72fcc8,0.0000,14.7284,1.0000,0.0000,0.0000,0.6667,0.0909
535f130b-68ff-4463-83b0-d04785999fbb,17101d7a-983e-469a-82f0-3dbd27b59660,2.0000,15.3640,0.5000,2.0000,2.0000,0.6667,0.3103
535f130b-68ff-4463-83b0-d04785999fbb,6c2f7b68-d439-46b0-b6c2-111ae90e59be,2.0000,6.8608,0.5000,2.0000,2.0000,0.0000,0.2857
535f130b-68ff-4463-83b0-d04785999fbb,b07b0e33-0c1e-489d-8b69-aa1b4ae8d2ad,0.0000,13.4297,1.0000,0.0000,0.0000,0.6667,0.1500
535f130b-68ff-4463-83b0-d04785999fbb,cb93662e-0aed-4f56-9500-1e7f2e128287,2.0000,8.1775,0.5000,2.0000,2.0000,0.0000,0.2593
535f130b-68ff-4463-83b0-d04785999fbb,5c581ce7-7a4b-4fd5-86a2-16c83a3a7b68,0.0000,4.7455,1.0000,0.0000,0.0000,0.0000,0.0476
535f130b-68ff-4463-83b0-d04785999fbb,f2deb05a-d512-48f4-b641-59e526831230,0.0000,6.8322,1.0000,0.0000,0.0000,0.0000,0.0500
535f130b-68ff-4463-83b0-d04785999fbb,2908d1db-866e-4631-a655-8ac0a0da0e28,2.0000,3.5458,0.5000,2.0000,2.0000,0.6667,0.3333
535f130b-68ff-4463-83b0-d04785999fbb,4481c909-2f78-4205-8334-e27d27305642,2.0000,8.8238,0.5000,2.0000,2.0000,0.6667,0.2308
535f130b-68ff-4463-83b0-d04785999fbb,d450f16e-59ec-490a-8ce7-7968e10dd065,2.0000,12.7572,0.5000,2.0000,2.0000,0.0000,0.2857
535f130b-68ff-4463-83b0-d04785999fbb,51625cea-8af7-4dca-9b2d-17750e3831ea,0.0000,13.7984,1.0000,0.0000,0.0000,0.6667,0.0909
535f130b-68ff-4463-83b0-d04785999fbb,bb080865-5184-4114-942e-0a1b314c8016,0.0000,10.9909,1.0000,0.0000,0.0000,0.6667,0.1304
535f130b-68ff-4463-83b0-d04785999fbb,8b354a1d-b301-4cd1-b271-878ba45ed85f,0.0000,13.6477,1.0000,0.0000,0.0000,0.6667,0.0476
5c952de4-19c5-4324-b3f4-48b0c2169833,ced92f16-312a-4b19-addf-523cfefee6c7,0.0000,9.8407,1.0000,0.0000,0.0000,0.0000,0.1154
5c952de4-19c5-4324-b3f4-48b0c2169833,a11c3bca-9343-4869-8c77-38e616536f5e,0.0000,6.8392,1.0000,0.0000,0.0000,0.0000,0.1304
5c952de4-19c5-4324-b3f4-48b0c2169833,110b5c81-0d3f-40bb-bc0d-cd4c327ce925,2.0000,12.6300,0.5000,2.0000,2.0000,0.6667,0.1481
5c952de4-19c5-4324-b3f4-48b0c2169833,80481175-af46-455a-8bef-0c682e4c0cb6,2.0000,8.5042,0.5000,2.0000,2.0000,0.0000,0.1481
5c952de4-19c5-4324-b3f4-48b0c2169833,422a1c98-ae36-47b0-8890-a8295b6cd85c,2.0000,8.3761,0.5000,2.0000,2.0000,0.6667,0.0800
5c952de4-19c5-4324-b3f4-48b0c2169833,51d9466b-1ba9-4646-8257-1d21cb2ed954,2.0000,9.1940,0.5000,2.0000,2.0000,0.0000,0.1481
5c952de4-19c5-4324-b3f4-48b0c2169833,03e8c72b-9c28-43b3-a50c-ba09195e3e3c,0.0000,12.8793,1.0000,0.0000,0.0000,0.6667,0.0435
5c952de4-19c5-4324-b3f4-48b0c2169833,cf9b7960-9d27-4554-a98d-f1fa9bb1a5ca,2.0000,9.2971,0.5000,2.0000,2.0000,0.6667,0.2813
5c952de4-19c5-4324-b3f4-48b0c2169833,bf0dfd9e-5489-4b04-ae78-ba2facc60792,0.0000,16.4901,1.0000,0.0000,0.0000,0.6667,0.0435
5c952de4-19c5-4324-b3f4-48b0c2169833,4f2e86c2-4b73-47fc-bf83-31eb686d4ad0,0.0000,10.6980,1.0000,0.0000,0.0000,0.6667,0.0870
5c952de4-19c5-4324-b3f4-48b0c2169833,ddd56f00-e94c-4f73-bc24-d6538d02d76f,2.0000,7.9146,0.5000,2.0000,2.0000,0.6667,0.2333
5c952de4-19c5-4324-b3f4-48b0c2169833,67351bd4-8ebd-4ac5-b552-24308cef799f,2.0000,10.0834,0.5000,2.0000,2.0000,0.0000,0.1786
5c952de4-19c5-4324-b3f4-48b0c2169833,7d591389-70df-411c-93e7-2948d4c04738,0.0000,9.2095,1.0000,0.0000,0.0000,0.0000,0.1304
5c952de4-19c5-4324-b3f4-48b0c2169833,91fd5a9f-0848-4551-a1a2-9689a4125830,0.0000,3.4692,1.0000,0.0000,0.0000,0.0000,0.1786
5c952de4-19c5-4324-b3f4-48b0c2169833,ae6b3203-494b-4066-b0ba-b923b393bced,0.0000,14.2563,1.0000,0.0000,0.0000,0.6667,0.0435
5c952de4-19c5-4324-b3f4-48b0c2169833,4b0f1708-0377-46ec-b3a4-cc53fe72fcc8,0.0000,13.7597,1.0000,0.0000,0.0000,0.6667,0.0435
5c952de4-19c5-4324-b3f4-48b0c2169833,17101d7a-983e-469a-82f0-3dbd27b59660,2.0000,6.2847,0.5000,2.0000,2.0000,0.0000,0.2069
5c952de4-19c5-4324-b3f4-48b0c2169833,6c2f7b68-d439-46b0-b6c2-111ae90e59be,2.0000,11.9642,0.5000,2.0000,2.0000,0.6667,0.1786
5c952de4-19c5-4324-b3f4-48b0c2169833,b07b0e33-0c1e-489d-8b69-aa1b4ae8d2ad,0.0000,16.0203,1.0000,0.0000,0.0000,0.6667,0.2609
5c952de4-19c5-4324-b3f4-48b0c2169833,cb93662e-0aed-4f56-9500-1e7f2e128287,2.0000,11.0034,0.5000,2.0000,2.0000,0.6667,0.1481
5c952de4-19c5-4324-b3f4-48b0c2169833,5c581ce7-7a4b-4fd5-86a2-16c83a3a7b68,0.0000,12.5292,1.0000,0.0000,0.0000,0.6667,0.0870
5c952de4-19c5-4324-b3f4-48b0c2169833,f2deb05a-d512-48f4-b641-59e526831230,0.0000,11.0446,1.0000,0.0000,0.0000,0.6667,0.1739
5c952de4-19c5-4324-b3f4-48b0c2169833,2908d1db-866e-4631-a655-8ac0a0da0e28,2.0000,13.9224,0.5000,2.0000,2.0000,0.6667,0.2333
5c952de4-19c5-4324-b3f4-48b0c2169833,4481c909-2f78-4205-8334-e27d27305642,2.0000,9.2870,0.5000,2.0000,2.0000,0.6667,0.1154
5c952de4-19c5-4324-b3f4-48b0c2169833,d450f16e-59ec-490a-8ce7-7968e10dd065,2.0000,7.5308,0.5000,2.0000,2.0000,0.6667,0.1786
5c952de4-19c5-4324-b3f4-48b0c2169833,51625cea-8af7-4dca-9b2d-17750e3831ea,0.0000,5.9905,1.0000,0.0000,0.0000,0.0000,0.0435
5c952de4-19c5-4324-b3f4-48b0c2169833,bb080865-5184-4114-942e-0a1b314c8016,0.0000,9.5737,1.0000,0.0000,0.0000,0.0000,0.0000
5c952de4-19c5-4324-b3f4-48b0c2169833,8b354a1d-b301-4cd1-b271-878ba45ed85f,0.0000,6.2009,1.0000,0.0000,0.0000,0.0000,0.0870
ced92f16-312a-4b19-addf-523cfefee6c7,a11c3bca-9343-4869-8c77-38e616536f5e,0.0000,10.8220,1.0000,0.0000,0.0000,0.0000,0.2308
ced92f16-312a-4b19-addf-523cfefee6c7,110b5c81-0d3f-40bb-bc0d-cd4c327ce925,2.0000,11.0444,0.5000,2.0000,2.0000,0.6667,0.0370
ced92f16-312a-4b19-addf-523cfefee6c7,80481175-af46-455a-8bef-0c682e4c0cb6,2.0000,5.1930,0.5000,2.0000,2.0000,0.0000,0.0370
ced92f16-312a-4b19-addf-523cfefee6c7,422a1c98-ae36-47b0-8890-a8295b6cd85c,2.0000,6.0647,0.5000,2.0000,2.0000,0.6667,0.0385
ced92f16-312a-4b19-addf-523cfefee6c7,51d9466b-1ba9-4646-8257-1d21cb2ed954,2.0000,13.6510,0.5000,2.0000,2.0000,0.0000,0.0370
ced92f16-312a-4b19-addf-523cfefee6c7,03e8c72b-9c28-43b3-a50c-ba09195e3e3c,0.0000,10.7924,1.0000,0.0000,0.0000,0.6667,0.1538
ced92f16-312a-4b19-addf-523cfefee6c7,cf9b7960-9d27-4554-a98d-f1fa9bb1a5ca,2.0000,6.1360,0.5000,2.0000,2.0000,0.6667,0.1875
ced92f16-312a-4b19-addf-523cfefee6c7,bf0dfd9e-5489-4b04-ae78-ba2facc60792,0.0000,11.6001,1.0000,0.0000,0.0000,0.6667,0.1538
ced92f16-312a-4b19-addf-523cfefee6c7,4f2e86c2-4b73-47fc-bf83-31eb686d4ad0,0.0000,8.7497,1.0000,0.0000,0.0000,0.6667,0.1923
ced92f16-312a-4b19-addf-523cfefee6c7,ddd56f00-e94c-4f73-bc24-d6538d02d76f,2.0000,9.2022,0.5000,2.0000,2.0000,0.6667,0.1333
ced92f16-312a-4b19-addf-523cfefee6c7,67351bd4-8ebd-4ac5-b552-24308cef799f,2.0000,10.1321,0.5000,2.0000,2.0000,0.0000,0.0714
ced92f16-312a-4b19-addf-523cfefee6c7,7d591389-70df-411c-93e7-2948d4c04738,0.0000,5.5550,1.0000,0.0000,0.0000,0.0000,0.2308
ced92f16-312a-4b19-addf-523cfefee6c7,91fd5a9f-0848-4551-a1a2-9689a4125830,0.0000,10.9331,1.0000,0.0000,0.0000,0.0000,0.0714
ced92f16-312a-4b19-addf-523cfefee6c7,ae6b3203-494b-4066-b0ba-b923b393bced,0.0000,14.6133,1.0000,0.0000,0.0000,0.6667,0.1538
ced92f16-312a-4b19-addf-523cfefee6c7,4b0f1708-0377-46ec-b3a4-cc53fe72fcc8,0.0000,8.7117,1.0000,0.0000,0.0000,0.6667,0.1538
ced92f16-312a-4b19-addf-523cfefee6c7,17101d7a-983e-469a-82f0-3dbd27b59660,2.0000,8.6574,0.5000,2.0000,2.0000,0.0000,0.1034
ced92f16-312a-4b19-addf-523cfefee6c7,6c2f7b68-d439-46b0-b6c2-111ae90e59be,2.0000,12.6383,0.5000,2.0000,2.0000,0.6667,0.0714
ced92f16-312a-4b19-addf-523cfefee6c7,b07b0e33-0c1e-489d-8b69-aa1b4ae8d2ad,0.0000,9.8917,1.0000,0.0000,0.0000,0.6667,0.3462
ced92f16-312a-4b19-addf-523cfefee6c7,cb93662e-0aed-4f56-9500-1e7f2e128287,2.0000,11.3539,0.5000,2.0000,2.0000,0.6667,0.0370
ced92f16-312a-4b19-addf-523cfefee6c7,5c581ce7-7a4b-4fd5-86a2-16c83a3a7b68,0.0000,14.2563,1.0000,0.0000,0.0000,0.6667,0.1923
ced92f16-312a-4b19-addf-523cfefee6c7,f2deb05a-d512-48f4-b641-59e526831230,0.0000,11.9474,1.0000,0.0000,0.0000,0.6667,0.2692
ced92f16-312a-4b19-addf-523cfefee6c7,2908d1db-866e-4631-a655-8ac0a0da0e28,2.0000,12.5977,0.5000,2.0000,2.0000,0.6667,0.1333
ced92f16-312a-4b19-addf-523cfefee6c7,4481c909-2f78-4205-8334-e27d27305642,2.0000,10.6933,0.5000,2.0000,2.0000,0.6667,0.0000
ced92f16-312a-4b19-addf-523cfefee6c7,d450f16e-59ec-490a-8ce7-7968e10dd065,2.0000,4.7836,0.5000,2.0000,2.0000,0.6667,0.0714
ced92f16-312a-4b19-addf-523cfefee6c7,51625cea-8af7-4dca-9b2d-17750e3831ea,0.0000,12.3254,1.0000,0.0000,0.0000,0.0000,0.1538
ced92f16-312a-4b19-addf-523cfefee6c7,bb080865-5184-4114-942e-0a1b314c8016,0.0000,16.1964,1.0000,0.0000,0.0000,0.0000,0.1154
ced92f16-312a-4b19-addf-523cfefee6c7,8b354a1d-b301-4cd1-b271-878ba45ed85f,0.0000,12.3499,1.0000,0.0000,0.0000,0.0000,0.1923
a11c3bca-9343-4869-8c77-38e616536f5e,110b5c81-0d3f-40bb-bc0d-cd4c327ce925,2.0000,12.7880,0.5000,2.0000,2.0000,0.6667,0.2593
a11c3bca-9343-4869-8c77-38e616536f5e,80481175-af46-455a-8bef-0c682e4c0cb6,2.0000,8.9411,0.5000,2.0000,2.0000,0.0000,0.2593
a11c3bca-9343-4869-8c77-38e616536f5e,422a1c98-ae36-47b0-8890-a8295b6cd85c,2.0000,9.0005,0.5000,2.0000,2.0000,0.6667,0.2000
a11c3bca-9343-4869-8c77-38e616536f5e,51d9466b-1ba9-4646-8257-1d21cb2ed954,2.0000,8.6979,0.5000,2.0000,2.0000,0.0000,0.2593
a11c3bca-9343-4869-8c77-38e616536f5e,03e8c72b-9c28-43b3-a50c-ba09195e3e3c,0.0000,13.6582,1.0000,0.0000,0.0000,0.6667,0.0909
a11c3bca-9343-4869-8c77-38e616536f5e,cf9b7960-9d27-4554-a98d-f1fa9bb1a5ca,2.0000,10.3041,0.5000,2.0000,2.0000,0.6667,0.3750
a11c3bca-9343-4869-8c77-38e616536f5e,bf0dfd9e-5489-4b04-ae78-ba2facc60792,0.0000,11.9887,1.0000,0.0000,0.0000,0.6667,0.0909
a11c3bca-9343-4869-8c77-38e616536f5e,4f2e86c2-4b73-47fc-bf83-31eb686d4ad0,0.0000,14.5557,1.0000,0.0000,0.0000,0.6667,0.0476
a11c3bca-9343-4869-8c77-38e616536f5e,ddd56f00-e94c-4f73-bc24-d6538d02d76f,2.0000,7.9703,0.5000,2.0000,2.0000,0.6667,0.3333
a11c3bca-9343-4869-8c77-38e616536f5e,67351bd4-8ebd-4ac5-b552-24308cef799f,2.0000,13.8963,0.5000,2.0000,2.0000,0.0000,0.2857
a11c3bca-9343-4869-8c77-38e616536f5e,7d591389-70df-411c-93e7-2948d4c04738,0.0000,11.8387,1.0000,0.0000,0.0000,0.0000,0.0000
a11c3bca-9343-4869-8c77-38e616536f5e,91fd5a9f-0848-4551-a1a2-9689a4125830,0.0000,7.4875,1.0000,0.0000,0.0000,0.0000,0.2857
a11c3bca-9343-4869-8c77-38e616536f5e,ae6b3203-494b-4066-b0ba-b923b393bced,0.0000,12.2051,1.0000,0.0000,0.0000,0.6667,0.0909
a11c3bca-9343-4869-8c77-38e616536f5e,4b0f1708-0377-46ec-b3a4-cc53fe72fcc8,0.0000,16.0402,1.0000,0.0000,0.0000,0.6667,0.0909
a11c3bca-9343-4869-8c77-38e616536f5e,17101d7a-983e-469a-82f0-3dbd27b59660,2.0000,9.0475,0.5000,2.0000,2.0000,0.0000,0.3103
a11c3bca-9343-4869-8c77-38e616536f5e,6c2f7b68-d439-46b0-b6c2-111ae90e59be,2.0000,9.4595,0.5000,2.0000,2.0000,0.6667,0.2857
a11c3bca-9343-4869-8c77-38e616536f5e,b07b0e33-0c1e-489d-8b69-aa1b4ae8d2ad,0.0000,14.8805,1.0000,0.0000,0.0000,0.6667,0.1500
a11c3bca-9343-4869-8c77-38e616536f5e,cb93662e-0aed-4f56-9500-1e7f2e128287,2.0000,9.2696,0.5000,2.0000,2.0000,0.6667,0.2593
a11c3bca-9343-4869-8c77-38e616536f5e,5c581ce7-7a4b-4fd5-86a2-16c83a3a7b68,0.0000,9.3853,1.0000,0.0000,0.0000,0.6667,0.0476
a11c3bca-9343-4869-8c77-38e616536f5e,f2deb05a-d512-48f4-b641-59e526831230,0.0000,14.7272,1.0000,0.0000,0.0000,0.6667,0.0500
a11c3bca-9343-4869-8c77-38e616536f5e,2908d1db-866e-4631-a655-8ac0a0da0e28,2.0000,10.5332,0.5000,2.0000,2.0000,0.6667,0.3333
a11c3bca-9343-4869-8c77-38e616536f5e,4481c909-2f78-4205-8334-e27d27305642,2.0000,8.7694,0.5000,2.0000,2.0000,0.6667,0.2308
a11c3bca-9343-4869-8c77-38e616536f5e,d450f16e-59ec-490a-8ce7-7968e10dd065,2.0000,9.3140,0.5000,2.0000,2.0000,0.6667,0.2857
a11c3bca-9343-4869-8c77-38e616536f5e,51625cea-8af7-4dca-9b2d-17750e3831ea,0.0000,3.2923,1.0000,0.0000,0.0000,0.0000,0.0909
a11c3bca-9343-4869-8c77-38e616536f5e,bb080865-5184-4114-942e-0a1b314c8016,0.0000,8.9596,1.0000,0.0000,0.0000,0.0000,0.1304
a11c3bca-9343-4869-8c77-38e616536f5e,8b354a1d-b301-4cd1-b271-878ba45ed85f,0.0000,3.2647,1.0000,0.0000,0.0000,0.0000,0.0476
110b5c81-0d3f-40bb-bc0d-cd4c327ce925,80481175-af46-455a-8bef-0c682e4c0cb6,0.0000,9.5062,1.0000,0.0000,0.0000,0.6667,0.0000
110b5c81-0d3f-40bb-bc0d-cd4c327ce925,422a1c98-ae36-47b0-8890-a8295b6cd85c,0.0000,11.6791,1.0000,0.0000,0.0000,0.0000,0.0741
110b5c81-0d3f-40bb-bc0d-cd4c327ce925,51d9466b-1ba9-4646-8257-1d21cb2ed954,0.0000,7.7039,1.0000,0.0000,0.0000,0.6667,0.0000
110b5c81-0d3f-40bb-bc0d-cd4c327ce925,03e8c72b-9c28-43b3-a50c-ba09195e3e3c,2.0000,7.2836,0.5000,2.0000,2.0000,0.0000,0.1852
110b5c81-0d3f-40bb-bc0d-cd4c327ce925,cf9b7960-9d27-4554-a98d-f1fa9bb1a5ca,0.0000,7.2253,1.0000,0.0000,0.0000,0.0000,0.1563
110b5c81-0d3f-40bb-bc0d-cd4c327ce925,bf0dfd9e-5489-4b04-ae78-ba2facc60792,2.0000,8.2557,0.5000,2.0000,2.0000,0.0000,0.1852
110b5c81-0d3f-40bb-bc0d-cd4c327ce925,4f2e86c2-4b73-47fc-bf83-31eb686d4ad0,2.0000,8.3051,0.5000,2.0000,2.0000,0.0000,0.2222
110b5c81-0d3f-40bb-bc0d-cd4c327ce925,ddd56f00-e94c-4f73-bc24-d6538d02d76f,0.0000,8.9669,1.0000,0.0000,0.0000,0.0000,0.1000
110b5c81-0d3f-40bb-bc0d-cd4c327ce925,67351bd4-8ebd-4ac5-b552-24308cef799f,0.0000,3.0137,1.0000,0.0000,0.0000,0.6667,0.0357
110b5c81-0d3f-40bb-bc0d-cd4c327ce925,7d591389-70df-411c-93e7-2948d4c04738,2.0000,8.3179,0.5000,2.0000,2.0000,0.6667,0.2593
110b5c81-0d3f-40bb-bc0d-cd4c327ce925,91fd5a9f-0848-4551-a1a2-9689a4125830,2.0000,9.4972,0.5000,2.0000,2.0000,0.6667,0.0357
110b5c81-0d3f-40bb-bc0d-cd4c327ce925,ae6b3203-494b-4066-b0ba-b923b393bced,2.0000,8.5071,0.5000,2.0000,2.0000,0.0000,0.1852
110b5c81-0d3f-40bb-bc0d-cd4c327ce925,4b0f1708-0377-46ec-b3a4-cc53fe72fcc8,2.0000,7.6885,0.5000,2.0000,2.0000,0.6667,0.1852
110b5c81-0d3f-40bb-bc0d-cd4c327ce925,17101d7a-983e-469a-82f0-3dbd27b59660,0.0000,9.0508,1.0000,0.0000,0.0000,0.6667,0.0690
110b5c81-0d3f-40bb-bc0d-cd4c327ce925,6c2f7b68-d439-46b0-b6c2-111ae90e59be,0.0000,6.2365,1.0000,0.0000,0.0000,0.0000,0.0357
110b5c81-0d3f-40bb-bc0d-cd4c327ce925,b07b0e33-0c1e-489d-8b69-aa1b4ae8d2ad,2.0000,6.2904,0.5000,2.0000,2.0000,0.6667,0.3704
110b5c81-0d3f-40bb-bc0d-cd4c327ce925,cb93662e-0aed-4f56-9500-1e7f2e128287,0.0000,5.3307,1.0000,0.0000,0.0000,0.0000,0.0000
110b5c81-0d3f-40bb-bc0d-cd4c327ce925,5c581ce7-7a4b-4fd5-86a2-16c83a3a7b68,2.0000,9.9376,0.5000,2.0000,2.0000,0.0000,0.2222
110b5c81-0d3f-40bb-bc0d-cd4c327ce925,f2deb05a-d512-48f4-b641-59e526831230,2.0000,9.3166,0.5000,2.0000,2.0000,0.0000,0.2963
110b5c81-0d3f-40bb-bc0d-cd4c327ce925,2908d1db-866e-4631-a655-8ac0a0da0e28,0.0000,6.6719,1.0000,0.0000,0.0000,0.6667,0.1000
110b5c81-0d3f-40bb-bc0d-cd4c327ce925,4481c909-2f78-4205-8334-e27d27305642,0.0000,10.7627,1.0000,0.0000,0.0000,0.6667,0.0370
110b5c81-0d3f-40bb-bc0d-cd4c327ce925,d450f16e-59ec-490a-8ce7-7968e10dd065,0.0000,11.6268,1.0000,0.0000,0.0000,0.0000,0.0357
110b5c81-0d3f-40bb-bc0d-cd4c327ce925,51625cea-8af7-4dca-9b2d-17750e3831ea,2.0000,11.1773,0.5000,2.0000,2.0000,0.6667,0.1852
110b5c81-0d3f-40bb-bc0d-cd4c327ce925,bb080865-5184-4114-942e-0a1b314c8016,2.0000,10.4576,0.5000,2.0000,2.0000,0.6667,0.1481
110b5c81-0d3f-40bb-bc0d-cd4c327ce925,8b354a1d-b301-4cd1-b271-878ba45ed85f,2.0000,10.9510,0.5000,2.0000,2.0000,0.6667,0.2222
80481175-af46-455a-8bef-0c682e4c0cb6,422a1c98-ae36-47b0-8890-a8295b6cd85c,0.0000,6.1043,1.0000,0.0000,0.0000,0.6667,0.0741
80481175-af46-455a-8bef-0c682e4c0cb6,51d9466b-1ba9-4646-8257-1d21cb2ed954,0.0000,10.7521,1.0000,0.0000,0.0000,0.0000,0.0000
80481175-af46-455a-8bef-0c682e4c0cb6,03e8c72b-9c28-43b3-a50c-ba09195e3e3c,2.0000,10.8135,0.5000,2.0000,2.0000,0.6667,0.1852
80481175-af46-455a-8bef-0c682e4c0cb6,cf9b7960-9d27-4554-a98d-f1fa9bb1a5ca,0.0000,3.5720,1.0000,0.0000,0.0000,0.6667,0.1563
80481175-af46-455a-8bef-0c682e4c0cb6,bf0dfd9e-5489-4b04-ae78-ba2facc60792,2.0000,12.0492,0.5000,2.0000,2.0000,0.6667,0.1852
80481175-af46-455a-8bef-0c682e4c0cb6,4f2e86c2-4b73-47fc-bf83-31eb686d4ad0,2.0000,11.2623,0.5000,2.0000,2.0000,0.6667,0.2222
80481175-af46-455a-8bef-0c682e4c0cb6,ddd56f00-e94c-4f73-bc24-d6538d02d76f,0.0000,5.5980,1.0000,0.0000,0.0000,0.6667,0.1000
80481175-af46-455a-8bef-0c682e4c0cb6,67351bd4-8ebd-4ac5-b552-24308cef799f,0.0000,8.2382,1.0000,0.0000,0.0000,0.0000,0.0357
80481175-af46-455a-8bef-0c682e4c0cb6,7d591389-70df-411c-93e7-2948d4c04738,2.0000,5.5863,0.5000,2.0000,2.0000,0.0000,0.2593
80481175-af46-455a-8bef-0c682e4c0cb6,91fd5a9f-0848-4551-a1a2-9689a4125830,2.0000,6.0224,0.5000,2.0000,2.0000,0.0000,0.0357
80481175-af46-455a-8bef-0c682e4c0cb6,ae6b3203-494b-4066-b0ba-b923b393bced,2.0000,15.3892,0.5000,2.0000,2.0000,0.6667,0.1852
80481175-af46-455a-8bef-0c682e4c0cb6,4b0f1708-0377-46ec-b3a4-cc53fe72fcc8,2.0000,9.5674,0.5000,2.0000,2.0000,0.6667,0.1852
80481175-af46-455a-8bef-0c682e4c0cb6,17101d7a-983e-469a-82f0-3dbd27b59660,0.0000,3.8607,1.0000,0.0000,0.0000,0.0000,0.0690
80481175-af46-455a-8bef-0c682e4c0cb6,6c2f7b68-d439-46b0-b6c2-111ae90e59be,0.0000,12.5034,1.0000,0.0000,0.0000,0.6667,0.0357
80481175-af46-455a-8bef-0c682e4c0cb6,b07b0e33-0c1e-489d-8b69-aa1b4ae8d2ad,2.0000,10.7416,0.5000,2.0000,2.0000,0.6667,0.3704
80481175-af46-455a-8bef-0c682e4c0cb6,cb93662e-0aed-4f56-9500-1e7f2e128287,0.0000,9.3125,1.0000,0.0000,0.0000,0.6667,0.0000
80481175-af46-455a-8bef-0c682e4c0cb6,5c581ce7-7a4b-4fd5-86a2-16c83a3a7b68,2.0000,11.9597,0.5000,2.0000,2.0000,0.6667,0.2222
80481175-af46-455a-8bef-0c682e4c0cb6,f2deb05a-d512-48f4-b641-59e526831230,2.0000,13.2711,0.5000,2.0000,2.0000,0.6667,0.2963
80481175-af46-455a-8bef-0c682e4c0cb6,2908d1db-866e-4631-a655-8ac0a0da0e28,0.0000,11.4519,1.0000,0.0000,0.0000,0.6667,0.1000
80481175-af46-455a-8bef-0c682e4c0cb6,4481c909-2f78-4205-8334-e27d27305642,0.0000,7.6838,1.0000,0.0000,0.0000,0.6667,0.0370
80481175-af46-455a-8bef-0c682e4c0cb6,d450f16e-59ec-490a-8ce7-7968e10dd065,0.0000,6.0169,1.0000,0.0000,0.0000,0.6667,0.0357
80481175-af46-455a-8bef-0c682e4c0cb6,51625cea-8af7-4dca-9b2d-17750e3831ea,2.0000,10.4729,0.5000,2.0000,2.0000,0.0000,0.1852
80481175-af46-455a-8bef-0c682e4c0cb6,bb080865-5184-4114-942e-0a1b314c8016,2.0000,12.8105,0.5000,2.0000,2.0000,0.0000,0.1481
80481175-af46-455a-8bef-0c682e4c0cb6,8b354a1d-b301-4cd1-b271-878ba45ed85f,2.0000,10.2242,0.5000,2.0000,2.0000,0.0000,0.2222
422a1c98-ae36-47b0-8890-a8295b6cd85c,51d9466b-1ba9-4646-8257-1d21cb2ed954,0.0000,10.9829,1.0000,0.0000,0.0000,0.6667,0.0741
422a1c98-ae36-47b0-8890-a8295b6cd85c,03e8c72b-9c28-43b3-a50c-ba09195e3e3c,2.0000,9.5514,0.5000,2.0000,2.0000,0.0000,0.1200
422a1c98-ae36-47b0-8890-a8295b6cd85c,cf9b7960-9d27-4554-a98d-f1fa9bb1a5ca,0.0000,5.1514,1.0000,0.0000,0.0000,0.0000,0.2188
422a1c98-ae36-47b0-8890-a8295b6cd85c,bf0dfd9e-5489-4b04-ae78-ba2facc60792,2.0000,10.9326,0.5000,2.0000,2.0000,0.0000,0.1200
422a1c98-ae36-47b0-8890-a8295b6cd85c,4f2e86c2-4b73-47fc-bf83-31eb686d4ad0,2.0000,8.1930,0.5000,2.0000,2.0000,0.0000,0.1600
422a1c98-ae36-47b0-8890-a8295b6cd85c,ddd56f00-e94c-4f73-bc24-d6538d02d76f,0.0000,9.3327,1.0000,0.0000,0.0000,0.0000,0.1667
422a1c98-ae36-47b0-8890-a8295b6cd85c,67351bd4-8ebd-4ac5-b552-24308cef799f,0.0000,10.7082,1.0000,0.0000,0.0000,0.6667,0.1071
422a1c98-ae36-47b0-8890-a8295b6cd85c,7d591389-70df-411c-93e7-2948d4c04738,2.0000,9.8540,0.5000,2.0000,2.0000,0.6667,0.2000
422a1c98-ae36-47b0-8890-a8295b6cd85c,91fd5a9f-0848-4551-a1a2-9689a4125830,2.0000,9.7067,0.5000,2.0000,2.0000,0.6667,0.1071
422a1c98-ae36-47b0-8890-a8295b6cd85c,ae6b3203-494b-4066-b0ba-b923b393bced,2.0000,10.8755,0.5000,2.0000,2.0000,0.0000,0.1200
422a1c98-ae36-47b0-8890-a8295b6cd85c,4b0f1708-0377-46ec-b3a4-cc53fe72fcc8,2.0000,12.3120,0.5000,2.0000,2.0000,0.6667,0.1200
422a1c98-ae36-47b0-8890-a8295b6cd85c,17101d7a-983e-469a-82f0-3dbd27b59660,0.0000,8.5600,1.0000,0.0000,0.0000,0.6667,0.1379
422a1c98-ae36-47b0-8890-a8295b6cd85c,6c2f7b68-d439-46b0-b6c2-111ae90e59be,0.0000,8.5475,1.0000,0.0000,0.0000,0.0000,0.1071
422a1c98-ae36-47b0-8890-a8295b6cd85c,b07b0e33-0c1e-489d-8b69-aa1b4ae8d2ad,2.0000,13.3289,0.5000,2.0000,2.0000,0.6667,0.3200
422a1c98-ae36-47b0-8890-a8295b6cd85c,cb93662e-0aed-4f56-9500-1e7f2e128287,0.0000,12.6098,1.0000,0.0000,0.0000,0.0000,0.0741
422a1c98-ae36-47b0-8890-a8295b6cd85c,5c581ce7-7a4b-4fd5-86a2-16c83a3a7b68,2.0000,10.2951,0.5000,2.0000,2.0000,0.0000,0.1600
422a1c98-ae36-47b0-8890-a8295b6cd85c,f2deb05a-d512-48f4-b641-59e526831230,2.0000,9.0090,0.5000,2.0000,2.0000,0.0000,0.2400
422a1c98-ae36-47b0-8890-a8295b6cd85c,2908d1db-866e-4631-a655-8ac0a0da0e28,0.0000,9.1270,1.0000,0.0000,0.0000,0.6667,0.1667
422a1c98-ae36-47b0-8890-a8295b6cd85c,4481c909-2f78-4205-8334-e27d27305642,0.0000,7.9454,1.0000,0.0000,0.0000,0.6667,0.0385
422a1c98-ae36-47b0-8890-a8295b6cd85c,d450f16e-59ec-490a-8ce7-7968e10dd065,0.0000,4.9143,1.0000,0.0000,0.0000,0.0000,0.1071
422a1c98-ae36-47b0-8890-a8295b6cd85c,51625cea-8af7-4dca-9b2d-17750e3831ea,2.0000,10.3221,0.5000,2.0000,2.0000,0.6667,0.1200
422a1c98-ae36-47b0-8890-a8295b6cd85c,bb080865-5184-4114-942e-0a1b314c8016,2.0000,13.0681,0.5000,2.0000,2.0000,0.6667,0.0800
422a1c98-ae36-47b0-8890-a8295b6cd85c,8b354a1d-b301-4cd1-b271-878ba45ed85f,2.0000,10.4525,0.5000,2.0000,2.0000,0.6667,0.1600
51d9466b-1ba9-4646-8257-1d21cb2ed954,03e8c72b-9c28-43b3-a50c-ba09195e3e3c,2.0000,8.4780,0.5000,2.0000,2.0000,0.6667,0.1852
51d9466b-1ba9-4646-8257-1d21cb2ed954,cf9b7960-9d27-4554-a98d-f1fa9bb1a5ca,0.0000,11.0104,1.0000,0.0000,0.0000,0.6667,0.1563
51d9466b-1ba9-4646-8257-1d21cb2ed954,bf0dfd9e-5489-4b04-ae78-ba2facc60792,2.0000,9.7958,0.5000,2.0000,2.0000,0.6667,0.1852
51d9466b-1ba9-4646-8257-1d21cb2ed954,4f2e86c2-4b73-47fc-bf83-31eb686d4ad0,2.0000,12.2291,0.5000,2.0000,2.0000,0.6667,0.2222
51d9466b-1ba9-4646-8257-1d21cb2ed954,ddd56f00-e94c-4f73-bc24-d6538d02d76f,0.0000,5.9286,1.0000,0.0000,0.0000,0.6667,0.1000
51d9466b-1ba9-4646-8257-1d21cb2ed954,67351bd4-8ebd-4ac5-b552-24308cef799f,0.0000,9.2537,1.0000,0.0000,0.0000,0.0000,0.0357
51d9466b-1ba9-4646-8257-1d21cb2ed954,7d591389-70df-411c-93e7-2948d4c04738,2.0000,11.4708,0.5000,2.0000,2.0000,0.0000,0.2593
51d9466b-1ba9-4646-8257-1d21cb2ed954,91fd5a9f-0848-4551-a1a2-9689a4125830,2.0000,7.6876,0.5000,2.0000,2.0000,0.0000,0.0357
51d9466b-1ba9-4646-8257-1d21cb2ed954,ae6b3203-494b-4066-b0ba-b923b393bced,2.0000,9.3553,0.5000,2.0000,2.0000,0.6667,0.1852
51d9466b-1ba9-4646-8257-1d21cb2ed954,4b0f1708-0377-46ec-b3a4-cc53fe72fcc8,2.0000,13.7618,0.5000,2.0000,2.0000,0.6667,0.1852
51d9466b-1ba9-4646-8257-1d21cb2ed954,17101d7a-983e-469a-82f0-3dbd27b59660,0.0000,9.4212,1.0000,0.0000,0.0000,0.0000,0.0690
51d9466b-1ba9-4646-8257-1d21cb2ed954,6c2f7b68-d439-46b0-b6c2-111ae90e59be,0.0000,6.0910,1.0000,0.0000,0.0000,0.6667,0.0357
51d9466b-1ba9-4646-8257-1d21cb2ed954,b07b0e33-0c1e-489d-8b69-aa1b4ae8d2ad,2.0000,13.0183,0.5000,2.0000,2.0000,0.6667,0.3704
51d9466b-1ba9-4646-8257-1d21cb2ed954,cb93662e-0aed-4f56-9500-1e7f2e128287,0.0000,4.9211,1.0000,0.0000,0.0000,0.6667,0.0000
51d9466b-1ba9-4646-8257-1d21cb2ed954,5c581ce7-7a4b-4fd5-86a2-16c83a3a7b68,2.0000,5.9021,0.5000,2.0000,2.0000,0.6667,0.2222
51d9466b-1ba9-4646-8257-1d21cb2ed954,f2deb05a-d512-48f4-b641-59e526831230,2.0000,10.7722,0.5000,2.0000,2.0000,0.6667,0.2963
51d9466b-1ba9-4646-8257-1d21cb2ed954,2908d1db-866e-4631-a655-8ac0a0da0e28,0.0000,7.1135,1.0000,0.0000,0.0000,0.6667,0.1000
51d9466b-1ba9-4646-8257-1d21cb2ed954,4481c909-2f78-4205-8334-e27d27305642,0.0000,3.6005,1.0000,0.0000,0.0000,0.6667,0.0370
51d9466b-1ba9-4646-8257-1d21cb2ed954,d450f16e-59ec-490a-8ce7-7968e10dd065,0.0000,9.4761,1.0000,0.0000,0.0000,0.6667,0.0357
51d9466b-1ba9-4646-8257-1d21cb2ed954,51625cea-8af7-4dca-9b2d-17750e3831ea,2.0000,6.7241,0.5000,2.0000,2.0000,0.0000,0.1852
51d9466b-1ba9-4646-8257-1d21cb2ed954,bb080865-5184-4114-942e-0a1b314c8016,2.0000,3.7758,0.5000,2.0000,2.0000,0.0000,0.1481
51d9466b-1ba9-4646-8257-1d21cb2ed954,8b354a1d-b301-4cd1-b271-878ba45ed85f,2.0000,6.5528,0.5000,2.0000,2.0000,0.0000,0.2222
03e8c72b-9c28-43b3-a50c-ba09195e3e3c,cf9b7960-9d27-4554-a98d-f1fa9bb1a5ca,2.0000,8.5511,0.5000,2.0000,2.0000,0.0000,0.3125
03e8c72b-9c28-43b3-a50c-ba09195e3e3c,bf0dfd9e-5489-4b04-ae78-ba2facc60792,0.0000,4.1837,1.0000,0.0000,0.0000,0.0000,0.0000
03e8c72b-9c28-43b3-a50c-ba09195e3e3c,4f2e86c2-4b73-47fc-bf83-31eb686d4ad0,0.0000,4.4071,1.0000,0.0000,0.0000,0.0000,0.0455
03e8c72b-9c28-43b3-a50c-ba09195e3e3c,ddd56f00-e94c-4f73-bc24-d6538d02d76f,2.0000,7.7920,0.5000,2.0000,2.0000,0.0000,0.2667
03e8c72b-9c28-43b3-a50c-ba09195e3e3c,67351bd4-8ebd-4ac5-b552-24308cef799f,2.0000,6.1705,0.5000,2.0000,2.0000,0.6667,0.2143
03e8c72b-9c28-43b3-a50c-ba09195e3e3c,7d591389-70df-411c-93e7-2948d4c04738,0.0000,9.7314,1.0000,0.0000,0.0000,0.6667,0.0909
03e8c72b-9c28-43b3-a50c-ba09195e3e3c,91fd5a9f-0848-4551-a1a2-9689a4125830,0.0000,10.9639,1.0000,0.0000,0.0000,0.6667,0.2143
03e8c72b-9c28-43b3-a50c-ba09195e3e3c,ae6b3203-494b-4066-b0ba-b923b393bced,0.0000,8.6918,1.0000,0.0000,0.0000,0.0000,0.0000
03e8c72b-9c28-43b3-a50c-ba09195e3e3c,4b0f1708-0377-46ec-b3a4-cc53fe72fcc8,0.0000,7.9398,1.0000,0.0000,0.0000,0.6667,0.0000
03e8c72b-9c28-43b3-a50c-ba09195e3e3c,17101d7a-983e-469a-82f0-3dbd27b59660,2.0000,10.2570,0.5000,2.0000,2.0000,0.6667,0.2414
03e8c72b-9c28-43b3-a50c-ba09195e3e3c,6c2f7b68-d439-46b0-b6c2-111ae90e59be,2.0000,7.2673,0.5000,2.0000,2.0000,0.0000,0.2143
03e8c72b-9c28-43b3-a50c-ba09195e3e3c,b07b0e33-0c1e-489d-8b69-aa1b4ae8d2ad,0.0000,9.6265,1.0000,0.0000,0.0000,0.6667,0.2273
03e8c72b-9c28-43b3-a50c-ba09195e3e3c,cb93662e-0aed-4f56-9500-1e7f2e128287,2.0000,7.5144,0.5000,2.0000,2.0000,0.0000,0.1852
03e8c72b-9c28-43b3-a50c-ba09195e3e3c,5c581ce7-7a4b-4fd5-86a2-16c83a3a7b68,0.0000,9.4681,1.0000,0.0000,0.0000,0.0000,0.0455
03e8c72b-9c28-43b3-a50c-ba09195e3e3c,f2deb05a-d512-48f4-b641-59e526831230,0.0000,7.8745,1.0000,0.0000,0.0000,0.0000,0.1364
03e8c72b-9c28-43b3-a50c-ba09195e3e3c,2908d1db-866e-4631-a655-8ac0a0da0e28,2.0000,5.6538,0.5000,2.0000,2.0000,0.6667,0.2667
03e8c72b-9c28-43b3-a50c-ba09195e3e3c,4481c909-2f78-4205-8334-e27d27305642,2.0000,8.3417,0.5000,2.0000,2.0000,0.6667,0.1538
03e8c72b-9c28-43b3-a50c-ba09195e3e3c,d450f16e-59ec-490a-8ce7-7968e10dd065,2.0000,10.1662,0.5000,2.0000,2.0000,0.0000,0.2143
03e8c72b-9c28-43b3-a50c-ba09195e3e3c,51625cea-8af7-4dca-9b2d-17750e3831ea,0.0000,13.3348,1.0000,0.0000,0.0000,0.6667,0.0000
03e8c72b-9c28-43b3-a50c-ba09195e3e3c,bb080865-5184-4114-942e-0a1b314c8016,0.0000,11.9189,1.0000,0.0000,0.0000,0.6667,0.0435
03e8c72b-9c28-43b3-a50c-ba09195e3e3c,8b354a1d-b301-4cd1-b271-878ba45ed85f,0.0000,13.1647,1.0000,0.0000,0.0000,0.6667,0.0455
cf9b7960-9d27-4554-a98d-f1fa9bb1a5ca,bf0dfd9e-5489-4b04-ae78-ba2facc60792,2.0000,10.5034,0.5000,2.0000,2.0000,0.0000,0.3125
cf9b7960-9d27-4554-a98d-f1fa9bb1a5ca,4f2e86c2-4b73-47fc-bf83-31eb686d4ad0,2.0000,8.9530,0.5000,2.0000,2.0000,0.0000,0.3438
cf9b7960-9d27-4554-a98d-f1fa9bb1a5ca,ddd56f00-e94c-4f73-bc24-d6538d02d76f,0.0000,7.2048,1.0000,0.0000,0.0000,0.0000,0.0625
cf9b7960-9d27-4554-a98d-f1fa9bb1a5ca,67351bd4-8ebd-4ac5-b552-24308cef799f,0.0000,5.8303,1.0000,0.0000,0.0000,0.6667,0.1250
cf9b7960-9d27-4554-a98d-f1fa9bb1a5ca,7d591389-70df-411c-93e7-2948d4c04738,2.0000,5.2825,0.5000,2.0000,2.0000,0.6667,0.3750
cf9b7960-9d27-4554-a98d-f1fa9bb1a5ca,91fd5a9f-0848-4551-a1a2-9689a4125830,2.0000,6.9622,0.5000,2.0000,2.0000,0.6667,0.1250
cf9b7960-9d27-4554-a98d-f1fa9bb1a5ca,ae6b3203-494b-4066-b0ba-b923b393bced,2.0000,13.8407,0.5000,2.0000,2.0000,0.0000,0.3125
cf9b7960-9d27-4554-a98d-f1fa9bb1a5ca,4b0f1708-0377-46ec-b3a4-cc53fe72fcc8,2.0000,7.6103,0.5000,2.0000,2.0000,0.6667,0.3125
cf9b7960-9d27-4554-a98d-f1fa9bb1a5ca,17101d7a-983e-469a-82f0-3dbd27b59660,0.0000,5.0606,1.0000,0.0000,0.0000,0.6667,0.0938
cf9b7960-9d27-4554-a98d-f1fa9bb1a5ca,6c2f7b68-d439-46b0-b6c2-111ae90e59be,0.0000,11.3529,1.0000,0.0000,0.0000,0.0000,0.1250
cf9b7960-9d27-4554-a98d-f1fa9bb1a5ca,b07b0e33-0c1e-489d-8b69-aa1b4ae8d2ad,2.0000,9.0283,0.5000,2.0000,2.0000,0.6667,0.4688
cf9b7960-9d27-4554-a98d-f1fa9bb1a5ca,cb93662e-0aed-4f56-9500-1e7f2e128287,0.0000,11.2058,1.0000,0.0000,0.0000,0.0000,0.1563
cf9b7960-9d27-4554-a98d-f1fa9bb1a5ca,5c581ce7-7a4b-4fd5-86a2-16c83a3a7b68,2.0000,11.9129,0.5000,2.0000,2.0000,0.0000,0.3438
cf9b7960-9d27-4554-a98d-f1fa9bb1a5ca,f2deb05a-d512-48f4-b641-59e526831230,2.0000,11.6847,0.5000,2.0000,2.0000,0.0000,0.4063
cf9b7960-9d27-4554-a98d-f1fa9bb1a5ca,2908d1db-866e-4631-a655-8ac0a0da0e28,0.0000,10.5713,1.0000,0.0000,0.0000,0.6667,0.0625
cf9b7960-9d27-4554-a98d-f1fa9bb1a5ca,4481c909-2f78-4205-8334-e27d27305642,0.0000,9.0534,1.0000,0.0000,0.0000,0.6667,0.1875
cf9b7960-9d27-4554-a98d-f1fa9bb1a5ca,d450f16e-59ec-490a-8ce7-7968e10dd065,0.0000,7.5278,1.0000,0.0000,0.0000,0.0000,0.1250
cf9b7960-9d27-4554-a98d-f1fa9bb1a5ca,51625cea-8af7-4dca-9b2d-17750e3831ea,2.0000,11.3969,0.5000,2.0000,2.0000,0.6667,0.3125
cf9b7960-9d27-4554-a98d-f1fa9bb1a5ca,bb080865-5184-4114-942e-0a1b314c8016,2.0000,13.2713,0.5000,2.0000,2.0000,0.6667,0.2813
cf9b7960-9d27-4554-a98d-f1fa9bb1a5ca,8b354a1d-b301-4cd1-b271-878ba45ed85f,2.0000,11.0516,0.5000,2.0000,2.0000,0.6667,0.3438
bf0dfd9e-5489-4b04-ae78-ba2facc60792,4f2e86c2-4b73-47fc-bf83-31eb686d4ad0,0.0000,7.3943,1.0000,0.0000,0.0000,0.0000,0.0455
bf0dfd9e-5489-4b04-ae78-ba2facc60792,ddd56f00-e94c-4f73-bc24-d6538d02d76f,2.0000,10.0536,0.5000,2.0000,2.0000,0.0000,0.2667
bf0dfd9e-5489-4b04-ae78-ba2facc60792,67351bd4-8ebd-4ac5-b552-24308cef799f,2.0000,9.7184,0.5000,2.0000,2.0000,0.6667,0.2143
bf0dfd9e-5489-4b04-ae78-ba2facc60792,7d591389-70df-411c-93e7-2948d4c04738,0.0000,12.3354,1.0000,0.0000,0.0000,0.6667,0.0909
bf0dfd9e-5489-4b04-ae78-ba2facc60792,91fd5a9f-0848-4551-a1a2-9689a4125830,0.0000,14.5075,1.0000,0.0000,0.0000,0.6667,0.2143
bf0dfd9e-5489-4b04-ae78-ba2facc60792,ae6b3203-494b-4066-b0ba-b923b393bced,0.0000,9.5339,1.0000,0.0000,0.0000,0.0000,0.0000
bf0dfd9e-5489-4b04-ae78-ba2facc60792,4b0f1708-0377-46ec-b3a4-cc53fe72fcc8,0.0000,9.6429,1.0000,0.0000,0.0000,0.6667,0.0000
bf0dfd9e-5489-4b04-ae78-ba2facc60792,17101d7a-983e-469a-82f0-3dbd27b59660,2.0000,13.7020,0.5000,2.0000,2.0000,0.6667,0.2414
bf0dfd9e-5489-4b04-ae78-ba2facc60792,6c2f7b68-d439-46b0-b6c2-111ae90e59be,2.0000,8.2156,0.5000,2.0000,2.0000,0.0000,0.2143
bf0dfd9e-5489-4b04-ae78-ba2facc60792,b07b0e33-0c1e-489d-8b69-aa1b4ae8d2ad,0.0000,8.4130,1.0000,0.0000,0.0000,0.6667,0.2273
bf0dfd9e-5489-4b04-ae78-ba2facc60792,cb93662e-0aed-4f56-9500-1e7f2e128287,2.0000,8.6475,0.5000,2.0000,2.0000,0.0000,0.1852
bf0dfd9e-5489-4b04-ae78-ba2facc60792,5c581ce7-7a4b-4fd5-86a2-16c83a3a7b68,0.0000,8.2395,1.0000,0.0000,0.0000,0.0000,0.0455
bf0dfd9e-5489-4b04-ae78-ba2facc60792,f2deb05a-d512-48f4-b641-59e526831230,0.0000,10.7942,1.0000,0.0000,0.0000,0.0000,0.1364
bf0dfd9e-5489-4b04-ae78-ba2facc60792,2908d1db-866e-4631-a655-8ac0a0da0e28,2.0000,4.9355,0.5000,2.0000,2.0000,0.6667,0.2667
bf0dfd9e-5489-4b04-ae78-ba2facc60792,4481c909-2f78-4205-8334-e27d27305642,2.0000,9.9967,0.5000,2.0000,2.0000,0.6667,0.1538
bf0dfd9e-5489-4b04-ae78-ba2facc60792,d450f16e-59ec-490a-8ce7-7968e10dd065,2.0000,11.2365,0.5000,2.0000,2.0000,0.0000,0.2143
bf0dfd9e-5489-4b04-ae78-ba2facc60792,51625cea-8af7-4dca-9b2d-17750e3831ea,0.0000,14.1044,1.0000,0.0000,0.0000,0.6667,0.0000
bf0dfd9e-5489-4b04-ae78-ba2facc60792,bb080865-5184-4114-942e-0a1b314c8016,0.0000,12.9457,1.0000,0.0000,0.0000,0.6667,0.0435
bf0dfd9e-5489-4b04-ae78-ba2facc60792,8b354a1d-b301-4cd1-b271-878ba45ed85f,0.0000,13.9154,1.0000,0.0000,0.0000,0.6667,0.0455
4f2e86c2-4b73-47fc-bf83-31eb686d4ad0,ddd56f00-e94c-4f73-bc24-d6538d02d76f,2.0000,11.5811,0.5000,2.0000,2.0000,0.0000,0.3000
4f2e86c2-4b73-47fc-bf83-31eb686d4ad0,67351bd4-8ebd-4ac5-b552-24308cef799f,2.0000,6.7267,0.5000,2.0000,2.0000,0.6667,0.2500
4f2e86c2-4b73-47fc-bf83-31eb686d4ad0,7d591389-70df-411c-93e7-2948d4c04738,0.0000,10.0929,1.0000,0.0000,0.0000,0.6667,0.0476
4f2e86c2-4b73-47fc-bf83-31eb686d4ad0,91fd5a9f-0848-4551-a1a2-9689a4125830,0.0000,11.8368,1.0000,0.0000,0.0000,0.6667,0.2500
4f2e86c2-4b73-47fc-bf83-31eb686d4ad0,ae6b3203-494b-4066-b0ba-b923b393bced,0.0000,7.9511,1.0000,0.0000,0.0000,0.0000,0.0455
4f2e86c2-4b73-47fc-bf83-31eb686d4ad0,4b0f1708-0377-46ec-b3a4-cc53fe72fcc8,0.0000,7.5051,1.0000,0.0000,0.0000,0.6667,0.0455
4f2e86c2-4b73-47fc-bf83-31eb686d4ad0,17101d7a-983e-469a-82f0-3dbd27b59660,2.0000,11.2807,0.5000,2.0000,2.0000,0.6667,0.2759
4f2e86c2-4b73-47fc-bf83-31eb686d4ad0,6c2f7b68-d439-46b0-b6c2-111ae90e59be,2.0000,8.6422,0.5000,2.0000,2.0000,0.0000,0.2500
4f2e86c2-4b73-47fc-bf83-31eb686d4ad0,b07b0e33-0c1e-489d-8b69-aa1b4ae8d2ad,0.0000,9.4760,1.0000,0.0000,0.0000,0.6667,0.1905
4f2e86c2-4b73-47fc-bf83-31eb686d4ad0,cb93662e-0aed-4f56-9500-1e7f2e128287,2.0000,10.6111,0.5000,2.0000,2.0000,0.0000,0.2222
4f2e86c2-4b73-47fc-bf83-31eb686d4ad0,5c581ce7-7a4b-4fd5-86a2-16c83a3a7b68,0.0000,12.1735,1.0000,0.0000,0.0000,0.0000,0.0000
4f2e86c2-4b73-47fc-bf83-31eb686d4ad0,f2deb05a-d512-48f4-b641-59e526831230,0.0000,4.5102,1.0000,0.0000,0.0000,0.0000,0.0952
4f2e86c2-4b73-47fc-bf83-31eb686d4ad0,2908d1db-866e-4631-a655-8ac0a0da0e28,2.0000,8.2307,0.5000,2.0000,2.0000,0.6667,0.3000
4f2e86c2-4b73-47fc-bf83-31eb686d4ad0,4481c909-2f78-4205-8334-e27d27305642,2.0000,12.3787,0.5000,2.0000,2.0000,0.6667,0.1923
4f2e86c2-4b73-47fc-bf83-31eb686d4ad0,d450f16e-59ec-490a-8ce7-7968e10dd065,2.0000,8.1123,0.5000,2.0000,2.0000,0.0000,0.2500
4f2e86c2-4b73-47fc-bf83-31eb686d4ad0,51625cea-8af7-4dca-9b2d-17750e3831ea,0.0000,14.3265,1.0000,0.0000,0.0000,0.6667,0.0455
4f2e86c2-4b73-47fc-bf83-31eb686d4ad0,bb080865-5184-4114-942e-0a1b314c8016,0.0000,15.5451,1.0000,0.0000,0.0000,0.6667,0.0870
4f2e86c2-4b73-47fc-bf83-31eb686d4ad0,8b354a1d-b301-4cd1-b271-878ba45ed85f,0.0000,14.5705,1.0000,0.0000,0.0000,0.6667,0.0000
ddd56f00-e94c-4f73-bc24-d6538d02d76f,67351bd4-8ebd-4ac5-b552-24308cef799f,0.0000,8.1501,1.0000,0.0000,0.0000,0.6667,0.0667
ddd56f00-e94c-4f73-bc24-d6538d02d76f,7d591389-70df-411c-93e7-2948d4c04738,2.0000,6.1213,0.5000,2.0000,2.0000,0.6667,0.3333
ddd56f00-e94c-4f73-bc24-d6538d02d76f,91fd5a9f-0848-4551-a1a2-9689a4125830,2.0000,5.9690,0.5000,2.0000,2.0000,0.6667,0.0667
ddd56f00-e94c-4f73-bc24-d6538d02d76f,ae6b3203-494b-4066-b0ba-b923b393bced,2.0000,13.2786,0.5000,2.0000,2.0000,0.0000,0.2667
ddd56f00-e94c-4f73-bc24-d6538d02d76f,4b0f1708-0377-46ec-b3a4-cc53fe72fcc8,2.0000,10.2589,0.5000,2.0000,2.0000,0.6667,0.2667
ddd56f00-e94c-4f73-bc24-d6538d02d76f,17101d7a-983e-469a-82f0-3dbd27b59660,0.0000,4.0972,1.0000,0.0000,0.0000,0.6667,0.0333
ddd56f00-e94c-4f73-bc24-d6538d02d76f,6c2f7b68-d439-46b0-b6c2-111ae90e59be,0.0000,9.5249,1.0000,0.0000,0.0000,0.0000,0.0667
ddd56f00-e94c-4f73-bc24-d6538d02d76f,b07b0e33-0c1e-489d-8b69-aa1b4ae8d2ad,2.0000,11.6861,0.5000,2.0000,2.0000,0.6667,0.4333
ddd56f00-e94c-4f73-bc24-d6538d02d76f,cb93662e-0aed-4f56-9500-1e7f2e128287,0.0000,5.2318,1.0000,0.0000,0.0000,0.0000,0.1000
ddd56f00-e94c-4f73-bc24-d6538d02d76f,5c581ce7-7a4b-4fd5-86a2-16c83a3a7b68,2.0000,10.5077,0.5000,2.0000,2.0000,0.0000,0.3000
ddd56f00-e94c-4f73-bc24-d6538d02d76f,f2deb05a-d512-48f4-b641-59e526831230,2.0000,12.2537,0.5000,2.0000,2.0000,0.0000,0.3667
ddd56f00-e94c-4f73-bc24-d6538d02d76f,2908d1db-866e-4631-a655-8ac0a0da0e28,0.0000,9.7031,1.0000,0.0000,0.0000,0.6667,0.0000
ddd56f00-e94c-4f73-bc24-d6538d02d76f,4481c909-2f78-4205-8334-e27d27305642,0.0000,7.2471,1.0000,0.0000,0.0000,0.6667,0.1333
ddd56f00-e94c-4f73-bc24-d6538d02d76f,d450f16e-59ec-490a-8ce7-7968e10dd065,0.0000,9.6882,1.0000,0.0000,0.0000,0.0000,0.0667
ddd56f00-e94c-4f73-bc24-d6538d02d76f,51625cea-8af7-4dca-9b2d-17750e3831ea,2.0000,7.2816,0.5000,2.0000,2.0000,0.6667,0.2667
ddd56f00-e94c-4f73-bc24-d6538d02d76f,bb080865-5184-4114-942e-0a1b314c8016,2.0000,8.2765,0.5000,2.0000,2.0000,0.6667,0.2333
ddd56f00-e94c-4f73-bc24-d6538d02d76f,8b354a1d-b301-4cd1-b271-878ba45ed85f,2.0000,6.9971,0.5000,2.0000,2.0000,0.6667,0.3000
67351bd4-8ebd-4ac5-b552-24308cef799f,7d591389-70df-411c-93e7-2948d4c04738,2.0000,6.1326,0.5000,2.0000,2.0000,0.0000,0.2857
67351bd4-8ebd-4ac5-b552-24308cef799f,91fd5a9f-0848-4551-a1a2-9689a4125830,2.0000,7.0512,0.5000,2.0000,2.0000,0.0000,0.0000
67351bd4-8ebd-4ac5-b552-24308cef799f,ae6b3203-494b-4066-b0ba-b923b393bced,2.0000,10.5438,0.5000,2.0000,2.0000,0.6667,0.2143
67351bd4-8ebd-4ac5-b552-24308cef799f,4b0f1708-0377-46ec-b3a4-cc53fe72fcc8,2.0000,6.4230,0.5000,2.0000,2.0000,0.6667,0.2143
67351bd4-8ebd-4ac5-b552-24308cef799f,17101d7a-983e-469a-82f0-3dbd27b59660,0.0000,6.6746,1.0000,0.0000,0.0000,0.0000,0.0345
67351bd4-8ebd-4ac5-b552-24308cef799f,6c2f7b68-d439-46b0-b6c2-111ae90e59be,0.0000,8.5731,1.0000,0.0000,0.0000,0.6667,0.0000
67351bd4-8ebd-4ac5-b552-24308cef799f,b07b0e33-0c1e-489d-8b69-aa1b4ae8d2ad,2.0000,8.1762,0.5000,2.0000,2.0000,0.6667,0.3929
67351bd4-8ebd-4ac5-b552-24308cef799f,cb93662e-0aed-4f56-9500-1e7f2e128287,0.0000,7.3193,1.0000,0.0000,0.0000,0.6667,0.0357
67351bd4-8ebd-4ac5-b552-24308cef799f,5c581ce7-7a4b-4fd5-86a2-16c83a3a7b68,2.0000,10.7497,0.5000,2.0000,2.0000,0.6667,0.2500
67351bd4-8ebd-4ac5-b552-24308cef799f,f2deb05a-d512-48f4-b641-59e526831230,2.0000,8.1289,0.5000,2.0000,2.0000,0.6667,0.3214
67351bd4-8ebd-4ac5-b552-24308cef799f,2908d1db-866e-4631-a655-8ac0a0da0e28,0.0000,7.8804,1.0000,0.0000,0.0000,0.6667,0.0667
67351bd4-8ebd-4ac5-b552-24308cef799f,4481c909-2f78-4205-8334-e27d27305642,0.0000,10.0172,1.0000,0.0000,0.0000,0.6667,0.0714
67351bd4-8ebd-4ac5-b552-24308cef799f,d450f16e-59ec-490a-8ce7-7968e10dd065,0.0000,10.5627,1.0000,0.0000,0.0000,0.6667,0.0000
67351bd4-8ebd-4ac5-b552-24308cef799f,51625cea-8af7-4dca-9b2d-17750e3831ea,2.0000,13.2705,0.5000,2.0000,2.0000,0.0000,0.2143
67351bd4-8ebd-4ac5-b552-24308cef799f,bb080865-5184-4114-942e-0a1b314c8016,2.0000,12.6559,0.5000,2.0000,2.0000,0.0000,0.1786
67351bd4-8ebd-4ac5-b552-24308cef799f,8b354a1d-b301-4cd1-b271-878ba45ed85f,2.0000,13.1164,0.5000,2.0000,2.0000,0.0000,0.2500
7d591389-70df-411c-93e7-2948d4c04738,91fd5a9f-0848-4551-a1a2-9689a4125830,0.0000,6.5711,1.0000,0.0000,0.0000,0.0000,0.2857
7d591389-70df-411c-93e7-2948d4c04738,ae6b3203-494b-4066-b0ba-b923b393bced,0.0000,15.2273,1.0000,0.0000,0.0000,0.6667,0.0909
7d591389-70df-411c-93e7-2948d4c04738,4b0f1708-0377-46ec-b3a4-cc53fe72fcc8,0.0000,5.9154,1.0000,0.0000,0.0000,0.6667,0.0909
7d591389-70df-411c-93e7-2948d4c04738,17101d7a-983e-469a-82f0-3dbd27b59660,2.0000,4.4832,0.5000,2.0000,2.0000,0.0000,0.3103
7d591389-70df-411c-93e7-2948d4c04738,6c2f7b68-d439-46b0-b6c2-111ae90e59be,2.0000,12.4993,0.5000,2.0000,2.0000,0.6667,0.2857
7d591389-70df-411c-93e7-2948d4c04738,b07b0e33-0c1e-489d-8b69-aa1b4ae8d2ad,0.0000,8.1295,1.0000,0.0000,0.0000,0.6667,0.1500
7d591389-70df-411c-93e7-2948d4c04738,cb93662e-0aed-4f56-9500-1e7f2e128287,2.0000,10.0759,0.5000,2.0000,2.0000,0.6667,0.2593
7d591389-70df-411c-93e7-2948d4c04738,5c581ce7-7a4b-4fd5-86a2-16c83a3a7b68,0.0000,14.5022,1.0000,0.0000,0.0000,0.6667,0.0476
7d591389-70df-411c-93e7-2948d4c04738,f2deb05a-d512-48f4-b641-59e526831230,0.0000,12.5945,1.0000,0.0000,0.0000,0.6667,0.0500
7d591389-70df-411c-93e7-2948d4c04738,2908d1db-866e-4631-a655-8ac0a0da0e28,2.0000,12.5861,0.5000,2.0000,2.0000,0.6667,0.3333
7d591389-70df-411c-93e7-2948d4c04738,4481c909-2f78-4205-8334-e27d27305642,2.0000,12.0878,0.5000,2.0000,2.0000,0.6667,0.2308
7d591389-70df-411c-93e7-2948d4c04738,d450f16e-59ec-490a-8ce7-7968e10dd065,2.0000,9.2551,0.5000,2.0000,2.0000,0.6667,0.2857
7d591389-70df-411c-93e7-2948d4c04738,51625cea-8af7-4dca-9b2d-17750e3831ea,0.0000,11.7136,1.0000,0.0000,0.0000,0.0000,0.0909
7d591389-70df-411c-93e7-2948d4c04738,bb080865-5184-4114-942e-0a1b314c8016,0.0000,13.9540,1.0000,0.0000,0.0000,0.0000,0.1304
7d591389-70df-411c-93e7-2948d4c04738,8b354a1d-b301-4cd1-b271-878ba45ed85f,0.0000,11.2358,1.0000,0.0000,0.0000,0.0000,0.0476
91fd5a9f-0848-4551-a1a2-9689a4125830,ae6b3203-494b-4066-b0ba-b923b393bced,0.0000,14.9290,1.0000,0.0000,0.0000,0.6667,0.2143
91fd5a9f-0848-4551-a1a2-9689a4125830,4b0f1708-0377-46ec-b3a4-cc53fe72fcc8,0.0000,10.7072,1.0000,0.0000,0.0000,0.6667,0.2143
91fd5a9f-0848-4551-a1a2-9689a4125830,17101d7a-983e-469a-82f0-3dbd27b59660,2.0000,3.1663,0.5000,2.0000,2.0000,0.0000,0.0345
91fd5a9f-0848-4551-a1a2-9689a4125830,6c2f7b68-d439-46b0-b6c2-111ae90e59be,2.0000,11.9461,0.5000,2.0000,2.0000,0.6667,0.0000
91fd5a9f-0848-4551-a1a2-9689a4125830,b07b0e33-0c1e-489d-8b69-aa1b4ae8d2ad,0.0000,12.7659,1.0000,0.0000,0.0000,0.6667,0.3929
91fd5a9f-0848-4551-a1a2-9689a4125830,cb93662e-0aed-4f56-9500-1e7f2e128287,2.0000,9.6700,0.5000,2.0000,2.0000,0.6667,0.0357
91fd5a9f-0848-4551-a1a2-9689a4125830,5c581ce7-7a4b-4fd5-86a2-16c83a3a7b68,0.0000,11.1592,1.0000,0.0000,0.0000,0.6667,0.2500
91fd5a9f-0848-4551-a1a2-9689a4125830,f2deb05a-d512-48f4-b641-59e526831230,0.0000,12.3640,1.0000,0.0000,0.0000,0.6667,0.3214
91fd5a9f-0848-4551-a1a2-9689a4125830,2908d1db-866e-4631-a655-8ac0a0da0e28,2.0000,12.0940,0.5000,2.0000,2.0000,0.6667,0.0667
91fd5a9f-0848-4551-a1a2-9689a4125830,4481c909-2f78-4205-8334-e27d27305642,2.0000,7.6402,0.5000,2.0000,2.0000,0.6667,0.0714
91fd5a9f-0848-4551-a1a2-9689a4125830,d450f16e-59ec-490a-8ce7-7968e10dd065,2.0000,8.9714,0.5000,2.0000,2.0000,0.6667,0.0000
91fd5a9f-0848-4551-a1a2-9689a4125830,51625cea-8af7-4dca-9b2d-17750e3831ea,0.0000,6.9253,1.0000,0.0000,0.0000,0.0000,0.2143
91fd5a9f-0848-4551-a1a2-9689a4125830,bb080865-5184-4114-942e-0a1b314c8016,0.0000,8.5136,1.0000,0.0000,0.0000,0.0000,0.1786
91fd5a9f-0848-4551-a1a2-9689a4125830,8b354a1d-b301-4cd1-b271-878ba45ed85f,0.0000,6.6428,1.0000,0.0000,0.0000,0.0000,0.2500
ae6b3203-494b-4066-b0ba-b923b393bced,4b0f1708-0377-46ec-b3a4-cc53fe72fcc8,0.0000,13.9280,1.0000,0.0000,0.0000,0.6667,0.0000
ae6b3203-494b-4066-b0ba-b923b393bced,17101d7a-983e-469a-82f0-3dbd27b59660,2.0000,15.3787,0.5000,2.0000,2.0000,0.6667,0.2414
ae6b3203-494b-4066-b0ba-b923b393bced,6c2f7b68-d439-46b0-b6c2-111ae90e59be,2.0000,4.2585,0.5000,2.0000,2.0000,0.0000,0.2143
ae6b3203-494b-4066-b0ba-b923b393bced,b07b0e33-0c1e-489d-8b69-aa1b4ae8d2ad,0.0000,12.5233,1.0000,0.0000,0.0000,0.6667,0.2273
ae6b3203-494b-4066-b0ba-b923b393bced,cb93662e-0aed-4f56-9500-1e7f2e128287,2.0000,8.2618,0.5000,2.0000,2.0000,0.0000,0.1852
ae6b3203-494b-4066-b0ba-b923b393bced,5c581ce7-7a4b-4fd5-86a2-16c83a3a7b68,0.0000,8.8622,1.0000,0.0000,0.0000,0.0000,0.0455
ae6b3203-494b-4066-b0ba-b923b393bced,f2deb05a-d512-48f4-b641-59e526831230,0.0000,4.1418,1.0000,0.0000,0.0000,0.0000,0.1364
ae6b3203-494b-4066-b0ba-b923b393bced,2908d1db-866e-4631-a655-8ac0a0da0e28,2.0000,6.1343,0.5000,2.0000,2.0000,0.6667,0.2667
ae6b3203-494b-4066-b0ba-b923b393bced,4481c909-2f78-4205-8334-e27d27305642,2.0000,12.2029,0.5000,2.0000,2.0000,0.6667,0.1538
ae6b3203-494b-4066-b0ba-b923b393bced,d450f16e-59ec-490a-8ce7-7968e10dd065,2.0000,12.2781,0.5000,2.0000,2.0000,0.0000,0.2143
ae6b3203-494b-4066-b0ba-b923b393bced,51625cea-8af7-4dca-9b2d-17750e3831ea,0.0000,10.7295,1.0000,0.0000,0.0000,0.6667,0.0000
ae6b3203-494b-4066-b0ba-b923b393bced,bb080865-5184-4114-942e-0a1b314c8016,0.0000,11.5330,1.0000,0.0000,0.0000,0.6667,0.0435
ae6b3203-494b-4066-b0ba-b923b393bced,8b354a1d-b301-4cd1-b271-878ba45ed85f,0.0000,11.1750,1.0000,0.0000,0.0000,0.6667,0.0455
4b0f1708-0377-46ec-b3a4-cc53fe72fcc8,17101d7a-983e-469a-82f0-3dbd27b59660,2.0000,9.1721,0.5000,2.0000,2.0000,0.6667,0.2414
4b0f1708-0377-46ec-b3a4-cc53fe72fcc8,6c2f7b68-d439-46b0-b6c2-111ae90e59be,2.0000,12.7452,0.5000,2.0000,2.0000,0.6667,0.2143
4b0f1708-0377-46ec-b3a4-cc53fe72fcc8,b07b0e33-0c1e-489d-8b69-aa1b4ae8d2ad,0.0000,2.5722,1.0000,0.0000,0.0000,0.0000,0.2273
4b0f1708-0377-46ec-b3a4-cc53fe72fcc8,cb93662e-0aed-4f56-9500-1e7f2e128287,2.0000,11.7688,0.5000,2.0000,2.0000,0.6667,0.1852
4b0f1708-0377-46ec-b3a4-cc53fe72fcc8,5c581ce7-7a4b-4fd5-86a2-16c83a3a7b68,0.0000,15.3959,1.0000,0.0000,0.0000,0.6667,0.0455
4b0f1708-0377-46ec-b3a4-cc53fe72fcc8,f2deb05a-d512-48f4-b641-59e526831230,0.0000,11.3014,1.0000,0.0000,0.0000,0.6667,0.1364
4b0f1708-0377-46ec-b3a4-cc53fe72fcc8,2908d1db-866e-4631-a655-8ac0a0da0e28,2.0000,11.7279,0.5000,2.0000,2.0000,0.0000,0.2667
4b0f1708-0377-46ec-b3a4-cc53fe72fcc8,4481c909-2f78-4205-8334-e27d27305642,2.0000,14.3388,0.5000,2.0000,2.0000,0.0000,0.1538
4b0f1708-0377-46ec-b3a4-cc53fe72fcc8,d450f16e-59ec-490a-8ce7-7968e10dd065,2.0000,11.0436,0.5000,2.0000,2.0000,0.6667,0.2143
4b0f1708-0377-46ec-b3a4-cc53fe72fcc8,51625cea-8af7-4dca-9b2d-17750e3831ea,0.0000,15.9215,1.0000,0.0000,0.0000,0.6667,0.0000
4b0f1708-0377-46ec-b3a4-cc53fe72fcc8,bb080865-5184-4114-942e-0a1b314c8016,0.0000,16.9813,1.0000,0.0000,0.0000,0.6667,0.0435
4b0f1708-0377-46ec-b3a4-cc53fe72fcc8,8b354a1d-b301-4cd1-b271-878ba45ed85f,0.0000,15.6704,1.0000,0.0000,0.0000,0.6667,0.0455
17101d7a-983e-469a-82f0-3dbd27b59660,6c2f7b68-d439-46b0-b6c2-111ae90e59be,0.0000,12.2520,1.0000,0.0000,0.0000,0.6667,0.0345
17101d7a-983e-469a-82f0-3dbd27b59660,b07b0e33-0c1e-489d-8b69-aa1b4ae8d2ad,2.0000,11.3156,0.5000,2.0000,2.0000,0.6667,0.4138
17101d7a-983e-469a-82f0-3dbd27b59660,cb93662e-0aed-4f56-9500-1e7f2e128287,0.0000,8.8063,1.0000,0.0000,0.0000,0.6667,0.0690
17101d7a-983e-469a-82f0-3dbd27b59660,5c581ce7-7a4b-4fd5-86a2-16c83a3a7b68,2.0000,12.7215,0.5000,2.0000,2.0000,0.6667,0.2759
17101d7a-983e-469a-82f0-3dbd27b59660,f2deb05a-d512-48f4-b641-59e526831230,2.0000,12.8580,0.5000,2.0000,2.0000,0.6667,0.3448
17101d7a-983e-469a-82f0-3dbd27b59660,2908d1db-866e-4631-a655-8ac0a0da0e28,0.0000,12.3713,1.0000,0.0000,0.0000,0.6667,0.0333
17101d7a-983e-469a-82f0-3dbd27b59660,4481c909-2f78-4205-8334-e27d27305642,0.0000,9.2417,1.0000,0.0000,0.0000,0.6667,0.1034
17101d7a-983e-469a-82f0-3dbd27b59660,d450f16e-59ec-490a-8ce7-7968e10dd065,0.0000,9.0109,1.0000,0.0000,0.0000,0.6667,0.0345
17101d7a-983e-469a-82f0-3dbd27b59660,51625cea-8af7-4dca-9b2d-17750e3831ea,2.0000,8.9994,0.5000,2.0000,2.0000,0.0000,0.2414
17101d7a-983e-469a-82f0-3dbd27b59660,bb080865-5184-4114-942e-0a1b314c8016,2.0000,11.2832,0.5000,2.0000,2.0000,0.0000,0.2069
17101d7a-983e-469a-82f0-3dbd27b59660,8b354a1d-b301-4cd1-b271-878ba45ed85f,2.0000,8.6757,0.5000,2.0000,2.0000,0.0000,0.2759
6c2f7b68-d439-46b0-b6c2-111ae90e59be,b07b0e33-0c1e-489d-8b69-aa1b4ae8d2ad,2.0000,11.4318,0.5000,2.0000,2.0000,0.6667,0.3929
6c2f7b68-d439-46b0-b6c2-111ae90e59be,cb93662e-0aed-4f56-9500-1e7f2e128287,0.0000,5.2992,1.0000,0.0000,0.0000,0.0000,0.0357
6c2f7b68-d439-46b0-b6c2-111ae90e59be,5c581ce7-7a4b-4fd5-86a2-16c83a3a7b68,2.0000,7.4373,0.5000,2.0000,2.0000,0.0000,0.2500
6c2f7b68-d439-46b0-b6c2-111ae90e59be,f2deb05a-d512-48f4-b641-59e526831230,2.0000,7.5691,0.5000,2.0000,2.0000,0.0000,0.3214
6c2f7b68-d439-46b0-b6c2-111ae90e59be,2908d1db-866e-4631-a655-8ac0a0da0e28,0.0000,4.9089,1.0000,0.0000,0.0000,0.6667,0.0667
6c2f7b68-d439-46b0-b6c2-111ae90e59be,4481c909-2f78-4205-8334-e27d27305642,0.0000,9.1515,1.0000,0.0000,0.0000,0.6667,0.0714
6c2f7b68-d439-46b0-b6c2-111ae90e59be,d450f16e-59ec-490a-8ce7-7968e10dd065,0.0000,10.2836,1.0000,0.0000,0.0000,0.0000,0.0000
6c2f7b68-d439-46b0-b6c2-111ae90e59be,51625cea-8af7-4dca-9b2d-17750e3831ea,2.0000,7.4131,0.5000,2.0000,2.0000,0.6667,0.2143
6c2f7b68-d439-46b0-b6c2-111ae90e59be,bb080865-5184-4114-942e-0a1b314c8016,2.0000,8.7460,0.5000,2.0000,2.0000,0.6667,0.1786
6c2f7b68-d439-46b0-b6c2-111ae90e59be,8b354a1d-b301-4cd1-b271-878ba45ed85f,2.0000,7.4141,0.5000,2.0000,2.0000,0.6667,0.2500
b07b0e33-0c1e-489d-8b69-aa1b4ae8d2ad,cb93662e-0aed-4f56-9500-1e7f2e128287,2.0000,10.7101,0.5000,2.0000,2.0000,0.6667,0.3704
b07b0e33-0c1e-489d-8b69-aa1b4ae8d2ad,5c581ce7-7a4b-4fd5-86a2-16c83a3a7b68,0.0000,14.2923,1.0000,0.0000,0.0000,0.6667,0.1905
b07b0e33-0c1e-489d-8b69-aa1b4ae8d2ad,f2deb05a-d512-48f4-b641-59e526831230,0.0000,12.6949,1.0000,0.0000,0.0000,0.6667,0.1053
b07b0e33-0c1e-489d-8b69-aa1b4ae8d2ad,2908d1db-866e-4631-a655-8ac0a0da0e28,2.0000,10.3149,0.5000,2.0000,2.0000,0.0000,0.4333
b07b0e33-0c1e-489d-8b69-aa1b4ae8d2ad,4481c909-2f78-4205-8334-e27d27305642,2.0000,15.0344,0.5000,2.0000,2.0000,0.0000,0.3462
b07b0e33-0c1e-489d-8b69-aa1b4ae8d2ad,d450f16e-59ec-490a-8ce7-7968e10dd065,2.0000,12.1238,0.5000,2.0000,2.0000,0.6667,0.3929
b07b0e33-0c1e-489d-8b69-aa1b4ae8d2ad,51625cea-8af7-4dca-9b2d-17750e3831ea,0.0000,14.9764,1.0000,0.0000,0.0000,0.6667,0.2273
b07b0e33-0c1e-489d-8b69-aa1b4ae8d2ad,bb080865-5184-4114-942e-0a1b314c8016,0.0000,15.7517,1.0000,0.0000,0.0000,0.6667,0.2609
b07b0e33-0c1e-489d-8b69-aa1b4ae8d2ad,8b354a1d-b301-4cd1-b271-878ba45ed85f,0.0000,14.6734,1.0000,0.0000,0.0000,0.6667,0.1905
cb93662e-0aed-4f56-9500-1e7f2e128287,5c581ce7-7a4b-4fd5-86a2-16c83a3a7b68,2.0000,8.5045,0.5000,2.0000,2.0000,0.0000,0.2222
cb93662e-0aed-4f56-9500-1e7f2e128287,f2deb05a-d512-48f4-b641-59e526831230,2.0000,10.4829,0.5000,2.0000,2.0000,0.0000,0.2963
cb93662e-0aed-4f56-9500-1e7f2e128287,2908d1db-866e-4631-a655-8ac0a0da0e28,0.0000,6.4374,1.0000,0.0000,0.0000,0.6667,0.1000
cb93662e-0aed-4f56-9500-1e7f2e128287,4481c909-2f78-4205-8334-e27d27305642,0.0000,8.0849,1.0000,0.0000,0.0000,0.6667,0.0370
cb93662e-0aed-4f56-9500-1e7f2e128287,d450f16e-59ec-490a-8ce7-7968e10dd065,0.0000,11.0619,1.0000,0.0000,0.0000,0.0000,0.0357
cb93662e-0aed-4f56-9500-1e7f2e128287,51625cea-8af7-4dca-9b2d-17750e3831ea,2.0000,7.3553,0.5000,2.0000,2.0000,0.6667,0.1852
cb93662e-0aed-4f56-9500-1e7f2e128287,bb080865-5184-4114-942e-0a1b314c8016,2.0000,7.6311,0.5000,2.0000,2.0000,0.6667,0.1481
cb93662e-0aed-4f56-9500-1e7f2e128287,8b354a1d-b301-4cd1-b271-878ba45ed85f,2.0000,7.2120,0.5000,2.0000,2.0000,0.6667,0.2222
5c581ce7-7a4b-4fd5-86a2-16c83a3a7b68,f2deb05a-d512-48f4-b641-59e526831230,0.0000,9.9144,1.0000,0.0000,0.0000,0.0000,0.0952
5c581ce7-7a4b-4fd5-86a2-16c83a3a7b68,2908d1db-866e-4631-a655-8ac0a0da0e28,2.0000,4.6002,0.5000,2.0000,2.0000,0.6667,0.3000
5c581ce7-7a4b-4fd5-86a2-16c83a3a7b68,4481c909-2f78-4205-8334-e27d27305642,2.0000,5.5314,0.5000,2.0000,2.0000,0.6667,0.1923
5c581ce7-7a4b-4fd5-86a2-16c83a3a7b68,d450f16e-59ec-490a-8ce7-7968e10dd065,2.0000,10.6275,0.5000,2.0000,2.0000,0.0000,0.2500
5c581ce7-7a4b-4fd5-86a2-16c83a3a7b68,51625cea-8af7-4dca-9b2d-17750e3831ea,0.0000,11.3017,1.0000,0.0000,0.0000,0.6667,0.0455
5c581ce7-7a4b-4fd5-86a2-16c83a3a7b68,bb080865-5184-4114-942e-0a1b314c8016,0.0000,7.2483,1.0000,0.0000,0.0000,0.6667,0.0870
5c581ce7-7a4b-4fd5-86a2-16c83a3a7b68,8b354a1d-b301-4cd1-b271-878ba45ed85f,0.0000,11.0142,1.0000,0.0000,0.0000,0.6667,0.0000
f2deb05a-d512-48f4-b641-59e526831230,2908d1db-866e-4631-a655-8ac0a0da0e28,2.0000,7.1951,0.5000,2.0000,2.0000,0.6667,0.3667
f2deb05a-d512-48f4-b641-59e526831230,4481c909-2f78-4205-8334-e27d27305642,2.0000,12.0280,0.5000,2.0000,2.0000,0.6667,0.2692
f2deb05a-d512-48f4-b641-59e526831230,d450f16e-59ec-490a-8ce7-7968e10dd065,2.0000,9.3839,0.5000,2.0000,2.0000,0.0000,0.3214
f2deb05a-d512-48f4-b641-59e526831230,51625cea-8af7-4dca-9b2d-17750e3831ea,0.0000,13.8993,1.0000,0.0000,0.0000,0.6667,0.1364
f2deb05a-d512-48f4-b641-59e526831230,bb080865-5184-4114-942e-0a1b314c8016,0.0000,13.5021,1.0000,0.0000,0.0000,0.6667,0.1739
f2deb05a-d512-48f4-b641-59e526831230,8b354a1d-b301-4cd1-b271-878ba45ed85f,0.0000,14.1751,1.0000,0.0000,0.0000,0.6667,0.0952
2908d1db-866e-4631-a655-8ac0a0da0e28,4481c909-2f78-4205-8334-e27d27305642,0.0000,7.6017,1.0000,0.0000,0.0000,0.0000,0.1333
2908d1db-866e-4631-a655-8ac0a0da0e28,d450f16e-59ec-490a-8ce7-7968e10dd065,0.0000,10.3732,1.0000,0.0000,0.0000,0.6667,0.0667
2908d1db-866e-4631-a655-8ac0a0da0e28,51625cea-8af7-4dca-9b2d-17750e3831ea,2.0000,12.1803,0.5000,2.0000,2.0000,0.6667,0.2667
2908d1db-866e-4631-a655-8ac0a0da0e28,bb080865-5184-4114-942e-0a1b314c8016,2.0000,9.7529,0.5000,2.0000,2.0000,0.6667,0.2333
2908d1db-866e-4631-a655-8ac0a0da0e28,8b354a1d-b301-4cd1-b271-878ba45ed85f,2.0000,11.9771,0.5000,2.0000,2.0000,0.6667,0.3000
4481c909-2f78-4205-8334-e27d27305642,d450f16e-59ec-490a-8ce7-7968e10dd065,0.0000,6.7762,1.0000,0.0000,0.0000,0.6667,0.0714
4481c909-2f78-4205-8334-e27d27305642,51625cea-8af7-4dca-9b2d-17750e3831ea,2.0000,9.5075,0.5000,2.0000,2.0000,0.6667,0.1538
4481c909-2f78-4205-8334-e27d27305642,bb080865-5184-4114-942e-0a1b314c8016,2.0000,6.2854,0.5000,2.0000,2.0000,0.6667,0.1154
4481c909-2f78-4205-8334-e27d27305642,8b354a1d-b301-4cd1-b271-878ba45ed85f,2.0000,9.2945,0.5000,2.0000,2.0000,0.6667,0.1923
d450f16e-59ec-490a-8ce7-7968e10dd065,51625cea-8af7-4dca-9b2d-17750e3831ea,2.0000,10.4256,0.5000,2.0000,2.0000,0.6667,0.2143
d450f16e-59ec-490a-8ce7-7968e10dd065,bb080865-5184-4114-942e-0a1b314c8016,2.0000,12.3264,0.5000,2.0000,2.0000,0.6667,0.1786
d450f16e-59ec-490a-8ce7-7968e10dd065,8b354a1d-b301-4cd1-b271-878ba45ed85f,2.0000,10.6564,0.5000,2.0000,2.0000,0.6667,0.2500
51625cea-8af7-4dca-9b2d-17750e3831ea,bb080865-5184-4114-942e-0a1b314c8016,0.0000,6.9373,1.0000,0.0000,0.0000,0.0000,0.0435
51625cea-8af7-4dca-9b2d-17750e3831ea,8b354a1d-b301-4cd1-b271-878ba45ed85f,0.0000,1.5775,1.0000,0.0000,0.0000,0.0000,0.0455
bb080865-5184-4114-942e-0a1b314c8016,8b354a1d-b301-4cd1-b271-878ba45ed85f,0.0000,6.5176,1.0000,0.0000,0.0000,0.0000,0.0870
