variedParameter,parameterValue,roomCount,doorCount,avgConnectivity,graphDiameter,maxDepth,cyclicityMeasure,entryPointCount,doorsOpen,doorsClosed,doorsLocked,lockedDoorFraction,avgEntityDistanceFromEntry,entityClusteringCoefficient,avgHostageTerroristDistance,minHostageTerroristDistance,entityDepthVariance,avgEntityDepth,avgPatrolRouteLength,stationaryGuardCount,patrolCount,roamingGuardCount,hostageGuardianCount,patrolCoverage,avgWaypointCount,totalFurnitureCount,avgFurniturePerRoom,furnitureFloorCoverage,furnishedRoomCount,layoutType,roomSizeCategory,entryType,configRoomCount,configTerroristCount,placementStrategy,hostageRiskLevel,difficultyLevel,randomnessLevel,seedUsed,scenarioId,validationPassed,validationWarnings,errorMessage
layoutType,linear,4,3,1.5000,3,3,0.0000,1,0,2,1,0.3333,13.5420,1.0000,7.2675,2.5089,0.6875,2.2500,3.0000,1,1,0,1,0.5000,1.0000,12,3.0000,0.0319,4,linear,medium,single,4,3,dispersed,medium,3,medium,1920008122,350979a8-4d64-40b2-b787-60f764a62b0a,true,,
layoutType,linear,4,3,1.5000,3,3,0.0000,1,0,2,1,0.3333,14.3959,1.0000,6.8012,2.1020,0.6875,2.2500,3.0000,1,1,0,1,0.5000,1.0000,14,3.5000,0.0452,4,linear,medium,single,4,3,dispersed,medium,3,medium,1917022653,9eb6a7e2-68b7-45b9-aed4-68e70ce8cf48,true,,
layoutType,linear,4,3,1.5000,3,3,0.0000,1,1,1,1,0.3333,13.6958,0.6667,8.4659,2.1897,0.6875,2.2500,3.0000,1,1,0,1,0.5000,1.0000,13,3.2500,0.0364,4,linear,medium,single,4,3,dispersed,medium,3,medium,1599973479,6f1524e6-0007-4063-91fd-f0b896a6815d,true,,
layoutType,linear,4,3,1.5000,3,3,0.0000,1,1,1,1,0.3333,9.0492,0.8333,6.6775,2.4747,0.6875,2.2500,3.0000,1,1,0,1,0.5000,1.0000,10,2.5000,0.0253,4,linear,medium,single,4,3,dispersed,medium,3,medium,1947895076,fa61e3c2-dc26-4bc6-a6ae-6f3a75c3d329,true,,
layoutType,linear,4,3,1.5000,3,3,0.0000,1,0,2,1,0.3333,13.4495,1.0000,6.8305,2.1760,0.6875,2.2500,3.0000,1,1,0,1,0.5000,1.0000,11,2.7500,0.0321,4,linear,medium,single,4,3,dispersed,medium,3,medium,1809242085,3c6fd342-5e79-4c16-a52d-254a36211637,true,,
layoutType,linear,4,3,1.5000,3,3,0.0000,1,0,2,1,0.3333,15.5744,0.8333,7.4731,2.1310,0.6875,2.2500,3.0000,1,1,0,1,0.5000,1.0000,13,3.2500,0.0430,4,linear,medium,single,4,3,dispersed,medium,3,medium,1217125783,a3781cf3-4f80-4aa1-b0c7-49aa88ab54b6,true,,
layoutType,linear,4,3,1.5000,3,3,0.0000,1,0,2,1,0.3333,17.9256,0.6667,8.7134,2.2265,0.6875,2.2500,3.0000,1,1,0,1,0.5000,1.0000,11,2.7500,0.0298,4,linear,medium,single,4,3,dispersed,medium,3,medium,901394347,17211012-ec5e-420b-95f5-d8565b5b3e04,true,,
layoutType,linear,4,3,1.5000,3,3,0.0000,1,0,2,1,0.3333,13.9162,0.6667,9.1392,2.3094,0.6875,2.2500,3.0000,1,1,0,1,0.5000,1.0000,13,3.2500,0.0354,4,linear,medium,single,4,3,dispersed,medium,3,medium,627381243,e934cdc4-0d81-42b8-a168-551500449316,true,,
layoutType,linear,4,3,1.5000,3,3,0.0000,1,0,2,1,0.3333,14.1357,0.8333,7.0051,2.3038,0.6875,2.2500,3.0000,1,1,0,1,0.5000,1.0000,12,3.0000,0.0400,4,linear,medium,single,4,3,dispersed,medium,3,medium,1462770712,060f4781-61fa-46b7-a540-ea0e63bfdc31,true,,
layoutType,linear,4,3,1.5000,3,3,0.0000,1,0,2,1,0.3333,18.3258,0.6667,8.4809,2.3732,0.6875,2.2500,3.0000,1,1,0,1,0.5000,1.0000,13,3.2500,0.0334,4,linear,medium,single,4,3,dispersed,medium,3,medium,778439954,e209dc83-d0c7-4e19-9d02-6604264078e2,true,,
layoutType,linear,4,3,1.5000,3,3,0.0000,1,0,2,1,0.3333,13.2408,0.6667,8.7549,2.0344,0.6875,2.2500,3.0000,1,1,0,1,0.5000,1.0000,11,2.7500,0.0307,4,linear,medium,single,4,3,dispersed,medium,3,medium,215149313,b56d7d0b-cbd4-4de6-848e-6206e1f1672e,true,,
layoutType,linear,4,3,1.5000,3,3,0.0000,1,1,1,1,0.3333,13.4414,0.6667,9.2539,2.6742,0.6875,2.2500,3.0000,1,1,0,1,0.5000,1.0000,12,3.0000,0.0350,4,linear,medium,single,4,3,dispersed,medium,3,medium,1302953497,b7279c4a-0818-43ba-8292-6c326c546c43,true,,
layoutType,linear,4,3,1.5000,3,3,0.0000,1,0,2,1,0.3333,8.7710,0.8333,7.3765,2.1021,0.6875,2.2500,3.0000,1,1,0,1,0.5000,1.0000,11,2.7500,0.0295,4,linear,medium,single,4,3,dispersed,medium,3,medium,1203359206,d6022b1e-7717-43d8-bc76-e919a4d11597,true,,
layoutType,linear,4,3,1.5000,3,3,0.0000,1,0,2,1,0.3333,14.0235,0.6667,8.4533,1.9546,0.6875,2.2500,3.0000,1,1,0,1,0.5000,1.0000,14,3.5000,0.0460,4,linear,medium,single,4,3,dispersed,medium,3,medium,930637115,7e8470b3-c1c2-44ad-9a2e-c4c177b72c03,true,,
layoutType,linear,4,3,1.5000,3,3,0.0000,1,1,1,1,0.3333,14.4302,1.0000,7.0640,2.1843,0.6875,2.2500,3.0000,1,1,0,1,0.5000,1.0000,13,3.2500,0.0685,4,linear,medium,single,4,3,dispersed,medium,3,medium,1648231194,6be9019f-e6f2-4623-85b7-2ee5dda144da,true,,
layoutType,linear,4,3,1.5000,3,3,0.0000,1,0,2,1,0.3333,9.4414,0.8333,7.3448,2.2480,0.6875,2.2500,3.0000,1,1,0,1,0.5000,1.0000,12,3.0000,0.0335,4,linear,medium,single,4,3,dispersed,medium,3,medium,317407388,f3ba6f4e-42ff-46fd-8e1a-52fb67aa4429,true,,
layoutType,linear,4,3,1.5000,3,3,0.0000,1,0,2,1,0.3333,14.7779,1.0000,7.7495,3.2232,0.6875,2.2500,3.0000,1,1,0,1,0.5000,1.0000,12,3.0000,0.0354,4,linear,medium,single,4,3,dispersed,medium,3,medium,1040319730,3cc65e97-cdf5-4b11-a1f4-7a8622a93432,true,,
layoutType,linear,4,3,1.5000,3,3,0.0000,1,0,2,1,0.3333,13.6389,0.6667,8.9500,2.0922,0.6875,2.2500,3.0000,1,1,0,1,0.5000,1.0000,13,3.2500,0.0377,4,linear,medium,single,4,3,dispersed,medium,3,medium,1806306391,558110bf-24d2-40c0-a95f-96103ff680e1,true,,
layoutType,linear,4,3,1.5000,3,3,0.0000,1,0,2,1,0.3333,8.3319,0.8333,7.6397,2.2853,0.6875,2.2500,3.0000,1,1,0,1,0.5000,1.0000,11,2.7500,0.0546,4,linear,medium,single,4,3,dispersed,medium,3,medium,747460672,b8c03850-ab87-4b3e-a79a-adc08a256cfa,true,,
layoutType,linear,4,3,1.5000,3,3,0.0000,1,0,2,1,0.3333,13.2062,1.0000,6.8922,1.8391,0.6875,2.2500,3.0000,1,1,0,1,0.5000,1.0000,16,4.0000,0.0577,4,linear,medium,single,4,3,dispersed,medium,3,medium,823230841,718f9efb-1044-41e2-8695-4124cf7f5f27,true,,
layoutType,linear,4,3,1.5000,3,3,0.0000,1,0,2,1,0.3333,17.9940,0.6667,8.4623,1.8814,0.6875,2.2500,3.0000,1,1,0,1,0.5000,1.0000,12,3.0000,0.0310,4,linear,medium,single,4,3,dispersed,medium,3,medium,1907048079,752a545d-1999-4396-be48-d9fc7aad1f89,true,,
layoutType,linear,4,3,1.5000,3,3,0.0000,1,0,2,1,0.3333,14.2736,0.8333,7.2742,2.3170,0.6875,2.2500,3.0000,1,1,0,1,0.5000,1.0000,12,3.0000,0.0468,4,linear,medium,single,4,3,dispersed,medium,3,medium,2126294205,5171bfbf-c606-443f-baf8-a0c987de80e7,true,,
layoutType,linear,4,3,1.5000,3,3,0.0000,1,0,2,1,0.3333,13.9329,0.6667,8.6698,1.9315,0.6875,2.2500,3.0000,1,1,0,1,0.5000,1.0000,12,3.0000,0.0337,4,linear,medium,single,4,3,dispersed,medium,3,medium,1460792516,4dbe385c-6ec4-4888-8c69-c30fdf4a8c53,true,,
layoutType,linear,4,3,1.5000,3,3,0.0000,1,0,2,1,0.3333,15.2856,0.8333,6.9805,2.6119,0.6875,2.2500,3.0000,1,1,0,1,0.5000,1.0000,12,3.0000,0.0405,4,linear,medium,single,4,3,dispersed,medium,3,medium,1327356651,7f590d0c-7d8a-4ffb-b1df-77316ebb3622,true,,
layoutType,linear,4,3,1.5000,3,3,0.0000,1,0,2,1,0.3333,12.8495,0.6667,9.1237,2.9379,0.6875,2.2500,3.0000,1,1,0,1,0.5000,1.0000,14,3.5000,0.0555,4,linear,medium,single,4,3,dispersed,medium,3,medium,1824982817,688702f0-9691-4877-871e-047bf04773f7,true,,
layoutType,linear,4,3,1.5000,3,3,0.0000,1,0,2,1,0.3333,13.5785,0.6667,8.7847,2.2563,0.6875,2.2500,3.0000,1,1,0,1,0.5000,1.0000,11,2.7500,0.0319,4,linear,medium,single,4,3,dispersed,medium,3,medium,1036214914,c379ab41-6524-4185-824c-696da6af47b1,true,,
layoutType,linear,4,3,1.5000,3,3,0.0000,1,0,2,1,0.3333,9.4907,0.6667,7.4511,2.2805,0.6875,2.2500,3.0000,1,1,0,1,0.5000,1.0000,13,3.2500,0.0510,4,linear,medium,single,4,3,dispersed,medium,3,medium,906069612,22adb74b-8339-431f-90b1-217d9dd26d91,true,,
layoutType,linear,4,3,1.5000,3,3,0.0000,1,0,2,1,0.3333,14.8740,0.8333,7.2191,2.5678,0.6875,2.2500,3.0000,1,1,0,1,0.5000,1.0000,12,3.0000,0.0326,4,linear,medium,single,4,3,dispersed,medium,3,medium,501415866,2f783bad-be84-4385-af5c-761edd4aec2a,true,,
layoutType,linear,4,3,1.5000,3,3,0.0000,1,0,2,1,0.3333,8.7423,1.0000,6.9563,1.9325,0.6875,2.2500,3.0000,1,1,0,1,0.5000,1.0000,13,3.2500,0.0569,4,linear,medium,single,4,3,dispersed,medium,3,medium,122698666,26fd1321-2fe2-4f47-b3a2-7b1268b53226,true,,
layoutType,linear,4,3,1.5000,3,3,0.0000,1,0,2,1,0.3333,12.9733,1.0000,6.9919,1.8981,0.6875,2.2500,3.0000,1,1,0,1,0.5000,1.0000,11,2.7500,0.0329,4,linear,medium,single,4,3,dispersed,medium,3,medium,622957818,08b58aa3-5682-41c2-9177-446f619d93d8,true,,
layoutType,linear,4,3,1.5000,3,3,0.0000,1,1,1,1,0.3333,13.2025,1.0000,7.0768,2.2427,0.6875,2.2500,3.0000,1,1,0,1,0.5000,1.0000,10,2.5000,0.0283,4,linear,medium,single,4,3,dispersed,medium,3,medium,640496746,409a78c7-813b-46aa-8d54-7ef5a4bdd46c,true,,
layoutType,linear,4,3,1.5000,3,3,0.0000,1,1,1,1,0.3333,9.3785,0.8333,7.2748,2.9222,0.6875,2.2500,3.0000,1,1,0,1,0.5000,1.0000,12,3.0000,0.0482,4,linear,medium,single,4,3,dispersed,medium,3,medium,915716104,a1e70c62-9659-4005-a487-feee30d54d49,true,,
layoutType,linear,4,3,1.5000,3,3,0.0000,1,0,2,1,0.3333,13.2878,1.0000,7.0938,2.2376,0.6875,2.2500,3.0000,1,1,0,1,0.5000,1.0000,15,3.7500,0.0454,4,linear,medium,single,4,3,dispersed,medium,3,medium,1133348892,cd9958e0-f154-4eb3-9e5e-a8ef4118d481,true,,
layoutType,linear,4,3,1.5000,3,3,0.0000,1,0,2,1,0.3333,15.1662,0.6667,7.3095,1.8834,0.6875,2.2500,3.0000,1,1,0,1,0.5000,1.0000,13,3.2500,0.0414,4,linear,medium,single,4,3,dispersed,medium,3,medium,980061848,019979b5-4abe-4175-995d-57623f3841bb,true,,
layoutType,linear,4,3,1.5000,3,3,0.0000,1,1,1,1,0.3333,14.5342,1.0000,6.9867,2.0922,0.6875,2.2500,3.0000,1,1,0,1,0.5000,1.0000,14,3.5000,0.0596,4,linear,medium,single,4,3,dispersed,medium,3,medium,1164506704,569d6310-3fb3-4e10-be60-be3a68a9bbbd,true,,
layoutType,linear,4,3,1.5000,3,3,0.0000,1,0,2,1,0.3333,13.3022,0.6667,8.4944,1.9629,0.6875,2.2500,3.0000,1,1,0,1,0.5000,1.0000,13,3.2500,0.0409,4,linear,medium,single,4,3,dispersed,medium,3,medium,1765635207,a3e2c134-531c-46c2-a10f-6a6c0f2caa38,true,,
layoutType,linear,4,3,1.5000,3,3,0.0000,1,0,2,1,0.3333,14.1372,0.6667,8.8985,2.8613,0.6875,2.2500,3.0000,1,1,0,1,0.5000,1.0000,15,3.7500,0.0459,4,linear,medium,single,4,3,dispersed,medium,3,medium,990875325,12c93481-d431-4db9-ba11-fa50d708743d,true,,
layoutType,linear,4,3,1.5000,3,3,0.0000,1,0,2,1,0.3333,9.4304,0.8333,7.1034,1.9056,0.6875,2.2500,3.0000,1,1,0,1,0.5000,1.0000,11,2.7500,0.0493,4,linear,medium,single,4,3,dispersed,medium,3,medium,1950129393,f6ec8585-b2cc-4686-8f3a-ac3dd7814bfa,true,,
layoutType,linear,4,3,1.5000,3,3,0.0000,1,0,2,1,0.3333,13.0676,0.6667,8.8614,2.6756,0.6875,2.2500,3.0000,1,1,0,1,0.5000,1.0000,12,3.0000,0.0335,4,linear,medium,single,4,3,dispersed,medium,3,medium,707697646,cff88643-157c-454c-afdd-e09950b28825,true,,
layoutType,linear,4,3,1.5000,3,3,0.0000,1,0,2,1,0.3333,13.5356,0.6667,9.1230,2.7015,0.6875,2.2500,3.0000,1,1,0,1,0.5000,1.0000,10,2.5000,0.0408,4,linear,medium,single,4,3,dispersed,medium,3,medium,1079219496,9a421c8f-eca7-4618-9fad-2a7d3e4144f9,true,,
layoutType,linear,4,3,1.5000,3,3,0.0000,1,1,1,1,0.3333,13.3730,1.0000,7.4605,2.3886,0.6875,2.2500,3.0000,1,1,0,1,0.5000,1.0000,11,2.7500,0.0332,4,linear,medium,single,4,3,dispersed,medium,3,medium,604140351,32f344a0-5d7b-4519-ad15-8569c5a33dd5,true,,
layoutType,linear,4,3,1.5000,3,3,0.0000,1,0,2,1,0.3333,8.4280,0.8333,7.6379,2.5643,0.6875,2.2500,3.0000,1,1,0,1,0.5000,1.0000,12,3.0000,0.0305,4,linear,medium,single,4,3,dispersed,medium,3,medium,1479682257,ec8d5482-764e-4c47-bac2-c099675302dd,true,,
layoutType,linear,4,3,1.5000,3,3,0.0000,1,0,2,1,0.3333,17.8781,0.6667,8.3641,2.1024,0.6875,2.2500,3.0000,1,1,0,1,0.5000,1.0000,12,3.0000,0.0541,4,linear,medium,single,4,3,dispersed,medium,3,medium,1278190934,b9c06247-b4d6-4c6f-9523-a1e1393ed4e1,true,,
layoutType,linear,4,3,1.5000,3,3,0.0000,1,0,2,1,0.3333,9.4358,0.8333,7.0678,1.9542,0.6875,2.2500,3.0000,1,1,0,1,0.5000,1.0000,12,3.0000,0.0343,4,linear,medium,single,4,3,dispersed,medium,3,medium,2067872380,a37afc01-e2db-4164-83a0-161e3b8579e4,true,,
layoutType,linear,4,3,1.5000,3,3,0.0000,1,0,2,1,0.3333,13.3858,0.6667,8.9564,2.5344,0.6875,2.2500,3.0000,1,1,0,1,0.5000,1.0000,12,3.0000,0.0426,4,linear,medium,single,4,3,dispersed,medium,3,medium,1159962225,e9dc5458-ee7f-4c60-9031-da986d16a48c,true,,
layoutType,linear,4,3,1.5000,3,3,0.0000,1,0,2,1,0.3333,14.5444,1.0000,7.1677,2.0837,0.6875,2.2500,3.0000,1,1,0,1,0.5000,1.0000,13,3.2500,0.0677,4,linear,medium,single,4,3,dispersed,medium,3,medium,1601580341,efc6bcb1-74fb-4eaa-8959-8850acc0236d,true,,
layoutType,linear,4,3,1.5000,3,3,0.0000,1,1,1,1,0.3333,13.2533,1.0000,6.7664,1.9191,0.6875,2.2500,3.0000,1,1,0,1,0.5000,1.0000,14,3.5000,0.0743,4,linear,medium,single,4,3,dispersed,medium,3,medium,94066091,6dfba9b9-18e9-468c-bf97-42533ad62522,true,,
layoutType,linear,4,3,1.5000,3,3,0.0000,1,1,1,1,0.3333,13.6917,0.6667,8.6620,2.3478,0.6875,2.2500,3.0000,1,1,0,1,0.5000,1.0000,12,3.0000,0.0393,4,linear,medium,single,4,3,dispersed,medium,3,medium,821249754,7f67f929-6b5c-4f51-b413-78140e512fc8,true,,
layoutType,linear,4,3,1.5000,3,3,0.0000,1,1,1,1,0.3333,15.1907,0.6667,7.4308,2.0083,0.6875,2.2500,3.0000,1,1,0,1,0.5000,1.0000,13,3.2500,0.0425,4,linear,medium,single,4,3,dispersed,medium,3,medium,2004857464,e0c49121-483a-4727-9ee2-43b6e9ad436a,true,,
layoutType,linear,4,3,1.5000,3,3,0.0000,1,0,2,1,0.3333,14.2718,0.6667,9.0134,2.5261,0.6875,2.2500,3.0000,1,1,0,1,0.5000,1.0000,11,2.7500,0.0277,4,linear,medium,single,4,3,dispersed,medium,3,medium,628115290,0921ef9d-b6ec-474f-884b-371119d0655b,true,,
layoutType,branching,4,3,1.5000,2,1,0.0000,1,0,2,1,0.3333,8.7765,0.5000,8.8145,2.3668,0.0000,1.0000,2.0000,0,1,1,1,0.2500,1.3333,25,6.2500,0.1110,4,branching,medium,single,4,3,dispersed,medium,3,medium,2003185578,cd228898-908f-4d90-bf6a-04727b9da059,true,,
layoutType,branching,4,3,1.5000,3,2,0.0000,1,0,2,1,0.3333,10.5178,0.3333,12.6950,2.6279,0.2500,1.5000,2.0000,1,1,0,1,0.2500,0.6667,20,5.0000,0.0806,4,branching,medium,single,4,3,dispersed,medium,3,medium,156763947,ffba395a-7c48-4c62-be89-901cc26da737,true,,
layoutType,branching,4,3,1.5000,3,2,0.0000,1,0,2,1,0.3333,10.1210,0.6667,9.3466,2.7304,0.2500,1.5000,3.0000,1,1,0,1,0.5000,1.0000,16,4.0000,0.0517,4,branching,medium,single,4,3,dispersed,medium,3,medium,934232352,2f69f943-b541-4e09-86ef-9686093c1384,true,,
layoutType,branching,4,3,1.5000,2,1,0.0000,1,0,2,1,0.3333,8.3816,0.8333,5.9589,2.9465,0.0000,1.0000,2.0000,0,1,1,1,0.2500,1.3333,23,5.7500,0.0882,4,branching,medium,single,4,3,dispersed,medium,3,medium,866936591,69ef0f58-0a30-441f-a16e-1e6db0fa96a8,true,,
layoutType,branching,4,3,1.5000,3,2,0.0000,1,0,2,1,0.3333,10.3463,0.8333,7.0346,1.7391,0.2500,1.5000,3.0000,1,1,0,1,0.5000,1.0000,18,4.5000,0.0689,4,branching,medium,single,4,3,dispersed,medium,3,medium,179614788,09ad741f-3ff8-43d0-9a10-659918dc3f1b,true,,
layoutType,branching,4,3,1.5000,3,2,0.0000,1,0,2,1,0.3333,8.6907,0.3333,11.9006,2.3733,0.2500,1.5000,2.0000,1,1,0,1,0.2500,0.6667,18,4.5000,0.0607,4,branching,medium,single,4,3,dispersed,medium,3,medium,1941197564,f7d0cf85-a24b-49c6-b63e-236cde81fcaf,true,,
layoutType,branching,4,3,1.5000,2,1,0.0000,1,0,2,1,0.3333,8.5632,0.5000,15.1183,11.3096,0.0000,1.0000,2.0000,0,1,1,1,0.2500,1.3333,21,5.2500,0.0782,4,branching,medium,single,4,3,dispersed,medium,3,medium,456230137,15114603-488d-46d5-8260-6c17ecd14391,true,,
layoutType,branching,4,3,1.5000,3,2,0.0000,1,0,2,1,0.3333,8.7953,0.3333,12.4066,2.6536,0.2500,1.5000,2.0000,1,1,0,1,0.2500,0.6667,17,4.2500,0.0602,4,branching,medium,single,4,3,dispersed,medium,3,medium,272616828,e090545c-7495-49ed-bb44-7fe03cd4b923,true,,
layoutType,branching,4,3,1.5000,2,1,0.0000,1,0,2,1,0.3333,7.5501,0.6667,12.2205,9.2405,0.0000,1.0000,2.0000,0,1,1,1,0.2500,1.3333,20,5.0000,0.0606,4,branching,medium,single,4,3,dispersed,medium,3,medium,122912259,50d1246e-ac34-4bb3-9a98-91297d944776,true,,
layoutType,branching,4,3,1.5000,2,1,0.0000,1,0,2,1,0.3333,7.9088,0.6667,14.1330,11.6701,0.0000,1.0000,2.0000,0,1,1,1,0.2500,1.3333,18,4.5000,0.0492,4,branching,medium,single,4,3,dispersed,medium,3,medium,773027171,5c4607ad-0aec-40c4-b782-f1658fad32f3,true,,
layoutType,branching,4,3,1.5000,3,2,0.0000,1,0,2,1,0.3333,9.9537,1.0000,6.0787,2.3443,0.2500,1.5000,3.0000,1,1,0,1,0.5000,1.0000,16,4.0000,0.0598,4,branching,medium,single,4,3,dispersed,medium,3,medium,311056171,523d6e9c-b3e1-4c3d-b262-3e9e382562e0,true,,
layoutType,branching,4,3,1.5000,2,1,0.0000,1,0,2,1,0.3333,8.6142,0.1667,10.3114,2.0033,0.0000,1.0000,2.0000,0,1,1,1,0.2500,1.3333,22,5.5000,0.1022,4,branching,medium,single,4,3,dispersed,medium,3,medium,399978481,f8fb34bd-556c-4a74-a0da-38098bbb8929,true,,
layoutType,branching,4,3,1.5000,2,1,0.0000,1,0,2,1,0.3333,6.8600,1.0000,7.7113,2.2706,0.0000,1.0000,2.0000,0,1,1,1,0.2500,1.3333,19,4.7500,0.0534,4,branching,medium,single,4,3,dispersed,medium,3,medium,504682577,acb8e5e4-d5bc-4167-8aa9-cdd12f62aa8b,true,,
layoutType,branching,4,3,1.5000,3,2,0.0000,1,0,2,1,0.3333,12.1029,0.6667,9.3524,2.8783,0.2500,1.5000,2.0000,1,1,0,1,0.2500,0.6667,14,3.5000,0.0274,4,branching,medium,single,4,3,dispersed,medium,3,medium,839812894,aee99cdc-ed4a-4af8-9804-2b6945cc924c,true,,
layoutType,branching,4,3,1.5000,3,2,0.0000,1,0,2,1,0.3333,9.0915,1.0000,5.7883,2.2570,0.2500,1.5000,3.0000,1,1,0,1,0.5000,1.0000,22,5.5000,0.0845,4,branching,medium,single,4,3,dispersed,medium,3,medium,137943208,cfe37258-95be-48f9-87f5-a824db5c20a4,true,,
layoutType,branching,4,3,1.5000,3,2,0.0000,1,0,2,1,0.3333,11.2328,0.3333,16.8347,3.4214,0.2500,1.5000,2.0000,1,1,0,1,0.2500,0.6667,16,4.0000,0.0451,4,branching,medium,single,4,3,dispersed,medium,3,medium,1446916856,c55f44bc-0934-446f-981c-a88b0346b779,true,,
layoutType,branching,4,3,1.5000,3,2,0.0000,1,0,2,1,0.3333,8.6306,1.0000,5.6784,2.1749,0.2500,1.5000,2.0000,1,1,0,1,0.2500,0.6667,20,5.0000,0.0680,4,branching,medium,single,4,3,dispersed,medium,3,medium,169604605,d19e31ca-9429-4a87-87ea-ab5d40665e86,true,,
layoutType,branching,4,3,1.5000,2,1,0.0000,1,0,2,1,0.3333,8.6064,0.5000,9.7813,2.1335,0.0000,1.0000,2.0000,0,1,1,1,0.2500,1.3333,19,4.7500,0.0743,4,branching,medium,single,4,3,dispersed,medium,3,medium,223297358,d6a3097b-43c9-49d7-9df1-8c0a884e57a0,true,,
layoutType,branching,4,3,1.5000,3,2,0.0000,1,0,2,1,0.3333,9.6583,0.5000,9.7385,2.1868,0.2500,1.5000,3.0000,1,1,0,1,0.5000,1.0000,16,4.0000,0.0410,4,branching,medium,single,4,3,dispersed,medium,3,medium,1913614058,a2b46657-9f3b-46db-9efc-23abaecc1527,true,,
layoutType,branching,4,3,1.5000,3,2,0.0000,1,0,2,1,0.3333,10.2800,0.5000,9.6126,2.6735,0.2500,1.5000,3.0000,1,1,0,1,0.5000,1.0000,18,4.5000,0.0522,4,branching,medium,single,4,3,dispersed,medium,3,medium,2030079634,3f60fbd4-7a10-43a0-998f-071047980474,true,,
layoutType,branching,4,3,1.5000,2,1,0.0000,1,0,2,1,0.3333,8.0367,0.6667,9.7538,2.0517,0.0000,1.0000,2.0000,0,1,1,1,0.2500,1.3333,23,5.7500,0.1046,4,branching,medium,single,4,3,dispersed,medium,3,medium,1474015710,7cce53d2-c63b-42a8-b5c8-f9f9a8de91ed,true,,
layoutType,branching,4,3,1.5000,3,2,0.0000,1,0,2,1,0.3333,10.2887,0.5000,9.5938,2.5015,0.2500,1.5000,3.0000,1,1,0,1,0.5000,1.0000,18,4.5000,0.0575,4,branching,medium,single,4,3,dispersed,medium,3,medium,1237673984,40cf7dff-37fd-4a97-af9e-627229d77941,true,,
layoutType,branching,4,3,1.5000,3,2,0.0000,1,0,2,1,0.3333,9.9078,0.5000,9.0979,2.6305,0.2500,1.5000,2.0000,1,1,0,1,0.2500,0.6667,18,4.5000,0.0656,4,branching,medium,single,4,3,dispersed,medium,3,medium,1098608745,465cec56-d594-4ac3-80cb-22943c5b7a0f,true,,
layoutType,branching,4,3,1.5000,3,2,0.0000,1,0,2,1,0.3333,9.3873,0.8333,5.8881,1.9554,0.2500,1.5000,3.0000,1,1,0,1,0.5000,1.0000,20,5.0000,0.0632,4,branching,medium,single,4,3,dispersed,medium,3,medium,1815724823,ae31359a-676c-4bdf-af6f-2eaecb192788,true,,
layoutType,branching,4,3,1.5000,3,2,0.0000,1,0,2,1,0.3333,9.6425,1.0000,6.0413,2.1235,0.2500,1.5000,3.0000,1,1,0,1,0.5000,1.0000,21,5.2500,0.0813,4,branching,medium,single,4,3,dispersed,medium,3,medium,219090490,e71de9b0-d974-452e-9bb7-5d0f6bd854b9,true,,
layoutType,branching,4,3,1.5000,3,2,0.0000,1,0,2,1,0.3333,11.9153,1.0000,4.8508,1.7447,0.2500,1.5000,3.0000,1,1,0,1,0.5000,1.0000,15,3.7500,0.0427,4,branching,medium,single,4,3,dispersed,medium,3,medium,427365822,e6612ee9-83ca-4c24-93a3-c26037e9276a,true,,
layoutType,branching,4,3,1.5000,3,2,0.0000,1,0,2,1,0.3333,12.2895,0.5000,11.8883,2.6220,0.2500,1.5000,3.0000,1,1,0,1,0.5000,1.0000,18,4.5000,0.0591,4,branching,medium,single,4,3,dispersed,medium,3,medium,848103271,69d6d28b-e2d3-450a-a033-348664f5211b,true,,
layoutType,branching,4,3,1.5000,3,2,0.0000,1,0,2,1,0.3333,12.1289,1.0000,5.6123,3.0132,0.2500,1.5000,3.0000,1,1,0,1,0.5000,1.0000,18,4.5000,0.0561,4,branching,medium,single,4,3,dispersed,medium,3,medium,1540403783,7ccc92bb-27aa-4a7e-9b58-bd237601e472,true,,
layoutType,branching,4,3,1.5000,2,1,0.0000,1,0,2,1,0.3333,7.9960,0.6667,8.1758,2.6220,0.0000,1.0000,2.0000,0,1,1,1,0.2500,1.3333,23,5.7500,0.0784,4,branching,medium,single,4,3,dispersed,medium,3,medium,167394426,561152ee-f48c-489c-b50c-edcde61893aa,true,,
layoutType,branching,4,3,1.5000,3,2,0.0000,1,0,2,1,0.3333,11.7949,0.3333,12.6519,2.5671,0.2500,1.5000,2.0000,1,1,0,1,0.2500,0.6667,20,5.0000,0.0784,4,branching,medium,single,4,3,dispersed,medium,3,medium,223402476,5af82c71-cdd6-41e0-a90b-274db8ddce99,true,,
layoutType,branching,4,3,1.5000,3,2,0.0000,1,0,2,1,0.3333,10.1062,0.8333,6.8166,2.7413,0.2500,1.5000,3.0000,1,1,0,1,0.5000,1.0000,17,4.2500,0.0535,4,branching,medium,single,4,3,dispersed,medium,3,medium,942148823,8b1a0661-f598-40ec-85a2-315e10c446a9,true,,
layoutType,branching,4,3,1.5000,3,2,0.0000,1,0,2,1,0.3333,9.6618,0.3333,12.5983,2.5691,0.2500,1.5000,2.0000,1,1,0,1,0.2500,0.6667,16,4.0000,0.0675,4,branching,medium,single,4,3,dispersed,medium,3,medium,84819858,9f80b7f3-06d3-4226-af2f-c2920ebadebb,true,,
layoutType,branching,4,3,1.5000,3,2,0.0000,1,0,2,1,0.3333,9.5770,0.6667,9.8865,2.6809,0.2500,1.5000,3.0000,1,1,0,1,0.5000,1.0000,17,4.2500,0.0567,4,branching,medium,single,4,3,dispersed,medium,3,medium,644042049,467d458f-2eb6-4a45-9101-08c35fc59666,true,,
layoutType,branching,4,3,1.5000,2,1,0.0000,1,0,2,1,0.3333,7.1030,1.0000,8.4778,3.3203,0.0000,1.0000,2.0000,0,1,1,1,0.2500,1.3333,21,5.2500,0.0632,4,branching,medium,single,4,3,dispersed,medium,3,medium,1642067023,d432b1ae-7044-44ba-abe4-90146e4cc182,true,,
layoutType,branching,4,3,1.5000,3,2,0.0000,1,0,2,1,0.3333,9.2424,1.0000,6.4492,2.4450,0.2500,1.5000,2.0000,1,1,0,1,0.2500,0.6667,16,4.0000,0.0474,4,branching,medium,single,4,3,dispersed,medium,3,medium,767255887,1b7c7376-5809-4e8e-86f2-722c0e51dd10,true,,
layoutType,branching,4,3,1.5000,2,1,0.0000,1,0,2,1,0.3333,7.9597,0.5000,11.9327,11.3554,0.0000,1.0000,2.0000,0,1,1,1,0.2500,1.3333,22,5.5000,0.0768,4,branching,medium,single,4,3,dispersed,medium,3,medium,483732799,1aab56d9-7366-4bf4-a772-86c44480a25d,true,,
layoutType,branching,4,3,1.5000,2,1,0.0000,1,0,2,1,0.3333,8.8159,0.8333,5.4581,2.0786,0.0000,1.0000,2.0000,0,1,1,1,0.2500,1.3333,25,6.2500,0.0898,4,branching,medium,single,4,3,dispersed,medium,3,medium,2128967399,0881d868-f137-4823-827b-87d4f40107cc,true,,
layoutType,branching,4,3,1.5000,2,1,0.0000,1,0,2,1,0.3333,8.2388,0.6667,9.8193,2.2527,0.0000,1.0000,2.0000,0,1,1,1,0.2500,1.3333,27,6.7500,0.1270,4,branching,medium,single,4,3,dispersed,medium,3,medium,266412301,4c25be34-71e2-491c-882d-cfefd55bbf34,true,,
layoutType,branching,4,3,1.5000,3,2,0.0000,1,0,2,1,0.3333,10.0497,1.0000,6.6362,2.6195,0.2500,1.5000,3.0000,1,1,0,1,0.5000,1.0000,21,5.2500,0.0896,4,branching,medium,single,4,3,dispersed,medium,3,medium,800447060,2619e71a-145a-466a-b9c5-0cd2cd21ff57,true,,
layoutType,branching,4,3,1.5000,3,2,0.0000,1,0,2,1,0.3333,9.2894,0.5000,8.9725,2.3173,0.2500,1.5000,2.0000,1,1,0,1,0.2500,0.6667,18,4.5000,0.0745,4,branching,medium,single,4,3,dispersed,medium,3,medium,1370792787,230cf841-87cb-49c6-a938-1f00d9f84c57,true,,
layoutType,branching,4,3,1.5000,3,2,0.0000,1,0,2,1,0.3333,10.1827,0.3333,12.3930,2.5166,0.2500,1.5000,2.0000,1,1,0,1,0.2500,0.6667,17,4.2500,0.0540,4,branching,medium,single,4,3,dispersed,medium,3,medium,1309405070,34f2a983-52cb-4b50-9c1a-845767d278a2,true,,
layoutType,branching,4,3,1.5000,3,2,0.0000,1,0,2,1,0.3333,10.7530,1.0000,6.7569,2.7487,0.2500,1.5000,3.0000,1,1,0,1,0.5000,1.0000,20,5.0000,0.0634,4,branching,medium,single,4,3,dispersed,medium,3,medium,718258497,8f4e0c7f-6092-46d2-afce-b35b5eb0689a,true,,
layoutType,branching,4,3,1.5000,3,2,0.0000,1,0,2,1,0.3333,10.4589,0.5000,9.2757,2.0213,0.2500,1.5000,2.0000,1,1,0,1,0.2500,0.6667,19,4.7500,0.0645,4,branching,medium,single,4,3,dispersed,medium,3,medium,1827217134,6f7a048b-6df7-4fe0-a1d6-fefdd3bd6c43,true,,
layoutType,branching,4,3,1.5000,2,1,0.0000,1,0,2,1,0.3333,8.0872,0.6667,10.0849,2.4215,0.0000,1.0000,2.0000,0,1,1,1,0.2500,1.3333,19,4.7500,0.0638,4,branching,medium,single,4,3,dispersed,medium,3,medium,2082154122,d3933236-0ef5-4273-aa30-2e977f0c7df3,true,,
layoutType,branching,4,3,1.5000,2,1,0.0000,1,0,2,1,0.3333,9.1003,0.8333,5.4927,2.2246,0.0000,1.0000,2.0000,0,1,1,1,0.2500,1.3333,21,5.2500,0.0790,4,branching,medium,single,4,3,dispersed,medium,3,medium,768163325,8f4771b6-44fd-4f2e-b0f3-cc7de84e6d0f,true,,
layoutType,branching,4,3,1.5000,3,2,0.0000,1,0,2,1,0.3333,11.7852,1.0000,6.3723,2.3097,0.2500,1.5000,3.0000,1,1,0,1,0.5000,1.0000,14,3.5000,0.0453,4,branching,medium,single,4,3,dispersed,medium,3,medium,204161870,5ee75e94-4a2a-4f3c-83b7-fa60a8f217c4,true,,
layoutType,branching,4,3,1.5000,3,2,0.0000,1,0,2,1,0.3333,10.0813,0.5000,9.3912,2.0144,0.2500,1.5000,2.0000,1,1,0,1,0.2500,0.6667,22,5.5000,0.1016,4,branching,medium,single,4,3,dispersed,medium,3,medium,974999680,36d6e2de-633a-448f-b8b5-de51fc55d798,true,,
layoutType,branching,4,3,1.5000,3,2,0.0000,1,0,2,1,0.3333,9.2923,0.5000,9.2266,1.8687,0.2500,1.5000,2.0000,1,1,0,1,0.2500,0.6667,16,4.0000,0.0412,4,branching,medium,single,4,3,dispersed,medium,3,medium,438378040,1ab30e15-b75b-4183-aed1-ccf90b10f13b,true,,
layoutType,branching,4,3,1.5000,3,2,0.0000,1,0,2,1,0.3333,9.9440,1.0000,6.3739,2.6324,0.2500,1.5000,3.0000,1,1,0,1,0.5000,1.0000,17,4.2500,0.0534,4,branching,medium,single,4,3,dispersed,medium,3,medium,1929929172,9e9e3f62-f402-4a44-99f2-349e95470ff3,true,,
layoutType,branching,4,3,1.5000,2,1,0.0000,1,0,2,1,0.3333,7.5121,0.6667,9.8942,2.4900,0.0000,1.0000,2.0000,0,1,1,1,0.2500,1.3333,21,5.2500,0.0758,4,branching,medium,single,4,3,dispersed,medium,3,medium,1860529016,9224a98c-5b88-4f12-a3ee-d331b91641d9,true,,
layoutType,hub_and_spoke,4,3,1.5000,2,1,0.0000,1,0,2,1,0.3333,7.6705,0.3333,11.8511,2.5446,0.0000,1.0000,2.0000,0,1,1,1,0.2500,1.3333,19,4.7500,0.0845,4,hub_and_spoke,medium,single,4,3,dispersed,medium,3,medium,1431975736,85f878d1-f09e-40a2-901a-35b9ebaff666,true,,
layoutType,hub_and_spoke,4,3,1.5000,2,1,0.0000,1,0,2,1,0.3333,8.7103,0.3333,11.8157,3.5243,0.0000,1.0000,2.0000,0,1,1,1,0.2500,1.3333,18,4.5000,0.0544,4,hub_and_spoke,medium,single,4,3,dispersed,medium,3,medium,2018252380,6521740b-7ec8-43ec-b6e2-ff3d25f3eeae,true,,
layoutType,hub_and_spoke,4,3,1.5000,2,1,0.0000,1,0,2,1,0.3333,8.0952,0.6667,8.0402,2.0624,0.0000,1.0000,2.0000,0,1,1,1,0.2500,1.3333,27,6.7500,0.0930,4,hub_and_spoke,medium,single,4,3,dispersed,medium,3,medium,1055119343,8d29ded4-c6e8-49f5-8a9c-a446f420fcf7,true,,
layoutType,hub_and_spoke,4,3,1.5000,2,1,0.0000,1,0,2,1,0.3333,7.6002,0.8333,8.5970,3.2739,0.0000,1.0000,2.0000,0,1,1,1,0.2500,1.3333,23,5.7500,0.1142,4,hub_and_spoke,medium,single,4,3,dispersed,medium,3,medium,2122261477,cff6a8a0-3ac1-4b68-af1b-9dcfe9fc2124,true,,
layoutType,hub_and_spoke,4,3,1.5000,2,1,0.0000,1,0,2,1,0.3333,7.4919,0.5000,7.0070,1.9426,0.0000,1.0000,2.0000,0,1,1,1,0.2500,1.3333,23,5.7500,0.0875,4,hub_and_spoke,medium,single,4,3,dispersed,medium,3,medium,1301583227,9572bce0-a7d3-4acd-9ced-3846900d9877,true,,
layoutType,hub_and_spoke,4,3,1.5000,2,1,0.0000,1,0,2,1,0.3333,8.4674,0.5000,10.0737,3.0209,0.0000,1.0000,2.0000,0,1,1,1,0.2500,1.3333,18,4.5000,0.0509,4,hub_and_spoke,medium,single,4,3,dispersed,medium,3,medium,765511594,de2ef802-d33c-4e55-b3af-597b5b396c3d,true,,
layoutType,hub_and_spoke,4,3,1.5000,2,1,0.0000,1,0,2,1,0.3333,7.5790,0.8333,11.6069,9.8850,0.0000,1.0000,2.0000,0,1,1,1,0.2500,1.3333,21,5.2500,0.1040,4,hub_and_spoke,medium,single,4,3,dispersed,medium,3,medium,1205638849,2a81ebdf-123b-405b-a024-6b9b50659352,true,,
layoutType,hub_and_spoke,4,3,1.5000,2,1,0.0000,1,0,2,1,0.3333,7.8892,0.3333,11.3349,2.2550,0.0000,1.0000,2.0000,0,1,1,1,0.2500,1.3333,23,5.7500,0.1005,4,hub_and_spoke,medium,single,4,3,dispersed,medium,3,medium,1265991176,373589e1-41f4-445a-885a-f23ed08bed04,true,,
layoutType,hub_and_spoke,4,3,1.5000,2,1,0.0000,1,0,2,1,0.3333,7.4850,0.8333,12.1457,8.9821,0.0000,1.0000,2.0000,0,1,1,1,0.2500,1.3333,25,6.2500,0.1181,4,hub_and_spoke,medium,single,4,3,dispersed,medium,3,medium,647846101,1eb1a91d-0869-41f5-b10f-9df4896904e8,true,,
layoutType,hub_and_spoke,4,3,1.5000,2,1,0.0000,1,0,2,1,0.3333,8.0453,0.5000,7.0866,2.0828,0.0000,1.0000,2.0000,0,1,1,1,0.2500,1.3333,23,5.7500,0.1008,4,hub_and_spoke,medium,single,4,3,dispersed,medium,3,medium,1899732613,5827984d-57cb-4a37-bc21-7466422ec610,true,,
layoutType,hub_and_spoke,4,3,1.5000,2,1,0.0000,1,0,2,1,0.3333,7.2605,0.6667,9.4741,1.7314,0.0000,1.0000,2.0000,0,1,1,1,0.2500,1.3333,23,5.7500,0.0839,4,hub_and_spoke,medium,single,4,3,dispersed,medium,3,medium,1093094293,f48af454-b623-428a-b4ad-a9ed0ff16c17,true,,
layoutType,hub_and_spoke,4,3,1.5000,2,1,0.0000,1,0,2,1,0.3333,7.3884,0.8333,12.2496,10.1812,0.0000,1.0000,2.0000,0,1,1,1,0.2500,1.3333,23,5.7500,0.0988,4,hub_and_spoke,medium,single,4,3,dispersed,medium,3,medium,1063310001,172f4978-7c1b-48e5-b274-dcda155925d0,true,,
layoutType,hub_and_spoke,4,3,1.5000,2,1,0.0000,1,0,2,1,0.3333,8.5559,0.3333,11.5174,2.3578,0.0000,1.0000,2.0000,0,1,1,1,0.2500,1.3333,16,4.0000,0.0437,4,hub_and_spoke,medium,single,4,3,dispersed,medium,3,medium,105222402,7d3b1572-6603-4120-892d-881fc68cb289,true,,
layoutType,hub_and_spoke,4,3,1.5000,2,1,0.0000,1,0,2,1,0.3333,8.0989,0.5000,12.0131,11.5237,0.0000,1.0000,2.0000,0,1,1,1,0.2500,1.3333,26,6.5000,0.0943,4,hub_and_spoke,medium,single,4,3,dispersed,medium,3,medium,2046993430,767245ad-5ace-41b8-8497-7be973b089f5,true,,
layoutType,hub_and_spoke,4,3,1.5000,2,1,0.0000,1,0,2,1,0.3333,8.7084,1.0000,5.2729,1.7746,0.0000,1.0000,2.0000,0,1,1,1,0.2500,1.3333,22,5.5000,0.0798,4,hub_and_spoke,medium,single,4,3,dispersed,medium,3,medium,1978361995,892d2b46-8c47-4530-96e5-8fc42346a822,true,,
layoutType,hub_and_spoke,4,3,1.5000,2,1,0.0000,1,0,2,1,0.3333,9.3055,0.5000,8.6624,1.8937,0.0000,1.0000,2.0000,0,1,1,1,0.2500,1.3333,18,4.5000,0.0498,4,hub_and_spoke,medium,single,4,3,dispersed,medium,3,medium,226236313,03d8761f-8f02-46e0-88d9-e8528791e002,true,,
layoutType,hub_and_spoke,4,3,1.5000,2,1,0.0000,1,0,2,1,0.3333,8.9423,0.5000,9.4544,3.0083,0.0000,1.0000,2.0000,0,1,1,1,0.2500,1.3333,24,6.0000,0.0914,4,hub_and_spoke,medium,single,4,3,dispersed,medium,3,medium,1903420079,606493e4-7a5f-4276-8c39-135974a442fc,true,,
layoutType,hub_and_spoke,4,3,1.5000,2,1,0.0000,1,0,2,1,0.3333,8.5305,0.6667,8.7111,3.6075,0.0000,1.0000,2.0000,0,1,1,1,0.2500,1.3333,23,5.7500,0.0711,4,hub_and_spoke,medium,single,4,3,dispersed,medium,3,medium,1010099201,bc8ca95b-acb0-4b64-afab-14a552fe596c,true,,
layoutType,hub_and_spoke,4,3,1.5000,2,1,0.0000,1,0,2,1,0.3333,7.5014,0.3333,11.1653,1.9046,0.0000,1.0000,2.0000,0,1,1,1,0.2500,1.3333,21,5.2500,0.0718,4,hub_and_spoke,medium,single,4,3,dispersed,medium,3,medium,72557007,c1ccb074-48e7-4d66-bb8d-b91a767c822d,true,,
layoutType,hub_and_spoke,4,3,1.5000,2,1,0.0000,1,0,2,1,0.3333,8.5989,0.5000,10.0597,3.0388,0.0000,1.0000,2.0000,0,1,1,1,0.2500,1.3333,18,4.5000,0.0569,4,hub_and_spoke,medium,single,4,3,dispersed,medium,3,medium,1801694056,a7db44b5-6786-4d92-a8bd-0744e6151cbd,true,,
layoutType,hub_and_spoke,4,3,1.5000,2,1,0.0000,1,0,2,1,0.3333,7.5016,0.5000,9.7192,3.1811,0.0000,1.0000,2.0000,0,1,1,1,0.2500,1.3333,25,6.2500,0.0832,4,hub_and_spoke,medium,single,4,3,dispersed,medium,3,medium,1465433104,5f853b86-c6a3-4d9d-b64b-c54292e38235,true,,
layoutType,hub_and_spoke,4,3,1.5000,2,1,0.0000,1,0,2,1,0.3333,8.5651,1.0000,10.8365,9.3368,0.0000,1.0000,2.0000,0,1,1,1,0.2500,1.3333,23,5.7500,0.0855,4,hub_and_spoke,medium,single,4,3,dispersed,medium,3,medium,2050675951,ca9732d3-c71d-4d67-9851-8c4bf6f96a78,true,,
layoutType,hub_and_spoke,4,3,1.5000,2,1,0.0000,1,0,2,1,0.3333,8.5976,0.8333,5.6823,2.0823,0.0000,1.0000,2.0000,0,1,1,1,0.2500,1.3333,23,5.7500,0.0665,4,hub_and_spoke,medium,single,4,3,dispersed,medium,3,medium,1570333945,37a3f1ba-8016-40b7-acb0-767c42fd7c36,true,,
layoutType,hub_and_spoke,4,3,1.5000,2,1,0.0000,1,0,2,1,0.3333,8.6984,0.5000,12.3160,11.6249,0.0000,1.0000,2.0000,0,1,1,1,0.2500,1.3333,24,6.0000,0.0772,4,hub_and_spoke,medium,single,4,3,dispersed,medium,3,medium,542821271,fbc952eb-542e-46d3-b12c-dcebcb3c27a7,true,,
layoutType,hub_and_spoke,4,3,1.5000,2,1,0.0000,1,0,2,1,0.3333,8.8246,0.3333,12.5500,2.3524,0.0000,1.0000,2.0000,0,1,1,1,0.2500,1.3333,20,5.0000,0.0567,4,hub_and_spoke,medium,single,4,3,dispersed,medium,3,medium,720674564,e47bcff0-f741-41f4-a780-71dc6a7fad11,true,,
layoutType,hub_and_spoke,4,3,1.5000,2,1,0.0000,1,0,2,1,0.3333,8.5502,0.5000,13.7511,11.5402,0.0000,1.0000,2.0000,0,1,1,1,0.2500,1.3333,21,5.2500,0.0623,4,hub_and_spoke,medium,single,4,3,dispersed,medium,3,medium,755757213,88068a27-0dc5-45b5-8e3a-7b6e4671d0cc,true,,
layoutType,hub_and_spoke,4,3,1.5000,2,1,0.0000,1,0,2,1,0.3333,7.9081,0.6667,10.0390,2.2293,0.0000,1.0000,2.0000,0,1,1,1,0.2500,1.3333,27,6.7500,0.1073,4,hub_and_spoke,medium,single,4,3,dispersed,medium,3,medium,1557940497,1fd0fe53-3b50-4dcc-84d5-fab47877a4b8,true,,
layoutType,hub_and_spoke,4,3,1.5000,2,1,0.0000,1,0,2,1,0.3333,8.5169,0.5000,9.9130,3.2587,0.0000,1.0000,2.0000,0,1,1,1,0.2500,1.3333,27,6.7500,0.0928,4,hub_and_spoke,medium,single,4,3,dispersed,medium,3,medium,1163938270,62dd519a-3ff7-4b74-ad76-76e20edd378a,true,,
layoutType,hub_and_spoke,4,3,1.5000,2,1,0.0000,1,0,2,1,0.3333,7.5764,0.6667,14.0770,11.7994,0.0000,1.0000,2.0000,0,1,1,1,0.2500,1.3333,20,5.0000,0.0558,4,hub_and_spoke,medium,single,4,3,dispersed,medium,3,medium,1047561498,a18e21bd-b5bf-4ee1-9c75-58737c80fed7,true,,
layoutType,hub_and_spoke,4,3,1.5000,2,1,0.0000,1,0,2,1,0.3333,8.3214,0.6667,9.2423,2.6182,0.0000,1.0000,2.0000,0,1,1,1,0.2500,1.3333,23,5.7500,0.0828,4,hub_and_spoke,medium,single,4,3,dispersed,medium,3,medium,14928620,879acabc-880a-4ffe-900c-db71b7d29743,true,,
layoutType,hub_and_spoke,4,3,1.5000,2,1,0.0000,1,0,2,1,0.3333,7.0893,1.0000,8.0611,2.5189,0.0000,1.0000,2.0000,0,1,1,1,0.2500,1.3333,20,5.0000,0.0700,4,hub_and_spoke,medium,single,4,3,dispersed,medium,3,medium,1599849789,bd0f64d6-1344-4cbb-b155-d426e01da100,true,,
layoutType,hub_and_spoke,4,3,1.5000,2,1,0.0000,1,0,2,1,0.3333,8.2360,0.6667,8.1791,2.8308,0.0000,1.0000,2.0000,0,1,1,1,0.2500,1.3333,23,5.7500,0.0780,4,hub_and_spoke,medium,single,4,3,dispersed,medium,3,medium,409725231,f614abe1-edea-42b6-884a-c6e705203f04,true,,
layoutType,hub_and_spoke,4,3,1.5000,2,1,0.0000,1,0,2,1,0.3333,7.9171,0.5000,9.9763,2.3467,0.0000,1.0000,2.0000,0,1,1,1,0.2500,1.3333,21,5.2500,0.0782,4,hub_and_spoke,medium,single,4,3,dispersed,medium,3,medium,1757958258,db3ff84b-0d3e-4a9c-b5ad-22c232d349fd,true,,
layoutType,hub_and_spoke,4,3,1.5000,2,1,0.0000,1,0,2,1,0.3333,8.0490,0.6667,7.9644,3.1736,0.0000,1.0000,2.0000,0,1,1,1,0.2500,1.3333,19,4.7500,0.0695,4,hub_and_spoke,medium,single,4,3,dispersed,medium,3,medium,454349057,29f9cf40-becf-4340-8668-57eef4fe2a4a,true,,
layoutType,hub_and_spoke,4,3,1.5000,2,1,0.0000,1,0,2,1,0.3333,8.4338,0.5000,14.8910,10.8240,0.0000,1.0000,2.0000,0,1,1,1,0.2500,1.3333,18,4.5000,0.0646,4,hub_and_spoke,medium,single,4,3,dispersed,medium,3,medium,938910387,f6d067a8-63e4-40d0-b34b-00ad15b3d7ff,true,,
layoutType,hub_and_spoke,4,3,1.5000,2,1,0.0000,1,0,2,1,0.3333,8.1191,0.5000,15.8237,13.6139,0.0000,1.0000,2.0000,0,1,1,1,0.2500,1.3333,17,4.2500,0.0465,4,hub_and_spoke,medium,single,4,3,dispersed,medium,3,medium,1071380090,7e81951a-9711-409a-843a-22ade84aa50d,true,,
layoutType,hub_and_spoke,4,3,1.5000,2,1,0.0000,1,0,2,1,0.3333,7.6879,0.3333,10.7097,3.0162,0.0000,1.0000,2.0000,0,1,1,1,0.2500,1.3333,22,5.5000,0.0891,4,hub_and_spoke,medium,single,4,3,dispersed,medium,3,medium,1177184162,2ea6fdb9-5634-4f8b-ac5d-63a0d118d03b,true,,
layoutType,hub_and_spoke,4,3,1.5000,2,1,0.0000,1,0,2,1,0.3333,8.1015,0.5000,14.5669,11.0723,0.0000,1.0000,2.0000,0,1,1,1,0.2500,1.3333,27,6.7500,0.1262,4,hub_and_spoke,medium,single,4,3,dispersed,medium,3,medium,669264219,fd10f0d8-31d9-4a95-9bb4-9f328eaa82a9,true,,
layoutType,hub_and_spoke,4,3,1.5000,2,1,0.0000,1,0,2,1,0.3333,8.0265,0.8333,5.4365,2.6785,0.0000,1.0000,2.0000,0,1,1,1,0.2500,1.3333,22,5.5000,0.0613,4,hub_and_spoke,medium,single,4,3,dispersed,medium,3,medium,340483796,9bad0ab2-7dab-4ed7-9e8b-fd8945452ac4,true,,
layoutType,hub_and_spoke,4,3,1.5000,2,1,0.0000,1,0,2,1,0.3333,8.2219,0.5000,16.2777,15.6553,0.0000,1.0000,2.0000,0,1,1,1,0.2500,1.3333,19,4.7500,0.0569,4,hub_and_spoke,medium,single,4,3,dispersed,medium,3,medium,1744293,af0ef4d2-0f14-483f-87ed-6f2db53ee718,true,,
layoutType,hub_and_spoke,4,3,1.5000,2,1,0.0000,1,0,2,1,0.3333,8.4585,0.5000,12.6285,11.7963,0.0000,1.0000,2.0000,0,1,1,1,0.2500,1.3333,25,6.2500,0.0793,4,hub_and_spoke,medium,single,4,3,dispersed,medium,3,medium,1425577597,29850424-506c-47c2-82e1-e363e77f6123,true,,
layoutType,hub_and_spoke,4,3,1.5000,2,1,0.0000,1,0,2,1,0.3333,7.5099,0.8333,8.5126,2.2541,0.0000,1.0000,2.0000,0,1,1,1,0.2500,1.3333,20,5.0000,0.0557,4,hub_and_spoke,medium,single,4,3,dispersed,medium,3,medium,862976223,0630d5fb-0094-43d4-9f5c-f5e030c13852,true,,
layoutType,hub_and_spoke,4,3,1.5000,2,1,0.0000,1,0,2,1,0.3333,8.5960,0.8333,5.4655,2.4836,0.0000,1.0000,2.0000,0,1,1,1,0.2500,1.3333,21,5.2500,0.0874,4,hub_and_spoke,medium,single,4,3,dispersed,medium,3,medium,1766049847,882a5d78-6f94-45ac-a8a8-7d4495039f26,true,,
layoutType,hub_and_spoke,4,3,1.5000,2,1,0.0000,1,0,2,1,0.3333,7.7213,0.5000,14.0760,10.9030,0.0000,1.0000,2.0000,0,1,1,1,0.2500,1.3333,20,5.0000,0.0887,4,hub_and_spoke,medium,single,4,3,dispersed,medium,3,medium,1048198094,07ece3b6-10be-4053-8702-17281bf55a77,true,,
layoutType,hub_and_spoke,4,3,1.5000,2,1,0.0000,1,0,2,1,0.3333,7.3544,0.6667,10.5654,9.7233,0.0000,1.0000,2.0000,0,1,1,1,0.2500,1.3333,19,4.7500,0.0636,4,hub_and_spoke,medium,single,4,3,dispersed,medium,3,medium,277698494,68037955-6a5f-4804-b124-6481c938467f,true,,
layoutType,hub_and_spoke,4,3,1.5000,2,1,0.0000,1,0,2,1,0.3333,7.8650,0.6667,9.5476,1.9758,0.0000,1.0000,2.0000,0,1,1,1,0.2500,1.3333,19,4.7500,0.0525,4,hub_and_spoke,medium,single,4,3,dispersed,medium,3,medium,246095069,0d0b6ce6-72c3-49b4-8243-e07dd58b93d6,true,,
layoutType,hub_and_spoke,4,3,1.5000,2,1,0.0000,1,0,2,1,0.3333,8.6650,0.6667,5.2925,1.9188,0.0000,1.0000,2.0000,0,1,1,1,0.2500,1.3333,18,4.5000,0.0648,4,hub_and_spoke,medium,single,4,3,dispersed,medium,3,medium,613036095,fb6e9291-a86a-4a11-abef-280798072de7,true,,
layoutType,hub_and_spoke,4,3,1.5000,2,1,0.0000,1,0,2,1,0.3333,8.3993,0.6667,12.3075,11.4743,0.0000,1.0000,2.0000,0,1,1,1,0.2500,1.3333,22,5.5000,0.0673,4,hub_and_spoke,medium,single,4,3,dispersed,medium,3,medium,1927707351,91d1bd0d-74c0-4981-be88-bca700314829,true,,
layoutType,hub_and_spoke,4,3,1.5000,2,1,0.0000,1,0,2,1,0.3333,8.5777,0.5000,8.6599,3.2083,0.0000,1.0000,2.0000,0,1,1,1,0.2500,1.3333,19,4.7500,0.0728,4,hub_and_spoke,medium,single,4,3,dispersed,medium,3,medium,103792127,9776102f-8d75-48d8-9091-31dc9ae4ab4c,true,,
layoutType,hub_and_spoke,4,3,1.5000,2,1,0.0000,1,0,2,1,0.3333,9.0116,0.5000,17.1413,15.3854,0.0000,1.0000,2.0000,0,1,1,1,0.2500,1.3333,22,5.5000,0.0766,4,hub_and_spoke,medium,single,4,3,dispersed,medium,3,medium,541927012,e1b90a3c-a8c0-4cf7-8fe5-0b853383c68e,true,,
layoutType,loop,4,4,2.0000,2,2,0.2500,1,0,4,0,0.0000,9.5540,1.0000,5.6740,2.1009,0.2500,1.5000,3.0000,1,1,0,1,0.5000,1.0000,13,3.2500,0.0379,4,loop,medium,single,4,3,dispersed,medium,3,medium,448225438,f81f11f3-67b8-43b3-8dea-c373be1610d4,true,,
layoutType,loop,4,4,2.0000,2,2,0.2500,1,1,3,0,0.0000,9.7450,1.0000,6.4652,2.0812,0.2500,1.5000,3.0000,1,1,0,1,0.5000,1.0000,11,2.7500,0.0325,4,loop,medium,single,4,3,dispersed,medium,3,medium,2112384126,4f6f4814-b58b-4836-bcaa-fd67edd83695,true,,
layoutType,loop,4,4,2.0000,2,2,0.2500,1,1,3,0,0.0000,12.3454,1.0000,5.8939,2.4774,0.2500,1.5000,3.0000,1,1,0,1,0.5000,1.0000,14,3.5000,0.0563,4,loop,medium,single,4,3,dispersed,medium,3,medium,365821033,56495a5a-e399-403e-8b29-0bac3940d8ca,true,,
layoutType,loop,4,4,2.0000,2,2,0.2500,1,1,3,0,0.0000,9.9875,0.8333,6.1309,2.6977,0.2500,1.5000,3.0000,1,1,0,1,0.5000,1.0000,11,2.7500,0.0330,4,loop,medium,single,4,3,dispersed,medium,3,medium,128235116,1a44f867-3426-49c2-ad2b-f359b6618f95,true,,
layoutType,loop,4,4,2.0000,2,2,0.2500,1,1,3,0,0.0000,10.3553,1.0000,6.3012,1.9560,0.2500,1.5000,3.0000,1,1,0,1,0.5000,1.0000,12,3.0000,0.0403,4,loop,medium,single,4,3,dispersed,medium,3,medium,395095912,dcf81e3b-e158-4019-a518-d65228738565,true,,
layoutType,loop,4,4,2.0000,2,2,0.2500,1,0,4,0,0.0000,9.9079,0.5000,8.9834,2.0858,0.2500,1.5000,3.0000,1,1,0,1,0.5000,1.0000,13,3.2500,0.0498,4,loop,medium,single,4,3,dispersed,medium,3,medium,1528783432,e2a479a0-a58c-43d9-bf7f-0d1cf0bc75d5,true,,
layoutType,loop,4,4,2.0000,2,2,0.2500,1,1,3,0,0.0000,9.9513,0.5000,9.1299,2.6343,0.2500,1.5000,3.0000,1,1,0,1,0.5000,1.0000,12,3.0000,0.0357,4,loop,medium,single,4,3,dispersed,medium,3,medium,447918435,d00afc27-971d-4e2a-a59d-278b0d64a6ce,true,,
layoutType,loop,4,4,2.0000,2,2,0.2500,1,1,3,0,0.0000,8.8901,0.5000,9.3561,2.5426,0.2500,1.5000,3.0000,1,1,0,1,0.5000,1.0000,15,3.7500,0.0598,4,loop,medium,single,4,3,dispersed,medium,3,medium,512298072,73dcc0dd-10da-4cf6-b39c-4d55b4da67a0,true,,
layoutType,loop,4,4,2.0000,2,2,0.2500,1,1,3,0,0.0000,12.1501,1.0000,6.2556,2.3475,0.2500,1.5000,3.0000,1,1,0,1,0.5000,1.0000,11,2.7500,0.0410,4,loop,medium,single,4,3,dispersed,medium,3,medium,1401586913,d28a5fbe-e82f-4425-8530-2e0c5f82dd4a,true,,
layoutType,loop,4,4,2.0000,2,2,0.2500,1,0,4,0,0.0000,10.1833,0.5000,9.4946,2.5508,0.2500,1.5000,3.0000,1,1,0,1,0.5000,1.0000,12,3.0000,0.0358,4,loop,medium,single,4,3,dispersed,medium,3,medium,545826014,ae27ceb0-4ade-4c2b-9fa4-0ec8d7773c20,true,,
layoutType,loop,4,4,2.0000,2,2,0.2500,1,0,4,0,0.0000,11.9234,1.0000,6.2243,2.1347,0.2500,1.5000,3.0000,1,1,0,1,0.5000,1.0000,11,2.7500,0.0467,4,loop,medium,single,4,3,dispersed,medium,3,medium,1355054744,05c0555f-2ce9-4c7c-8d42-20e661f52b26,true,,
layoutType,loop,4,4,2.0000,2,2,0.2500,1,1,3,0,0.0000,10.3393,1.0000,6.5196,2.1217,0.2500,1.5000,3.0000,1,1,0,1,0.5000,1.0000,15,3.7500,0.0578,4,loop,medium,single,4,3,dispersed,medium,3,medium,41700579,22a59d47-ec7c-4ece-9aa3-5f9420d6dd86,true,,
layoutType,loop,4,4,2.0000,2,2,0.2500,1,2,2,0,0.0000,9.6019,1.0000,5.3669,2.4887,0.2500,1.5000,3.0000,1,1,0,1,0.5000,1.0000,12,3.0000,0.0560,4,loop,medium,single,4,3,dispersed,medium,3,medium,218429678,7fcd3078-00e6-4957-98ad-534ae751d999,true,,
layoutType,loop,4,4,2.0000,2,2,0.2500,1,0,4,0,0.0000,10.9673,0.3333,16.3013,3.3270,0.2500,1.5000,3.0000,1,1,0,1,0.5000,1.0000,11,2.7500,0.0320,4,loop,medium,single,4,3,dispersed,medium,3,medium,632917481,01ddd948-c4b0-48c0-aaba-4f411f6a422d,true,,
layoutType,loop,4,4,2.0000,2,2,0.2500,1,0,4,0,0.0000,9.2155,0.6667,9.3562,2.6751,0.2500,1.5000,3.0000,1,1,0,1,0.5000,1.0000,11,2.7500,0.0553,4,loop,medium,single,4,3,dispersed,medium,3,medium,299882824,48acfea7-195a-4080-9d9a-92515fbf8a4a,true,,
layoutType,loop,4,4,2.0000,2,2,0.2500,1,0,4,0,0.0000,10.2402,0.6667,9.1710,1.8709,0.2500,1.5000,3.0000,1,1,0,1,0.5000,1.0000,15,3.7500,0.0470,4,loop,medium,single,4,3,dispersed,medium,3,medium,683369062,b86e8d30-8cf4-44e8-92ce-82eef1b2e36d,true,,
layoutType,loop,4,4,2.0000,2,2,0.2500,1,0,4,0,0.0000,9.0828,1.0000,5.6983,1.8266,0.2500,1.5000,3.0000,1,1,0,1,0.5000,1.0000,13,3.2500,0.0391,4,loop,medium,single,4,3,dispersed,medium,3,medium,1452835390,dcc388f2-d58a-448a-9c71-21c89e27176f,true,,
layoutType,loop,4,4,2.0000,2,2,0.2500,1,2,2,0,0.0000,11.4049,0.3333,11.4305,2.1403,0.2500,1.5000,3.0000,1,1,0,1,0.5000,1.0000,11,2.7500,0.0276,4,loop,medium,single,4,3,dispersed,medium,3,medium,1798356992,440284a1-30ff-40f8-bf2a-4c73f888bb2b,true,,
layoutType,loop,4,4,2.0000,2,2,0.2500,1,1,3,0,0.0000,9.9688,1.0000,6.5997,2.2045,0.2500,1.5000,3.0000,1,1,0,1,0.5000,1.0000,11,2.7500,0.0317,4,loop,medium,single,4,3,dispersed,medium,3,medium,1108083043,5425dc60-5a05-4fe8-9922-107274da7e3b,true,,
layoutType,loop,4,4,2.0000,2,2,0.2500,1,0,4,0,0.0000,11.5986,0.6667,8.9567,1.7668,0.2500,1.5000,3.0000,1,1,0,1,0.5000,1.0000,11,2.7500,0.0300,4,loop,medium,single,4,3,dispersed,medium,3,medium,906981905,0be9aee7-9050-4b5b-aa90-1cf665a302bf,true,,
layoutType,loop,4,4,2.0000,2,2,0.2500,1,0,4,0,0.0000,8.8964,1.0000,6.5119,2.0875,0.2500,1.5000,3.0000,1,1,0,1,0.5000,1.0000,12,3.0000,0.0355,4,loop,medium,single,4,3,dispersed,medium,3,medium,1196535798,20176330-6a66-4d9c-a6c3-c8ba5a71a361,true,,
layoutType,loop,4,4,2.0000,2,2,0.2500,1,1,3,0,0.0000,8.7794,0.3333,12.1752,2.5862,0.2500,1.5000,3.0000,1,1,0,1,0.5000,1.0000,12,3.0000,0.0483,4,loop,medium,single,4,3,dispersed,medium,3,medium,1234155860,5ba7e21e-f3f3-4fc2-8fa4-603ffbecb79b,true,,
layoutType,loop,4,4,2.0000,2,2,0.2500,1,1,3,0,0.0000,9.0190,1.0000,6.0793,2.2675,0.2500,1.5000,3.0000,1,1,0,1,0.5000,1.0000,14,3.5000,0.0755,4,loop,medium,single,4,3,dispersed,medium,3,medium,669615405,e4f9aeeb-2960-4292-ad72-09b613f5387b,true,,
layoutType,loop,4,4,2.0000,2,2,0.2500,1,0,4,0,0.0000,9.9340,0.5000,9.4440,2.5642,0.2500,1.5000,3.0000,1,1,0,1,0.5000,1.0000,14,3.5000,0.0629,4,loop,medium,single,4,3,dispersed,medium,3,medium,70812714,3fd09327-26cf-4ed6-a01f-1f366fa4c830,true,,
layoutType,loop,4,4,2.0000,2,2,0.2500,1,0,4,0,0.0000,10.7773,1.0000,5.7459,2.6595,0.2500,1.5000,3.0000,1,1,0,1,0.5000,1.0000,14,3.5000,0.0663,4,loop,medium,single,4,3,dispersed,medium,3,medium,376116459,a5ddd8cd-b5cf-4459-b3a9-8140f6467a22,true,,
layoutType,loop,4,4,2.0000,2,2,0.2500,1,1,3,0,0.0000,11.6157,1.0000,5.8458,2.0197,0.2500,1.5000,3.0000,1,1,0,1,0.5000,1.0000,13,3.2500,0.0459,4,loop,medium,single,4,3,dispersed,medium,3,medium,602456881,d05182c6-a54c-4c43-9f7b-e3c47723452c,true,,
layoutType,loop,4,4,2.0000,2,2,0.2500,1,0,4,0,0.0000,9.3418,1.0000,5.0799,2.0482,0.2500,1.5000,3.0000,1,1,0,1,0.5000,1.0000,13,3.2500,0.0324,4,loop,medium,single,4,3,dispersed,medium,3,medium,284626104,559f16aa-c10b-44f0-8048-0fe2cecbf45c,true,,
layoutType,loop,4,4,2.0000,2,2,0.2500,1,1,3,0,0.0000,10.2233,1.0000,6.1638,2.4644,0.2500,1.5000,3.0000,1,1,0,1,0.5000,1.0000,12,3.0000,0.0375,4,loop,medium,single,4,3,dispersed,medium,3,medium,522135851,bddbe784-5954-4a76-9970-a791bf5f8923,true,,
layoutType,loop,4,4,2.0000,2,2,0.2500,1,1,3,0,0.0000,9.2217,1.0000,5.4691,2.4614,0.2500,1.5000,3.0000,1,1,0,1,0.5000,1.0000,12,3.0000,0.0485,4,loop,medium,single,4,3,dispersed,medium,3,medium,265122777,81a8537a-5865-491a-b49d-eb7828881689,true,,
layoutType,loop,4,4,2.0000,2,2,0.2500,1,1,3,0,0.0000,9.1552,0.6667,9.3464,2.6104,0.2500,1.5000,3.0000,1,1,0,1,0.5000,1.0000,12,3.0000,0.0352,4,loop,medium,single,4,3,dispersed,medium,3,medium,474579495,b5bc4cef-f643-40aa-a920-f30b8c2b2d1b,true,,
layoutType,loop,4,4,2.0000,2,2,0.2500,1,0,4,0,0.0000,10.2768,0.6667,9.7680,1.8048,0.2500,1.5000,3.0000,1,1,0,1,0.5000,1.0000,12,3.0000,0.0400,4,loop,medium,single,4,3,dispersed,medium,3,medium,142721118,edc39940-09f5-49de-8ccc-24136ca92c14,true,,
layoutType,loop,4,4,2.0000,2,2,0.2500,1,1,3,0,0.0000,9.2525,0.5000,9.5188,2.5419,0.2500,1.5000,3.0000,1,1,0,1,0.5000,1.0000,13,3.2500,0.0477,4,loop,medium,single,4,3,dispersed,medium,3,medium,1777716793,5f0b52c0-89a9-4392-a208-d52561ab90b9,true,,
layoutType,loop,4,4,2.0000,2,2,0.2500,1,1,3,0,0.0000,9.4220,1.0000,6.0624,2.0553,0.2500,1.5000,3.0000,1,1,0,1,0.5000,1.0000,10,2.5000,0.0427,4,loop,medium,single,4,3,dispersed,medium,3,medium,1060146143,d95e9616-929d-4f8d-b5da-4a5c595a355a,true,,
layoutType,loop,4,4,2.0000,2,2,0.2500,1,0,4,0,0.0000,10.8933,1.0000,7.5262,3.5111,0.2500,1.5000,3.0000,1,1,0,1,0.5000,1.0000,11,2.7500,0.0314,4,loop,medium,single,4,3,dispersed,medium,3,medium,505634486,dc118b74-8e87-43f5-8569-af790d65358a,true,,
layoutType,loop,4,4,2.0000,2,2,0.2500,1,1,3,0,0.0000,12.7510,0.3333,12.7412,2.3070,0.2500,1.5000,3.0000,1,1,0,1,0.5000,1.0000,13,3.2500,0.0306,4,loop,medium,single,4,3,dispersed,medium,3,medium,1714186829,6e047631-a481-4df6-8744-560f39f23846,true,,
layoutType,loop,4,4,2.0000,2,2,0.2500,1,0,4,0,0.0000,9.2960,1.0000,5.2536,2.3301,0.2500,1.5000,3.0000,1,1,0,1,0.5000,1.0000,11,2.7500,0.0310,4,loop,medium,single,4,3,dispersed,medium,3,medium,1634949310,4cd80863-46cb-4656-b694-ce1149f57cb1,true,,
layoutType,loop,4,4,2.0000,2,2,0.2500,1,0,4,0,0.0000,10.1511,1.0000,6.1685,2.7935,0.2500,1.5000,3.0000,1,1,0,1,0.5000,1.0000,11,2.7500,0.0516,4,loop,medium,single,4,3,dispersed,medium,3,medium,43904198,226ca5f8-3e7e-43b8-b080-4e99930a5592,true,,
layoutType,loop,4,4,2.0000,2,2,0.2500,1,0,4,0,0.0000,9.0732,0.5000,8.9833,1.8167,0.2500,1.5000,3.0000,1,1,0,1,0.5000,1.0000,12,3.0000,0.0494,4,loop,medium,single,4,3,dispersed,medium,3,medium,1629723142,f996f818-2ff0-4293-ab72-260fd16bfefc,true,,
layoutType,loop,4,4,2.0000,2,2,0.2500,1,1,3,0,0.0000,9.8979,1.0000,6.7177,2.2379,0.2500,1.5000,3.0000,1,1,0,1,0.5000,1.0000,12,3.0000,0.0298,4,loop,medium,single,4,3,dispersed,medium,3,medium,59253145,fbed3a4a-3bc7-4d39-8fdd-e6928eac4cbb,true,,
layoutType,loop,4,4,2.0000,2,2,0.2500,1,2,2,0,0.0000,9.7244,0.5000,9.3861,2.3470,0.2500,1.5000,3.0000,1,1,0,1,0.5000,1.0000,12,3.0000,0.0333,4,loop,medium,single,4,3,dispersed,medium,3,medium,1557610602,b05a2f60-a595-42b7-ad04-259410debd6e,true,,
layoutType,loop,4,4,2.0000,2,2,0.2500,1,0,4,0,0.0000,8.6833,0.3333,12.0003,2.2757,0.2500,1.5000,3.0000,1,1,0,1,0.5000,1.0000,15,3.7500,0.0599,4,loop,medium,single,4,3,dispersed,medium,3,medium,623461655,cf35f57c-7f1d-4a7f-9866-759aba4e950a,true,,
layoutType,loop,4,4,2.0000,2,2,0.2500,1,1,3,0,0.0000,9.2164,0.5000,9.1887,2.0310,0.2500,1.5000,3.0000,1,1,0,1,0.5000,1.0000,11,2.7500,0.0315,4,loop,medium,single,4,3,dispersed,medium,3,medium,664886090,1debab73-2c7a-48de-87e5-dae591bb25d9,true,,
layoutType,loop,4,4,2.0000,2,2,0.2500,1,1,3,0,0.0000,11.9403,0.5000,11.4703,2.4490,0.2500,1.5000,3.0000,1,1,0,1,0.5000,1.0000,14,3.5000,0.0482,4,loop,medium,single,4,3,dispersed,medium,3,medium,1415160953,58ae6321-ab7f-44ce-954e-496381fdc283,true,,
layoutType,loop,4,4,2.0000,2,2,0.2500,1,0,4,0,0.0000,12.3009,0.3333,13.2446,2.4484,0.2500,1.5000,3.0000,1,1,0,1,0.5000,1.0000,13,3.2500,0.0313,4,loop,medium,single,4,3,dispersed,medium,3,medium,1942141429,5eff4be6-3662-471e-b84d-7687f7bd7b0e,true,,
layoutType,loop,4,4,2.0000,2,2,0.2500,1,1,3,0,0.0000,10.1263,1.0000,6.9936,2.2335,0.2500,1.5000,3.0000,1,1,0,1,0.5000,1.0000,12,3.0000,0.0326,4,loop,medium,single,4,3,dispersed,medium,3,medium,794173196,a861c89b-15d4-45c0-a7f9-8dd301b7480a,true,,
layoutType,loop,4,4,2.0000,2,2,0.2500,1,0,4,0,0.0000,9.0237,0.5000,9.2076,1.9679,0.2500,1.5000,3.0000,1,1,0,1,0.5000,1.0000,15,3.7500,0.0502,4,loop,medium,single,4,3,dispersed,medium,3,medium,1383877018,af240202-ef07-4904-90c6-58094e5bbe0a,true,,
layoutType,loop,4,4,2.0000,2,2,0.2500,1,0,4,0,0.0000,10.1397,1.0000,6.1330,1.9623,0.2500,1.5000,3.0000,1,1,0,1,0.5000,1.0000,10,2.5000,0.0304,4,loop,medium,single,4,3,dispersed,medium,3,medium,644546545,db67682d-4e2d-4363-83ea-447d1e084e03,true,,
layoutType,loop,4,4,2.0000,2,2,0.2500,1,0,4,0,0.0000,9.6763,0.3333,11.8158,1.9255,0.2500,1.5000,3.0000,1,1,0,1,0.5000,1.0000,12,3.0000,0.0312,4,loop,medium,single,4,3,dispersed,medium,3,medium,1133132366,2218b090-4468-478b-8912-4010da3213bc,true,,
layoutType,loop,4,4,2.0000,2,2,0.2500,1,1,3,0,0.0000,12.0352,0.5000,12.2668,3.0733,0.2500,1.5000,3.0000,1,1,0,1,0.5000,1.0000,14,3.5000,0.0410,4,loop,medium,single,4,3,dispersed,medium,3,medium,748315270,141df040-0495-4e32-8499-6ee21a434c2a,true,,
layoutType,loop,4,4,2.0000,2,2,0.2500,1,0,4,0,0.0000,11.9076,0.6667,9.5900,2.6689,0.2500,1.5000,3.0000,1,1,0,1,0.5000,1.0000,11,2.7500,0.0277,4,loop,medium,single,4,3,dispersed,medium,3,medium,1741813079,6255dbcd-5b22-48f9-9ac9-9aeea45d07ad,true,,
roomCount,3,3,2,1.3333,2,2,0.0000,1,0,1,1,0.5000,9.9468,1.0000,6.5505,2.3042,0.2500,1.5000,3.0000,1,1,0,1,0.6667,1.0000,9,3.0000,0.0351,3,branching,medium,single,3,3,dispersed,medium,3,medium,940743326,41e88189-2f6a-48ae-a0ba-3b3435bdf797,true,,
roomCount,3,3,2,1.3333,2,1,0.0000,1,0,1,1,0.5000,7.2820,1.0000,2.8207,1.7933,0.0000,1.0000,2.0000,0,1,1,1,0.3333,1.3333,14,4.6667,0.0513,3,branching,medium,single,3,3,dispersed,medium,3,medium,962162750,e3982a55-4d03-46b4-9359-171dce338e29,true,,
roomCount,3,3,2,1.3333,2,2,0.0000,1,0,1,1,0.5000,10.6248,1.0000,6.2020,2.2933,0.2500,1.5000,3.0000,1,1,0,1,0.6667,1.0000,11,3.6667,0.0595,3,branching,medium,single,3,3,dispersed,medium,3,medium,819624308,09fe0181-ad5d-48f1-8a3e-c42e90b47949,true,,
roomCount,3,3,2,1.3333,2,2,0.0000,1,0,1,1,0.5000,8.6243,1.0000,6.3823,2.6860,0.2500,1.5000,3.0000,1,1,0,1,0.6667,1.0000,10,3.3333,0.0470,3,branching,medium,single,3,3,dispersed,medium,3,medium,1344293869,c0df35ac-ed91-4fa8-806b-c34894b26598,true,,
roomCount,3,3,2,1.3333,2,1,0.0000,1,0,1,1,0.5000,8.5055,0.5000,8.9874,2.1790,0.0000,1.0000,2.0000,0,1,1,1,0.3333,1.3333,14,4.6667,0.0527,3,branching,medium,single,3,3,dispersed,medium,3,medium,1492874861,ee7feb97-22fb-488b-bf2c-aaa81c62b57c,true,,
roomCount,3,3,2,1.3333,2,1,0.0000,1,0,1,1,0.5000,8.3210,0.6667,8.6120,1.8137,0.0000,1.0000,2.0000,0,1,1,1,0.3333,1.3333,12,4.0000,0.0461,3,branching,medium,single,3,3,dispersed,medium,3,medium,1361553225,eea8d242-e71b-40b4-9591-02c9de445f39,true,,
roomCount,3,3,2,1.3333,2,2,0.0000,1,0,1,1,0.5000,10.0699,1.0000,5.4002,1.9757,0.2500,1.5000,3.0000,1,1,0,1,0.6667,1.0000,11,3.6667,0.0629,3,branching,medium,single,3,3,dispersed,medium,3,medium,1442768721,a029a9d0-e64b-47ca-855f-4d42b96730c0,true,,
roomCount,3,3,2,1.3333,2,1,0.0000,1,0,1,1,0.5000,8.1807,0.8333,11.9539,10.2181,0.0000,1.0000,2.0000,0,1,1,1,0.3333,1.3333,14,4.6667,0.0548,3,branching,medium,single,3,3,dispersed,medium,3,medium,295008319,2b9d24f4-22d7-44be-b1a9-ac065dc5606f,true,,
roomCount,3,3,2,1.3333,2,1,0.0000,1,0,1,1,0.5000,7.2271,0.8333,6.2484,2.6135,0.0000,1.0000,2.0000,0,1,1,1,0.3333,1.3333,15,5.0000,0.0816,3,branching,medium,single,3,3,dispersed,medium,3,medium,1899602304,eb16b530-87cb-4ceb-8a46-ff740bfc612c,true,,
roomCount,3,3,2,1.3333,2,1,0.0000,1,0,1,1,0.5000,9.2041,0.5000,8.8931,2.2776,0.0000,1.0000,2.0000,0,1,1,1,0.3333,1.3333,12,4.0000,0.0455,3,branching,medium,single,3,3,dispersed,medium,3,medium,1940122678,8537c58e-ca35-4f56-9cf7-2a26c1952526,true,,
roomCount,3,3,2,1.3333,2,2,0.0000,1,0,1,1,0.5000,9.8137,1.0000,5.2967,2.4928,0.2500,1.5000,3.0000,1,1,0,1,0.6667,1.0000,11,3.6667,0.0970,3,branching,medium,single,3,3,dispersed,medium,3,medium,1244157328,459b4f12-ec3d-40c9-ab54-d0d4dd9ee3bc,true,,
roomCount,3,3,2,1.3333,2,2,0.0000,1,0,1,1,0.5000,9.0592,1.0000,6.4980,2.2024,0.2500,1.5000,3.0000,1,1,0,1,0.6667,1.0000,12,4.0000,0.0527,3,branching,medium,single,3,3,dispersed,medium,3,medium,2073266231,5b286819-8cff-416c-80a7-1e27bbd0674d,true,,
roomCount,3,3,2,1.3333,2,2,0.0000,1,0,1,1,0.5000,10.6531,1.0000,6.4324,2.5164,0.2500,1.5000,3.0000,1,1,0,1,0.6667,1.0000,11,3.6667,0.0491,3,branching,medium,single,3,3,dispersed,medium,3,medium,247175295,c05adc99-036b-474a-9597-94834992df34,true,,
roomCount,3,3,2,1.3333,2,1,0.0000,1,0,1,1,0.5000,7.5774,1.0000,7.7743,2.3571,0.0000,1.0000,2.0000,0,1,1,1,0.3333,1.3333,13,4.3333,0.0632,3,branching,medium,single,3,3,dispersed,medium,3,medium,927007418,87d3fa11-1fed-46a9-a3ba-2d60bde85e10,true,,
roomCount,3,3,2,1.3333,2,2,0.0000,1,0,1,1,0.5000,11.5319,1.0000,7.0732,2.6055,0.2500,1.5000,3.0000,1,1,0,1,0.6667,1.0000,10,3.3333,0.0307,3,branching,medium,single,3,3,dispersed,medium,3,medium,403104896,fbf30ad1-e97a-4d76-bd82-290f2fb9f5fd,true,,
roomCount,3,3,2,1.3333,2,1,0.0000,1,0,1,1,0.5000,8.1306,0.8333,5.5500,1.7417,0.0000,1.0000,2.0000,0,1,1,1,0.3333,1.3333,14,4.6667,0.0478,3,branching,medium,single,3,3,dispersed,medium,3,medium,1724821598,42c080a4-6379-493f-b109-26f372a753ab,true,,
roomCount,3,3,2,1.3333,2,2,0.0000,1,0,1,1,0.5000,10.0339,1.0000,5.2728,2.5180,0.2500,1.5000,3.0000,1,1,0,1,0.6667,1.0000,8,2.6667,0.0246,3,branching,medium,single,3,3,dispersed,medium,3,medium,1129038083,6fe0df16-6405-46db-bada-8ca36b0b4204,true,,
roomCount,3,3,2,1.3333,2,2,0.0000,1,0,1,1,0.5000,11.6618,1.0000,6.7931,3.3564,0.2500,1.5000,3.0000,1,1,0,1,0.6667,1.0000,12,4.0000,0.0501,3,branching,medium,single,3,3,dispersed,medium,3,medium,1860278839,06ff7d1a-34df-4ec6-9291-cbd097d73913,true,,
roomCount,3,3,2,1.3333,2,2,0.0000,1,0,1,1,0.5000,12.0516,1.0000,6.1688,2.2031,0.2500,1.5000,3.0000,1,1,0,1,0.6667,1.0000,11,3.6667,0.0369,3,branching,medium,single,3,3,dispersed,medium,3,medium,1066214299,06a6680a-77a6-437b-83f4-89d74dd3f91c,true,,
roomCount,3,3,2,1.3333,2,2,0.0000,1,0,1,1,0.5000,9.4514,1.0000,5.5899,2.3197,0.2500,1.5000,3.0000,1,1,0,1,0.6667,1.0000,9,3.0000,0.0331,3,branching,medium,single,3,3,dispersed,medium,3,medium,812417161,0dde0cd0-d846-4907-9d35-bc6d64777031,true,,
roomCount,3,3,2,1.3333,2,2,0.0000,1,0,1,1,0.5000,12.2977,1.0000,5.7443,2.6659,0.2500,1.5000,3.0000,1,1,0,1,0.6667,1.0000,9,3.0000,0.0729,3,branching,medium,single,3,3,dispersed,medium,3,medium,639464864,59b023c7-0cdc-4948-977b-25b18aae8efd,true,,
roomCount,3,3,2,1.3333,2,2,0.0000,1,0,1,1,0.5000,11.7093,1.0000,6.6449,2.6279,0.2500,1.5000,3.0000,1,1,0,1,0.6667,1.0000,11,3.6667,0.0531,3,branching,medium,single,3,3,dispersed,medium,3,medium,1970595895,0eeeb817-71a8-4ec4-8af6-7e790ac0b5c1,true,,
roomCount,3,3,2,1.3333,2,2,0.0000,1,0,1,1,0.5000,8.7601,1.0000,6.2936,2.3534,0.2500,1.5000,3.0000,1,1,0,1,0.6667,1.0000,9,3.0000,0.0281,3,branching,medium,single,3,3,dispersed,medium,3,medium,1739103847,8f815c1c-ec4c-4ad6-93cf-e03c014e4ebc,true,,
roomCount,3,3,2,1.3333,2,1,0.0000,1,0,1,1,0.5000,8.7799,0.6667,8.1759,2.3830,0.0000,1.0000,2.0000,0,1,1,1,0.3333,1.3333,15,5.0000,0.0924,3,branching,medium,single,3,3,dispersed,medium,3,medium,1697956088,253f384c-b530-4f03-9065-d7d54dfd2c52,true,,
roomCount,3,3,2,1.3333,2,1,0.0000,1,0,1,1,0.5000,7.9980,0.8333,8.3831,1.9515,0.0000,1.0000,2.0000,0,1,1,1,0.3333,1.3333,14,4.6667,0.0728,3,branching,medium,single,3,3,dispersed,medium,3,medium,283520250,487f40ab-b443-48c1-a4df-1f6521c93898,true,,
roomCount,3,3,2,1.3333,2,2,0.0000,1,0,1,1,0.5000,10.3924,1.0000,5.2016,2.3575,0.2500,1.5000,3.0000,1,1,0,1,0.6667,1.0000,11,3.6667,0.0646,3,branching,medium,single,3,3,dispersed,medium,3,medium,531649708,86eaaf92-02f9-4406-9568-d3974819570a,true,,
roomCount,3,3,2,1.3333,2,1,0.0000,1,0,1,1,0.5000,6.8651,1.0000,2.5545,2.1836,0.0000,1.0000,2.0000,0,1,1,1,0.3333,1.3333,15,5.0000,0.1041,3,branching,medium,single,3,3,dispersed,medium,3,medium,1966478554,4cbab298-6bf5-4b98-b88a-f94d7414fa1d,true,,
roomCount,3,3,2,1.3333,2,2,0.0000,1,0,1,1,0.5000,11.4910,1.0000,6.8759,3.4484,0.2500,1.5000,3.0000,1,1,0,1,0.6667,1.0000,9,3.0000,0.0519,3,branching,medium,single,3,3,dispersed,medium,3,medium,874957623,7863c3fb-150b-4b41-a1d1-e5b4fe07cc26,true,,
roomCount,3,3,2,1.3333,2,2,0.0000,1,0,1,1,0.5000,10.3604,1.0000,6.2604,2.7787,0.2500,1.5000,3.0000,1,1,0,1,0.6667,1.0000,11,3.6667,0.0460,3,branching,medium,single,3,3,dispersed,medium,3,medium,1424123165,6624d400-7d08-4aac-9d18-75197931b5aa,true,,
roomCount,3,3,2,1.3333,2,1,0.0000,1,0,1,1,0.5000,8.7327,0.5000,17.1654,16.3102,0.0000,1.0000,2.0000,0,1,1,1,0.3333,1.3333,17,5.6667,0.0717,3,branching,medium,single,3,3,dispersed,medium,3,medium,1139723088,d8d06c3b-3495-420c-b8d2-bc66c2ec50b9,true,,
roomCount,3,3,2,1.3333,2,1,0.0000,1,0,1,1,0.5000,8.2398,0.6667,5.4922,1.7793,0.0000,1.0000,2.0000,0,1,1,1,0.3333,1.3333,13,4.3333,0.0695,3,branching,medium,single,3,3,dispersed,medium,3,medium,2105393983,5b681fa9-981c-41b2-be33-87df37918d20,true,,
roomCount,3,3,2,1.3333,2,2,0.0000,1,0,1,1,0.5000,8.5111,1.0000,5.7668,1.8019,0.2500,1.5000,3.0000,1,1,0,1,0.6667,1.0000,12,4.0000,0.0468,3,branching,medium,single,3,3,dispersed,medium,3,medium,1298977385,066b898a-fdd2-43b9-8098-e8430073c2ae,true,,
roomCount,3,3,2,1.3333,2,2,0.0000,1,0,1,1,0.5000,9.4645,1.0000,5.9859,2.4631,0.2500,1.5000,3.0000,1,1,0,1,0.6667,1.0000,9,3.0000,0.0234,3,branching,medium,single,3,3,dispersed,medium,3,medium,1921304228,b5a463b3-bf9c-4595-a92c-751046e57925,true,,
roomCount,3,3,2,1.3333,2,1,0.0000,1,0,1,1,0.5000,8.5076,0.3333,11.9259,1.8983,0.0000,1.0000,2.0000,0,1,1,1,0.3333,1.3333,15,5.0000,0.0564,3,branching,medium,single,3,3,dispersed,medium,3,medium,670793345,a5aeb6b6-e561-4ee3-9af6-66d594f475c8,true,,
roomCount,3,3,2,1.3333,2,1,0.0000,1,0,1,1,0.5000,8.6695,0.5000,16.9815,16.1612,0.0000,1.0000,2.0000,0,1,1,1,0.3333,1.3333,16,5.3333,0.1151,3,branching,medium,single,3,3,dispersed,medium,3,medium,1681319816,091e7759-8724-4d35-a4db-a06560c18a2d,true,,
roomCount,3,3,2,1.3333,2,1,0.0000,1,0,1,1,0.5000,8.5065,0.8333,11.7622,10.7623,0.0000,1.0000,2.0000,0,1,1,1,0.3333,1.3333,13,4.3333,0.0648,3,branching,medium,single,3,3,dispersed,medium,3,medium,1328042015,2fbd75d7-b0e9-4e0b-a3fb-2ded318d3049,true,,
roomCount,3,3,2,1.3333,2,2,0.0000,1,0,1,1,0.5000,11.5842,1.0000,6.2482,2.4119,0.2500,1.5000,3.0000,1,1,0,1,0.6667,1.0000,10,3.3333,0.0435,3,branching,medium,single,3,3,dispersed,medium,3,medium,958092485,b0830b51-2e3d-4198-b0ad-a333d4cc4aa9,true,,
roomCount,3,3,2,1.3333,2,1,0.0000,1,0,1,1,0.5000,6.6391,1.0000,3.0860,2.5343,0.0000,1.0000,2.0000,0,1,1,1,0.3333,1.3333,15,5.0000,0.0575,3,branching,medium,single,3,3,dispersed,medium,3,medium,1863335921,1e004350-0b53-4f38-a9a6-396662d4e2b9,true,,
roomCount,3,3,2,1.3333,2,1,0.0000,1,0,1,1,0.5000,6.9737,1.0000,7.9668,3.2821,0.0000,1.0000,2.0000,0,1,1,1,0.3333,1.3333,19,6.3333,0.0942,3,branching,medium,single,3,3,dispersed,medium,3,medium,1160243272,5182146b-a784-4108-a5a0-014bf97a0b7e,true,,
roomCount,3,3,2,1.3333,2,2,0.0000,1,0,1,1,0.5000,11.6925,1.0000,6.0276,2.4049,0.2500,1.5000,3.0000,1,1,0,1,0.6667,1.0000,9,3.0000,0.0350,3,branching,medium,single,3,3,dispersed,medium,3,medium,352633604,3f873602-7ecf-4818-93fb-860176d847b4,true,,
roomCount,3,3,2,1.3333,2,1,0.0000,1,0,1,1,0.5000,8.7316,0.6667,12.3693,10.7407,0.0000,1.0000,2.0000,0,1,1,1,0.3333,1.3333,12,4.0000,0.0712,3,branching,medium,single,3,3,dispersed,medium,3,medium,192180589,65b9b0da-0daf-4ee9-adc6-f2bb322bf6e1,true,,
roomCount,3,3,2,1.3333,2,1,0.0000,1,0,1,1,0.5000,8.0653,1.0000,5.4103,2.3845,0.0000,1.0000,2.0000,0,1,1,1,0.3333,1.3333,14,4.6667,0.0759,3,branching,medium,single,3,3,dispersed,medium,3,medium,1896379526,304655ff-8edf-4596-a640-dc490aa3a2cb,true,,
roomCount,3,3,2,1.3333,2,2,0.0000,1,0,1,1,0.5000,12.5723,1.0000,4.9944,1.9610,0.2500,1.5000,3.0000,1,1,0,1,0.6667,1.0000,9,3.0000,0.0486,3,branching,medium,single,3,3,dispersed,medium,3,medium,1877604485,f586441f-581b-4a91-917f-833f9a2c02b1,true,,
roomCount,3,3,2,1.3333,2,1,0.0000,1,0,1,1,0.5000,8.3812,0.8333,5.2859,1.8925,0.0000,1.0000,2.0000,0,1,1,1,0.3333,1.3333,16,5.3333,0.0554,3,branching,medium,single,3,3,dispersed,medium,3,medium,266614114,b97d0620-3891-47f5-9f57-0ab59d328995,true,,
roomCount,3,3,2,1.3333,2,2,0.0000,1,0,1,1,0.5000,8.9735,1.0000,5.7327,2.5828,0.2500,1.5000,3.0000,1,1,0,1,0.6667,1.0000,9,3.0000,0.0345,3,branching,medium,single,3,3,dispersed,medium,3,medium,313453274,d4f2ace0-19e8-446b-bbd4-654638cff080,true,,
roomCount,3,3,2,1.3333,2,2,0.0000,1,0,1,1,0.5000,9.3086,1.0000,6.9263,2.2477,0.2500,1.5000,3.0000,1,1,0,1,0.6667,1.0000,11,3.6667,0.0413,3,branching,medium,single,3,3,dispersed,medium,3,medium,697679071,678aab42-5b5e-4196-915e-5a0c15f21942,true,,
roomCount,3,3,2,1.3333,2,1,0.0000,1,0,1,1,0.5000,8.0256,0.8333,5.6547,2.7172,0.0000,1.0000,2.0000,0,1,1,1,0.3333,1.3333,18,6.0000,0.1141,3,branching,medium,single,3,3,dispersed,medium,3,medium,417710795,61b264f6-2d94-47a7-b3ea-a748953b45d5,true,,
roomCount,3,3,2,1.3333,2,2,0.0000,1,0,1,1,0.5000,12.3104,1.0000,5.5868,2.2375,0.2500,1.5000,3.0000,1,1,0,1,0.6667,1.0000,10,3.3333,0.0535,3,branching,medium,single,3,3,dispersed,medium,3,medium,488153535,d0623ac4-a4c9-482a-8615-a36b41591f62,true,,
roomCount,3,3,2,1.3333,2,1,0.0000,1,0,1,1,0.5000,8.2524,1.0000,5.7999,2.9423,0.0000,1.0000,2.0000,0,1,1,1,0.3333,1.3333,17,5.6667,0.0731,3,branching,medium,single,3,3,dispersed,medium,3,medium,1539036533,65c352ce-eb05-48c0-9367-ba8fe7874d09,true,,
roomCount,3,3,2,1.3333,2,2,0.0000,1,0,1,1,0.5000,8.8813,1.0000,6.1880,2.0147,0.2500,1.5000,3.0000,1,1,0,1,0.6667,1.0000,12,4.0000,0.0419,3,branching,medium,single,3,3,dispersed,medium,3,medium,1216835245,38c58271-475c-4d23-bf9c-35d0237759a7,true,,
roomCount,4,4,3,1.5000,2,1,0.0000,1,0,2,1,0.3333,8.5466,0.5000,13.3082,11.0666,0.0000,1.0000,2.0000,0,1,1,1,0.2500,1.3333,27,6.7500,0.1175,4,branching,medium,single,4,3,dispersed,medium,3,medium,254838935,fc825ea8-a39f-47f4-909d-3aabc7a26c9f,true,,
roomCount,4,4,3,1.5000,2,1,0.0000,1,0,2,1,0.3333,8.5496,1.0000,8.4510,2.6368,0.0000,1.0000,2.0000,0,1,1,1,0.2500,1.3333,28,7.0000,0.1071,4,branching,medium,single,4,3,dispersed,medium,3,medium,931751353,7ce6be9f-a9a1-4ac5-b83e-bbb2e28134da,true,,
roomCount,4,4,3,1.5000,3,2,0.0000,1,0,2,1,0.3333,8.8317,1.0000,5.8601,1.7277,0.2500,1.5000,3.0000,1,1,0,1,0.5000,1.0000,18,4.5000,0.0474,4,branching,medium,single,4,3,dispersed,medium,3,medium,66918067,16b8deba-6114-4f46-ab0b-9b5aea7833c2,true,,
roomCount,4,4,3,1.5000,3,2,0.0000,1,0,2,1,0.3333,9.5292,0.3333,13.2530,2.5371,0.2500,1.5000,2.0000,1,1,0,1,0.2500,0.6667,14,3.5000,0.0640,4,branching,medium,single,4,3,dispersed,medium,3,medium,2083381756,a9b5388c-fb61-4fb9-a651-5925f3aaa107,true,,
roomCount,4,4,3,1.5000,3,2,0.0000,1,0,2,1,0.3333,9.6845,0.6667,8.9395,2.2407,0.2500,1.5000,2.0000,1,1,0,1,0.2500,0.6667,19,4.7500,0.0754,4,branching,medium,single,4,3,dispersed,medium,3,medium,1102348215,6d7ebe01-b1d9-4897-a5f4-e9788a3e2827,true,,
roomCount,4,4,3,1.5000,2,1,0.0000,1,0,2,1,0.3333,8.9102,0.8333,8.7421,3.4405,0.0000,1.0000,2.0000,0,1,1,1,0.2500,1.3333,23,5.7500,0.0722,4,branching,medium,single,4,3,dispersed,medium,3,medium,1117631078,622c6fec-57a2-4a5a-826f-0a95290a1ca1,true,,
roomCount,4,4,3,1.5000,3,2,0.0000,1,0,2,1,0.3333,10.5875,1.0000,6.1772,1.8520,0.2500,1.5000,2.0000,1,1,0,1,0.2500,0.6667,17,4.2500,0.0484,4,branching,medium,single,4,3,dispersed,medium,3,medium,1370542550,db1e52d4-f026-4cb5-9931-7c8a5113083d,true,,
roomCount,4,4,3,1.5000,3,2,0.0000,1,0,2,1,0.3333,12.1667,0.3333,13.3812,2.0520,0.2500,1.5000,2.0000,1,1,0,1,0.2500,0.6667,20,5.0000,0.0624,4,branching,medium,single,4,3,dispersed,medium,3,medium,1269151867,cda62580-7593-45e9-b83b-74f93e804bca,true,,
roomCount,4,4,3,1.5000,2,1,0.0000,1,0,2,1,0.3333,7.8664,0.5000,7.4543,2.1880,0.0000,1.0000,2.0000,0,1,1,1,0.2500,1.3333,22,5.5000,0.0778,4,branching,medium,single,4,3,dispersed,medium,3,medium,1060773619,170e1c5b-dad7-4cf4-be9b-94b440aae509,true,,
roomCount,4,4,3,1.5000,3,2,0.0000,1,0,2,1,0.3333,9.5262,1.0000,6.5522,2.2306,0.2500,1.5000,3.0000,1,1,0,1,0.5000,1.0000,17,4.2500,0.0768,4,branching,medium,single,4,3,dispersed,medium,3,medium,961225153,a95d763b-2350-46a0-ab38-b17ad39ea7a7,true,,
roomCount,4,4,3,1.5000,3,2,0.0000,1,0,2,1,0.3333,12.0260,0.6667,8.7952,2.0979,0.2500,1.5000,2.0000,1,1,0,1,0.2500,0.6667,17,4.2500,0.0513,4,branching,medium,single,4,3,dispersed,medium,3,medium,1542558318,83a527d4-d63b-4998-b3a2-cdc2db5d9a82,true,,
roomCount,4,4,3,1.5000,3,2,0.0000,1,0,2,1,0.3333,9.1119,1.0000,5.8519,1.8951,0.2500,1.5000,3.0000,1,1,0,1,0.5000,1.0000,21,5.2500,0.0697,4,branching,medium,single,4,3,dispersed,medium,3,medium,567811098,6142e15a-7b73-4dab-a645-cb8ee9974c75,true,,
roomCount,4,4,3,1.5000,3,2,0.0000,1,0,2,1,0.3333,9.4307,1.0000,6.5280,2.1282,0.2500,1.5000,3.0000,1,1,0,1,0.5000,1.0000,17,4.2500,0.0512,4,branching,medium,single,4,3,dispersed,medium,3,medium,1018368801,a431fbde-d351-44e4-9a3b-a24ecd19fce1,true,,
roomCount,4,4,3,1.5000,2,1,0.0000,1,0,2,1,0.3333,8.1909,0.8333,8.5010,2.7802,0.0000,1.0000,2.0000,0,1,1,1,0.2500,1.3333,24,6.0000,0.0762,4,branching,medium,single,4,3,dispersed,medium,3,medium,759879216,4be28218-016e-4baf-96ee-db915dae5192,true,,
roomCount,4,4,3,1.5000,2,1,0.0000,1,0,2,1,0.3333,8.7148,0.5000,8.7264,2.6199,0.0000,1.0000,2.0000,0,1,1,1,0.2500,1.3333,22,5.5000,0.1032,4,branching,medium,single,4,3,dispersed,medium,3,medium,1982212342,fe1ddab6-d64b-4f67-9554-cd595dbd48a0,true,,
roomCount,4,4,3,1.5000,3,2,0.0000,1,0,2,1,0.3333,9.3032,1.0000,5.1962,2.1086,0.2500,1.5000,2.0000,1,1,0,1,0.2500,0.6667,17,4.2500,0.0694,4,branching,medium,single,4,3,dispersed,medium,3,medium,2092663590,67c2f9a2-bd8b-472a-be97-bca2b075fbf6,true,,
roomCount,4,4,3,1.5000,3,2,0.0000,1,0,2,1,0.3333,9.2696,1.0000,5.4679,2.8265,0.2500,1.5000,3.0000,1,1,0,1,0.5000,1.0000,20,5.0000,0.0674,4,branching,medium,single,4,3,dispersed,medium,3,medium,151962003,cd782b3f-9eb2-43f9-87c5-c9c9f6c59e2e,true,,
roomCount,4,4,3,1.5000,3,2,0.0000,1,0,2,1,0.3333,10.7701,1.0000,6.0761,2.0431,0.2500,1.5000,2.0000,1,1,0,1,0.2500,0.6667,15,3.7500,0.0646,4,branching,medium,single,4,3,dispersed,medium,3,medium,1723865597,83640274-ce32-4c10-b9b2-e23b7735222f,true,,
roomCount,4,4,3,1.5000,2,1,0.0000,1,0,2,1,0.3333,7.1156,1.0000,8.0289,3.4222,0.0000,1.0000,2.0000,0,1,1,1,0.2500,1.3333,22,5.5000,0.0830,4,branching,medium,single,4,3,dispersed,medium,3,medium,1393171249,5e478362-1953-4f35-a487-26baf736bfa3,true,,
roomCount,4,4,3,1.5000,3,2,0.0000,1,0,2,1,0.3333,9.3669,0.6667,9.2656,1.9984,0.2500,1.5000,2.0000,1,1,0,1,0.2500,0.6667,17,4.2500,0.0657,4,branching,medium,single,4,3,dispersed,medium,3,medium,1222546528,9b38c58e-6196-4506-8d18-5c92efb62bda,true,,
roomCount,4,4,3,1.5000,3,2,0.0000,1,0,2,1,0.3333,10.7729,1.0000,5.9679,2.2290,0.2500,1.5000,2.0000,1,1,0,1,0.2500,0.6667,17,4.2500,0.0512,4,branching,medium,single,4,3,dispersed,medium,3,medium,766729113,6e5f3797-ac9d-44e1-a87c-1ecf2a8349a8,true,,
roomCount,4,4,3,1.5000,3,2,0.0000,1,0,2,1,0.3333,10.0388,1.0000,5.1450,2.1593,0.2500,1.5000,3.0000,1,1,0,1,0.5000,1.0000,15,3.7500,0.0413,4,branching,medium,single,4,3,dispersed,medium,3,medium,1413185809,ac340a1e-2b87-48b8-ac46-256b2e832ef3,true,,
roomCount,4,4,3,1.5000,3,2,0.0000,1,0,2,1,0.3333,11.8962,0.3333,12.5784,2.6750,0.2500,1.5000,2.0000,1,1,0,1,0.2500,0.6667,16,4.0000,0.0403,4,branching,medium,single,4,3,dispersed,medium,3,medium,700035567,1a636c8e-a900-41b8-9bc4-9fa0652772d0,true,,
roomCount,4,4,3,1.5000,2,1,0.0000,1,0,2,1,0.3333,8.0497,0.5000,7.0808,2.1294,0.0000,1.0000,2.0000,0,1,1,1,0.2500,1.3333,20,5.0000,0.0944,4,branching,medium,single,4,3,dispersed,medium,3,medium,713580695,40805ffc-3c64-42cc-97fd-d4d74976a902,true,,
roomCount,4,4,3,1.5000,3,2,0.0000,1,0,2,1,0.3333,11.7677,0.5000,11.5811,2.3472,0.2500,1.5000,3.0000,1,1,0,1,0.5000,1.0000,16,4.0000,0.0498,4,branching,medium,single,4,3,dispersed,medium,3,medium,620236572,b786caa5-943e-42ee-af90-2a57401a6d0d,true,,
roomCount,4,4,3,1.5000,3,2,0.0000,1,0,2,1,0.3333,9.5112,0.3333,12.1221,2.0277,0.2500,1.5000,2.0000,1,1,0,1,0.2500,0.6667,21,5.2500,0.0739,4,branching,medium,single,4,3,dispersed,medium,3,medium,890568985,806ed06c-b9a7-49c0-bd72-7fa4392dfa9a,true,,
roomCount,4,4,3,1.5000,2,1,0.0000,1,0,2,1,0.3333,9.0264,0.5000,7.0934,2.3111,0.0000,1.0000,2.0000,0,1,1,1,0.2500,1.3333,22,5.5000,0.0852,4,branching,medium,single,4,3,dispersed,medium,3,medium,92991410,3b02bfac-c726-41b5-87bd-66cba5dd7471,true,,
roomCount,4,4,3,1.5000,2,1,0.0000,1,0,2,1,0.3333,9.0909,0.8333,5.5916,2.7112,0.0000,1.0000,2.0000,0,1,1,1,0.2500,1.3333,18,4.5000,0.0608,4,branching,medium,single,4,3,dispersed,medium,3,medium,1472489733,63bf280b-3e00-4332-b70a-ef41e1e58002,true,,
roomCount,4,4,3,1.5000,3,2,0.0000,1,0,2,1,0.3333,9.1146,1.0000,6.1609,2.2412,0.2500,1.5000,2.0000,1,1,0,1,0.2500,0.6667,15,3.7500,0.0472,4,branching,medium,single,4,3,dispersed,medium,3,medium,1384502814,f8b6b870-403b-441f-a13a-71915543b6a2,true,,
roomCount,4,4,3,1.5000,3,2,0.0000,1,0,2,1,0.3333,12.7347,0.3333,12.5067,2.3885,0.2500,1.5000,2.0000,1,1,0,1,0.2500,0.6667,16,4.0000,0.0622,4,branching,medium,single,4,3,dispersed,medium,3,medium,1733324826,e89adefb-9976-497d-a98d-746fe216d433,true,,
roomCount,4,4,3,1.5000,3,2,0.0000,1,0,2,1,0.3333,9.5751,1.0000,6.2269,1.8964,0.2500,1.5000,3.0000,1,1,0,1,0.5000,1.0000,14,3.5000,0.0421,4,branching,medium,single,4,3,dispersed,medium,3,medium,113938913,f35c163d-455f-47aa-895e-f457a90663cd,true,,
roomCount,4,4,3,1.5000,3,2,0.0000,1,0,2,1,0.3333,12.4628,0.6667,9.0294,1.9531,0.2500,1.5000,3.0000,1,1,0,1,0.5000,1.0000,16,4.0000,0.0712,4,branching,medium,single,4,3,dispersed,medium,3,medium,1478325019,acc1969a-2c57-4e20-95a8-1545fcaea146,true,,
roomCount,4,4,3,1.5000,3,2,0.0000,1,0,2,1,0.3333,9.0957,1.0000,6.3919,2.5505,0.2500,1.5000,3.0000,1,1,0,1,0.5000,1.0000,16,4.0000,0.0556,4,branching,medium,single,4,3,dispersed,medium,3,medium,1483404737,1e05e7dc-6bd8-4967-a66e-280ac2536746,true,,
roomCount,4,4,3,1.5000,2,1,0.0000,1,0,2,1,0.3333,8.1392,0.8333,5.8082,2.5005,0.0000,1.0000,2.0000,0,1,1,1,0.2500,1.3333,20,5.0000,0.0562,4,branching,medium,single,4,3,dispersed,medium,3,medium,207287920,95165182-9b61-4d9b-85e9-52dd2c62b443,true,,
roomCount,4,4,3,1.5000,2,1,0.0000,1,0,2,1,0.3333,8.5839,0.5000,8.3454,2.5446,0.0000,1.0000,2.0000,0,1,1,1,0.2500,1.3333,22,5.5000,0.0857,4,branching,medium,single,4,3,dispersed,medium,3,medium,884884153,cc54984b-46b7-4b78-a227-fc03d8de301a,true,,
roomCount,4,4,3,1.5000,2,1,0.0000,1,0,2,1,0.3333,7.6328,0.8333,8.2962,2.1135,0.0000,1.0000,2.0000,0,1,1,1,0.2500,1.3333,20,5.0000,0.0679,4,branching,medium,single,4,3,dispersed,medium,3,medium,1173642630,117b57fc-f8d1-45d8-a95b-7e16fe60f8da,true,,
roomCount,4,4,3,1.5000,2,1,0.0000,1,0,2,1,0.3333,7.2809,0.5000,6.9498,2.0430,0.0000,1.0000,2.0000,0,1,1,1,0.2500,1.3333,24,6.0000,0.0677,4,branching,medium,single,4,3,dispersed,medium,3,medium,1232059318,f88e80b2-cb76-4470-a022-ce5b5bea5217,true,,
roomCount,4,4,3,1.5000,3,2,0.0000,1,0,2,1,0.3333,12.0471,0.5000,11.4723,1.8405,0.2500,1.5000,3.0000,1,1,0,1,0.5000,1.0000,15,3.7500,0.0492,4,branching,medium,single,4,3,dispersed,medium,3,medium,1985406119,bc5947c4-5a8a-4c19-94ac-817d952f51e6,true,,
roomCount,4,4,3,1.5000,3,2,0.0000,1,0,2,1,0.3333,10.0022,0.5000,9.6685,1.9010,0.2500,1.5000,3.0000,1,1,0,1,0.5000,1.0000,18,4.5000,0.0582,4,branching,medium,single,4,3,dispersed,medium,3,medium,1715928777,a2c90b4c-7ec2-40ea-b9e4-93f64f0ca263,true,,
roomCount,4,4,3,1.5000,3,2,0.0000,1,0,2,1,0.3333,9.3612,0.3333,12.3833,2.5856,0.2500,1.5000,2.0000,1,1,0,1,0.2500,0.6667,17,4.2500,0.0611,4,branching,medium,single,4,3,dispersed,medium,3,medium,563688738,21ea8966-aac2-47ca-bc3d-c8e8f3ad5f5b,true,,
roomCount,4,4,3,1.5000,3,2,0.0000,1,0,2,1,0.3333,12.5063,0.6667,9.6181,2.4819,0.2500,1.5000,3.0000,1,1,0,1,0.5000,1.0000,16,4.0000,0.0596,4,branching,medium,single,4,3,dispersed,medium,3,medium,2104983112,27b20419-95c9-44a8-83e9-acc48d9526ce,true,,
roomCount,4,4,3,1.5000,2,1,0.0000,1,0,2,1,0.3333,8.0747,0.8333,9.3756,3.4035,0.0000,1.0000,2.0000,0,1,1,1,0.2500,1.3333,22,5.5000,0.0850,4,branching,medium,single,4,3,dispersed,medium,3,medium,1836424265,44835664-5a8a-4edb-959b-3abf27c11168,true,,
roomCount,4,4,3,1.5000,3,2,0.0000,1,0,2,1,0.3333,9.4328,1.0000,6.1447,2.4515,0.2500,1.5000,2.0000,1,1,0,1,0.2500,0.6667,13,3.2500,0.0299,4,branching,medium,single,4,3,dispersed,medium,3,medium,802562302,db756762-690c-4ca5-8a8b-940e8e569ee8,true,,
roomCount,4,4,3,1.5000,3,2,0.0000,1,0,2,1,0.3333,9.2262,0.5000,9.6074,2.8128,0.2500,1.5000,2.0000,1,1,0,1,0.2500,0.6667,15,3.7500,0.0468,4,branching,medium,single,4,3,dispersed,medium,3,medium,199018119,c1f8a885-7f73-429b-8b14-f3360ab03b1a,true,,
roomCount,4,4,3,1.5000,3,2,0.0000,1,0,2,1,0.3333,10.1357,0.5000,9.2928,2.2980,0.2500,1.5000,2.0000,1,1,0,1,0.2500,0.6667,20,5.0000,0.0821,4,branching,medium,single,4,3,dispersed,medium,3,medium,957558933,ada469a0-bb88-47b8-9f72-706aaa02f725,true,,
roomCount,4,4,3,1.5000,3,2,0.0000,1,0,2,1,0.3333,11.5749,0.3333,11.9446,1.7860,0.2500,1.5000,2.0000,1,1,0,1,0.2500,0.6667,17,4.2500,0.0707,4,branching,medium,single,4,3,dispersed,medium,3,medium,1771853138,38ba427f-67a2-4060-856a-2c352b177702,true,,
roomCount,4,4,3,1.5000,2,1,0.0000,1,0,2,1,0.3333,8.5585,0.5000,9.8554,2.0695,0.0000,1.0000,2.0000,0,1,1,1,0.2500,1.3333,26,6.5000,0.0927,4,branching,medium,single,4,3,dispersed,medium,3,medium,878010725,73d0b141-54a9-4c87-b239-43f756701d6a,true,,
roomCount,4,4,3,1.5000,3,2,0.0000,1,0,2,1,0.3333,12.2874,0.5000,11.6279,2.7328,0.2500,1.5000,3.0000,1,1,0,1,0.5000,1.0000,16,4.0000,0.0453,4,branching,medium,single,4,3,dispersed,medium,3,medium,1117725269,6969e79e-3400-479d-aca1-15af81d04b2e,true,,
roomCount,4,4,3,1.5000,3,2,0.0000,1,0,2,1,0.3333,10.3946,1.0000,4.9571,1.8997,0.2500,1.5000,3.0000,1,1,0,1,0.5000,1.0000,16,4.0000,0.0481,4,branching,medium,single,4,3,dispersed,medium,3,medium,431885419,a39f1529-bf04-4664-a087-3110a61552aa,true,,
roomCount,4,4,3,1.5000,3,2,0.0000,1,0,2,1,0.3333,11.7386,0.6667,9.9740,3.2210,0.2500,1.5000,3.0000,1,1,0,1,0.5000,1.0000,20,5.0000,0.0645,4,branching,medium,single,4,3,dispersed,medium,3,medium,368273331,86105554-5ee8-49f8-b6cf-1abcaac4dbaa,true,,
roomCount,5,5,4,1.6000,4,2,0.0000,1,0,3,1,0.2500,9.9759,0.5000,9.0860,2.6786,0.2500,1.5000,3.0000,1,1,0,1,0.4000,1.0000,17,3.4000,0.0414,5,branching,medium,single,5,3,dispersed,medium,3,medium,545717068,de7276a2-05b1-43ac-a7ec-c897fb95cf6d,true,,
roomCount,5,5,4,1.6000,4,2,0.0000,1,0,3,1,0.2500,10.5590,0.3333,18.6622,7.7462,0.2500,1.5000,3.0000,1,1,0,1,0.4000,1.0000,21,4.2000,0.0572,5,branching,medium,single,5,3,dispersed,medium,3,medium,841328845,47a0791c-1739-4317-bcf4-f55309134517,true,,
roomCount,5,5,4,1.6000,3,2,0.0000,1,0,3,1,0.2500,11.6492,1.0000,6.3896,2.7318,0.2500,1.5000,4.0000,1,1,0,1,0.6000,1.3333,30,6.0000,0.1032,5,branching,medium,single,5,3,dispersed,medium,3,medium,1242465933,63b1190a-760c-4ecd-8ef6-462a5931871b,true,,
roomCount,5,5,4,1.6000,4,2,0.0000,1,0,3,1,0.2500,12.0794,1.0000,5.8864,2.1924,0.2500,1.5000,3.0000,1,1,0,1,0.4000,1.0000,18,3.6000,0.0409,5,branching,medium,single,5,3,dispersed,medium,3,medium,316490005,e1c9fea9-e176-4516-a230-ecaf051880f1,true,,
roomCount,5,5,4,1.6000,3,2,0.0000,1,0,3,1,0.2500,9.8226,1.0000,6.2139,2.3342,0.2500,1.5000,2.0000,1,1,0,1,0.2000,0.6667,24,4.8000,0.0597,5,branching,medium,single,5,3,dispersed,medium,3,medium,450106132,e291081c-2a7f-4cdf-bd3e-60b15553f30a,true,,
roomCount,5,5,4,1.6000,4,2,0.0000,1,0,3,1,0.2500,9.7188,1.0000,6.0190,2.0531,0.2500,1.5000,3.0000,1,1,0,1,0.4000,1.0000,18,3.6000,0.0401,5,branching,medium,single,5,3,dispersed,medium,3,medium,989136773,623a707d-3ee2-427f-8dc6-3336731b1f43,true,,
roomCount,5,5,4,1.6000,4,2,0.0000,1,1,2,1,0.2500,10.7153,0.8333,9.0710,7.8558,0.2500,1.5000,3.0000,1,1,0,1,0.4000,1.0000,20,4.0000,0.0548,5,branching,medium,single,5,3,dispersed,medium,3,medium,231715786,f2d81c94-c075-4bb0-9e92-ddf749a78c42,true,,
roomCount,5,5,4,1.6000,3,2,0.0000,1,0,3,1,0.2500,8.8427,0.3333,11.7333,2.0936,0.2500,1.5000,2.0000,1,1,0,1,0.2000,0.6667,25,5.0000,0.0638,5,branching,medium,single,5,3,dispersed,medium,3,medium,1500821019,a82b34f4-7389-4f41-b2e6-f351a695c2b2,true,,
roomCount,5,5,4,1.6000,3,2,0.0000,1,0,3,1,0.2500,9.5830,0.5000,10.6530,7.6901,0.2500,1.5000,4.0000,1,1,0,1,0.6000,1.3333,28,5.6000,0.0704,5,branching,medium,single,5,3,dispersed,medium,3,medium,1463145184,394a064b-02e5-4ed5-a4bb-48449f3d590c,true,,
roomCount,5,5,4,1.6000,3,2,0.0000,1,0,3,1,0.2500,9.1741,0.5000,9.4987,2.3333,0.2500,1.5000,2.0000,1,1,0,1,0.2000,0.6667,31,6.2000,0.1046,5,branching,medium,single,5,3,dispersed,medium,3,medium,211779230,40bc0669-35c8-4c11-b3c9-f5000771ead2,true,,
roomCount,5,5,4,1.6000,3,2,0.0000,1,0,3,1,0.2500,8.9884,0.3333,12.9679,2.6156,0.2500,1.5000,2.0000,1,1,0,1,0.2000,0.6667,22,4.4000,0.0517,5,branching,medium,single,5,3,dispersed,medium,3,medium,1024639668,42e683c7-3c11-428a-8eeb-50ecfbb92eb5,true,,
roomCount,5,5,4,1.6000,4,2,0.0000,1,0,3,1,0.2500,12.4142,0.6667,9.6448,2.5313,0.2500,1.5000,3.0000,1,1,0,1,0.4000,1.0000,22,4.4000,0.0607,5,branching,medium,single,5,3,dispersed,medium,3,medium,2045536464,6b31550e-c794-48c8-8e37-dd5b014e46ff,true,,
roomCount,5,5,4,1.6000,4,2,0.0000,1,0,3,1,0.2500,12.3981,0.6667,9.3956,2.9521,0.2500,1.5000,3.0000,1,1,0,1,0.4000,1.0000,19,3.8000,0.0435,5,branching,medium,single,5,3,dispersed,medium,3,medium,2032132700,f6887d24-f4c1-4b4a-be3b-09e716b9a671,true,,
roomCount,5,5,4,1.6000,4,2,0.0000,1,1,2,1,0.2500,11.4555,0.5000,13.7086,7.4323,0.2500,1.5000,3.0000,1,1,0,1,0.4000,1.0000,18,3.6000,0.0570,5,branching,medium,single,5,3,dispersed,medium,3,medium,1474932440,c7c69f63-bf0e-44dd-8144-cc4f2a8d465e,true,,
roomCount,5,5,4,1.6000,4,2,0.0000,1,0,3,1,0.2500,10.5443,1.0000,7.1023,1.8569,0.2500,1.5000,3.0000,1,1,0,1,0.4000,1.0000,16,3.2000,0.0370,5,branching,medium,single,5,3,dispersed,medium,3,medium,847286240,28c00e52-f6a6-4773-9d07-93c9805fda8d,true,,
roomCount,5,5,4,1.6000,4,2,0.0000,1,0,3,1,0.2500,11.6814,0.3333,12.3896,2.2063,0.2500,1.5000,3.0000,1,1,0,1,0.4000,1.0000,16,3.2000,0.0365,5,branching,medium,single,5,3,dispersed,medium,3,medium,64233299,0cde3bd0-3ae0-4723-844d-f214b9b1118f,true,,
roomCount,5,5,4,1.6000,3,2,0.0000,1,0,3,1,0.2500,11.3110,0.6667,9.2933,2.1743,0.2500,1.5000,3.0000,1,1,0,1,0.4000,1.0000,26,5.2000,0.0691,5,branching,medium,single,5,3,dispersed,medium,3,medium,1231890008,1fa1d117-6dc7-4c49-a1cd-d18e95dc6230,true,,
roomCount,5,5,4,1.6000,3,2,0.0000,1,0,3,1,0.2500,10.1438,0.5000,9.4217,2.2318,0.2500,1.5000,2.0000,1,1,0,1,0.2000,0.6667,26,5.2000,0.0729,5,branching,medium,single,5,3,dispersed,medium,3,medium,811080881,5ec31642-b346-4d8e-b222-181b69f8fdae,true,,
roomCount,5,5,4,1.6000,4,2,0.0000,1,0,3,1,0.2500,11.9458,0.3333,12.8858,3.1661,0.2500,1.5000,3.0000,1,1,0,1,0.4000,1.0000,21,4.2000,0.0518,5,branching,medium,single,5,3,dispersed,medium,3,medium,2022478710,4800e455-e2fd-48ee-9322-54c1cae1ce0e,true,,
roomCount,5,5,4,1.6000,3,2,0.0000,1,0,3,1,0.2500,10.1079,0.6667,9.3143,2.6466,0.2500,1.5000,2.0000,1,1,0,1,0.2000,0.6667,25,5.0000,0.0662,5,branching,medium,single,5,3,dispersed,medium,3,medium,808569712,e8df9c8d-897d-441f-aae6-2a04121c8334,true,,
roomCount,5,5,4,1.6000,4,2,0.0000,1,0,3,1,0.2500,10.0131,0.5000,12.3624,6.0413,0.2500,1.5000,3.0000,1,1,0,1,0.4000,1.0000,18,3.6000,0.0506,5,branching,medium,single,5,3,dispersed,medium,3,medium,860604272,0a6318d9-2cb0-4f72-8795-8bb3fbe328ce,true,,
roomCount,5,5,4,1.6000,3,2,0.0000,1,0,3,1,0.2500,12.2856,0.6667,9.1537,2.4875,0.2500,1.5000,3.0000,1,1,0,1,0.4000,1.0000,21,4.2000,0.0485,5,branching,medium,single,5,3,dispersed,medium,3,medium,314039531,0f618d5f-d186-42c4-a83c-728954ac787f,true,,
roomCount,5,5,4,1.6000,3,2,0.0000,1,0,3,1,0.2500,9.0041,0.5000,9.1706,2.2414,0.2500,1.5000,2.0000,1,1,0,1,0.2000,0.6667,24,4.8000,0.0512,5,branching,medium,single,5,3,dispersed,medium,3,medium,7936820,f6cdb246-7944-4aac-a3c7-423669df0fb5,true,,
roomCount,5,5,4,1.6000,4,2,0.0000,1,0,3,1,0.2500,9.9985,0.3333,16.6155,8.5482,0.2500,1.5000,3.0000,1,1,0,1,0.4000,1.0000,17,3.4000,0.0458,5,branching,medium,single,5,3,dispersed,medium,3,medium,829482511,82aaf641-d6ac-406b-8c28-88e063d0a83a,true,,
roomCount,5,5,4,1.6000,4,2,0.0000,1,0,3,1,0.2500,12.1191,0.6667,9.2875,2.1521,0.2500,1.5000,3.0000,1,1,0,1,0.4000,1.0000,16,3.2000,0.0386,5,branching,medium,single,5,3,dispersed,medium,3,medium,1265047063,6782afcb-b1b4-4b01-91f3-f24bf747e77e,true,,
roomCount,5,5,4,1.6000,4,2,0.0000,1,1,2,1,0.2500,11.8660,0.6667,9.0546,2.2987,0.2500,1.5000,3.0000,1,1,0,1,0.4000,1.0000,21,4.2000,0.0744,5,branching,medium,single,5,3,dispersed,medium,3,medium,1077788495,6246b0c7-ec55-4ce9-87e9-f63150d1c743,true,,
roomCount,5,5,4,1.6000,3,2,0.0000,1,0,3,1,0.2500,8.8191,1.0000,5.6457,1.8025,0.2500,1.5000,4.0000,1,1,0,1,0.6000,1.3333,33,6.6000,0.0980,5,branching,medium,single,5,3,dispersed,medium,3,medium,610623507,225c9240-3b36-4309-b96a-93883bdb7dd9,true,,
roomCount,5,5,4,1.6000,3,2,0.0000,1,0,3,1,0.2500,12.1159,0.3333,11.9250,2.3728,0.2500,1.5000,2.0000,1,1,0,1,0.2000,0.6667,27,5.4000,0.0768,5,branching,medium,single,5,3,dispersed,medium,3,medium,501017448,c9a7587a-ef5c-4f9a-9dc5-e0c27d072295,true,,
roomCount,5,5,4,1.6000,4,2,0.0000,1,0,3,1,0.2500,10.5793,0.3333,16.5493,7.7669,0.2500,1.5000,3.0000,1,1,0,1,0.4000,1.0000,18,3.6000,0.0401,5,branching,medium,single,5,3,dispersed,medium,3,medium,1903505409,de93d050-1621-4f76-9759-5204c92f902d,true,,
roomCount,5,5,4,1.6000,4,2,0.0000,1,0,3,1,0.2500,9.7346,0.3333,14.0479,8.7759,0.2500,1.5000,3.0000,1,1,0,1,0.4000,1.0000,16,3.2000,0.0482,5,branching,medium,single,5,3,dispersed,medium,3,medium,995867081,d56f14d0-0066-41a1-913e-7ef0306868b5,true,,
roomCount,5,5,4,1.6000,3,2,0.0000,1,0,3,1,0.2500,9.2180,0.5000,8.9151,2.6594,0.2500,1.5000,2.0000,1,1,0,1,0.2000,0.6667,29,5.8000,0.0793,5,branching,medium,single,5,3,dispersed,medium,3,medium,12558260,01b24dd3-c9d7-46b2-ac74-aeffcf8d218a,true,,
roomCount,5,5,4,1.6000,3,2,0.0000,1,0,3,1,0.2500,9.2179,0.5000,17.1583,16.1317,0.2500,1.5000,2.0000,1,1,0,1,0.2000,0.6667,28,5.6000,0.0616,5,branching,medium,single,5,3,dispersed,medium,3,medium,1122749788,893ac246-f5d5-460c-98c3-40a50c4322e9,true,,
roomCount,5,5,4,1.6000,4,2,0.0000,1,1,2,1,0.2500,9.5064,1.0000,6.3394,2.6813,0.2500,1.5000,3.0000,1,1,0,1,0.4000,1.0000,19,3.8000,0.0512,5,branching,medium,single,5,3,dispersed,medium,3,medium,1040604314,c1946a89-0a31-40c4-9ce6-e466fc094904,true,,
roomCount,5,5,4,1.6000,3,2,0.0000,1,0,3,1,0.2500,11.4050,0.3333,14.7340,2.4744,0.2500,1.5000,2.0000,1,1,0,1,0.2000,0.6667,24,4.8000,0.0638,5,branching,medium,single,5,3,dispersed,medium,3,medium,1016229483,1133b1c7-49c1-4df8-ad65-f7151f4ebec0,true,,
roomCount,5,5,4,1.6000,4,2,0.0000,1,0,3,1,0.2500,10.2187,0.5000,19.5852,15.6900,0.2500,1.5000,3.0000,1,1,0,1,0.4000,1.0000,23,4.6000,0.0643,5,branching,medium,single,5,3,dispersed,medium,3,medium,1187607758,b65f41e3-e9d9-4560-99b5-2b3321acd677,true,,
roomCount,5,5,4,1.6000,3,2,0.0000,1,0,3,1,0.2500,10.4146,0.8333,7.0255,2.2005,0.2500,1.5000,4.0000,1,1,0,1,0.6000,1.3333,26,5.2000,0.0668,5,branching,medium,single,5,3,dispersed,medium,3,medium,1420093715,fe94fe75-bc4d-4325-b01a-fd7bd5cb0dae,true,,
roomCount,5,5,4,1.6000,3,2,0.0000,1,0,3,1,0.2500,11.8269,0.3333,12.2705,2.7496,0.2500,1.5000,2.0000,1,1,0,1,0.2000,0.6667,24,4.8000,0.0807,5,branching,medium,single,5,3,dispersed,medium,3,medium,235859086,3823d111-5465-4a86-924a-fa28710ecbcb,true,,
roomCount,5,5,4,1.6000,4,2,0.0000,1,0,3,1,0.2500,11.4570,1.0000,8.4326,5.9646,0.2500,1.5000,3.0000,1,1,0,1,0.4000,1.0000,18,3.6000,0.0505,5,branching,medium,single,5,3,dispersed,medium,3,medium,1166914732,249b439d-c299-4465-822f-dbc47a1b6e9d,true,,
roomCount,5,5,4,1.6000,3,2,0.0000,1,0,3,1,0.2500,9.3091,1.0000,6.0646,2.5064,0.2500,1.5000,3.0000,1,1,0,1,0.4000,1.0000,27,5.4000,0.0876,5,branching,medium,single,5,3,dispersed,medium,3,medium,1904665435,25bd4b34-e695-4387-b5cf-03b4a4d5070f,true,,
roomCount,5,5,4,1.6000,4,2,0.0000,1,0,3,1,0.2500,9.7254,0.3333,16.1263,7.5870,0.2500,1.5000,3.0000,1,1,0,1,0.4000,1.0000,20,4.0000,0.0611,5,branching,medium,single,5,3,dispersed,medium,3,medium,2043231027,3814ce93-d1b2-4ffc-9dc3-a2ff730c39c6,true,,
roomCount,5,5,4,1.6000,3,2,0.0000,1,0,3,1,0.2500,10.0611,0.8333,10.5066,6.3180,0.2500,1.5000,4.0000,1,1,0,1,0.6000,1.3333,31,6.2000,0.1143,5,branching,medium,single,5,3,dispersed,medium,3,medium,941926844,c345f6f4-3af8-4930-a94d-9dc8d93e0a34,true,,
roomCount,5,5,4,1.6000,4,2,0.0000,1,0,3,1,0.2500,10.5597,0.5000,14.0329,8.1027,0.2500,1.5000,3.0000,1,1,0,1,0.4000,1.0000,17,3.4000,0.0484,5,branching,medium,single,5,3,dispersed,medium,3,medium,1878721946,c50ce6fc-3d8a-488c-9526-930b7eb07d59,true,,
roomCount,5,5,4,1.6000,4,2,0.0000,1,0,3,1,0.2500,9.0278,0.6667,8.9517,2.5488,0.2500,1.5000,3.0000,1,1,0,1,0.4000,1.0000,23,4.6000,0.0745,5,branching,medium,single,5,3,dispersed,medium,3,medium,522260935,bfb2d6c2-822e-4931-920c-d9cb5c797fb6,true,,
roomCount,5,5,4,1.6000,4,2,0.0000,1,1,2,1,0.2500,11.8753,0.6667,9.6227,2.6064,0.2500,1.5000,3.0000,1,1,0,1,0.4000,1.0000,20,4.0000,0.0721,5,branching,medium,single,5,3,dispersed,medium,3,medium,1504149547,56890327-3364-47df-9725-00dfa3fd0c55,true,,
roomCount,5,5,4,1.6000,4,2,0.0000,1,0,3,1,0.2500,10.9762,1.0000,6.6115,2.8655,0.2500,1.5000,3.0000,1,1,0,1,0.4000,1.0000,18,3.6000,0.0698,5,branching,medium,single,5,3,dispersed,medium,3,medium,1686532717,fe90fcb7-4e60-4b8e-9d9a-7b0c54efd323,true,,
roomCount,5,5,4,1.6000,3,2,0.0000,1,0,3,1,0.2500,10.0521,0.6667,9.4097,1.9571,0.2500,1.5000,4.0000,1,1,0,1,0.6000,1.3333,24,4.8000,0.0510,5,branching,medium,single,5,3,dispersed,medium,3,medium,59446648,31884de6-cb5a-414e-b0f0-cc1adca9a100,true,,
roomCount,5,5,4,1.6000,4,2,0.0000,1,0,3,1,0.2500,11.7168,1.0000,6.4773,2.6421,0.2500,1.5000,3.0000,1,1,0,1,0.4000,1.0000,16,3.2000,0.0482,5,branching,medium,single,5,3,dispersed,medium,3,medium,1951775212,8496fcf5-7564-4b5a-a941-cc6116734c6d,true,,
roomCount,5,5,4,1.6000,4,2,0.0000,1,0,3,1,0.2500,10.1910,0.5000,9.2916,1.8432,0.2500,1.5000,3.0000,1,1,0,1,0.4000,1.0000,17,3.4000,0.0357,5,branching,medium,single,5,3,dispersed,medium,3,medium,1475113509,c796dda9-51d0-4eef-9e60-e47905d1ed91,true,,
roomCount,5,5,4,1.6000,3,2,0.0000,1,0,3,1,0.2500,9.4406,1.0000,6.2843,2.7926,0.2500,1.5000,2.0000,1,1,0,1,0.2000,0.6667,25,5.0000,0.0735,5,branching,medium,single,5,3,dispersed,medium,3,medium,1499215526,4480919e-c0b0-4608-a813-422667516ce0,true,,
roomCount,5,5,4,1.6000,3,2,0.0000,1,0,3,1,0.2500,11.3214,0.3333,15.5013,11.1856,0.2500,1.5000,2.0000,1,1,0,1,0.2000,0.6667,34,6.8000,0.0995,5,branching,medium,single,5,3,dispersed,medium,3,medium,893325634,0fb45ff6-9e76-497c-ae4e-dd4565e01b22,true,,
roomSize,small,4,3,1.5000,2,1,0.0000,1,0,2,1,0.3333,5.8933,0.3333,10.8001,8.6771,0.0000,1.0000,2.0000,0,1,1,1,0.2500,1.3333,7,1.7500,0.0273,4,branching,small,single,4,3,dispersed,medium,3,medium,539963130,ac3f15a5-cd2e-4e79-963c-54d94a91f587,true,,
roomSize,small,4,3,1.5000,3,2,0.0000,1,0,2,1,0.3333,7.2877,1.0000,4.1993,1.6238,0.2500,1.5000,3.0000,1,1,0,1,0.5000,1.0000,7,1.7500,0.0345,3,branching,small,single,4,3,dispersed,medium,3,medium,66929844,1fee194c-956a-46a1-8899-2b89b773d946,true,,
roomSize,small,4,3,1.5000,2,1,0.0000,1,0,2,1,0.3333,5.4571,0.5000,5.2213,1.5648,0.0000,1.0000,2.0000,0,1,1,1,0.2500,1.3333,10,2.5000,0.0488,4,branching,small,single,4,3,dispersed,medium,3,medium,1242730206,d53fa36b-5c89-49fa-9aaf-60a329f4dda3,true,,
roomSize,small,4,3,1.5000,3,2,0.0000,1,0,2,1,0.3333,7.1913,0.5000,6.9669,1.6465,0.2500,1.5000,3.0000,1,1,0,1,0.5000,1.0000,9,2.2500,0.0657,4,branching,small,single,4,3,dispersed,medium,3,medium,1770799354,9b1f2cf1-246e-4a2d-8cc2-5aa68494347b,true,,
roomSize,small,4,3,1.5000,2,1,0.0000,1,0,2,1,0.3333,6.1278,0.6667,4.1973,1.6828,0.0000,1.0000,2.0000,0,1,1,1,0.2500,1.3333,8,2.0000,0.0386,4,branching,small,single,4,3,dispersed,medium,3,medium,1655152706,a86d0f95-e696-4c1b-a5e8-92ef41e909e3,true,,
roomSize,small,4,3,1.5000,3,2,0.0000,1,0,2,1,0.3333,7.2050,0.5000,6.2483,1.5071,0.2500,1.5000,2.0000,1,1,0,1,0.2500,0.6667,8,2.0000,0.0471,4,branching,small,single,4,3,dispersed,medium,3,medium,231677537,1e02d126-f739-439d-ab2f-c33328364d59,true,,
roomSize,small,4,3,1.5000,2,1,0.0000,1,0,2,1,0.3333,6.1027,0.3333,8.2942,1.5528,0.0000,1.0000,2.0000,0,1,1,1,0.2500,1.3333,11,2.7500,0.0764,4,branching,small,single,4,3,dispersed,medium,3,medium,833392025,db8a91e3-53cb-41ed-8114-94d189fb3fad,true,,
roomSize,small,4,3,1.5000,3,2,0.0000,1,0,2,1,0.3333,9.5172,0.3333,9.0110,1.5169,0.2500,1.5000,2.0000,1,1,0,1,0.2500,0.6667,8,2.0000,0.0369,4,branching,small,single,4,3,dispersed,medium,3,medium,412983422,262da436-46d0-49f8-8d1e-7e00ae382df3,true,,
roomSize,small,4,3,1.5000,3,2,0.0000,1,0,2,1,0.3333,6.5446,1.0000,5.3296,2.1367,0.2500,1.5000,2.0000,1,1,0,1,0.2500,0.6667,8,2.0000,0.0352,4,branching,small,single,4,3,dispersed,medium,3,medium,1198926589,a9b570a0-e802-4a78-9f97-e1d3b3086c22,true,,
roomSize,small,4,3,1.5000,3,2,0.0000,1,0,2,1,0.3333,9.0410,0.5000,9.2005,1.7596,0.2500,1.5000,2.0000,1,1,0,1,0.2500,0.6667,8,2.0000,0.0354,4,branching,small,single,4,3,dispersed,medium,3,medium,1519801284,693f4550-848e-4802-8a9b-d0d905410cc6,true,,
roomSize,small,4,3,1.5000,3,2,0.0000,1,0,2,1,0.3333,7.7854,0.5000,8.0376,2.0721,0.2500,1.5000,2.0000,1,1,0,1,0.2500,0.6667,7,1.7500,0.0366,4,branching,small,single,4,3,dispersed,medium,3,medium,378513266,94053d03-e602-4a80-acd0-426e308ac880,true,,
roomSize,small,4,3,1.5000,3,2,0.0000,1,0,2,1,0.3333,7.3787,0.3333,8.8871,1.8463,0.2500,1.5000,2.0000,1,1,0,1,0.2500,0.6667,7,1.7500,0.0321,4,branching,small,single,4,3,dispersed,medium,3,medium,1878181985,49075391-c151-47ac-9b5d-d647dc39b668,true,,
roomSize,small,4,3,1.5000,2,1,0.0000,1,0,2,1,0.3333,5.9351,0.5000,3.9559,1.6068,0.0000,1.0000,2.0000,0,1,1,1,0.2500,1.3333,7,1.7500,0.0401,4,branching,small,single,4,3,dispersed,medium,3,medium,1744799257,e1802927-2f34-415d-b635-122a938b369a,true,,
roomSize,small,4,3,1.5000,2,1,0.0000,1,0,2,1,0.3333,6.3746,0.3333,8.6236,1.6293,0.0000,1.0000,2.0000,0,1,1,1,0.2500,1.3333,9,2.2500,0.0508,4,branching,small,single,4,3,dispersed,medium,3,medium,467278103,6323b8dd-afe6-4f79-8aea-3319802c17a6,true,,
roomSize,small,4,3,1.5000,3,2,0.0000,1,0,2,1,0.3333,8.4769,0.3333,9.1317,1.5863,0.2500,1.5000,2.0000,1,1,0,1,0.2500,0.6667,7,1.7500,0.0454,4,branching,small,single,4,3,dispersed,medium,3,medium,199220970,c00d5a94-1285-402f-8129-8117787db404,true,,
roomSize,small,4,3,1.5000,3,2,0.0000,1,0,2,1,0.3333,7.4656,0.3333,9.0732,1.9530,0.2500,1.5000,2.0000,1,1,0,1,0.2500,0.6667,7,1.7500,0.0336,4,branching,small,single,4,3,dispersed,medium,3,medium,2049373527,8606d1b2-9451-4cb6-b18f-daa7b0fd57b1,true,,
roomSize,small,4,3,1.5000,3,2,0.0000,1,0,2,1,0.3333,7.1074,0.8333,4.9721,1.9170,0.2500,1.5000,2.0000,1,1,0,1,0.2500,0.6667,8,2.0000,0.0434,4,branching,small,single,4,3,dispersed,medium,3,medium,1004932150,3f77357f-d8c4-438b-a115-a4a8d4ae26d0,true,,
roomSize,small,4,3,1.5000,3,2,0.0000,1,0,2,1,0.3333,7.6272,0.5000,7.0727,1.8785,0.2500,1.5000,3.0000,1,1,0,1,0.5000,1.0000,6,1.5000,0.0251,4,branching,small,single,4,3,dispersed,medium,3,medium,1015903217,2c1e7a27-f78b-45b7-bb7b-ef92746f911c,true,,
roomSize,small,4,3,1.5000,2,1,0.0000,1,0,2,1,0.3333,5.8888,0.3333,8.9371,1.8066,0.0000,1.0000,2.0000,0,1,1,1,0.2500,1.3333,6,1.5000,0.0266,4,branching,small,single,4,3,dispersed,medium,3,medium,287324682,ac14ab95-38e3-4601-b9b6-c6eb6ef51eba,true,,
roomSize,small,4,3,1.5000,3,2,0.0000,1,0,2,1,0.3333,9.6748,1.0000,4.4467,1.5432,0.2500,1.5000,3.0000,1,1,0,1,0.5000,1.0000,5,1.2500,0.0249,4,branching,small,single,4,3,dispersed,medium,3,medium,1574676172,4e0e7cae-bc7a-40f0-9f04-2274e6a9dbd2,true,,
roomSize,small,4,3,1.5000,3,2,0.0000,1,0,2,1,0.3333,8.7031,0.6667,6.9519,1.8639,0.2500,1.5000,3.0000,1,1,0,1,0.5000,1.0000,6,1.5000,0.0364,4,branching,small,single,4,3,dispersed,medium,3,medium,1975857860,3fbc6261-131c-4448-84ce-606fc4bfadcf,true,,
roomSize,small,4,3,1.5000,3,2,0.0000,1,0,2,1,0.3333,8.6734,0.6667,7.2045,2.1757,0.2500,1.5000,3.0000,1,1,0,1,0.5000,1.0000,8,2.0000,0.0547,4,branching,small,single,4,3,dispersed,medium,3,medium,64975276,d57b1d04-ec9a-4f19-b371-22c5848d15a0,true,,
roomSize,small,4,3,1.5000,2,1,0.0000,1,0,2,1,0.3333,5.4453,0.5000,5.2255,1.6451,0.0000,1.0000,2.0000,0,1,1,1,0.2500,1.3333,11,2.7500,0.0572,4,branching,small,single,4,3,dispersed,medium,3,medium,1053899093,f759ec75-981e-452f-9332-fed3ac54fbde,true,,
roomSize,small,4,3,1.5000,3,2,0.0000,1,0,2,1,0.3333,7.5657,1.0000,4.4643,1.5254,0.2500,1.5000,3.0000,1,1,0,1,0.5000,1.0000,9,2.2500,0.0608,4,branching,small,single,4,3,dispersed,medium,3,medium,2126731330,8e65ac8c-7bbf-4681-9725-ae6dbe616fba,true,,
roomSize,small,4,3,1.5000,3,2,0.0000,1,0,2,1,0.3333,9.1441,0.5000,7.3776,2.2813,0.2500,1.5000,2.0000,1,1,0,1,0.2500,0.6667,7,1.7500,0.0456,4,branching,small,single,4,3,dispersed,medium,3,medium,2014126515,c92d417b-1307-4e2f-9eb5-3fcf820926c4,true,,
roomSize,small,4,3,1.5000,3,2,0.0000,1,0,2,1,0.3333,7.2630,0.3333,9.0910,1.5024,0.2500,1.5000,2.0000,1,1,0,1,0.2500,0.6667,8,2.0000,0.0428,4,branching,small,single,4,3,dispersed,medium,3,medium,1129365973,cbe69865-f29f-44ff-b6bf-c7773ed5d9b9,true,,
roomSize,small,4,3,1.5000,3,2,0.0000,1,0,2,1,0.3333,7.0577,0.5000,6.3290,1.5738,0.2500,1.5000,2.0000,1,1,0,1,0.2500,0.6667,7,1.7500,0.0396,4,branching,small,single,4,3,dispersed,medium,3,medium,1939262243,170bd5c3-6338-4db0-95f0-e0810943bc57,true,,
roomSize,small,4,3,1.5000,2,1,0.0000,1,0,2,1,0.3333,5.8506,0.5000,6.4096,1.7612,0.0000,1.0000,2.0000,0,1,1,1,0.2500,1.3333,11,2.7500,0.0665,4,branching,small,single,4,3,dispersed,medium,3,medium,651270920,27796ca3-3a19-48f2-9095-d54a52a19218,true,,
roomSize,small,4,3,1.5000,3,2,0.0000,1,0,2,1,0.3333,6.9878,0.6667,6.3480,1.6667,0.2500,1.5000,2.0000,1,1,0,1,0.2500,0.6667,8,2.0000,0.0480,4,branching,small,single,4,3,dispersed,medium,3,medium,1290433441,ef118c66-4188-43af-a3a3-95f5606293c8,true,,
roomSize,small,4,3,1.5000,2,1,0.0000,1,0,2,1,0.3333,6.1770,0.6667,8.1059,7.0889,0.0000,1.0000,2.0000,0,1,1,1,0.2500,1.3333,11,2.7500,0.0614,4,branching,small,single,4,3,dispersed,medium,3,medium,1205600415,a0e1cb5a-90a4-4d54-987b-1dd00f2dc220,true,,
roomSize,small,4,3,1.5000,3,2,0.0000,1,0,2,1,0.3333,6.6774,0.5000,7.2860,2.0393,0.2500,1.5000,2.0000,1,1,0,1,0.2500,0.6667,6,1.5000,0.0321,4,branching,small,single,4,3,dispersed,medium,3,medium,1273496930,16576dd2-1acc-41e9-8fa1-d9aed5c139c1,true,,
roomSize,small,4,3,1.5000,3,2,0.0000,1,0,2,1,0.3333,7.4763,0.8333,4.4587,1.5166,0.2500,1.5000,2.0000,1,1,0,1,0.2500,0.6667,11,2.7500,0.0741,4,branching,small,single,4,3,dispersed,medium,3,medium,1282993645,3082aa3b-82b5-4743-aa4c-03a9e3f66a9e,true,,
roomSize,small,4,3,1.5000,2,1,0.0000,1,0,2,1,0.3333,6.1690,0.1667,5.9887,1.5368,0.0000,1.0000,2.0000,0,1,1,1,0.2500,1.3333,11,2.7500,0.0573,4,branching,small,single,4,3,dispersed,medium,3,medium,1149285569,a85a8910-c407-4afa-8f4b-50d1a7b0e079,true,,
roomSize,small,4,3,1.5000,2,1,0.0000,1,0,2,1,0.3333,5.8261,1.0000,1.8298,1.5450,0.0000,1.0000,2.0000,0,1,1,1,0.2500,1.3333,9,2.2500,0.0480,4,branching,small,single,4,3,dispersed,medium,3,medium,1010179775,7b6354ac-0844-40aa-91e9-fecabcb6fa83,true,,
roomSize,small,4,3,1.5000,2,1,0.0000,1,0,2,1,0.3333,6.0444,0.6667,3.9673,1.5656,0.0000,1.0000,2.0000,0,1,1,1,0.2500,1.3333,7,1.7500,0.0250,4,branching,small,single,4,3,dispersed,medium,3,medium,455903951,a0746687-6d20-42ac-960b-fb6301f3bfd4,true,,
roomSize,small,4,3,1.5000,2,1,0.0000,1,0,2,1,0.3333,6.6117,0.5000,4.0389,1.8930,0.0000,1.0000,2.0000,0,1,1,1,0.2500,1.3333,9,2.2500,0.0427,4,branching,small,single,4,3,dispersed,medium,3,medium,2093112063,d27da809-28ff-4de5-b606-b21cc0f62d40,true,,
roomSize,small,4,3,1.5000,3,2,0.0000,1,0,2,1,0.3333,7.0925,0.3333,8.8034,1.7227,0.2500,1.5000,2.0000,1,1,0,1,0.2500,0.6667,7,1.7500,0.0425,4,branching,small,single,4,3,dispersed,medium,3,medium,2027503229,71594a1f-8acc-405f-b3de-220b22a427b9,true,,
roomSize,small,4,3,1.5000,3,2,0.0000,1,0,2,1,0.3333,8.6033,1.0000,5.2391,1.8721,0.2500,1.5000,3.0000,1,1,0,1,0.5000,1.0000,7,1.7500,0.0425,3,branching,small,single,4,3,dispersed,medium,3,medium,1417288607,474d7990-d361-4279-a292-657ad061283f,true,,
roomSize,small,4,3,1.5000,2,1,0.0000,1,0,2,1,0.3333,6.0651,0.3333,8.1864,2.0334,0.0000,1.0000,2.0000,0,1,1,1,0.2500,1.3333,8,2.0000,0.0328,4,branching,small,single,4,3,dispersed,medium,3,medium,1508560424,a0316f07-25e6-4e5d-afb6-f4f72728e89e,true,,
roomSize,small,4,3,1.5000,2,1,0.0000,1,0,2,1,0.3333,6.1660,0.1667,10.7863,8.0484,0.0000,1.0000,2.0000,0,1,1,1,0.2500,1.3333,11,2.7500,0.0746,4,branching,small,single,4,3,dispersed,medium,3,medium,955930221,f9340028-0504-414e-8f15-124df09b44a7,true,,
roomSize,small,4,3,1.5000,3,2,0.0000,1,0,2,1,0.3333,6.9159,1.0000,4.4028,1.7591,0.2500,1.5000,3.0000,1,1,0,1,0.5000,1.0000,8,2.0000,0.0514,4,branching,small,single,4,3,dispersed,medium,3,medium,586701690,c8f0dfb7-ab8c-4240-89fc-ec851d23dab5,true,,
roomSize,small,4,3,1.5000,3,2,0.0000,1,0,2,1,0.3333,6.9567,0.6667,6.9008,1.5496,0.2500,1.5000,3.0000,1,1,0,1,0.5000,1.0000,10,2.5000,0.0581,4,branching,small,single,4,3,dispersed,medium,3,medium,1970359311,bff58853-7bee-40ef-9b2f-7ad83dabd303,true,,
roomSize,small,4,3,1.5000,2,1,0.0000,1,0,2,1,0.3333,5.8800,0.6667,4.1605,1.7747,0.0000,1.0000,2.0000,0,1,1,1,0.2500,1.3333,12,3.0000,0.0766,4,branching,small,single,4,3,dispersed,medium,3,medium,2115471790,95692b10-8968-4fe7-9537-be1ca014b58e,true,,
roomSize,small,4,3,1.5000,2,1,0.0000,1,0,2,1,0.3333,6.1262,0.5000,12.2128,10.8832,0.0000,1.0000,2.0000,0,1,1,1,0.2500,1.3333,7,1.7500,0.0281,4,branching,small,single,4,3,dispersed,medium,3,medium,384864151,5a938ac4-180e-46ad-a948-ebc855863957,true,,
roomSize,small,4,3,1.5000,2,1,0.0000,1,0,2,1,0.3333,5.7283,0.3333,6.1639,2.0224,0.0000,1.0000,2.0000,0,1,1,1,0.2500,1.3333,10,2.5000,0.0630,4,branching,small,single,4,3,dispersed,medium,3,medium,1664717761,bda930f1-ec4a-4039-9b1f-c2b979f80494,true,,
roomSize,small,4,3,1.5000,3,2,0.0000,1,0,2,1,0.3333,9.0453,0.6667,6.6981,2.0692,0.2500,1.5000,2.0000,1,1,0,1,0.2500,0.6667,8,2.0000,0.0452,4,branching,small,single,4,3,dispersed,medium,3,medium,1211228506,0c55faa6-5d13-497f-8a03-4e6aa2b7f8b5,true,,
roomSize,small,4,3,1.5000,3,2,0.0000,1,0,2,1,0.3333,7.4099,0.5000,7.2196,1.9484,0.2500,1.5000,3.0000,1,1,0,1,0.5000,1.0000,7,1.7500,0.0383,4,branching,small,single,4,3,dispersed,medium,3,medium,133922689,e7e754fb-e84f-45fb-b2a2-92228ff76ac8,true,,
roomSize,small,4,3,1.5000,3,2,0.0000,1,0,2,1,0.3333,7.0383,1.0000,4.5262,1.5866,0.2500,1.5000,2.0000,1,1,0,1,0.2500,0.6667,6,1.5000,0.0387,4,branching,small,single,4,3,dispersed,medium,3,medium,54982832,ccc75d0b-c05e-42e7-a88b-dd8fd5020f41,true,,
roomSize,small,4,3,1.5000,2,1,0.0000,1,0,2,1,0.3333,6.0739,0.3333,6.2983,1.9763,0.0000,1.0000,2.0000,0,1,1,1,0.2500,1.3333,11,2.7500,0.0631,4,branching,small,single,4,3,dispersed,medium,3,medium,1304928577,36e3a05c-4ed7-42a4-b202-c9680c6dd63c,true,,
roomSize,small,4,3,1.5000,2,1,0.0000,1,0,2,1,0.3333,6.0358,0.5000,9.8087,8.4200,0.0000,1.0000,2.0000,0,1,1,1,0.2500,1.3333,13,3.2500,0.0943,4,branching,small,single,4,3,dispersed,medium,3,medium,1784642837,00943051-200f-40d6-8ae1-1a8f50070a18,true,,
roomSize,medium,4,3,1.5000,2,1,0.0000,1,0,2,1,0.3333,8.0369,0.3333,10.7471,1.8917,0.0000,1.0000,2.0000,0,1,1,1,0.2500,1.3333,28,7.0000,0.1131,4,branching,medium,single,4,3,dispersed,medium,3,medium,1201998145,cfed158c-ef9e-43d6-82a2-50705a419551,true,,
roomSize,medium,4,3,1.5000,2,1,0.0000,1,0,2,1,0.3333,7.5328,0.8333,8.7752,2.1875,0.0000,1.0000,2.0000,0,1,1,1,0.2500,1.3333,24,6.0000,0.0789,4,branching,medium,single,4,3,dispersed,medium,3,medium,935871995,41d2757d-461c-42dd-8642-a35dd5070542,true,,
roomSize,medium,4,3,1.5000,3,2,0.0000,1,0,2,1,0.3333,12.4225,0.6667,9.2194,2.0742,0.2500,1.5000,3.0000,1,1,0,1,0.5000,1.0000,18,4.5000,0.0586,4,branching,medium,single,4,3,dispersed,medium,3,medium,1187788827,78fd9857-3a50-4310-8fc1-d2f3fcd983c7,true,,
roomSize,medium,4,3,1.5000,3,2,0.0000,1,0,2,1,0.3333,9.7001,1.0000,7.2067,2.7807,0.2500,1.5000,2.0000,1,1,0,1,0.2500,0.6667,16,4.0000,0.0467,4,branching,medium,single,4,3,dispersed,medium,3,medium,2072023001,6d9d7c71-dca3-4dea-a4d2-5b3d5f264415,true,,
roomSize,medium,4,3,1.5000,3,2,0.0000,1,0,2,1,0.3333,10.0648,0.3333,12.9703,1.9885,0.2500,1.5000,2.0000,1,1,0,1,0.2500,0.6667,18,4.5000,0.0540,4,branching,medium,single,4,3,dispersed,medium,3,medium,1064951421,3752a274-0b9d-4bd7-b3f1-4f7f34a0be85,true,,
roomSize,medium,4,3,1.5000,3,2,0.0000,1,0,2,1,0.3333,12.5446,1.0000,5.0699,1.9813,0.2500,1.5000,3.0000,1,1,0,1,0.5000,1.0000,22,5.5000,0.0828,4,branching,medium,single,4,3,dispersed,medium,3,medium,474987854,7d160457-4b44-4abe-bde9-cb1b176b6196,true,,
roomSize,medium,4,3,1.5000,3,2,0.0000,1,0,2,1,0.3333,9.5283,1.0000,7.0550,2.5855,0.2500,1.5000,3.0000,1,1,0,1,0.5000,1.0000,18,4.5000,0.0624,4,branching,medium,single,4,3,dispersed,medium,3,medium,1160514398,c8759dc1-9bec-41e5-aa7a-ab1842230ce0,true,,
roomSize,medium,4,3,1.5000,3,2,0.0000,1,0,2,1,0.3333,9.4398,0.3333,12.6853,2.3868,0.2500,1.5000,2.0000,1,1,0,1,0.2500,0.6667,19,4.7500,0.0665,4,branching,medium,single,4,3,dispersed,medium,3,medium,1263482523,e90dcce5-907c-42b5-9785-93fded138659,true,,
roomSize,medium,4,3,1.5000,3,2,0.0000,1,0,2,1,0.3333,11.2185,0.5000,11.3632,3.4634,0.2500,1.5000,2.0000,1,1,0,1,0.2500,0.6667,20,5.0000,0.0793,4,branching,medium,single,4,3,dispersed,medium,3,medium,1904156486,a8ad0919-1c47-4db3-a95f-3653752b6403,true,,
roomSize,medium,4,3,1.5000,3,2,0.0000,1,0,2,1,0.3333,10.0786,0.3333,12.8462,2.6974,0.2500,1.5000,2.0000,1,1,0,1,0.2500,0.6667,18,4.5000,0.0692,4,branching,medium,single,4,3,dispersed,medium,3,medium,525786733,cad11f62-a5c9-4600-8815-30d5fc15f8c1,true,,
roomSize,medium,4,3,1.5000,2,1,0.0000,1,0,2,1,0.3333,8.6060,0.5000,9.1021,2.5547,0.0000,1.0000,2.0000,0,1,1,1,0.2500,1.3333,24,6.0000,0.0759,4,branching,medium,single,4,3,dispersed,medium,3,medium,439898941,867767a4-b15c-40f3-98e4-c84a5b55b564,true,,
roomSize,medium,4,3,1.5000,2,1,0.0000,1,0,2,1,0.3333,8.0517,0.5000,9.6562,2.0296,0.0000,1.0000,2.0000,0,1,1,1,0.2500,1.3333,23,5.7500,0.0724,4,branching,medium,single,4,3,dispersed,medium,3,medium,182121105,e53d2803-ee37-4a00-9302-a2dbf81ade93,true,,
roomSize,medium,4,3,1.5000,3,2,0.0000,1,0,2,1,0.3333,8.9067,1.0000,6.0639,2.2638,0.2500,1.5000,2.0000,1,1,0,1,0.2500,0.6667,20,5.0000,0.0763,4,branching,medium,single,4,3,dispersed,medium,3,medium,1270033628,30ab7618-bfac-4619-8cc4-038bae42ce7e,true,,
roomSize,medium,4,3,1.5000,3,2,0.0000,1,0,2,1,0.3333,10.0645,1.0000,6.1613,2.6481,0.2500,1.5000,3.0000,1,1,0,1,0.5000,1.0000,20,5.0000,0.0794,4,branching,medium,single,4,3,dispersed,medium,3,medium,2140809821,1144b28c-e651-4d8c-873e-94eea14512fe,true,,
roomSize,medium,4,3,1.5000,2,1,0.0000,1,0,2,1,0.3333,7.5413,0.5000,7.1297,2.1588,0.0000,1.0000,2.0000,0,1,1,1,0.2500,1.3333,23,5.7500,0.0712,4,branching,medium,single,4,3,dispersed,medium,3,medium,246304354,83ecfb5b-d815-482f-8679-fc844542eedd,true,,
roomSize,medium,4,3,1.5000,3,2,0.0000,1,0,2,1,0.3333,10.1096,1.0000,6.6160,2.5966,0.2500,1.5000,3.0000,1,1,0,1,0.5000,1.0000,15,3.7500,0.0427,4,branching,medium,single,4,3,dispersed,medium,3,medium,1243003268,c81efab0-a1be-4ff3-8028-9cee2fd30a27,true,,
roomSize,medium,4,3,1.5000,3,2,0.0000,1,0,2,1,0.3333,11.4255,0.6667,9.5665,2.3734,0.2500,1.5000,2.0000,1,1,0,1,0.2500,0.6667,16,4.0000,0.0602,4,branching,medium,single,4,3,dispersed,medium,3,medium,728896416,ca28ebef-5ed6-451f-8c43-148e0775ed7e,true,,
roomSize,medium,4,3,1.5000,2,1,0.0000,1,0,2,1,0.3333,7.5778,0.6667,10.3811,3.5208,0.0000,1.0000,2.0000,0,1,1,1,0.2500,1.3333,22,5.5000,0.0646,4,branching,medium,single,4,3,dispersed,medium,3,medium,734619482,98148814-3e30-4c73-abe1-d2df1a01ccb5,true,,
roomSize,medium,4,3,1.5000,2,1,0.0000,1,0,2,1,0.3333,8.8125,1.0000,2.9594,2.0340,0.0000,1.0000,2.0000,0,1,1,1,0.2500,1.3333,24,6.0000,0.0890,4,branching,medium,single,4,3,dispersed,medium,3,medium,11374152,e312e614-824b-4128-85e9-67ad0d226c76,true,,
roomSize,medium,4,3,1.5000,3,2,0.0000,1,0,2,1,0.3333,10.0758,1.0000,6.0598,2.1842,0.2500,1.5000,2.0000,1,1,0,1,0.2500,0.6667,16,4.0000,0.0458,4,branching,medium,single,4,3,dispersed,medium,3,medium,253592554,39de5883-53e9-40c2-97da-d1ff4ae8bdc0,true,,
roomSize,medium,4,3,1.5000,3,2,0.0000,1,0,2,1,0.3333,10.0307,1.0000,6.7891,2.6652,0.2500,1.5000,3.0000,1,1,0,1,0.5000,1.0000,17,4.2500,0.0608,4,branching,medium,single,4,3,dispersed,medium,3,medium,21870298,b8967715-de2b-4a35-83b7-a4fa7ce95a91,true,,
roomSize,medium,4,3,1.5000,3,2,0.0000,1,0,2,1,0.3333,10.0019,0.3333,12.0611,2.7405,0.2500,1.5000,2.0000,1,1,0,1,0.2500,0.6667,18,4.5000,0.0541,4,branching,medium,single,4,3,dispersed,medium,3,medium,1735127190,dc859e7e-124c-4466-bb26-fd6d65225f85,true,,
roomSize,medium,4,3,1.5000,3,2,0.0000,1,0,2,1,0.3333,11.6528,0.3333,12.5096,2.5298,0.2500,1.5000,2.0000,1,1,0,1,0.2500,0.6667,24,6.0000,0.1113,4,branching,medium,single,4,3,dispersed,medium,3,medium,1654826440,a560dbb7-2743-4c0a-9efd-47cca0214cdb,true,,
roomSize,medium,4,3,1.5000,2,1,0.0000,1,0,2,1,0.3333,8.5756,0.3333,10.0715,2.0389,0.0000,1.0000,2.0000,0,1,1,1,0.2500,1.3333,21,5.2500,0.0900,4,branching,medium,single,4,3,dispersed,medium,3,medium,1478878108,e2ce6927-8ed6-409c-a66a-cf1bee28a82e,true,,
roomSize,medium,4,3,1.5000,3,2,0.0000,1,0,2,1,0.3333,9.3812,0.6667,9.0668,1.7874,0.2500,1.5000,2.0000,1,1,0,1,0.2500,0.6667,18,4.5000,0.0691,4,branching,medium,single,4,3,dispersed,medium,3,medium,987974482,6546c173-6d46-43a8-a0da-89eb5621e975,true,,
roomSize,medium,4,3,1.5000,3,2,0.0000,1,0,2,1,0.3333,11.5860,0.3333,11.9423,2.0783,0.2500,1.5000,2.0000,1,1,0,1,0.2500,0.6667,19,4.7500,0.0664,4,branching,medium,single,4,3,dispersed,medium,3,medium,5498549,b3270d82-a1ed-414c-bbee-f1828f30067d,true,,
roomSize,medium,4,3,1.5000,3,2,0.0000,1,0,2,1,0.3333,9.9982,1.0000,5.0592,1.8990,0.2500,1.5000,3.0000,1,1,0,1,0.5000,1.0000,17,4.2500,0.0471,4,branching,medium,single,4,3,dispersed,medium,3,medium,96987133,69ed848c-46dc-4400-9a1b-16897843669e,true,,
roomSize,medium,4,3,1.5000,3,2,0.0000,1,0,2,1,0.3333,10.1167,0.5000,9.2775,2.4240,0.2500,1.5000,3.0000,1,1,0,1,0.5000,1.0000,17,4.2500,0.0538,4,branching,medium,single,4,3,dispersed,medium,3,medium,669034942,7a0c3e9b-b84f-4861-80ac-56e36c0d6c25,true,,
roomSize,medium,4,3,1.5000,3,2,0.0000,1,0,2,1,0.3333,12.1433,1.0000,5.4907,2.6890,0.2500,1.5000,3.0000,1,1,0,1,0.5000,1.0000,15,3.7500,0.0392,4,branching,medium,single,4,3,dispersed,medium,3,medium,462013569,ecf3bf99-027b-4982-b5fe-bd70cb26f3a5,true,,
roomSize,medium,4,3,1.5000,2,1,0.0000,1,0,2,1,0.3333,9.0974,0.6667,5.7169,2.4939,0.0000,1.0000,2.0000,0,1,1,1,0.2500,1.3333,17,4.2500,0.0607,4,branching,medium,single,4,3,dispersed,medium,3,medium,802898009,7c7b79a9-7a55-49dd-8e46-9fadff5137f2,true,,
roomSize,medium,4,3,1.5000,3,2,0.0000,1,0,2,1,0.3333,10.0356,1.0000,6.1332,2.2851,0.2500,1.5000,3.0000,1,1,0,1,0.5000,1.0000,19,4.7500,0.0811,4,branching,medium,single,4,3,dispersed,medium,3,medium,995443284,3816d84f-a350-467d-ad87-962e68d8c42d,true,,
roomSize,medium,4,3,1.5000,2,1,0.0000,1,0,2,1,0.3333,8.3677,0.6667,11.7187,10.5548,0.0000,1.0000,2.0000,0,1,1,1,0.2500,1.3333,19,4.7500,0.0630,4,branching,medium,single,4,3,dispersed,medium,3,medium,1884279411,986bac67-0af5-4c0c-a7e5-931abf2cc29e,true,,
roomSize,medium,4,3,1.5000,2,1,0.0000,1,0,2,1,0.3333,7.9583,0.8333,8.1675,3.2100,0.0000,1.0000,2.0000,0,1,1,1,0.2500,1.3333,20,5.0000,0.0910,4,branching,medium,single,4,3,dispersed,medium,3,medium,1493825990,d752df95-5349-4802-afcb-a0c74e44a6f4,true,,
roomSize,medium,4,3,1.5000,3,2,0.0000,1,0,2,1,0.3333,9.2759,1.0000,5.1399,2.0073,0.2500,1.5000,3.0000,1,1,0,1,0.5000,1.0000,20,5.0000,0.0657,4,branching,medium,single,4,3,dispersed,medium,3,medium,1653274251,c19b20d7-8ea6-41a7-9473-97381795838c,true,,
roomSize,medium,4,3,1.5000,2,1,0.0000,1,0,2,1,0.3333,7.6839,0.6667,8.9374,2.9576,0.0000,1.0000,2.0000,0,1,1,1,0.2500,1.3333,20,5.0000,0.0765,4,branching,medium,single,4,3,dispersed,medium,3,medium,3602270,0dc27e7c-fdeb-4f0b-b1f3-a7dd3b5dcb2b,true,,
roomSize,medium,4,3,1.5000,3,2,0.0000,1,0,2,1,0.3333,9.2246,0.5000,9.1659,1.7996,0.2500,1.5000,2.0000,1,1,0,1,0.2500,0.6667,17,4.2500,0.0577,4,branching,medium,single,4,3,dispersed,medium,3,medium,337624935,d0c24af8-9d13-40d5-b17a-b9a4bada0c9e,true,,
roomSize,medium,4,3,1.5000,2,1,0.0000,1,0,2,1,0.3333,7.7416,0.5000,6.8948,2.0063,0.0000,1.0000,2.0000,0,1,1,1,0.2500,1.3333,22,5.5000,0.0739,4,branching,medium,single,4,3,dispersed,medium,3,medium,95204818,a5c152fb-f257-4c98-a541-fb7a9ec4d440,true,,
roomSize,medium,4,3,1.5000,3,2,0.0000,1,0,2,1,0.3333,9.1367,0.6667,9.2934,1.8952,0.2500,1.5000,3.0000,1,1,0,1,0.5000,1.0000,18,4.5000,0.0624,4,branching,medium,single,4,3,dispersed,medium,3,medium,1224746215,d1061f1a-9fed-4ecb-b702-c8e07f03a2f4,true,,
roomSize,medium,4,3,1.5000,3,2,0.0000,1,0,2,1,0.3333,11.7438,0.6667,9.3754,2.1755,0.2500,1.5000,3.0000,1,1,0,1,0.5000,1.0000,15,3.7500,0.0522,4,branching,medium,single,4,3,dispersed,medium,3,medium,2092712001,1175daca-4a15-49da-950a-f62f5aa43460,true,,
roomSize,medium,4,3,1.5000,3,2,0.0000,1,0,2,1,0.3333,10.3711,0.8333,6.4040,2.5290,0.2500,1.5000,3.0000,1,1,0,1,0.5000,1.0000,19,4.7500,0.0532,4,branching,medium,single,4,3,dispersed,medium,3,medium,2128399744,98f261e9-4722-42c3-934e-f161c26d3c78,true,,
roomSize,medium,4,3,1.5000,3,2,0.0000,1,0,2,1,0.3333,9.4779,0.3333,12.7069,2.6319,0.2500,1.5000,2.0000,1,1,0,1,0.2500,0.6667,17,4.2500,0.0493,4,branching,medium,single,4,3,dispersed,medium,3,medium,932597665,50b328a4-b8a9-4937-b597-18fe2a24e2a9,true,,
roomSize,medium,4,3,1.5000,3,2,0.0000,1,0,2,1,0.3333,9.7352,0.5000,8.7907,1.7617,0.2500,1.5000,2.0000,1,1,0,1,0.2500,0.6667,14,3.5000,0.0509,4,branching,medium,single,4,3,dispersed,medium,3,medium,764020706,b7ae2c3f-bca6-4353-9144-845e1489c975,true,,
roomSize,medium,4,3,1.5000,2,1,0.0000,1,0,2,1,0.3333,7.4535,1.0000,8.1372,2.6305,0.0000,1.0000,2.0000,0,1,1,1,0.2500,1.3333,21,5.2500,0.0776,4,branching,medium,single,4,3,dispersed,medium,3,medium,1660615768,92af82a2-1d9d-43df-994a-185e04c5da23,true,,
roomSize,medium,4,3,1.5000,3,2,0.0000,1,0,2,1,0.3333,9.2906,1.0000,6.1799,2.3450,0.2500,1.5000,2.0000,1,1,0,1,0.2500,0.6667,16,4.0000,0.0785,4,branching,medium,single,4,3,dispersed,medium,3,medium,982773691,ad80324c-dcb7-445a-a449-1d5dde491c19,true,,
roomSize,medium,4,3,1.5000,3,2,0.0000,1,0,2,1,0.3333,10.1342,0.3333,12.6989,2.4932,0.2500,1.5000,2.0000,1,1,0,1,0.2500,0.6667,15,3.7500,0.0689,4,branching,medium,single,4,3,dispersed,medium,3,medium,516031280,24d6be00-d600-40b9-8f59-3ae52db0ebf0,true,,
roomSize,medium,4,3,1.5000,2,1,0.0000,1,0,2,1,0.3333,8.2750,0.8333,9.1358,2.4373,0.0000,1.0000,2.0000,0,1,1,1,0.2500,1.3333,22,5.5000,0.0665,4,branching,medium,single,4,3,dispersed,medium,3,medium,404580585,8070ef26-87a7-46de-89c3-e91b39d2e56d,true,,
roomSize,medium,4,3,1.5000,3,2,0.0000,1,0,2,1,0.3333,9.2165,1.0000,6.7283,2.3205,0.2500,1.5000,3.0000,1,1,0,1,0.5000,1.0000,17,4.2500,0.0673,4,branching,medium,single,4,3,dispersed,medium,3,medium,700325683,e27bdaf2-f5f0-4bcd-b0b2-ee09c314cc2b,true,,
roomSize,medium,4,3,1.5000,2,1,0.0000,1,0,2,1,0.3333,7.4423,0.8333,11.0297,9.0755,0.0000,1.0000,2.0000,0,1,1,1,0.2500,1.3333,20,5.0000,0.0807,4,branching,medium,single,4,3,dispersed,medium,3,medium,2122145616,51c46423-ae6d-4f4e-96ac-3d4ecc5499bf,true,,
roomSize,medium,4,3,1.5000,2,1,0.0000,1,0,2,1,0.3333,8.1347,0.6667,13.7219,11.8009,0.0000,1.0000,2.0000,0,1,1,1,0.2500,1.3333,24,6.0000,0.1022,4,branching,medium,single,4,3,dispersed,medium,3,medium,138559797,a1cca413-4a30-4d91-91ab-f39099b73805,true,,
roomSize,medium,4,3,1.5000,3,2,0.0000,1,0,2,1,0.3333,9.3369,1.0000,6.2347,2.7639,0.2500,1.5000,2.0000,1,1,0,1,0.2500,0.6667,14,3.5000,0.0429,4,branching,medium,single,4,3,dispersed,medium,3,medium,421714493,8b18aae5-67dd-45fe-9ae7-6915b5748366,true,,
roomSize,large,4,3,1.5000,2,1,0.0000,1,0,2,1,0.3333,9.0608,0.8333,14.8647,11.5925,0.0000,1.0000,2.0000,0,1,1,1,0.2500,1.3333,34,8.5000,0.0779,4,branching,large,single,4,3,dispersed,medium,3,medium,482332090,c711def5-cf94-4c10-805a-ebe72b4c3393,true,,
roomSize,large,4,3,1.5000,3,2,0.0000,1,0,2,1,0.3333,12.6651,0.5000,11.8876,2.9430,0.2500,1.5000,2.0000,1,1,0,1,0.2500,0.6667,28,7.0000,0.0592,4,branching,large,single,4,3,dispersed,medium,3,medium,1546786854,0c4c69c4-75dd-4231-8d32-dcfdd2a1a88d,true,,
roomSize,large,4,3,1.5000,3,2,0.0000,1,0,2,1,0.3333,14.8719,0.6667,12.0549,3.3132,0.2500,1.5000,3.0000,1,1,0,1,0.5000,1.0000,28,7.0000,0.0617,4,branching,large,single,4,3,dispersed,medium,3,medium,43608680,6a7fb9f9-2c46-41f1-a21e-6021fd755c19,true,,
roomSize,large,4,3,1.5000,3,2,0.0000,1,0,2,1,0.3333,11.2383,1.0000,8.9837,3.4179,0.2500,1.5000,3.0000,1,1,0,1,0.5000,1.0000,26,6.5000,0.0487,4,branching,large,single,4,3,dispersed,medium,3,medium,1051336023,d9e4d284-7248-44c3-91f4-1fe746811e44,true,,
roomSize,large,4,3,1.5000,3,2,0.0000,1,0,2,1,0.3333,12.1935,1.0000,7.7410,3.4417,0.2500,1.5000,3.0000,1,1,0,1,0.5000,1.0000,29,7.2500,0.0734,4,branching,large,single,4,3,dispersed,medium,3,medium,1762772539,a7424bd4-8c23-4a4b-9351-f402daf39d72,true,,
roomSize,large,4,3,1.5000,3,2,0.0000,1,0,2,1,0.3333,12.6012,1.0000,7.8506,3.1948,0.2500,1.5000,2.0000,1,1,0,1,0.2500,0.6667,28,7.0000,0.0741,4,branching,large,single,4,3,dispersed,medium,3,medium,1614354602,5165834f-845b-480e-9cd9-64f45f2ba75a,true,,
roomSize,large,4,3,1.5000,3,2,0.0000,1,0,2,1,0.3333,11.7280,1.0000,7.6656,3.1618,0.2500,1.5000,3.0000,1,1,0,1,0.5000,1.0000,28,7.0000,0.0613,4,branching,large,single,4,3,dispersed,medium,3,medium,1428529202,e7f0215b-836e-4273-b2e0-9b9e177eb250,true,,
roomSize,large,4,3,1.5000,3,2,0.0000,1,0,2,1,0.3333,12.0079,1.0000,8.2531,3.8893,0.2500,1.5000,3.0000,1,1,0,1,0.5000,1.0000,31,7.7500,0.0689,4,branching,large,single,4,3,dispersed,medium,3,medium,1856394366,b8eda2cf-2221-4cfa-973f-dde0a7b18606,true,,
roomSize,large,4,3,1.5000,3,2,0.0000,1,0,2,1,0.3333,10.7368,1.0000,7.5172,2.7100,0.2500,1.5000,2.0000,1,1,0,1,0.2500,0.6667,27,6.7500,0.0795,4,branching,large,single,4,3,dispersed,medium,3,medium,1084048519,9ae8eafd-2082-451c-8f90-a57e5f907c9b,true,,
roomSize,large,4,3,1.5000,2,1,0.0000,1,0,2,1,0.3333,9.5324,0.8333,11.3142,4.4629,0.0000,1.0000,2.0000,0,1,1,1,0.2500,1.3333,33,8.2500,0.0874,4,branching,large,single,4,3,dispersed,medium,3,medium,1059452872,fc7a40b1-356e-4c39-957e-343d9dc0887f,true,,
roomSize,large,4,3,1.5000,2,1,0.0000,1,0,2,1,0.3333,9.3249,1.0000,9.9056,3.3075,0.0000,1.0000,2.0000,0,1,1,1,0.2500,1.3333,35,8.7500,0.0932,4,branching,large,single,4,3,dispersed,medium,3,medium,378000721,2546da5a-060c-4a7d-9da7-cd8c29e568a4,true,,
roomSize,large,4,3,1.5000,3,2,0.0000,1,0,2,1,0.3333,11.9385,1.0000,7.5712,3.3238,0.2500,1.5000,3.0000,1,1,0,1,0.5000,1.0000,31,7.7500,0.0676,4,branching,large,single,4,3,dispersed,medium,3,medium,491479456,4b5934af-b5c2-4aae-a728-96a26d294f9f,true,,
roomSize,large,4,3,1.5000,3,2,0.0000,1,0,2,1,0.3333,11.6958,1.0000,8.7951,3.7244,0.2500,1.5000,2.0000,1,1,0,1,0.2500,0.6667,25,6.2500,0.0595,4,branching,large,single,4,3,dispersed,medium,3,medium,801468954,5c4594ef-548a-426d-8c3e-d71fa0e932fa,true,,
roomSize,large,4,3,1.5000,2,1,0.0000,1,0,2,1,0.3333,9.9799,0.5000,20.1851,17.1340,0.0000,1.0000,2.0000,0,1,1,1,0.2500,1.3333,38,9.5000,0.0915,4,branching,large,single,4,3,dispersed,medium,3,medium,1101258477,673cf328-eef6-4adc-a7ba-a12d60561f5c,true,,
roomSize,large,4,3,1.5000,2,1,0.0000,1,0,2,1,0.3333,9.9406,1.0000,9.8639,3.5863,0.0000,1.0000,2.0000,0,1,1,1,0.2500,1.3333,34,8.5000,0.0733,4,branching,large,single,4,3,dispersed,medium,3,medium,1677827096,b5145a3d-d40b-4442-b0c5-bfa6cd347d7f,true,,
roomSize,large,4,3,1.5000,3,2,0.0000,1,0,2,1,0.3333,12.9373,0.8333,8.9373,2.9055,0.2500,1.5000,3.0000,1,1,0,1,0.5000,1.0000,30,7.5000,0.0903,4,branching,large,single,4,3,dispersed,medium,3,medium,703103177,f2390308-9e62-4375-93d1-4a6874e025a6,true,,
roomSize,large,4,3,1.5000,2,1,0.0000,1,0,2,1,0.3333,9.2921,0.8333,15.6416,12.1876,0.0000,1.0000,2.0000,0,1,1,1,0.2500,1.3333,37,9.2500,0.0947,4,branching,large,single,4,3,dispersed,medium,3,medium,835778762,7e02dc6a-82bd-4c41-994d-6b2f8e38861f,true,,
roomSize,large,4,3,1.5000,3,2,0.0000,1,0,2,1,0.3333,14.9754,0.3333,15.1015,3.6523,0.2500,1.5000,2.0000,1,1,0,1,0.2500,0.6667,28,7.0000,0.0731,4,branching,large,single,4,3,dispersed,medium,3,medium,1764243024,dbbb33a7-812b-418c-bb0a-1420a79818b4,true,,
roomSize,large,4,3,1.5000,2,1,0.0000,1,0,2,1,0.3333,9.4061,0.3333,14.5123,3.0593,0.0000,1.0000,2.0000,0,1,1,1,0.2500,1.3333,33,8.2500,0.0699,4,branching,large,single,4,3,dispersed,medium,3,medium,2137207551,3a2e0073-76be-4081-94c5-fd287d1850ad,true,,
roomSize,large,4,3,1.5000,3,2,0.0000,1,0,2,1,0.3333,15.3627,0.6667,12.1773,3.2335,0.2500,1.5000,3.0000,1,1,0,1,0.5000,1.0000,27,6.7500,0.0553,4,branching,large,single,4,3,dispersed,medium,3,medium,2056163066,048c1f71-819c-4830-bb52-fcde9591bba0,true,,
roomSize,large,4,3,1.5000,3,2,0.0000,1,0,2,1,0.3333,14.7791,0.5000,14.2999,3.1641,0.2500,1.5000,3.0000,1,1,0,1,0.5000,1.0000,30,7.5000,0.0711,4,branching,large,single,4,3,dispersed,medium,3,medium,1147798450,7228b60c-11fd-48d6-8691-1f85faad48db,true,,
roomSize,large,4,3,1.5000,3,2,0.0000,1,0,2,1,0.3333,11.6369,1.0000,7.6805,3.1102,0.2500,1.5000,2.0000,1,1,0,1,0.2500,0.6667,28,7.0000,0.0558,4,branching,large,single,4,3,dispersed,medium,3,medium,1651633848,f9fbc73e-fa89-457c-b05d-4fd2999b9066,true,,
roomSize,large,4,3,1.5000,3,2,0.0000,1,0,2,1,0.3333,11.4591,0.5000,12.3430,3.6892,0.2500,1.5000,3.0000,1,1,0,1,0.5000,1.0000,28,7.0000,0.0648,4,branching,large,single,4,3,dispersed,medium,3,medium,789391128,1ac38f50-0294-4668-9560-3eb7c235e915,true,,
roomSize,large,4,3,1.5000,3,2,0.0000,1,0,2,1,0.3333,12.9376,0.5000,12.2654,2.9844,0.2500,1.5000,3.0000,1,1,0,1,0.5000,1.0000,26,6.5000,0.0592,4,branching,large,single,4,3,dispersed,medium,3,medium,30458055,613f89af-532a-4212-bd91-4cfd5ea93768,true,,
roomSize,large,4,3,1.5000,2,1,0.0000,1,0,2,1,0.3333,9.6361,0.6667,13.5420,4.9472,0.0000,1.0000,2.0000,0,1,1,1,0.2500,1.3333,35,8.7500,0.0875,4,branching,large,single,4,3,dispersed,medium,3,medium,1468478536,c49dddfd-6064-44a3-a9ab-8f5c06c360f1,true,,
roomSize,large,4,3,1.5000,3,2,0.0000,1,0,2,1,0.3333,12.3044,1.0000,8.3992,3.3558,0.2500,1.5000,3.0000,1,1,0,1,0.5000,1.0000,29,7.2500,0.0815,4,branching,large,single,4,3,dispersed,medium,3,medium,1405333239,4d79eb64-41b2-47e9-9b89-1cc7022867a0,true,,
roomSize,large,4,3,1.5000,3,2,0.0000,1,0,2,1,0.3333,11.8805,1.0000,8.6240,3.6648,0.2500,1.5000,3.0000,1,1,0,1,0.5000,1.0000,26,6.5000,0.0621,4,branching,large,single,4,3,dispersed,medium,3,medium,74511422,72939d60-7f76-4b47-83ae-18bd169d79bb,true,,
roomSize,large,4,3,1.5000,3,2,0.0000,1,0,2,1,0.3333,12.1448,1.0000,8.1590,3.3342,0.2500,1.5000,3.0000,1,1,0,1,0.5000,1.0000,30,7.5000,0.0781,4,branching,large,single,4,3,dispersed,medium,3,medium,672052749,f99c1f43-1027-41df-b9d3-c5f328ee762b,true,,
roomSize,large,4,3,1.5000,3,2,0.0000,1,0,2,1,0.3333,11.0127,1.0000,7.4213,3.4579,0.2500,1.5000,3.0000,1,1,0,1,0.5000,1.0000,23,5.7500,0.0415,4,branching,large,single,4,3,dispersed,medium,3,medium,962846828,c308d72d-475c-40e0-be86-e69eaea297c3,true,,
roomSize,large,4,3,1.5000,3,2,0.0000,1,0,2,1,0.3333,10.9859,1.0000,7.6075,3.2267,0.2500,1.5000,3.0000,1,1,0,1,0.5000,1.0000,26,6.5000,0.0522,4,branching,large,single,4,3,dispersed,medium,3,medium,583393897,390b8d26-ac6c-4f70-9aa1-dbffd32b152d,true,,
roomSize,large,4,3,1.5000,2,1,0.0000,1,0,2,1,0.3333,10.0185,0.8333,6.8795,2.8777,0.0000,1.0000,2.0000,0,1,1,1,0.2500,1.3333,38,9.5000,0.0855,4,branching,large,single,4,3,dispersed,medium,3,medium,1452656513,30610c98-4c33-452c-bd7c-a1346605cf62,true,,
roomSize,large,4,3,1.5000,3,2,0.0000,1,0,2,1,0.3333,14.8818,0.6667,11.5849,3.6900,0.2500,1.5000,2.0000,1,1,0,1,0.2500,0.6667,28,7.0000,0.0569,4,branching,large,single,4,3,dispersed,medium,3,medium,122325164,59534982-e64c-4095-8f59-f1f7fb7f34dd,true,,
roomSize,large,4,3,1.5000,3,2,0.0000,1,0,2,1,0.3333,12.4162,0.6667,12.4382,4.0953,0.2500,1.5000,2.0000,1,1,0,1,0.2500,0.6667,34,8.5000,0.0859,4,branching,large,single,4,3,dispersed,medium,3,medium,530475145,e121cca1-c866-408e-8fbd-7de8a58ad947,true,,
roomSize,large,4,3,1.5000,2,1,0.0000,1,0,2,1,0.3333,10.5892,0.8333,7.2873,3.1254,0.0000,1.0000,2.0000,0,1,1,1,0.2500,1.3333,32,8.0000,0.0774,4,branching,large,single,4,3,dispersed,medium,3,medium,40299076,1fde6b13-e619-491c-94cc-da4e030c6a5d,true,,
roomSize,large,4,3,1.5000,3,2,0.0000,1,0,2,1,0.3333,12.6615,1.0000,8.1111,3.8640,0.2500,1.5000,2.0000,1,1,0,1,0.2500,0.6667,29,7.2500,0.0834,4,branching,large,single,4,3,dispersed,medium,3,medium,320565919,35a0eb7d-d39b-4f52-b915-5dfd0de9333c,true,,
roomSize,large,4,3,1.5000,2,1,0.0000,1,0,2,1,0.3333,9.0662,0.6667,12.1252,3.2301,0.0000,1.0000,2.0000,0,1,1,1,0.2500,1.3333,36,9.0000,0.0984,4,branching,large,single,4,3,dispersed,medium,3,medium,1596140077,bdbd66d9-1ea5-4461-9383-1430311df8b1,true,,
roomSize,large,4,3,1.5000,3,2,0.0000,1,0,2,1,0.3333,15.1277,0.6667,12.3044,3.2284,0.2500,1.5000,3.0000,1,1,0,1,0.5000,1.0000,28,7.0000,0.0668,4,branching,large,single,4,3,dispersed,medium,3,medium,1840670731,7f256936-ac20-40e4-a0e1-44102f8ed2df,true,,
roomSize,large,4,3,1.5000,3,2,0.0000,1,0,2,1,0.3333,12.5976,1.0000,7.9650,3.3381,0.2500,1.5000,3.0000,1,1,0,1,0.5000,1.0000,29,7.2500,0.0637,4,branching,large,single,4,3,dispersed,medium,3,medium,442489967,843901a0-d40a-4d3a-8386-5ac9b072adae,true,,
roomSize,large,4,3,1.5000,3,2,0.0000,1,0,2,1,0.3333,14.4665,1.0000,8.9027,3.4651,0.2500,1.5000,3.0000,1,1,0,1,0.5000,1.0000,27,6.7500,0.0540,4,branching,large,single,4,3,dispersed,medium,3,medium,2037985359,ca336c26-1568-488f-b5a2-e23f60f41200,true,,
roomSize,large,4,3,1.5000,3,2,0.0000,1,0,2,1,0.3333,11.9716,1.0000,7.7970,3.4676,0.2500,1.5000,3.0000,1,1,0,1,0.5000,1.0000,32,8.0000,0.0711,4,branching,large,single,4,3,dispersed,medium,3,medium,536731315,ab223ed8-3940-4e88-9f39-a068784006fb,true,,
roomSize,large,4,3,1.5000,2,1,0.0000,1,0,2,1,0.3333,8.9970,0.6667,13.4442,13.0514,0.0000,1.0000,2.0000,0,1,1,1,0.2500,1.3333,35,8.7500,0.0849,4,branching,large,single,4,3,dispersed,medium,3,medium,1056579380,9810ad22-9d2e-471a-8b50-4b1bb262cf91,true,,
roomSize,large,4,3,1.5000,3,2,0.0000,1,0,2,1,0.3333,15.5739,0.3333,17.3185,2.9586,0.2500,1.5000,2.0000,1,1,0,1,0.2500,0.6667,30,7.5000,0.0722,4,branching,large,single,4,3,dispersed,medium,3,medium,386294099,3e3abd48-cbbb-43b5-a40f-afc9d0f0ea91,true,,
roomSize,large,4,3,1.5000,3,2,0.0000,1,0,2,1,0.3333,15.6112,1.0000,6.9718,3.3366,0.2500,1.5000,3.0000,1,1,0,1,0.5000,1.0000,25,6.2500,0.0587,4,branching,large,single,4,3,dispersed,medium,3,medium,140697696,60460a26-ae1e-4b1d-bce9-e8f774451da7,true,,
roomSize,large,4,3,1.5000,3,2,0.0000,1,0,2,1,0.3333,15.0389,0.6667,11.5658,3.0121,0.2500,1.5000,2.0000,1,1,0,1,0.2500,0.6667,27,6.7500,0.0529,4,branching,large,single,4,3,dispersed,medium,3,medium,1033259129,8c32c16e-6de5-4d6c-bff9-d7fd4e2641e7,true,,
roomSize,large,4,3,1.5000,3,2,0.0000,1,0,2,1,0.3333,15.2443,0.6667,12.0932,3.1484,0.2500,1.5000,3.0000,1,1,0,1,0.5000,1.0000,28,7.0000,0.0637,4,branching,large,single,4,3,dispersed,medium,3,medium,1750399023,8213c7d2-ba91-4277-9503-fe936bc6e6a6,true,,
roomSize,large,4,3,1.5000,2,1,0.0000,1,0,2,1,0.3333,10.7082,0.6667,15.3790,13.4257,0.0000,1.0000,2.0000,0,1,1,1,0.2500,1.3333,35,8.7500,0.0724,4,branching,large,single,4,3,dispersed,medium,3,medium,441118209,813044c0-457f-4e0d-9e20-7c268fb8a573,true,,
roomSize,large,4,3,1.5000,3,2,0.0000,1,0,2,1,0.3333,12.9216,0.6667,12.1300,3.4830,0.2500,1.5000,3.0000,1,1,0,1,0.5000,1.0000,22,5.5000,0.0346,4,branching,large,single,4,3,dispersed,medium,3,medium,2110035399,c7ec6222-6ec3-46c4-9819-5d8604fdd5d7,true,,
roomSize,large,4,3,1.5000,2,1,0.0000,1,0,2,1,0.3333,11.1575,1.0000,10.0583,4.2398,0.0000,1.0000,2.0000,0,1,1,1,0.2500,1.3333,39,9.7500,0.0865,4,branching,large,single,4,3,dispersed,medium,3,medium,559357291,e8cbd116-69fb-400c-9287-11f25a82482e,true,,
roomSize,large,4,3,1.5000,3,2,0.0000,1,0,2,1,0.3333,12.6161,0.5000,11.6428,3.3753,0.2500,1.5000,3.0000,1,1,0,1,0.5000,1.0000,33,8.2500,0.0770,4,branching,large,single,4,3,dispersed,medium,3,medium,1452430242,a6fbc51b-a35e-45bf-bee8-80df98b1857c,true,,
roomSize,large,4,3,1.5000,3,2,0.0000,1,0,2,1,0.3333,14.5070,1.0000,8.9574,3.9203,0.2500,1.5000,3.0000,1,1,0,1,0.5000,1.0000,26,6.5000,0.0518,4,branching,large,single,4,3,dispersed,medium,3,medium,1960411750,2de03a0b-8ccd-4f50-b203-69c5c2d5f3d1,true,,
placementStrategy,clustered,4,3,1.5000,2,1,0.0000,1,0,2,1,0.3333,8.3369,1.0000,2.5445,2.1263,0.0000,1.0000,2.0000,0,1,1,1,0.2500,1.3333,21,5.2500,0.0841,4,branching,medium,single,4,3,clustered,medium,3,medium,1716285470,ffb3320d-76a8-4392-ac65-08323a2939fe,true,,
placementStrategy,clustered,4,3,1.5000,3,2,0.0000,1,0,2,1,0.3333,10.9578,1.0000,4.0616,1.8410,0.1875,1.7500,3.0000,1,1,0,1,0.5000,1.0000,19,4.7500,0.0704,4,branching,medium,single,4,3,clustered,medium,3,medium,1083566306,d7bafffd-bc8f-456c-9718-1c3b93df22cc,true,,
placementStrategy,clustered,4,3,1.5000,2,1,0.0000,1,0,2,1,0.3333,8.5476,1.0000,2.5000,1.7948,0.0000,1.0000,2.0000,0,1,1,1,0.2500,1.3333,21,5.2500,0.0767,4,branching,medium,single,4,3,clustered,medium,3,medium,2132421712,8daec5ca-c1c9-42cb-a27f-8b93c8746ff7,true,,
placementStrategy,clustered,4,3,1.5000,3,2,0.0000,1,0,2,1,0.3333,10.1741,1.0000,4.5167,1.9565,0.1875,1.7500,3.0000,1,1,0,1,0.5000,1.0000,19,4.7500,0.0895,4,branching,medium,single,4,3,clustered,medium,3,medium,229880378,ff4994e3-b7dc-4818-b184-247736ae2353,true,,
placementStrategy,clustered,4,3,1.5000,2,1,0.0000,1,0,2,1,0.3333,9.3209,1.0000,2.2534,1.7395,0.0000,1.0000,2.0000,0,1,1,1,0.2500,1.3333,19,4.7500,0.0552,4,branching,medium,single,4,3,clustered,medium,3,medium,1421399690,d34331b4-ce75-4980-8b5f-9d7bfcb663ca,true,,
placementStrategy,clustered,4,3,1.5000,3,2,0.0000,1,0,2,1,0.3333,9.9584,1.0000,4.9190,3.1520,0.1875,1.7500,3.0000,1,1,0,1,0.5000,1.0000,15,3.7500,0.0477,4,branching,medium,single,4,3,clustered,medium,3,medium,978181889,f9280832-8247-48d9-834a-3a13a5de63dc,true,,
placementStrategy,clustered,4,3,1.5000,2,1,0.0000,1,0,2,1,0.3333,8.8577,1.0000,2.5786,1.7711,0.0000,1.0000,2.0000,0,1,1,1,0.2500,1.3333,22,5.5000,0.0692,4,branching,medium,single,4,3,clustered,medium,3,medium,757395726,06372f73-d632-4685-a3f3-2a1a3b32bfb7,true,,
placementStrategy,clustered,4,3,1.5000,3,2,0.0000,1,0,2,1,0.3333,12.8362,1.0000,4.2785,1.9943,0.1875,1.7500,3.0000,1,1,0,1,0.5000,1.0000,17,4.2500,0.0556,4,branching,medium,single,4,3,clustered,medium,3,medium,13150625,b3595a39-25f4-47ef-ae59-a06f87cb8d57,true,,
placementStrategy,clustered,4,3,1.5000,3,2,0.0000,1,0,2,1,0.3333,13.4769,1.0000,4.7544,2.3814,0.1875,1.7500,3.0000,1,1,0,1,0.5000,1.0000,16,4.0000,0.0645,4,branching,medium,single,4,3,clustered,medium,3,medium,1730341134,4d300138-234e-4549-8b9c-af7741c51636,true,,
placementStrategy,clustered,4,3,1.5000,3,2,0.0000,1,0,2,1,0.3333,10.2118,1.0000,4.7459,2.2170,0.1875,1.7500,3.0000,1,1,0,1,0.5000,1.0000,17,4.2500,0.0503,4,branching,medium,single,4,3,clustered,medium,3,medium,357439300,b69c67f9-2377-42d4-b5dc-e930cfee6ce5,true,,
placementStrategy,clustered,4,3,1.5000,2,1,0.0000,1,0,2,1,0.3333,7.8793,1.0000,2.4278,1.8470,0.0000,1.0000,2.0000,0,1,1,1,0.2500,1.3333,18,4.5000,0.0555,4,branching,medium,single,4,3,clustered,medium,3,medium,1539843180,64063142-aa8e-4108-8d71-c1abdad29804,true,,
placementStrategy,clustered,4,3,1.5000,2,1,0.0000,1,0,2,1,0.3333,8.1423,1.0000,2.7766,1.9411,0.0000,1.0000,2.0000,0,1,1,1,0.2500,1.3333,21,5.2500,0.0759,4,branching,medium,single,4,3,clustered,medium,3,medium,756476453,e62e4c7f-acbb-486d-b240-492d99d5fdcf,true,,
placementStrategy,clustered,4,3,1.5000,3,2,0.0000,1,0,2,1,0.3333,10.9410,1.0000,4.5345,2.5469,0.1875,1.7500,3.0000,1,1,0,1,0.5000,1.0000,16,4.0000,0.0507,4,branching,medium,single,4,3,clustered,medium,3,medium,893547538,d5d13cdb-f0a9-4991-93d1-fed438f6b88c,true,,
placementStrategy,clustered,4,3,1.5000,2,1,0.0000,1,0,2,1,0.3333,8.2503,1.0000,2.5397,2.2039,0.0000,1.0000,2.0000,0,1,1,1,0.2500,1.3333,20,5.0000,0.0683,4,branching,medium,single,4,3,clustered,medium,3,medium,500654622,4fba4231-b7d7-47a7-860d-3f185553d553,true,,
placementStrategy,clustered,4,3,1.5000,3,2,0.0000,1,0,2,1,0.3333,10.0264,1.0000,4.8129,2.2929,0.1875,1.7500,3.0000,1,1,0,1,0.5000,1.0000,20,5.0000,0.0756,4,branching,medium,single,4,3,clustered,medium,3,medium,1754280006,9edbee36-6930-4221-aea2-3eef8843dbc5,true,,
placementStrategy,clustered,4,3,1.5000,3,2,0.0000,1,0,2,1,0.3333,10.0054,1.0000,4.4696,1.9675,0.1875,1.7500,3.0000,1,1,0,1,0.5000,1.0000,15,3.7500,0.0459,4,branching,medium,single,4,3,clustered,medium,3,medium,255675557,52826635-9967-4b9f-b14e-2bd557fdafe5,true,,
placementStrategy,clustered,4,3,1.5000,3,2,0.0000,1,0,2,1,0.3333,11.5962,1.0000,4.4581,2.5055,0.1875,1.7500,3.0000,1,1,0,1,0.5000,1.0000,17,4.2500,0.0570,4,branching,medium,single,4,3,clustered,medium,3,medium,2108487958,18bdae40-da8f-4981-acab-12cbd7fcb8aa,true,,
placementStrategy,clustered,4,3,1.5000,3,2,0.0000,1,0,2,1,0.3333,11.0434,1.0000,4.4621,2.2631,0.1875,1.7500,3.0000,1,1,0,1,0.5000,1.0000,17,4.2500,0.0524,4,branching,medium,single,4,3,clustered,medium,3,medium,761169878,5c826e74-e586-4850-adc6-bee45e30e0e2,true,,
placementStrategy,clustered,4,3,1.5000,2,1,0.0000,1,0,2,1,0.3333,6.6340,1.0000,3.0913,2.5816,0.0000,1.0000,2.0000,0,1,1,1,0.2500,1.3333,22,5.5000,0.0744,4,branching,medium,single,4,3,clustered,medium,3,medium,780692558,b105ff56-6823-4207-8539-2d4e3472a0fc,true,,
placementStrategy,clustered,4,3,1.5000,3,2,0.0000,1,0,2,1,0.3333,9.9077,1.0000,4.0160,1.7825,0.1875,1.7500,3.0000,1,1,0,1,0.5000,1.0000,17,4.2500,0.0516,4,branching,medium,single,4,3,clustered,medium,3,medium,81687019,5b884b0f-6492-416c-a16a-79bfb4fac21a,true,,
placementStrategy,clustered,4,3,1.5000,2,1,0.0000,1,0,2,1,0.3333,9.2707,1.0000,2.4904,2.1600,0.0000,1.0000,2.0000,0,1,1,1,0.2500,1.3333,18,4.5000,0.0519,4,branching,medium,single,4,3,clustered,medium,3,medium,1009916093,cee40aa0-7a5e-4140-81fa-d533a2c64c86,true,,
placementStrategy,clustered,4,3,1.5000,3,2,0.0000,1,0,2,1,0.3333,9.6547,1.0000,4.7833,2.5657,0.1875,1.7500,3.0000,1,1,0,1,0.5000,1.0000,14,3.5000,0.0540,4,branching,medium,single,4,3,clustered,medium,3,medium,393288795,a9740132-f19f-43c5-96a4-cb819c0fab85,true,,
placementStrategy,clustered,4,3,1.5000,3,2,0.0000,1,0,2,1,0.3333,13.3437,1.0000,4.6600,2.1976,0.1875,1.7500,3.0000,1,1,0,1,0.5000,1.0000,16,4.0000,0.0547,4,branching,medium,single,4,3,clustered,medium,3,medium,1873741312,56a4d9f6-205d-4531-8976-c95168238453,true,,
placementStrategy,clustered,4,3,1.5000,3,2,0.0000,1,0,2,1,0.3333,9.6488,1.0000,4.5948,2.9063,0.1875,1.7500,3.0000,1,1,0,1,0.5000,1.0000,15,3.7500,0.0495,4,branching,medium,single,4,3,clustered,medium,3,medium,1600476236,9971c343-6a9c-4805-a8f1-16c0d8e30908,true,,
placementStrategy,clustered,4,3,1.5000,3,2,0.0000,1,0,2,1,0.3333,13.1436,1.0000,4.4741,1.8966,0.1875,1.7500,3.0000,1,1,0,1,0.5000,1.0000,16,4.0000,0.0471,4,branching,medium,single,4,3,clustered,medium,3,medium,999583686,856bdaa6-8cae-4804-a100-9b600dd9d1af,true,,
placementStrategy,clustered,4,3,1.5000,2,1,0.0000,1,0,2,1,0.3333,7.5904,1.0000,3.0866,2.3145,0.0000,1.0000,2.0000,0,1,1,1,0.2500,1.3333,23,5.7500,0.0864,4,branching,medium,single,4,3,clustered,medium,3,medium,761504351,eda37307-e95a-4d88-8b34-4d415814c04a,true,,
placementStrategy,clustered,4,3,1.5000,2,1,0.0000,1,0,2,1,0.3333,8.6873,1.0000,2.8181,2.3182,0.0000,1.0000,2.0000,0,1,1,1,0.2500,1.3333,20,5.0000,0.0751,4,branching,medium,single,4,3,clustered,medium,3,medium,1510936152,e7c61a62-ee8c-49d2-8f04-97e32cdd6c73,true,,
placementStrategy,clustered,4,3,1.5000,3,2,0.0000,1,0,2,1,0.3333,11.6064,1.0000,4.5049,2.5466,0.1875,1.7500,3.0000,1,1,0,1,0.5000,1.0000,19,4.7500,0.0636,4,branching,medium,single,4,3,clustered,medium,3,medium,1903615646,69b3ddfd-08b9-4430-b93c-5f7f27b81f98,true,,
placementStrategy,clustered,4,3,1.5000,3,2,0.0000,1,0,2,1,0.3333,13.1369,1.0000,5.0264,3.1517,0.1875,1.7500,3.0000,1,1,0,1,0.5000,1.0000,17,4.2500,0.0533,4,branching,medium,single,4,3,clustered,medium,3,medium,427542679,066b1ab7-326a-4691-9983-b94a55388b31,true,,
placementStrategy,clustered,4,3,1.5000,2,1,0.0000,1,0,2,1,0.3333,8.2749,1.0000,2.8447,1.9552,0.0000,1.0000,2.0000,0,1,1,1,0.2500,1.3333,25,6.2500,0.0819,4,branching,medium,single,4,3,clustered,medium,3,medium,1027360327,8cf9b583-bd6a-4653-b2ab-40c3f15ebb74,true,,
placementStrategy,clustered,4,3,1.5000,3,2,0.0000,1,0,2,1,0.3333,13.0022,1.0000,4.2640,2.7525,0.1875,1.7500,3.0000,1,1,0,1,0.5000,1.0000,15,3.7500,0.0430,4,branching,medium,single,4,3,clustered,medium,3,medium,1442781487,8264d01f-ba61-4ffb-a3b0-1ade5dd08d18,true,,
placementStrategy,clustered,4,3,1.5000,3,2,0.0000,1,0,2,1,0.3333,13.6471,1.0000,4.9175,2.5774,0.1875,1.7500,3.0000,1,1,0,1,0.5000,1.0000,17,4.2500,0.0859,4,branching,medium,single,4,3,clustered,medium,3,medium,1662637778,b383e8a3-f599-484a-867a-d81fb1a98294,true,,
placementStrategy,clustered,4,3,1.5000,3,2,0.0000,1,0,2,1,0.3333,10.2527,1.0000,4.7434,1.8196,0.1875,1.7500,3.0000,1,1,0,1,0.5000,1.0000,20,5.0000,0.0842,4,branching,medium,single,4,3,clustered,medium,3,medium,1367106154,110fd969-b79a-45d0-875b-0cba75e33be2,true,,
placementStrategy,clustered,4,3,1.5000,3,2,0.0000,1,0,2,1,0.3333,11.2822,1.0000,4.6582,3.2770,0.1875,1.7500,3.0000,1,1,0,1,0.5000,1.0000,21,5.2500,0.0662,4,branching,medium,single,4,3,clustered,medium,3,medium,1149918725,a3535f9f-e5ba-4479-a4db-8d4bff3641d1,true,,
placementStrategy,clustered,4,3,1.5000,3,2,0.0000,1,0,2,1,0.3333,13.8673,1.0000,4.3403,2.4141,0.1875,1.7500,3.0000,1,1,0,1,0.5000,1.0000,18,4.5000,0.0551,4,branching,medium,single,4,3,clustered,medium,3,medium,1014592074,884fe64f-3952-41e4-8f81-8bd2fe28e3f6,true,,
placementStrategy,clustered,4,3,1.5000,3,2,0.0000,1,0,2,1,0.3333,10.7368,1.0000,4.3501,2.1029,0.1875,1.7500,3.0000,1,1,0,1,0.5000,1.0000,14,3.5000,0.0363,4,branching,medium,single,4,3,clustered,medium,3,medium,369090207,f6d9bbd4-8ad8-4090-a577-c34554085a17,true,,
placementStrategy,clustered,4,3,1.5000,3,2,0.0000,1,0,2,1,0.3333,10.9792,1.0000,4.6647,1.9711,0.1875,1.7500,3.0000,1,1,0,1,0.5000,1.0000,14,3.5000,0.0432,4,branching,medium,single,4,3,clustered,medium,3,medium,137387099,17b6ab30-5a66-44f0-8e45-e6572d4ab786,true,,
placementStrategy,clustered,4,3,1.5000,2,1,0.0000,1,0,2,1,0.3333,7.9605,1.0000,2.5704,2.2518,0.0000,1.0000,2.0000,0,1,1,1,0.2500,1.3333,23,5.7500,0.0722,4,branching,medium,single,4,3,clustered,medium,3,medium,300594767,f6638d97-4659-4db7-a0b8-c9fd4762d555,true,,
placementStrategy,clustered,4,3,1.5000,2,1,0.0000,1,0,2,1,0.3333,7.0529,1.0000,2.3641,1.9555,0.0000,1.0000,2.0000,0,1,1,1,0.2500,1.3333,22,5.5000,0.0653,4,branching,medium,single,4,3,clustered,medium,3,medium,766383033,8e15772b-c3a3-4d4d-ab76-01eb79b150b0,true,,
placementStrategy,clustered,4,3,1.5000,2,1,0.0000,1,0,2,1,0.3333,7.2914,1.0000,2.8842,2.4492,0.0000,1.0000,2.0000,0,1,1,1,0.2500,1.3333,23,5.7500,0.0926,4,branching,medium,single,4,3,clustered,medium,3,medium,1489867677,498f437a-55c7-451f-b22b-c0e61a634b1c,true,,
placementStrategy,clustered,4,3,1.5000,2,1,0.0000,1,0,2,1,0.3333,8.8888,1.0000,2.5952,1.8242,0.0000,1.0000,2.0000,0,1,1,1,0.2500,1.3333,22,5.5000,0.0760,4,branching,medium,single,4,3,clustered,medium,3,medium,838744351,41e333bf-f9b5-4858-b5f8-9971eda4e667,true,,
placementStrategy,clustered,4,3,1.5000,2,1,0.0000,1,0,2,1,0.3333,9.2252,1.0000,2.4523,2.1241,0.0000,1.0000,2.0000,0,1,1,1,0.2500,1.3333,18,4.5000,0.0565,4,branching,medium,single,4,3,clustered,medium,3,medium,1827520106,18a2ebb1-2b77-4191-80d2-0bd38d904bc6,true,,
placementStrategy,clustered,4,3,1.5000,2,1,0.0000,1,0,2,1,0.3333,7.1959,1.0000,2.6985,1.9737,0.0000,1.0000,2.0000,0,1,1,1,0.2500,1.3333,22,5.5000,0.0895,4,branching,medium,single,4,3,clustered,medium,3,medium,859632480,82624ddb-6e83-4e15-abb8-43c22ac52a1c,true,,
placementStrategy,clustered,4,3,1.5000,3,2,0.0000,1,0,2,1,0.3333,10.3508,1.0000,4.3533,2.3446,0.1875,1.7500,3.0000,1,1,0,1,0.5000,1.0000,16,4.0000,0.0411,4,branching,medium,single,4,3,clustered,medium,3,medium,1680546059,1d71ac7f-dc45-4bea-bb6c-55f39bf1737b,true,,
placementStrategy,clustered,4,3,1.5000,3,2,0.0000,1,0,2,1,0.3333,13.3423,1.0000,4.5429,2.4095,0.1875,1.7500,3.0000,1,1,0,1,0.5000,1.0000,13,3.2500,0.0353,4,branching,medium,single,4,3,clustered,medium,3,medium,1144371782,28e828e4-c31a-4419-a062-7c1fcb9e0e04,true,,
placementStrategy,clustered,4,3,1.5000,2,1,0.0000,1,0,2,1,0.3333,8.3375,1.0000,2.9390,2.3068,0.0000,1.0000,2.0000,0,1,1,1,0.2500,1.3333,22,5.5000,0.0946,4,branching,medium,single,4,3,clustered,medium,3,medium,300102927,39ea7e1b-b634-4749-8730-31b7fdec72fe,true,,
placementStrategy,clustered,4,3,1.5000,2,1,0.0000,1,0,2,1,0.3333,8.1046,1.0000,2.5407,1.9576,0.0000,1.0000,2.0000,0,1,1,1,0.2500,1.3333,21,5.2500,0.0721,4,branching,medium,single,4,3,clustered,medium,3,medium,1640230208,c53b394d-153a-43de-aaef-dcd212db7c64,true,,
placementStrategy,clustered,4,3,1.5000,3,2,0.0000,1,0,2,1,0.3333,11.0433,1.0000,4.5701,2.7320,0.1875,1.7500,3.0000,1,1,0,1,0.5000,1.0000,14,3.5000,0.0336,4,branching,medium,single,4,3,clustered,medium,3,medium,1787526721,049367b5-b10c-4a4f-9743-2f57857afcb1,true,,
placementStrategy,clustered,4,3,1.5000,2,1,0.0000,1,0,2,1,0.3333,8.5012,1.0000,2.5993,1.8929,0.0000,1.0000,2.0000,0,1,1,1,0.2500,1.3333,21,5.2500,0.0781,4,branching,medium,single,4,3,clustered,medium,3,medium,1426462770,9255212a-8949-400c-bce1-0a5ce671a8c0,true,,
placementStrategy,clustered,4,3,1.5000,2,1,0.0000,1,0,2,1,0.3333,9.2783,1.0000,2.3127,1.8531,0.0000,1.0000,2.0000,0,1,1,1,0.2500,1.3333,24,6.0000,0.0853,4,branching,medium,single,4,3,clustered,medium,3,medium,1494723466,d3d886a5-79ed-4bb7-9ea1-6da252aa5b77,true,,
placementStrategy,dispersed,4,3,1.5000,3,2,0.0000,1,0,2,1,0.3333,10.0261,0.3333,13.7335,2.9464,0.2500,1.5000,2.0000,1,1,0,1,0.2500,0.6667,17,4.2500,0.0689,4,branching,medium,single,4,3,dispersed,medium,3,medium,480113898,30959be4-232f-4fd2-94e0-36aa59e1ac52,true,,
placementStrategy,dispersed,4,3,1.5000,3,2,0.0000,1,0,2,1,0.3333,10.8941,1.0000,7.4983,3.3825,0.2500,1.5000,3.0000,1,1,0,1,0.5000,1.0000,17,4.2500,0.0510,4,branching,medium,single,4,3,dispersed,medium,3,medium,1348865521,96a387ba-a833-4d31-b83c-a48f476c0aef,true,,
placementStrategy,dispersed,4,3,1.5000,2,1,0.0000,1,0,2,1,0.3333,8.3172,0.5000,7.4259,1.8163,0.0000,1.0000,2.0000,0,1,1,1,0.2500,1.3333,21,5.2500,0.0551,4,branching,medium,single,4,3,dispersed,medium,3,medium,1926148380,eaaaf1f7-5715-4c52-ace4-e28ca9e07d69,true,,
placementStrategy,dispersed,4,3,1.5000,3,2,0.0000,1,0,2,1,0.3333,9.3811,1.0000,6.5171,2.0568,0.2500,1.5000,3.0000,1,1,0,1,0.5000,1.0000,16,4.0000,0.0502,4,branching,medium,single,4,3,dispersed,medium,3,medium,1370743223,ba7ebbba-91a0-4d4c-8b8a-8f9477d36ac9,true,,
placementStrategy,dispersed,4,3,1.5000,3,2,0.0000,1,0,2,1,0.3333,9.5345,1.0000,6.4882,2.6803,0.2500,1.5000,3.0000,1,1,0,1,0.5000,1.0000,17,4.2500,0.0861,4,branching,medium,single,4,3,dispersed,medium,3,medium,950495657,4ab76b76-c8d7-4680-bdb8-6ba04c626fa5,true,,
placementStrategy,dispersed,4,3,1.5000,3,2,0.0000,1,0,2,1,0.3333,12.0994,0.5000,12.6341,3.4257,0.2500,1.5000,2.0000,1,1,0,1,0.2500,0.6667,20,5.0000,0.0676,4,branching,medium,single,4,3,dispersed,medium,3,medium,1322996675,4863951b-91b3-4e8d-94c2-edd11ff24c53,true,,
placementStrategy,dispersed,4,3,1.5000,2,1,0.0000,1,0,2,1,0.3333,8.3201,0.5000,9.6459,2.3852,0.0000,1.0000,2.0000,0,1,1,1,0.2500,1.3333,21,5.2500,0.0769,4,branching,medium,single,4,3,dispersed,medium,3,medium,1357308641,6d0a1a3f-8769-4ada-9ed2-229c406f311a,true,,
placementStrategy,dispersed,4,3,1.5000,3,2,0.0000,1,0,2,1,0.3333,11.7283,1.0000,6.5745,2.1801,0.2500,1.5000,3.0000,1,1,0,1,0.5000,1.0000,15,3.7500,0.0391,4,branching,medium,single,4,3,dispersed,medium,3,medium,531945476,72c81072-f85a-4fb8-9bbc-7b6ef46598fc,true,,
placementStrategy,dispersed,4,3,1.5000,3,2,0.0000,1,0,2,1,0.3333,9.8742,1.0000,6.5589,2.5236,0.2500,1.5000,2.0000,1,1,0,1,0.2500,0.6667,17,4.2500,0.0699,4,branching,medium,single,4,3,dispersed,medium,3,medium,1377780339,57fc9344-6498-4e86-bc28-df8df64e16cd,true,,
placementStrategy,dispersed,4,3,1.5000,2,1,0.0000,1,0,2,1,0.3333,8.7150,1.0000,2.8105,2.1999,0.0000,1.0000,2.0000,0,1,1,1,0.2500,1.3333,24,6.0000,0.0821,4,branching,medium,single,4,3,dispersed,medium,3,medium,659895339,be46ac6e-d804-4d68-94ce-e0c7b8d8ae0a,true,,
placementStrategy,dispersed,4,3,1.5000,3,2,0.0000,1,0,2,1,0.3333,9.4727,0.5000,9.2183,2.3645,0.2500,1.5000,2.0000,1,1,0,1,0.2500,0.6667,14,3.5000,0.0411,4,branching,medium,single,4,3,dispersed,medium,3,medium,1614729384,ffd143c8-2ef4-4fd3-9a36-d0f3b242642e,true,,
placementStrategy,dispersed,4,3,1.5000,3,2,0.0000,1,0,2,1,0.3333,10.2276,1.0000,5.5281,2.3857,0.2500,1.5000,3.0000,1,1,0,1,0.5000,1.0000,18,4.5000,0.0696,4,branching,medium,single,4,3,dispersed,medium,3,medium,1001263727,9d4e28df-ad2b-4699-a654-821821704b67,true,,
placementStrategy,dispersed,4,3,1.5000,3,2,0.0000,1,0,2,1,0.3333,11.6859,0.6667,9.0883,2.1547,0.2500,1.5000,2.0000,1,1,0,1,0.2500,0.6667,19,4.7500,0.0847,4,branching,medium,single,4,3,dispersed,medium,3,medium,1733091593,f91fb9cb-bfdc-4fc6-b7cf-fa0a5a8182ee,true,,
placementStrategy,dispersed,4,3,1.5000,3,2,0.0000,1,0,2,1,0.3333,9.3094,0.5000,9.4993,2.5253,0.2500,1.5000,3.0000,1,1,0,1,0.5000,1.0000,17,4.2500,0.0582,4,branching,medium,single,4,3,dispersed,medium,3,medium,702980807,3bcfed21-21b5-47bf-bd5a-69c5781f041b,true,,
placementStrategy,dispersed,4,3,1.5000,2,1,0.0000,1,0,2,1,0.3333,8.7027,0.5000,8.4768,2.2622,0.0000,1.0000,2.0000,0,1,1,1,0.2500,1.3333,21,5.2500,0.0888,4,branching,medium,single,4,3,dispersed,medium,3,medium,1062141460,ced52d06-31c6-4224-91ee-cf41b5fe1c5a,true,,
placementStrategy,dispersed,4,3,1.5000,3,2,0.0000,1,0,2,1,0.3333,9.6203,0.3333,12.2695,2.4250,0.2500,1.5000,2.0000,1,1,0,1,0.2500,0.6667,18,4.5000,0.0617,4,branching,medium,single,4,3,dispersed,medium,3,medium,2024689049,50dd77dc-b78a-4aef-a433-c34f4fe06bec,true,,
placementStrategy,dispersed,4,3,1.5000,3,2,0.0000,1,0,2,1,0.3333,9.1585,1.0000,5.1867,2.0434,0.2500,1.5000,2.0000,1,1,0,1,0.2500,0.6667,19,4.7500,0.0897,4,branching,medium,single,4,3,dispersed,medium,3,medium,1536853946,0c751427-58cf-4466-81ab-8764aa92ef66,true,,
placementStrategy,dispersed,4,3,1.5000,3,2,0.0000,1,0,2,1,0.3333,9.5332,0.3333,13.1910,2.2545,0.2500,1.5000,2.0000,1,1,0,1,0.2500,0.6667,14,3.5000,0.0451,4,branching,medium,single,4,3,dispersed,medium,3,medium,1891112460,4919e05b-8575-4ab8-affc-70d938a37211,true,,
placementStrategy,dispersed,4,3,1.5000,3,2,0.0000,1,0,2,1,0.3333,12.2029,0.3333,13.3429,2.6511,0.2500,1.5000,2.0000,1,1,0,1,0.2500,0.6667,19,4.7500,0.0784,4,branching,medium,single,4,3,dispersed,medium,3,medium,1633546195,e30fa9ae-7011-4f8f-a6ab-246099cc394a,true,,
placementStrategy,dispersed,4,3,1.5000,2,1,0.0000,1,0,2,1,0.3333,8.3624,0.5000,8.6376,2.4886,0.0000,1.0000,2.0000,0,1,1,1,0.2500,1.3333,19,4.7500,0.0601,4,branching,medium,single,4,3,dispersed,medium,3,medium,1385189799,0a381b9e-f606-4dfb-9a65-fbc394d53df8,true,,
placementStrategy,dispersed,4,3,1.5000,3,2,0.0000,1,0,2,1,0.3333,9.3355,0.5000,9.5178,2.1095,0.2500,1.5000,3.0000,1,1,0,1,0.5000,1.0000,17,4.2500,0.0539,4,branching,medium,single,4,3,dispersed,medium,3,medium,118288458,b1be9a86-f15d-4258-a78f-fb3aaffd7514,true,,
placementStrategy,dispersed,4,3,1.5000,2,1,0.0000,1,0,2,1,0.3333,7.4285,0.8333,8.6595,3.1342,0.0000,1.0000,2.0000,0,1,1,1,0.2500,1.3333,23,5.7500,0.1045,4,branching,medium,single,4,3,dispersed,medium,3,medium,1807893191,039ce28d-b3c1-4bbf-a64c-4652be70ed8e,true,,
placementStrategy,dispersed,4,3,1.5000,3,2,0.0000,1,0,2,1,0.3333,9.7166,0.6667,9.1423,2.6480,0.2500,1.5000,3.0000,1,1,0,1,0.5000,1.0000,15,3.7500,0.0475,4,branching,medium,single,4,3,dispersed,medium,3,medium,2142270492,46493234-5c39-442d-872b-675e74b69039,true,,
placementStrategy,dispersed,4,3,1.5000,2,1,0.0000,1,0,2,1,0.3333,8.9229,0.5000,9.0139,2.0998,0.0000,1.0000,2.0000,0,1,1,1,0.2500,1.3333,23,5.7500,0.0854,4,branching,medium,single,4,3,dispersed,medium,3,medium,1438308528,575614e6-4818-4945-a72d-95d45b2feaf1,true,,
placementStrategy,dispersed,4,3,1.5000,3,2,0.0000,1,0,2,1,0.3333,12.2013,0.5000,11.2472,2.3936,0.2500,1.5000,3.0000,1,1,0,1,0.5000,1.0000,18,4.5000,0.0594,4,branching,medium,single,4,3,dispersed,medium,3,medium,1390426315,489192e2-9ca4-4383-92d3-41a7fd8379c4,true,,
placementStrategy,dispersed,4,3,1.5000,3,2,0.0000,1,0,2,1,0.3333,11.0714,0.5000,10.6412,3.2047,0.2500,1.5000,2.0000,1,1,0,1,0.2500,0.6667,21,5.2500,0.0592,4,branching,medium,single,4,3,dispersed,medium,3,medium,1329879634,2a2ba077-fe31-4439-a088-7ae86f212296,true,,
placementStrategy,dispersed,4,3,1.5000,3,2,0.0000,1,0,2,1,0.3333,10.4522,0.5000,9.4513,1.8721,0.2500,1.5000,3.0000,1,1,0,1,0.5000,1.0000,18,4.5000,0.0609,4,branching,medium,single,4,3,dispersed,medium,3,medium,1681139962,c12ff53f-709c-4179-933e-a20e3b8e1c23,true,,
placementStrategy,dispersed,4,3,1.5000,2,1,0.0000,1,0,2,1,0.3333,7.2975,0.6667,13.3767,11.0666,0.0000,1.0000,2.0000,0,1,1,1,0.2500,1.3333,23,5.7500,0.0690,4,branching,medium,single,4,3,dispersed,medium,3,medium,193195253,e4adb045-9eb0-466b-bbf7-fba98e3b4014,true,,
placementStrategy,dispersed,4,3,1.5000,3,2,0.0000,1,0,2,1,0.3333,9.3262,0.6667,9.6248,2.5095,0.2500,1.5000,2.0000,1,1,0,1,0.2500,0.6667,17,4.2500,0.0454,4,branching,medium,single,4,3,dispersed,medium,3,medium,456104454,90553f85-9775-4c2a-8447-cab1c21f4ce3,true,,
placementStrategy,dispersed,4,3,1.5000,3,2,0.0000,1,0,2,1,0.3333,9.5318,0.5000,9.8646,2.5507,0.2500,1.5000,3.0000,1,1,0,1,0.5000,1.0000,14,3.5000,0.0422,4,branching,medium,single,4,3,dispersed,medium,3,medium,699480759,a7d3ef7c-65d5-4f75-9ad6-22db2ed503d2,true,,
placementStrategy,dispersed,4,3,1.5000,3,2,0.0000,1,0,2,1,0.3333,12.2816,1.0000,6.1299,2.4896,0.2500,1.5000,3.0000,1,1,0,1,0.5000,1.0000,22,5.5000,0.0778,4,branching,medium,single,4,3,dispersed,medium,3,medium,1268757790,27cfd4eb-d4d2-4204-9978-619c0b79320a,true,,
placementStrategy,dispersed,4,3,1.5000,3,2,0.0000,1,0,2,1,0.3333,10.1072,0.3333,12.1474,1.8549,0.2500,1.5000,2.0000,1,1,0,1,0.2500,0.6667,17,4.2500,0.0619,4,branching,medium,single,4,3,dispersed,medium,3,medium,1870893078,c692f4f6-09e4-445d-9dcf-486a6f99ede9,true,,
placementStrategy,dispersed,4,3,1.5000,3,2,0.0000,1,0,2,1,0.3333,10.2229,0.6667,9.2055,2.0487,0.2500,1.5000,3.0000,1,1,0,1,0.5000,1.0000,17,4.2500,0.0642,4,branching,medium,single,4,3,dispersed,medium,3,medium,477152876,078a1432-eceb-4543-8d5a-45df662f79ff,true,,
placementStrategy,dispersed,4,3,1.5000,3,2,0.0000,1,0,2,1,0.3333,9.1057,1.0000,5.9408,2.2347,0.2500,1.5000,2.0000,1,1,0,1,0.2500,0.6667,18,4.5000,0.0597,4,branching,medium,single,4,3,dispersed,medium,3,medium,1080302860,5258421e-1e74-4e68-b8a3-98b009397131,true,,
placementStrategy,dispersed,4,3,1.5000,3,2,0.0000,1,0,2,1,0.3333,10.0702,0.6667,9.5588,2.3902,0.2500,1.5000,2.0000,1,1,0,1,0.2500,0.6667,18,4.5000,0.0588,4,branching,medium,single,4,3,dispersed,medium,3,medium,547246429,33427e52-8344-4b1c-9979-6078c7e7ee4d,true,,
placementStrategy,dispersed,4,3,1.5000,2,1,0.0000,1,0,2,1,0.3333,8.4281,0.5000,14.8424,10.6715,0.0000,1.0000,2.0000,0,1,1,1,0.2500,1.3333,23,5.7500,0.0647,4,branching,medium,single,4,3,dispersed,medium,3,medium,93915966,2b8b501e-2b45-4863-b87b-23401440f753,true,,
placementStrategy,dispersed,4,3,1.5000,3,2,0.0000,1,0,2,1,0.3333,10.2912,0.6667,9.1990,2.1048,0.2500,1.5000,3.0000,1,1,0,1,0.5000,1.0000,19,4.7500,0.0612,4,branching,medium,single,4,3,dispersed,medium,3,medium,1883973045,5bc448a0-9d93-4be3-be12-31ceefabea1a,true,,
placementStrategy,dispersed,4,3,1.5000,3,2,0.0000,1,0,2,1,0.3333,11.8325,1.0000,6.2108,3.3776,0.2500,1.5000,3.0000,1,1,0,1,0.5000,1.0000,16,4.0000,0.0520,4,branching,medium,single,4,3,dispersed,medium,3,medium,2143846578,9f5d1c11-2821-4d1f-8152-5ad14d8427d3,true,,
placementStrategy,dispersed,4,3,1.5000,2,1,0.0000,1,0,2,1,0.3333,7.5911,0.5000,15.1281,14.8023,0.0000,1.0000,2.0000,0,1,1,1,0.2500,1.3333,21,5.2500,0.0666,4,branching,medium,single,4,3,dispersed,medium,3,medium,199423068,1a9b399e-fb2f-4223-a718-c2c8fb0647b5,true,,
placementStrategy,dispersed,4,3,1.5000,3,2,0.0000,1,0,2,1,0.3333,9.2589,0.6667,9.0525,2.2170,0.2500,1.5000,2.0000,1,1,0,1,0.2500,0.6667,14,3.5000,0.0309,4,branching,medium,single,4,3,dispersed,medium,3,medium,1839079046,f05f0c6c-d05a-4f2c-bbbd-bef64157e458,true,,
placementStrategy,dispersed,4,3,1.5000,3,2,0.0000,1,0,2,1,0.3333,11.7575,0.5000,11.8455,2.9623,0.2500,1.5000,3.0000,1,1,0,1,0.5000,1.0000,17,4.2500,0.0550,4,branching,medium,single,4,3,dispersed,medium,3,medium,1159265213,66686eb2-9a4f-4a69-a65c-12278b2d9c57,true,,
placementStrategy,dispersed,4,3,1.5000,3,2,0.0000,1,0,2,1,0.3333,10.1821,0.3333,12.9359,2.7040,0.2500,1.5000,2.0000,1,1,0,1,0.2500,0.6667,16,4.0000,0.0519,4,branching,medium,single,4,3,dispersed,medium,3,medium,1752925270,1e8f2ace-da57-4ab1-8840-0dfd3499afd2,true,,
placementStrategy,dispersed,4,3,1.5000,3,2,0.0000,1,0,2,1,0.3333,10.0798,0.5000,9.5028,2.7960,0.2500,1.5000,2.0000,1,1,0,1,0.2500,0.6667,18,4.5000,0.0561,4,branching,medium,single,4,3,dispersed,medium,3,medium,1070298075,6c8d2369-5326-4c5f-bf06-8aad24806d57,true,,
placementStrategy,dispersed,4,3,1.5000,2,1,0.0000,1,0,2,1,0.3333,8.4532,0.5000,13.2393,11.0000,0.0000,1.0000,2.0000,0,1,1,1,0.2500,1.3333,18,4.5000,0.0502,4,branching,medium,single,4,3,dispersed,medium,3,medium,106487694,0b0ef378-a8b2-4ddb-9909-a144b542726b,true,,
placementStrategy,dispersed,4,3,1.5000,3,2,0.0000,1,0,2,1,0.3333,11.1952,0.6667,9.1960,1.8850,0.2500,1.5000,3.0000,1,1,0,1,0.5000,1.0000,16,4.0000,0.0482,4,branching,medium,single,4,3,dispersed,medium,3,medium,2022621940,95c0d5b5-2d66-4a06-a052-3842f65a8aa2,true,,
placementStrategy,dispersed,4,3,1.5000,3,2,0.0000,1,0,2,1,0.3333,9.7383,0.3333,12.0896,2.6378,0.2500,1.5000,2.0000,1,1,0,1,0.2500,0.6667,17,4.2500,0.0624,4,branching,medium,single,4,3,dispersed,medium,3,medium,1984964271,45000085-4192-4210-8971-e7553fc1b8e2,true,,
placementStrategy,dispersed,4,3,1.5000,3,2,0.0000,1,0,2,1,0.3333,8.7911,0.3333,12.0725,2.1162,0.2500,1.5000,2.0000,1,1,0,1,0.2500,0.6667,18,4.5000,0.0706,4,branching,medium,single,4,3,dispersed,medium,3,medium,94428513,b94a5bfd-6596-4a6a-b470-73a1e4d3fc1d,true,,
placementStrategy,dispersed,4,3,1.5000,3,2,0.0000,1,0,2,1,0.3333,8.7488,0.6667,9.0561,2.6560,0.2500,1.5000,2.0000,1,1,0,1,0.2500,0.6667,15,3.7500,0.0458,4,branching,medium,single,4,3,dispersed,medium,3,medium,156651673,4d9bb90f-320b-44b4-8414-7441d90d3142,true,,
placementStrategy,dispersed,4,3,1.5000,3,2,0.0000,1,0,2,1,0.3333,9.0854,1.0000,5.6219,1.7905,0.2500,1.5000,2.0000,1,1,0,1,0.2500,0.6667,17,4.2500,0.0708,4,branching,medium,single,4,3,dispersed,medium,3,medium,618404599,9426110a-8bf8-4179-934f-d72ad1d6c1c7,true,,
placementStrategy,dispersed,4,3,1.5000,3,2,0.0000,1,0,2,1,0.3333,11.3862,0.5000,10.4571,2.1565,0.2500,1.5000,2.0000,1,1,0,1,0.2500,0.6667,16,4.0000,0.0585,4,branching,medium,single,4,3,dispersed,medium,3,medium,1267166380,1dc4232d-128f-4576-a363-5e05c82d19f8,true,,
placementStrategy,front_loaded,4,3,1.5000,3,2,0.0000,1,0,2,1,0.3333,9.0388,0.5000,9.1817,2.5737,0.0000,1.0000,3.0000,1,1,0,1,0.5000,1.0000,15,3.7500,0.0558,4,branching,medium,single,4,3,front_loaded,medium,3,medium,910732628,9303d1b5-ea47-4f71-a46a-7888793816f9,true,,
placementStrategy,front_loaded,4,3,1.5000,3,2,0.0000,1,0,2,1,0.3333,7.4597,1.0000,7.7606,2.3753,0.0000,1.0000,2.0000,1,1,0,1,0.2500,0.6667,18,4.5000,0.0475,4,branching,medium,single,4,3,front_loaded,medium,3,medium,1896601395,d4b25714-fb2a-4981-b38c-209744e78c99,true,,
placementStrategy,front_loaded,4,3,1.5000,2,1,0.0000,1,0,2,1,0.3333,8.7240,0.6667,5.2483,1.8309,0.0000,1.0000,2.0000,0,1,1,1,0.2500,1.3333,20,5.0000,0.0562,4,branching,medium,single,4,3,front_loaded,medium,3,medium,153980526,04555dd2-e212-4d4b-aae0-6caf31307a9a,true,,
placementStrategy,front_loaded,4,3,1.5000,2,1,0.0000,1,0,2,1,0.3333,7.1962,0.5000,11.5714,3.6395,0.0000,1.0000,2.0000,0,1,1,1,0.2500,1.3333,22,5.5000,0.0688,4,branching,medium,single,4,3,front_loaded,medium,3,medium,41272971,f5886f27-9364-4488-916b-29323d14b0f5,true,,
placementStrategy,front_loaded,4,3,1.5000,3,2,0.0000,1,0,2,1,0.3333,7.4461,1.0000,8.1505,3.4900,0.0000,1.0000,2.0000,1,1,0,1,0.2500,0.6667,22,5.5000,0.0798,4,branching,medium,single,4,3,front_loaded,medium,3,medium,1376435008,b2220319-9c6a-41db-8b0e-b05e0a726e2b,true,,
placementStrategy,front_loaded,4,3,1.5000,3,2,0.0000,1,0,2,1,0.3333,7.1537,1.0000,2.4679,1.9928,0.0000,1.0000,2.0000,1,1,0,1,0.2500,0.6667,13,3.2500,0.0402,4,branching,medium,single,4,3,front_loaded,medium,3,medium,819704354,31d321c6-7082-42e0-b739-36c122307735,true,,
placementStrategy,front_loaded,4,3,1.5000,3,2,0.0000,1,0,2,1,0.3333,8.4676,1.0000,5.7555,2.4418,0.0000,1.0000,2.0000,1,1,0,1,0.2500,0.6667,18,4.5000,0.0616,4,branching,medium,single,4,3,front_loaded,medium,3,medium,1354078676,283c9466-9655-4ff7-bfb8-7a7b8785be4f,true,,
placementStrategy,front_loaded,4,3,1.5000,2,1,0.0000,1,0,2,1,0.3333,7.8509,1.0000,5.3965,1.8910,0.0000,1.0000,2.0000,0,1,1,1,0.2500,1.3333,23,5.7500,0.0779,4,branching,medium,single,4,3,front_loaded,medium,3,medium,487839852,96bef860-b334-4ae8-8fca-07bfbdcbfaf7,true,,
placementStrategy,front_loaded,4,3,1.5000,3,2,0.0000,1,0,2,1,0.3333,7.6640,0.8333,5.7075,1.9224,0.0000,1.0000,3.0000,1,1,0,1,0.5000,1.0000,24,6.0000,0.0845,4,branching,medium,single,4,3,front_loaded,medium,3,medium,2127800555,c77ce187-f066-469c-8d8c-433aad471fd8,true,,
placementStrategy,front_loaded,4,3,1.5000,2,1,0.0000,1,0,2,1,0.3333,7.7651,0.3333,12.0700,3.4394,0.0000,1.0000,2.0000,0,1,1,1,0.2500,1.3333,23,5.7500,0.0805,4,branching,medium,single,4,3,front_loaded,medium,3,medium,1768099670,e900f9c9-408a-4ac5-a1a2-5805115556ec,true,,
placementStrategy,front_loaded,4,3,1.5000,3,2,0.0000,1,0,2,1,0.3333,7.2803,1.0000,2.9942,2.5688,0.0000,1.0000,3.0000,1,1,0,1,0.5000,1.0000,20,5.0000,0.0879,4,branching,medium,single,4,3,front_loaded,medium,3,medium,1789340360,d094b3bf-33d7-4fb0-8909-f080bb5bcee7,true,,
placementStrategy,front_loaded,4,3,1.5000,2,1,0.0000,1,0,2,1,0.3333,8.1441,0.5000,7.1497,2.4198,0.0000,1.0000,2.0000,0,1,1,1,0.2500,1.3333,25,6.2500,0.0910,4,branching,medium,single,4,3,front_loaded,medium,3,medium,1164113388,1d7a9ee3-8931-48c2-a332-042e19d0a6f0,true,,
placementStrategy,front_loaded,4,3,1.5000,3,2,0.0000,1,0,2,1,0.3333,8.0769,0.3333,10.7695,1.8371,0.0000,1.0000,2.0000,1,1,0,1,0.2500,0.6667,23,5.7500,0.0700,4,branching,medium,single,4,3,front_loaded,medium,3,medium,75841022,c75b8d40-2c86-4636-88bf-41010c997c6c,true,,
placementStrategy,front_loaded,4,3,1.5000,2,1,0.0000,1,0,2,1,0.3333,7.9846,1.0000,2.3092,1.8776,0.0000,1.0000,2.0000,0,1,1,1,0.2500,1.3333,20,5.0000,0.0848,4,branching,medium,single,4,3,front_loaded,medium,3,medium,678299580,de0ed83a-db76-49c3-b4a5-54d2483dd820,true,,
placementStrategy,front_loaded,4,3,1.5000,3,2,0.0000,1,0,2,1,0.3333,9.1275,1.0000,2.5478,1.9837,0.0000,1.0000,3.0000,1,1,0,1,0.5000,1.0000,21,5.2500,0.0649,4,branching,medium,single,4,3,front_loaded,medium,3,medium,1538621196,c57ed76e-2c5d-4195-938c-ab844e42b52e,true,,
placementStrategy,front_loaded,4,3,1.5000,2,1,0.0000,1,0,2,1,0.3333,8.1018,0.3333,11.6522,2.0440,0.0000,1.0000,2.0000,0,1,1,1,0.2500,1.3333,25,6.2500,0.0857,4,branching,medium,single,4,3,front_loaded,medium,3,medium,1891319953,a671dd14-ac48-445e-9ddc-65301d9913e4,true,,
placementStrategy,front_loaded,4,3,1.5000,3,2,0.0000,1,0,2,1,0.3333,9.1987,0.6667,12.9845,11.8758,0.0000,1.0000,3.0000,1,1,0,1,0.5000,1.0000,16,4.0000,0.0478,4,branching,medium,single,4,3,front_loaded,medium,3,medium,524110851,52e0eb11-1636-4683-9792-b554dc3f548b,true,,
placementStrategy,front_loaded,4,3,1.5000,3,2,0.0000,1,0,2,1,0.3333,8.4766,0.8333,8.4099,1.9838,0.0000,1.0000,2.0000,1,1,0,1,0.2500,0.6667,18,4.5000,0.0818,4,branching,medium,single,4,3,front_loaded,medium,3,medium,652788733,c27aeb82-6e9a-458c-a5d9-105a25c0ef44,true,,
placementStrategy,front_loaded,4,3,1.5000,2,1,0.0000,1,0,2,1,0.3333,8.1759,0.5000,7.1441,1.9308,0.0000,1.0000,2.0000,0,1,1,1,0.2500,1.3333,18,4.5000,0.0430,4,branching,medium,single,4,3,front_loaded,medium,3,medium,155734378,7b51ee47-56e9-44de-9042-625958650a83,true,,
placementStrategy,front_loaded,4,3,1.5000,2,1,0.0000,1,0,2,1,0.3333,8.3685,0.6667,14.9613,11.3013,0.0000,1.0000,2.0000,0,1,1,1,0.2500,1.3333,21,5.2500,0.0532,4,branching,medium,single,4,3,front_loaded,medium,3,medium,968225494,b83ef6d9-f7ca-4893-b149-c32b01be55af,true,,
placementStrategy,front_loaded,4,3,1.5000,3,2,0.0000,1,0,2,1,0.3333,8.0603,0.3333,10.9489,3.3516,0.0000,1.0000,2.0000,1,1,0,1,0.2500,0.6667,19,4.7500,0.0645,4,branching,medium,single,4,3,front_loaded,medium,3,medium,140716004,0a5afd29-4771-49b8-98e7-d8161c3dd480,true,,
placementStrategy,front_loaded,4,3,1.5000,2,1,0.0000,1,0,2,1,0.3333,8.7091,0.3333,10.2353,3.4000,0.0000,1.0000,2.0000,0,1,1,1,0.2500,1.3333,17,4.2500,0.0430,4,branching,medium,single,4,3,front_loaded,medium,3,medium,1540491015,98b25cf4-2672-4b53-9976-9c734171b62d,true,,
placementStrategy,front_loaded,4,3,1.5000,3,2,0.0000,1,0,2,1,0.3333,8.2298,0.3333,11.5973,2.5336,0.0000,1.0000,2.0000,1,1,0,1,0.2500,0.6667,17,4.2500,0.0470,4,branching,medium,single,4,3,front_loaded,medium,3,medium,1691689392,dd043b70-2a4f-4689-80da-4552c71f485b,true,,
placementStrategy,front_loaded,4,3,1.5000,2,1,0.0000,1,0,2,1,0.3333,8.5715,1.0000,5.4620,2.2587,0.0000,1.0000,2.0000,0,1,1,1,0.2500,1.3333,21,5.2500,0.0986,4,branching,medium,single,4,3,front_loaded,medium,3,medium,1941950796,55f24995-ec1a-4c4d-a1ee-95cee8dae4f0,true,,
placementStrategy,front_loaded,4,3,1.5000,3,2,0.0000,1,0,2,1,0.3333,7.3017,1.0000,9.9739,8.8375,0.0000,1.0000,2.0000,1,1,0,1,0.2500,0.6667,20,5.0000,0.0764,4,branching,medium,single,4,3,front_loaded,medium,3,medium,225924586,9af1d9a4-ff77-47d6-877b-12fbeb00f662,true,,
placementStrategy,front_loaded,4,3,1.5000,3,2,0.0000,1,0,2,1,0.3333,8.8029,0.8333,5.4220,1.9197,0.0000,1.0000,2.0000,1,1,0,1,0.2500,0.6667,14,3.5000,0.0588,4,branching,medium,single,4,3,front_loaded,medium,3,medium,512846835,80a4508a-0af8-47bb-9308-422ac82ac903,true,,
placementStrategy,front_loaded,4,3,1.5000,3,2,0.0000,1,0,2,1,0.3333,6.9590,1.0000,7.5487,1.9905,0.0000,1.0000,3.0000,1,1,0,1,0.5000,1.0000,19,4.7500,0.0747,4,branching,medium,single,4,3,front_loaded,medium,3,medium,737595116,d5e9871b-fe87-4ab6-8e38-84fad4f403ea,true,,
placementStrategy,front_loaded,4,3,1.5000,3,2,0.0000,1,0,2,1,0.3333,6.9023,1.0000,7.4692,2.0752,0.0000,1.0000,3.0000,1,1,0,1,0.5000,1.0000,18,4.5000,0.0711,4,branching,medium,single,4,3,front_loaded,medium,3,medium,2035782798,8d06262d-5672-4bfa-b168-12e2c3db8f63,true,,
placementStrategy,front_loaded,4,3,1.5000,3,2,0.0000,1,0,2,1,0.3333,8.3108,0.3333,11.9800,2.5347,0.0000,1.0000,2.0000,1,1,0,1,0.2500,0.6667,20,5.0000,0.0589,4,branching,medium,single,4,3,front_loaded,medium,3,medium,1563170235,3f3203ee-f472-4bdd-aeca-ccb70666cb16,true,,
placementStrategy,front_loaded,4,3,1.5000,3,2,0.0000,1,0,2,1,0.3333,8.0514,0.8333,9.3211,3.0329,0.0000,1.0000,2.0000,1,1,0,1,0.2500,0.6667,17,4.2500,0.0459,4,branching,medium,single,4,3,front_loaded,medium,3,medium,1552945691,560c40dc-e4ce-46ad-8c12-81ec1d2d17c4,true,,
placementStrategy,front_loaded,4,3,1.5000,2,1,0.0000,1,0,2,1,0.3333,8.1551,0.6667,11.0965,9.9353,0.0000,1.0000,2.0000,0,1,1,1,0.2500,1.3333,21,5.2500,0.0608,4,branching,medium,single,4,3,front_loaded,medium,3,medium,1235451121,3dc449a1-486e-4f0f-b9e3-149288b2b378,true,,
placementStrategy,front_loaded,4,3,1.5000,3,2,0.0000,1,0,2,1,0.3333,8.0369,0.5000,16.2366,14.1163,0.0000,1.0000,2.0000,1,1,0,1,0.2500,0.6667,23,5.7500,0.0759,4,branching,medium,single,4,3,front_loaded,medium,3,medium,1524488289,8906a5ad-4a0f-49c9-9e08-7b874bae9c9f,true,,
placementStrategy,front_loaded,4,3,1.5000,3,2,0.0000,1,0,2,1,0.3333,9.0608,0.3333,12.0762,2.5367,0.0000,1.0000,2.0000,1,1,0,1,0.2500,0.6667,20,5.0000,0.0592,4,branching,medium,single,4,3,front_loaded,medium,3,medium,1722274301,090cc1f8-d93d-4269-8497-339ffe3e738d,true,,
placementStrategy,front_loaded,4,3,1.5000,2,1,0.0000,1,0,2,1,0.3333,8.2637,0.8333,7.6968,2.5405,0.0000,1.0000,2.0000,0,1,1,1,0.2500,1.3333,20,5.0000,0.0756,4,branching,medium,single,4,3,front_loaded,medium,3,medium,1336421721,18090db7-197a-4c1c-866c-e4524bc272d6,true,,
placementStrategy,front_loaded,4,3,1.5000,3,2,0.0000,1,0,2,1,0.3333,8.9708,0.6667,13.0284,11.8230,0.0000,1.0000,3.0000,1,1,0,1,0.5000,1.0000,17,4.2500,0.0663,4,branching,medium,single,4,3,front_loaded,medium,3,medium,1936231778,ecdbce89-1403-44d9-ba67-7b10750904bb,true,,
placementStrategy,front_loaded,4,3,1.5000,3,2,0.0000,1,0,2,1,0.3333,7.7943,0.8333,8.4117,3.4265,0.0000,1.0000,3.0000,1,1,0,1,0.5000,1.0000,21,5.2500,0.0973,4,branching,medium,single,4,3,front_loaded,medium,3,medium,1519640042,11bb7fcf-5dd6-4ee5-884c-9b0d1e8e2921,true,,
placementStrategy,front_loaded,4,3,1.5000,3,2,0.0000,1,0,2,1,0.3333,8.5618,0.3333,12.4576,2.6596,0.0000,1.0000,2.0000,1,1,0,1,0.2500,0.6667,23,5.7500,0.0699,4,branching,medium,single,4,3,front_loaded,medium,3,medium,1716912552,bf1b8308-f0e9-4e3f-95bb-cf755792c27e,true,,
placementStrategy,front_loaded,4,3,1.5000,2,1,0.0000,1,0,2,1,0.3333,7.8803,0.3333,11.8522,2.0986,0.0000,1.0000,2.0000,0,1,1,1,0.2500,1.3333,20,5.0000,0.0576,4,branching,medium,single,4,3,front_loaded,medium,3,medium,435879905,e232221c-4773-4c10-806c-726f8b5fa138,true,,
placementStrategy,front_loaded,4,3,1.5000,3,2,0.0000,1,0,2,1,0.3333,7.6937,1.0000,5.5240,2.2568,0.0000,1.0000,3.0000,1,1,0,1,0.5000,1.0000,16,4.0000,0.0769,4,branching,medium,single,4,3,front_loaded,medium,3,medium,1851351499,269e94de-2cd6-4a0f-96a2-e50e24f62794,true,,
placementStrategy,front_loaded,4,3,1.5000,3,2,0.0000,1,0,2,1,0.3333,8.0224,1.0000,8.2857,3.3602,0.0000,1.0000,2.0000,1,1,0,1,0.2500,0.6667,22,5.5000,0.0912,4,branching,medium,single,4,3,front_loaded,medium,3,medium,1875025722,f01b610d-c320-4504-bb96-f551ca1686ed,true,,
placementStrategy,front_loaded,4,3,1.5000,3,2,0.0000,1,0,2,1,0.3333,7.8651,0.8333,5.4190,2.3426,0.0000,1.0000,3.0000,1,1,0,1,0.5000,1.0000,21,5.2500,0.0956,4,branching,medium,single,4,3,front_loaded,medium,3,medium,887320937,41020ac7-9628-47cc-b5db-cb5e6838caac,true,,
placementStrategy,front_loaded,4,3,1.5000,3,2,0.0000,1,0,2,1,0.3333,8.8869,0.5000,7.2015,2.5798,0.0000,1.0000,2.0000,1,1,0,1,0.2500,0.6667,13,3.2500,0.0326,4,branching,medium,single,4,3,front_loaded,medium,3,medium,1396133193,68f2d70e-fb73-49db-9f1e-fc37f7e099d5,true,,
placementStrategy,front_loaded,4,3,1.5000,2,1,0.0000,1,0,2,1,0.3333,8.3361,0.6667,8.4762,3.7405,0.0000,1.0000,2.0000,0,1,1,1,0.2500,1.3333,24,6.0000,0.0899,4,branching,medium,single,4,3,front_loaded,medium,3,medium,16046023,f375888f-91aa-4f70-be58-a7188ab627d0,true,,
placementStrategy,front_loaded,4,3,1.5000,2,1,0.0000,1,0,2,1,0.3333,7.4643,0.6667,13.3521,10.9395,0.0000,1.0000,2.0000,0,1,1,1,0.2500,1.3333,22,5.5000,0.0661,4,branching,medium,single,4,3,front_loaded,medium,3,medium,578807045,813ce287-59f2-4843-abf3-479376030b39,true,,
placementStrategy,front_loaded,4,3,1.5000,3,2,0.0000,1,0,2,1,0.3333,7.4385,0.5000,15.0947,13.6545,0.0000,1.0000,2.0000,1,1,0,1,0.2500,0.6667,22,5.5000,0.1177,4,branching,medium,single,4,3,front_loaded,medium,3,medium,49738686,7d981190-845b-46f4-9706-c56274480be4,true,,
placementStrategy,front_loaded,4,3,1.5000,3,2,0.0000,1,0,2,1,0.3333,8.1411,1.0000,7.8152,2.5924,0.0000,1.0000,2.0000,1,1,0,1,0.2500,0.6667,21,5.2500,0.0688,4,branching,medium,single,4,3,front_loaded,medium,3,medium,2142635472,46e4298f-aa30-4837-8e40-acef8ad62e50,true,,
placementStrategy,front_loaded,4,3,1.5000,3,2,0.0000,1,0,2,1,0.3333,8.8257,0.3333,11.7624,2.5651,0.0000,1.0000,3.0000,1,1,0,1,0.5000,1.0000,14,3.5000,0.0678,4,branching,medium,single,4,3,front_loaded,medium,3,medium,1677084248,94d72590-85dc-4183-b930-059b1fe7b19c,true,,
placementStrategy,front_loaded,4,3,1.5000,3,2,0.0000,1,0,2,1,0.3333,7.8173,0.3333,11.1578,2.2178,0.0000,1.0000,3.0000,1,1,0,1,0.5000,1.0000,17,4.2500,0.0640,4,branching,medium,single,4,3,front_loaded,medium,3,medium,391998495,74b3af76-ea6e-49ed-a715-438681716be9,true,,
placementStrategy,front_loaded,4,3,1.5000,3,2,0.0000,1,0,2,1,0.3333,8.6381,0.5000,16.9501,16.0542,0.0000,1.0000,2.0000,1,1,0,1,0.2500,0.6667,20,5.0000,0.0877,4,branching,medium,single,4,3,front_loaded,medium,3,medium,715350145,25c8618a-63c6-41d5-b65c-56a47f37c234,true,,
placementStrategy,front_loaded,4,3,1.5000,3,2,0.0000,1,0,2,1,0.3333,7.9367,0.6667,9.3732,3.1795,0.0000,1.0000,2.0000,1,1,0,1,0.2500,0.6667,21,5.2500,0.0855,4,branching,medium,single,4,3,front_loaded,medium,3,medium,131301987,00f30d2b-4071-45e3-8d37-4aa565b166cc,true,,
placementStrategy,deep,4,3,1.5000,2,1,0.0000,1,0,2,1,0.3333,7.3536,0.6667,13.5085,11.9039,0.0000,1.0000,2.0000,0,1,1,1,0.2500,1.3333,22,5.5000,0.0787,4,branching,medium,single,4,3,deep,medium,3,medium,1460853420,079be5d6-99cf-4ede-862a-38591e7cd7a0,true,,
placementStrategy,deep,4,3,1.5000,2,1,0.0000,1,0,2,1,0.3333,8.2158,0.5000,14.5739,10.9291,0.0000,1.0000,2.0000,0,1,1,1,0.2500,1.3333,26,6.5000,0.0912,4,branching,medium,single,4,3,deep,medium,3,medium,1589123427,9616f28c-1c7e-48e3-a697-0645a6c77699,true,,
placementStrategy,deep,4,3,1.5000,3,2,0.0000,1,0,2,1,0.3333,9.7934,1.0000,4.6876,2.5920,0.1875,1.7500,3.0000,1,1,0,1,0.5000,1.0000,18,4.5000,0.0533,4,branching,medium,single,4,3,deep,medium,3,medium,917295,eeba8892-63a8-49cf-b7ba-5d10f1ff5a08,true,,
placementStrategy,deep,4,3,1.5000,3,2,0.0000,1,0,2,1,0.3333,9.3681,0.6667,14.3695,8.6308,0.1875,1.2500,2.0000,1,1,0,1,0.2500,0.6667,21,5.2500,0.0678,4,branching,medium,single,4,3,deep,medium,3,medium,1797662752,80dfa7b3-b824-459a-bb6d-dafd0abe75e4,true,,
placementStrategy,deep,4,3,1.5000,2,1,0.0000,1,0,2,1,0.3333,8.0373,0.8333,7.4576,2.4627,0.0000,1.0000,2.0000,0,1,1,1,0.2500,1.3333,19,4.7500,0.0527,4,branching,medium,single,4,3,deep,medium,3,medium,1126450376,a8955b05-5253-4cf5-a248-3dccc6177fc5,true,,
placementStrategy,deep,4,3,1.5000,3,2,0.0000,1,0,2,1,0.3333,14.3599,1.0000,4.1789,2.1694,0.1875,1.7500,3.0000,1,1,0,1,0.5000,1.0000,15,3.7500,0.0489,4,branching,medium,single,4,3,deep,medium,3,medium,1517725260,89a8ea4e-6cc6-406a-bbed-f10622140c44,true,,
placementStrategy,deep,4,3,1.5000,3,2,0.0000,1,0,2,1,0.3333,10.0742,1.0000,4.8037,2.3344,0.1875,1.7500,3.0000,1,1,0,1,0.5000,1.0000,20,5.0000,0.0662,4,branching,medium,single,4,3,deep,medium,3,medium,204912003,de0ab5b8-393f-4dc2-8c29-3a79ed3287e1,true,,
placementStrategy,deep,4,3,1.5000,2,1,0.0000,1,0,2,1,0.3333,8.8604,0.5000,7.3172,2.5150,0.0000,1.0000,2.0000,0,1,1,1,0.2500,1.3333,19,4.7500,0.0589,4,branching,medium,single,4,3,deep,medium,3,medium,359513377,754ef875-7eb2-46ca-8e1a-d63b74e85260,true,,
placementStrategy,deep,4,3,1.5000,3,2,0.0000,1,0,2,1,0.3333,13.8391,0.5000,10.4788,2.3417,0.1875,1.7500,2.0000,1,1,0,1,0.2500,0.6667,18,4.5000,0.0650,4,branching,medium,single,4,3,deep,medium,3,medium,1962832032,5c791e40-5fc6-47ed-9a62-553172310e71,true,,
placementStrategy,deep,4,3,1.5000,2,1,0.0000,1,0,2,1,0.3333,8.1161,1.0000,2.5483,1.9245,0.0000,1.0000,2.0000,0,1,1,1,0.2500,1.3333,19,4.7500,0.0502,4,branching,medium,single,4,3,deep,medium,3,medium,863588173,4c1137c0-5640-41e0-80be-bc8853f00127,true,,
placementStrategy,deep,4,3,1.5000,2,1,0.0000,1,0,2,1,0.3333,8.8146,0.8333,5.5918,2.4945,0.0000,1.0000,2.0000,0,1,1,1,0.2500,1.3333,20,5.0000,0.0856,4,branching,medium,single,4,3,deep,medium,3,medium,82109238,42d3bc2d-e4a4-45ce-b133-553a45fb4732,true,,
placementStrategy,deep,4,3,1.5000,2,1,0.0000,1,0,2,1,0.3333,7.1700,0.8333,7.4548,2.6772,0.0000,1.0000,2.0000,0,1,1,1,0.2500,1.3333,25,6.2500,0.0937,4,branching,medium,single,4,3,deep,medium,3,medium,1465779525,50002823-36da-4763-a43b-13d33844a1e9,true,,
placementStrategy,deep,4,3,1.5000,3,2,0.0000,1,0,2,1,0.3333,9.5547,0.5000,17.1577,16.3245,0.1875,1.2500,2.0000,1,1,0,1,0.2500,0.6667,16,4.0000,0.0570,4,branching,medium,single,4,3,deep,medium,3,medium,1072153264,081db543-9449-4b1c-a42f-188d8a591846,true,,
placementStrategy,deep,4,3,1.5000,3,2,0.0000,1,0,2,1,0.3333,8.8691,1.0000,6.4421,2.4384,0.2500,1.5000,2.0000,1,1,0,1,0.2500,0.6667,18,4.5000,0.0930,4,branching,medium,single,4,3,deep,medium,3,medium,574854864,73e2a9ca-5dfd-40c0-ae88-d9b21e8d9a4e,true,,
placementStrategy,deep,4,3,1.5000,2,1,0.0000,1,0,2,1,0.3333,8.4826,0.6667,9.9487,2.1083,0.0000,1.0000,2.0000,0,1,1,1,0.2500,1.3333,22,5.5000,0.0738,4,branching,medium,single,4,3,deep,medium,3,medium,532648549,30b16523-ea6d-45ce-8f86-db0a4eab9668,true,,
placementStrategy,deep,4,3,1.5000,3,2,0.0000,1,0,2,1,0.3333,10.1029,1.0000,4.7169,2.6064,0.1875,1.7500,3.0000,1,1,0,1,0.5000,1.0000,20,5.0000,0.0740,4,branching,medium,single,4,3,deep,medium,3,medium,264852071,4aa144ec-a0e5-4482-98a6-923a05ceeeeb,true,,
placementStrategy,deep,4,3,1.5000,3,2,0.0000,1,0,2,1,0.3333,8.0826,1.0000,8.7186,7.7082,0.1875,1.2500,2.0000,1,1,0,1,0.2500,0.6667,22,5.5000,0.0904,4,branching,medium,single,4,3,deep,medium,3,medium,1589322734,3cdf0aba-9e13-4af2-ae2a-bbb085acc995,true,,
placementStrategy,deep,4,3,1.5000,2,1,0.0000,1,0,2,1,0.3333,7.3465,1.0000,5.4015,2.0401,0.0000,1.0000,2.0000,0,1,1,1,0.2500,1.3333,20,5.0000,0.0993,4,branching,medium,single,4,3,deep,medium,3,medium,886902948,c4ea91e4-76b1-4055-80d0-70c4148a588e,true,,
placementStrategy,deep,4,3,1.5000,3,2,0.0000,1,0,2,1,0.3333,10.2024,0.5000,13.4228,7.8441,0.1875,1.2500,3.0000,1,1,0,1,0.5000,1.0000,21,5.2500,0.0789,4,branching,medium,single,4,3,deep,medium,3,medium,889551449,d5b8e85b-a3fd-4136-b6e8-415f92b4a0e7,true,,
placementStrategy,deep,4,3,1.5000,2,1,0.0000,1,0,2,1,0.3333,8.7517,0.8333,5.4631,1.7977,0.0000,1.0000,2.0000,0,1,1,1,0.2500,1.3333,22,5.5000,0.0866,4,branching,medium,single,4,3,deep,medium,3,medium,18981154,13698a3f-fd56-41be-bef9-f1dd94aa3e1f,true,,
placementStrategy,deep,4,3,1.5000,3,2,0.0000,1,0,2,1,0.3333,10.4464,0.5000,7.9533,2.4782,0.1875,1.7500,2.0000,1,1,0,1,0.2500,0.6667,17,4.2500,0.0512,4,branching,medium,single,4,3,deep,medium,3,medium,174407401,91b4a7a6-60f1-4709-9bb4-f5ff2544210a,true,,
placementStrategy,deep,4,3,1.5000,3,2,0.0000,1,0,2,1,0.3333,9.9942,1.0000,6.2717,2.2075,0.2500,1.5000,3.0000,1,1,0,1,0.5000,1.0000,16,4.0000,0.0598,4,branching,medium,single,4,3,deep,medium,3,medium,88230946,f7b56450-7a35-41c8-b82e-2cf24dd99822,true,,
placementStrategy,deep,4,3,1.5000,2,1,0.0000,1,0,2,1,0.3333,8.1645,0.6667,12.8274,10.7056,0.0000,1.0000,2.0000,0,1,1,1,0.2500,1.3333,24,6.0000,0.0944,4,branching,medium,single,4,3,deep,medium,3,medium,948920881,7e0a4660-7948-41bf-b362-98017f06d9e5,true,,
placementStrategy,deep,4,3,1.5000,3,2,0.0000,1,0,2,1,0.3333,10.3187,1.0000,6.1995,1.9603,0.2500,1.5000,2.0000,1,1,0,1,0.2500,0.6667,17,4.2500,0.0662,4,branching,medium,single,4,3,deep,medium,3,medium,428192303,c31ea505-095f-487b-bed2-725dc6c254f8,true,,
placementStrategy,deep,4,3,1.5000,3,2,0.0000,1,0,2,1,0.3333,9.6210,1.0000,5.7429,1.9857,0.2500,1.5000,2.0000,1,1,0,1,0.2500,0.6667,17,4.2500,0.0591,4,branching,medium,single,4,3,deep,medium,3,medium,80904557,bdff708e-9ee3-439d-8aee-dc4df59d03f8,true,,
placementStrategy,deep,4,3,1.5000,2,1,0.0000,1,0,2,1,0.3333,8.1348,0.6667,14.5384,11.1971,0.0000,1.0000,2.0000,0,1,1,1,0.2500,1.3333,23,5.7500,0.0951,4,branching,medium,single,4,3,deep,medium,3,medium,892066458,e793bc6e-69bc-4e87-a195-186ff86c9842,true,,
placementStrategy,deep,4,3,1.5000,2,1,0.0000,1,0,2,1,0.3333,8.1053,1.0000,5.8300,2.2282,0.0000,1.0000,2.0000,0,1,1,1,0.2500,1.3333,19,4.7500,0.0844,4,branching,medium,single,4,3,deep,medium,3,medium,1524444992,31aa1281-100a-45b8-9822-ab97a0b0019d,true,,
placementStrategy,deep,4,3,1.5000,3,2,0.0000,1,0,2,1,0.3333,10.1287,0.5000,7.6980,2.1888,0.1875,1.7500,2.0000,1,1,0,1,0.2500,0.6667,16,4.0000,0.0575,4,branching,medium,single,4,3,deep,medium,3,medium,1112882347,66c9362a-f205-4bdd-a485-4c5d682004cd,true,,
placementStrategy,deep,4,3,1.5000,3,2,0.0000,1,0,2,1,0.3333,13.7198,1.0000,4.6998,2.6397,0.1875,1.7500,3.0000,1,1,0,1,0.5000,1.0000,17,4.2500,0.0585,4,branching,medium,single,4,3,deep,medium,3,medium,1892212110,adf20b35-31cb-4796-b598-56554f22ac43,true,,
placementStrategy,deep,4,3,1.5000,3,2,0.0000,1,0,2,1,0.3333,8.1235,0.6667,14.1108,8.1497,0.1875,1.2500,2.0000,1,1,0,1,0.2500,0.6667,19,4.7500,0.0625,4,branching,medium,single,4,3,deep,medium,3,medium,230772761,17723a50-dbf7-4df6-9a35-b1995e0d5be8,true,,
placementStrategy,deep,4,3,1.5000,3,2,0.0000,1,0,2,1,0.3333,11.0283,1.0000,4.4453,2.2305,0.1875,1.7500,2.0000,1,1,0,1,0.2500,0.6667,16,4.0000,0.0504,4,branching,medium,single,4,3,deep,medium,3,medium,983246234,cd61aaab-962d-4c20-a5e5-5fdf0f35624c,true,,
placementStrategy,deep,4,3,1.5000,3,2,0.0000,1,0,2,1,0.3333,9.5204,1.0000,7.4747,5.9653,0.1875,1.2500,2.0000,1,1,0,1,0.2500,0.6667,18,4.5000,0.0577,4,branching,medium,single,4,3,deep,medium,3,medium,345596621,ce3a0dc7-b244-4152-9cca-f4aabbd8a97b,true,,
placementStrategy,deep,4,3,1.5000,3,2,0.0000,1,0,2,1,0.3333,13.7985,0.5000,8.0511,2.1545,0.1875,1.7500,2.0000,1,1,0,1,0.2500,0.6667,15,3.7500,0.0413,4,branching,medium,single,4,3,deep,medium,3,medium,1320432653,30f13446-3925-4f6d-9c69-b92d5b3a4a35,true,,
placementStrategy,deep,4,3,1.5000,2,1,0.0000,1,0,2,1,0.3333,7.4955,0.5000,13.5590,11.0330,0.0000,1.0000,2.0000,0,1,1,1,0.2500,1.3333,21,5.2500,0.0770,4,branching,medium,single,4,3,deep,medium,3,medium,1431868248,138b436b-4615-43e0-a771-f8a767e6bf1c,true,,
placementStrategy,deep,4,3,1.5000,3,2,0.0000,1,0,2,1,0.3333,9.3696,0.5000,7.8259,2.4271,0.1875,1.7500,2.0000,1,1,0,1,0.2500,0.6667,19,4.7500,0.0770,4,branching,medium,single,4,3,deep,medium,3,medium,92092271,1d1bcaa7-7146-423a-a1fb-71a80387e81a,true,,
placementStrategy,deep,4,3,1.5000,2,1,0.0000,1,0,2,1,0.3333,9.0296,0.8333,5.6245,2.5447,0.0000,1.0000,2.0000,0,1,1,1,0.2500,1.3333,24,6.0000,0.1014,4,branching,medium,single,4,3,deep,medium,3,medium,1793811341,76296a91-691c-460a-b391-81ee39d7fff4,true,,
placementStrategy,deep,4,3,1.5000,2,1,0.0000,1,0,2,1,0.3333,7.8330,0.5000,9.1301,3.3368,0.0000,1.0000,2.0000,0,1,1,1,0.2500,1.3333,24,6.0000,0.0742,4,branching,medium,single,4,3,deep,medium,3,medium,1523570994,d915140f-4468-494b-910b-c84892ca7778,true,,
placementStrategy,deep,4,3,1.5000,2,1,0.0000,1,0,2,1,0.3333,8.3638,0.5000,12.9722,10.8798,0.0000,1.0000,2.0000,0,1,1,1,0.2500,1.3333,20,5.0000,0.0868,4,branching,medium,single,4,3,deep,medium,3,medium,2072095196,c1c964b4-c322-4e55-aaed-3d5ce5568188,true,,
placementStrategy,deep,4,3,1.5000,3,2,0.0000,1,0,2,1,0.3333,8.4345,1.0000,8.1681,8.0477,0.1875,1.2500,3.0000,1,1,0,1,0.5000,1.0000,17,4.2500,0.0487,4,branching,medium,single,4,3,deep,medium,3,medium,209971345,86939f88-2b22-42af-be04-15d4a3937079,true,,
placementStrategy,deep,4,3,1.5000,2,1,0.0000,1,0,2,1,0.3333,8.0033,0.6667,11.9187,9.3899,0.0000,1.0000,2.0000,0,1,1,1,0.2500,1.3333,27,6.7500,0.1291,4,branching,medium,single,4,3,deep,medium,3,medium,418506518,0db1bbd8-8327-4e54-bdd5-26fb0e3b2d06,true,,
placementStrategy,deep,4,3,1.5000,3,2,0.0000,1,0,2,1,0.3333,9.5347,0.6667,14.4046,7.5800,0.1875,1.2500,2.0000,1,1,0,1,0.2500,0.6667,23,5.7500,0.0758,4,branching,medium,single,4,3,deep,medium,3,medium,1314728039,59bd3425-0eea-4be2-8709-12c70a26e940,true,,
placementStrategy,deep,4,3,1.5000,3,2,0.0000,1,0,2,1,0.3333,9.7128,1.0000,6.3637,3.5500,0.2500,1.5000,3.0000,1,1,0,1,0.5000,1.0000,18,4.5000,0.0765,4,branching,medium,single,4,3,deep,medium,3,medium,1357399175,417ccacb-d154-4e71-8114-172a6202e045,true,,
placementStrategy,deep,4,3,1.5000,3,2,0.0000,1,0,2,1,0.3333,9.2173,1.0000,6.0243,2.3280,0.2500,1.5000,2.0000,1,1,0,1,0.2500,0.6667,20,5.0000,0.0576,4,branching,medium,single,4,3,deep,medium,3,medium,620531520,f5b9b44a-566d-4a8f-a7d6-1d0430e21fe6,true,,
placementStrategy,deep,4,3,1.5000,3,2,0.0000,1,0,2,1,0.3333,9.5397,0.5000,9.5515,2.4946,0.2500,1.5000,2.0000,1,1,0,1,0.2500,0.6667,20,5.0000,0.0630,4,branching,medium,single,4,3,deep,medium,3,medium,987763326,c223010c-b2eb-4e55-95cc-239a0f8e6b7b,true,,
placementStrategy,deep,4,3,1.5000,3,2,0.0000,1,0,2,1,0.3333,10.7888,0.5000,17.7226,16.3179,0.1875,1.2500,2.0000,1,1,0,1,0.2500,0.6667,16,4.0000,0.0825,4,branching,medium,single,4,3,deep,medium,3,medium,1792916484,38f2afa6-f44a-4a83-9363-f6eabb501f7a,true,,
placementStrategy,deep,4,3,1.5000,3,2,0.0000,1,0,2,1,0.3333,11.5071,1.0000,6.6565,2.3106,0.2500,1.5000,3.0000,1,1,0,1,0.5000,1.0000,16,4.0000,0.0586,4,branching,medium,single,4,3,deep,medium,3,medium,1569025059,6434dc0a-335e-4b86-88bb-ab44ad5f5f4c,true,,
placementStrategy,deep,4,3,1.5000,2,1,0.0000,1,0,2,1,0.3333,8.2063,0.5000,7.4754,2.6795,0.0000,1.0000,2.0000,0,1,1,1,0.2500,1.3333,19,4.7500,0.0690,4,branching,medium,single,4,3,deep,medium,3,medium,323979929,d041db95-e089-4b45-842f-fd6a391f8339,true,,
placementStrategy,deep,4,3,1.5000,3,2,0.0000,1,0,2,1,0.3333,13.7419,0.5000,7.3978,2.1182,0.1875,1.7500,2.0000,1,1,0,1,0.2500,0.6667,16,4.0000,0.0488,4,branching,medium,single,4,3,deep,medium,3,medium,1588674806,8f339df6-ea69-441a-8e39-7a1609b317c7,true,,
placementStrategy,deep,4,3,1.5000,2,1,0.0000,1,0,2,1,0.3333,7.1511,0.6667,12.9887,10.3103,0.0000,1.0000,2.0000,0,1,1,1,0.2500,1.3333,19,4.7500,0.0483,4,branching,medium,single,4,3,deep,medium,3,medium,46158496,6615acbf-cded-4967-9db4-5e2decf5b364,true,,
placementStrategy,deep,4,3,1.5000,2,1,0.0000,1,0,2,1,0.3333,7.7691,0.8333,11.2998,9.7138,0.0000,1.0000,2.0000,0,1,1,1,0.2500,1.3333,23,5.7500,0.1041,4,branching,medium,single,4,3,deep,medium,3,medium,1932370262,031df749-b6e1-4d91-aa0f-335e8aec3e41,true,,
terroristCount,1,4,3,1.5000,3,2,0.0000,1,0,2,1,0.3333,9.4064,1.0000,7.6787,7.6787,0.2500,1.5000,0.0000,0,0,0,1,0.0000,0.0000,17,4.2500,0.0706,4,branching,medium,single,4,1,dispersed,medium,3,medium,553312738,560e76ab-eeb4-4dd8-9f7d-e64ed0681298,true,,
terroristCount,1,4,3,1.5000,3,2,0.0000,1,0,2,1,0.3333,9.9155,1.0000,7.9498,7.9498,0.2500,1.5000,0.0000,0,0,0,1,0.0000,0.0000,18,4.5000,0.0572,4,branching,medium,single,4,1,dispersed,medium,3,medium,790181300,331fdf93-f84c-42a0-9176-872eb42c6f96,true,,
terroristCount,1,4,3,1.5000,2,1,0.0000,1,0,2,1,0.3333,9.0444,1.0000,3.3397,3.3397,0.0000,1.0000,0.0000,0,0,0,1,0.0000,0.0000,25,6.2500,0.1154,4,branching,medium,single,4,1,dispersed,medium,3,medium,1649930693,14d63f33-a398-4603-af58-93c3230baa04,true,,
terroristCount,1,4,3,1.5000,3,2,0.0000,1,0,2,1,0.3333,9.8400,1.0000,7.8438,7.8438,0.2500,1.5000,0.0000,0,0,0,1,0.0000,0.0000,17,4.2500,0.0638,4,branching,medium,single,4,1,dispersed,medium,3,medium,696368991,e2c679fd-9c49-4712-898b-47820ab493fc,true,,
terroristCount,1,4,3,1.5000,2,1,0.0000,1,0,2,1,0.3333,8.2278,1.0000,11.9410,11.9410,0.0000,1.0000,0.0000,0,0,0,1,0.0000,0.0000,20,5.0000,0.0956,4,branching,medium,single,4,1,dispersed,medium,3,medium,2104378233,1d400d3e-6f5a-43c9-ae1a-204a3a47cf98,true,,
terroristCount,1,4,3,1.5000,3,2,0.0000,1,0,2,1,0.3333,9.9178,1.0000,8.0702,8.0702,0.2500,1.5000,0.0000,0,0,0,1,0.0000,0.0000,21,5.2500,0.0724,4,branching,medium,single,4,1,dispersed,medium,3,medium,1372622474,e0dbd4b5-c1af-4d49-a0d0-4f2633fbeb6f,true,,
terroristCount,1,4,3,1.5000,2,1,0.0000,1,0,2,1,0.3333,8.2775,0.0000,16.5509,16.5509,0.0000,1.0000,0.0000,0,0,0,1,0.0000,0.0000,20,5.0000,0.0681,4,branching,medium,single,4,1,dispersed,medium,3,medium,640202546,856e07b9-ca7e-44e6-a0c8-85445e5768b3,true,,
terroristCount,1,4,3,1.5000,3,2,0.0000,1,0,2,1,0.3333,9.6499,1.0000,8.4043,8.4043,0.2500,1.5000,0.0000,0,0,0,1,0.0000,0.0000,16,4.0000,0.0576,4,branching,medium,single,4,1,dispersed,medium,3,medium,1720208639,1ca07a64-70f2-461b-a700-7426da66175a,true,,
terroristCount,1,4,3,1.5000,3,2,0.0000,1,0,2,1,0.3333,9.9358,1.0000,8.5070,8.5070,0.2500,1.5000,0.0000,0,0,0,1,0.0000,0.0000,16,4.0000,0.0595,4,branching,medium,single,4,1,dispersed,medium,3,medium,1716758195,fcec8ec8-17b0-4761-a7ad-69888625e51d,true,,
terroristCount,1,4,3,1.5000,3,2,0.0000,1,0,2,1,0.3333,9.6056,0.0000,17.5545,17.5545,0.2500,1.5000,0.0000,0,0,0,1,0.0000,0.0000,18,4.5000,0.0780,4,branching,medium,single,4,1,dispersed,medium,3,medium,234383918,a226b22c-246b-4676-91aa-181490b3d543,true,,
terroristCount,1,4,3,1.5000,3,2,0.0000,1,0,2,1,0.3333,9.6101,1.0000,7.6485,7.6485,0.2500,1.5000,0.0000,0,0,0,1,0.0000,0.0000,16,4.0000,0.0602,4,branching,medium,single,4,1,dispersed,medium,3,medium,2140763915,4cd39daf-90e8-4195-ac46-2eb01af1921d,true,,
terroristCount,1,4,3,1.5000,2,1,0.0000,1,0,2,1,0.3333,7.8921,1.0000,11.1955,11.1955,0.0000,1.0000,0.0000,0,0,0,1,0.0000,0.0000,19,4.7500,0.0526,4,branching,medium,single,4,1,dispersed,medium,3,medium,1239513303,dc0f5079-cfed-4e26-bcd5-353eddff3162,true,,
terroristCount,1,4,3,1.5000,3,2,0.0000,1,0,2,1,0.3333,11.9745,1.0000,8.0493,8.0493,0.2500,1.5000,0.0000,0,0,0,1,0.0000,0.0000,16,4.0000,0.0512,4,branching,medium,single,4,1,dispersed,medium,3,medium,614784914,4d22ea68-2564-457d-b205-33f25771f4f8,true,,
terroristCount,1,4,3,1.5000,2,1,0.0000,1,0,2,1,0.3333,9.0185,1.0000,3.3745,3.3745,0.0000,1.0000,0.0000,0,0,0,1,0.0000,0.0000,20,5.0000,0.0829,4,branching,medium,single,4,1,dispersed,medium,3,medium,1732059271,ac1fd7b8-7635-4f45-87ae-aaf8750aa097,true,,
terroristCount,1,4,3,1.5000,2,1,0.0000,1,0,2,1,0.3333,8.1029,0.0000,16.2056,16.2056,0.0000,1.0000,0.0000,0,0,0,1,0.0000,0.0000,18,4.5000,0.0551,4,branching,medium,single,4,1,dispersed,medium,3,medium,2027825586,249859fe-2621-48f7-875b-2e86c4e1cc19,true,,
terroristCount,1,4,3,1.5000,3,2,0.0000,1,0,2,1,0.3333,9.7129,1.0000,8.4008,8.4008,0.2500,1.5000,0.0000,0,0,0,1,0.0000,0.0000,15,3.7500,0.0454,4,branching,medium,single,4,1,dispersed,medium,3,medium,1883996264,a00be4d7-10c1-4b0d-9b32-25c30e60c4b2,true,,
terroristCount,1,4,3,1.5000,3,2,0.0000,1,0,2,1,0.3333,10.1541,1.0000,8.1202,8.1202,0.2500,1.5000,0.0000,0,0,0,1,0.0000,0.0000,18,4.5000,0.0485,4,branching,medium,single,4,1,dispersed,medium,3,medium,145346872,97faea23-ebc9-4a9b-aa84-07f982bc5ca5,true,,
terroristCount,1,4,3,1.5000,3,2,0.0000,1,0,2,1,0.3333,11.9837,0.0000,17.9257,17.9257,0.2500,1.5000,0.0000,0,0,0,1,0.0000,0.0000,18,4.5000,0.0562,4,branching,medium,single,4,1,dispersed,medium,3,medium,1787768663,3ec93fed-3452-4e78-b2f9-237f48923962,true,,
terroristCount,1,4,3,1.5000,3,2,0.0000,1,0,2,1,0.3333,9.8579,1.0000,8.6031,8.6031,0.2500,1.5000,0.0000,0,0,0,1,0.0000,0.0000,16,4.0000,0.0588,4,branching,medium,single,4,1,dispersed,medium,3,medium,482762593,9470422d-f7b3-4931-a747-89547283c5b8,true,,
terroristCount,1,4,3,1.5000,2,1,0.0000,1,0,2,1,0.3333,8.0064,1.0000,10.7667,10.7667,0.0000,1.0000,0.0000,0,0,0,1,0.0000,0.0000,19,4.7500,0.0648,4,branching,medium,single,4,1,dispersed,medium,3,medium,886320855,0cdd1dfe-cb00-48f9-b9ea-3e28ca5f0399,true,,
terroristCount,1,4,3,1.5000,3,2,0.0000,1,0,2,1,0.3333,9.9855,1.0000,8.8232,8.8232,0.2500,1.5000,0.0000,0,0,0,1,0.0000,0.0000,20,5.0000,0.0805,4,branching,medium,single,4,1,dispersed,medium,3,medium,888764724,d2b64a9c-e7de-40d4-8162-d45e14bace84,true,,
terroristCount,1,4,3,1.5000,3,2,0.0000,1,0,2,1,0.3333,12.2393,1.0000,7.5550,7.5550,0.2500,1.5000,0.0000,0,0,0,1,0.0000,0.0000,18,4.5000,0.0602,4,branching,medium,single,4,1,dispersed,medium,3,medium,1664711185,4f072eea-d179-471b-a363-b899cb1b2276,true,,
terroristCount,1,4,3,1.5000,2,1,0.0000,1,0,2,1,0.3333,9.2475,1.0000,3.0259,3.0259,0.0000,1.0000,0.0000,0,0,0,1,0.0000,0.0000,21,5.2500,0.0726,4,branching,medium,single,4,1,dispersed,medium,3,medium,676931603,4dcfdbff-3e9a-4caa-9091-8f618dd6dbfe,true,,
terroristCount,1,4,3,1.5000,3,2,0.0000,1,0,2,1,0.3333,11.1415,0.0000,15.2324,15.2324,0.2500,1.5000,0.0000,0,0,0,1,0.0000,0.0000,21,5.2500,0.0951,4,branching,medium,single,4,1,dispersed,medium,3,medium,471044931,a6318f02-86f6-4313-867b-44c33b50b107,true,,
terroristCount,1,4,3,1.5000,3,2,0.0000,1,0,2,1,0.3333,9.5449,0.0000,17.7716,17.7716,0.2500,1.5000,0.0000,0,0,0,1,0.0000,0.0000,18,4.5000,0.0560,4,branching,medium,single,4,1,dispersed,medium,3,medium,851736762,92c088e5-a94a-4a54-a73f-d232b7b82f08,true,,
terroristCount,1,4,3,1.5000,2,1,0.0000,1,0,2,1,0.3333,7.9332,1.0000,10.9606,10.9606,0.0000,1.0000,0.0000,0,0,0,1,0.0000,0.0000,21,5.2500,0.0767,4,branching,medium,single,4,1,dispersed,medium,3,medium,964491873,4a8e0126-dd86-4537-87c7-e11ed418570f,true,,
terroristCount,1,4,3,1.5000,3,2,0.0000,1,0,2,1,0.3333,11.8191,1.0000,7.7160,7.7160,0.2500,1.5000,0.0000,0,0,0,1,0.0000,0.0000,17,4.2500,0.0666,4,branching,medium,single,4,1,dispersed,medium,3,medium,1615183073,1d50feeb-4e8d-4291-a625-d55949b8c831,true,,
terroristCount,1,4,3,1.5000,3,2,0.0000,1,0,2,1,0.3333,9.6618,0.0000,17.8367,17.8367,0.2500,1.5000,0.0000,0,0,0,1,0.0000,0.0000,21,5.2500,0.0972,4,branching,medium,single,4,1,dispersed,medium,3,medium,2108641202,36618381-0842-40a4-b2c9-b66bb295d2a1,true,,
terroristCount,1,4,3,1.5000,3,2,0.0000,1,0,2,1,0.3333,12.0027,1.0000,8.3566,8.3566,0.2500,1.5000,0.0000,0,0,0,1,0.0000,0.0000,21,5.2500,0.0627,4,branching,medium,single,4,1,dispersed,medium,3,medium,782759466,b6025203-ce7c-4803-99ac-a788b345faeb,true,,
terroristCount,1,4,3,1.5000,3,2,0.0000,1,0,2,1,0.3333,9.6553,1.0000,8.0790,8.0790,0.2500,1.5000,0.0000,0,0,0,1,0.0000,0.0000,19,4.7500,0.0624,4,branching,medium,single,4,1,dispersed,medium,3,medium,659363145,c623f834-5cc4-415a-a748-a72866a62002,true,,
terroristCount,1,4,3,1.5000,2,1,0.0000,1,0,2,1,0.3333,7.8952,1.0000,10.6366,10.6366,0.0000,1.0000,0.0000,0,0,0,1,0.0000,0.0000,26,6.5000,0.0974,4,branching,medium,single,4,1,dispersed,medium,3,medium,568086529,a793bcbb-e25e-42a9-ba67-5f6682a2217b,true,,
terroristCount,1,4,3,1.5000,3,2,0.0000,1,0,2,1,0.3333,9.6599,1.0000,7.1612,7.1612,0.2500,1.5000,0.0000,0,0,0,1,0.0000,0.0000,15,3.7500,0.0405,4,branching,medium,single,4,1,dispersed,medium,3,medium,2083253833,8111007b-23b9-458c-996c-f1a835574276,true,,
terroristCount,1,4,3,1.5000,3,2,0.0000,1,0,2,1,0.3333,9.7652,1.0000,7.5939,7.5939,0.2500,1.5000,0.0000,0,0,0,1,0.0000,0.0000,20,5.0000,0.0917,4,branching,medium,single,4,1,dispersed,medium,3,medium,1066723851,bf80dc61-62bf-4b89-a2d2-90ea1bb0d680,true,,
terroristCount,1,4,3,1.5000,3,2,0.0000,1,0,2,1,0.3333,9.4791,1.0000,7.1687,7.1687,0.2500,1.5000,0.0000,0,0,0,1,0.0000,0.0000,17,4.2500,0.0684,4,branching,medium,single,4,1,dispersed,medium,3,medium,2107325495,85987d43-cfac-4b57-a686-093edf6704be,true,,
terroristCount,1,4,3,1.5000,3,2,0.0000,1,0,2,1,0.3333,10.9904,0.0000,21.6630,21.6630,0.2500,1.5000,0.0000,0,0,0,1,0.0000,0.0000,17,4.2500,0.0521,4,branching,medium,single,4,1,dispersed,medium,3,medium,1824943670,604e5cee-aaae-4002-a2bb-1a59589cc9a2,true,,
terroristCount,1,4,3,1.5000,2,1,0.0000,1,0,2,1,0.3333,7.8290,1.0000,10.7005,10.7005,0.0000,1.0000,0.0000,0,0,0,1,0.0000,0.0000,19,4.7500,0.0693,4,branching,medium,single,4,1,dispersed,medium,3,medium,193064934,013fc84a-d1d9-4338-bbb5-d8b882b8cf1e,true,,
terroristCount,1,4,3,1.5000,3,2,0.0000,1,0,2,1,0.3333,9.0054,0.0000,17.6559,17.6559,0.2500,1.5000,0.0000,0,0,0,1,0.0000,0.0000,16,4.0000,0.0696,4,branching,medium,single,4,1,dispersed,medium,3,medium,843149575,58c50781-95ed-4308-9a73-41f3c4d30a18,true,,
terroristCount,1,4,3,1.5000,2,1,0.0000,1,0,2,1,0.3333,8.0515,0.0000,16.0797,16.0797,0.0000,1.0000,0.0000,0,0,0,1,0.0000,0.0000,23,5.7500,0.0672,4,branching,medium,single,4,1,dispersed,medium,3,medium,624063662,0d37ee21-3952-43f7-a035-5b8917c92643,true,,
terroristCount,1,4,3,1.5000,2,1,0.0000,1,0,2,1,0.3333,7.6235,1.0000,10.9735,10.9735,0.0000,1.0000,0.0000,0,0,0,1,0.0000,0.0000,20,5.0000,0.0868,4,branching,medium,single,4,1,dispersed,medium,3,medium,1474973662,a9745c26-0c83-4f76-a491-52c96a294af0,true,,
terroristCount,1,4,3,1.5000,2,1,0.0000,1,0,2,1,0.3333,8.1001,0.0000,16.1986,16.1986,0.0000,1.0000,0.0000,0,0,0,1,0.0000,0.0000,23,5.7500,0.0791,4,branching,medium,single,4,1,dispersed,medium,3,medium,866953444,b6d91249-0359-4784-b8fe-fb9aa82fe89c,true,,
terroristCount,1,4,3,1.5000,2,1,0.0000,1,0,2,1,0.3333,7.9617,1.0000,11.2669,11.2669,0.0000,1.0000,0.0000,0,0,0,1,0.0000,0.0000,23,5.7500,0.0806,4,branching,medium,single,4,1,dispersed,medium,3,medium,1153608795,9d49cdd6-c7fa-4b92-a949-6f48bc4ddaa6,true,,
terroristCount,1,4,3,1.5000,2,1,0.0000,1,0,2,1,0.3333,6.8881,1.0000,3.1684,3.1684,0.0000,1.0000,0.0000,0,0,0,1,0.0000,0.0000,23,5.7500,0.0954,4,branching,medium,single,4,1,dispersed,medium,3,medium,1950846002,c0cb71c3-43d0-4cdb-be9c-cf744a548640,true,,
terroristCount,1,4,3,1.5000,3,2,0.0000,1,0,2,1,0.3333,9.7866,0.0000,17.9453,17.9453,0.2500,1.5000,0.0000,0,0,0,1,0.0000,0.0000,19,4.7500,0.0576,4,branching,medium,single,4,1,dispersed,medium,3,medium,355337001,3840ed8c-4c40-4889-a510-f9b8dc8e0ed8,true,,
terroristCount,1,4,3,1.5000,3,2,0.0000,1,0,2,1,0.3333,9.7056,0.0000,17.6863,17.6863,0.2500,1.5000,0.0000,0,0,0,1,0.0000,0.0000,16,4.0000,0.0481,4,branching,medium,single,4,1,dispersed,medium,3,medium,2123071074,29c91ce4-b246-419f-bca0-c33a5848fb00,true,,
terroristCount,1,4,3,1.5000,3,2,0.0000,1,0,2,1,0.3333,11.1988,0.0000,22.0577,22.0577,0.2500,1.5000,0.0000,0,0,0,1,0.0000,0.0000,21,5.2500,0.0741,4,branching,medium,single,4,1,dispersed,medium,3,medium,425226250,9b3e8616-bf87-4c81-ae0c-d2bc613f9278,true,,
terroristCount,1,4,3,1.5000,2,1,0.0000,1,0,2,1,0.3333,7.9098,1.0000,11.5481,11.5481,0.0000,1.0000,0.0000,0,0,0,1,0.0000,0.0000,24,6.0000,0.0756,4,branching,medium,single,4,1,dispersed,medium,3,medium,75214736,9205a59d-1ddb-4673-a218-dfd3a1515b06,true,,
terroristCount,1,4,3,1.5000,2,1,0.0000,1,0,2,1,0.3333,7.7532,1.0000,10.7144,10.7144,0.0000,1.0000,0.0000,0,0,0,1,0.0000,0.0000,19,4.7500,0.0689,4,branching,medium,single,4,1,dispersed,medium,3,medium,742614261,94b16b48-3022-45dc-bdad-fc7d18f59a27,true,,
terroristCount,1,4,3,1.5000,2,1,0.0000,1,0,2,1,0.3333,7.7870,0.0000,15.5741,15.5741,0.0000,1.0000,0.0000,0,0,0,1,0.0000,0.0000,24,6.0000,0.1141,4,branching,medium,single,4,1,dispersed,medium,3,medium,1035955896,406b619a-8d9a-47bc-a13e-ee2ed3e0c1f9,true,,
terroristCount,1,4,3,1.5000,3,2,0.0000,1,0,2,1,0.3333,11.8901,1.0000,8.0081,8.0081,0.2500,1.5000,0.0000,0,0,0,1,0.0000,0.0000,18,4.5000,0.0598,4,branching,medium,single,4,1,dispersed,medium,3,medium,1107421387,a9e81033-fbbd-4c02-bd03-a3ad1a54ff37,true,,
terroristCount,1,4,3,1.5000,2,1,0.0000,1,0,2,1,0.3333,7.0830,1.0000,3.0172,3.0172,0.0000,1.0000,0.0000,0,0,0,1,0.0000,0.0000,21,5.2500,0.0769,4,branching,medium,single,4,1,dispersed,medium,3,medium,2056403867,faa60f33-4d9e-4b70-a3f0-536b891e00b5,true,,
terroristCount,2,4,3,1.5000,3,2,0.0000,1,0,2,1,0.3333,8.9535,0.3333,9.9616,2.5750,0.2222,1.6667,0.0000,0,0,1,1,0.0000,1.0000,14,3.5000,0.0562,4,branching,medium,single,4,2,dispersed,medium,3,medium,1423678187,83b196d5-6b11-4472-85ea-9d270404aba8,true,,
terroristCount,2,4,3,1.5000,3,2,0.0000,1,0,2,1,0.3333,10.8052,1.0000,5.5659,2.5127,0.2222,1.6667,0.0000,0,0,1,1,0.0000,1.0000,16,4.0000,0.0394,4,branching,medium,single,4,2,dispersed,medium,3,medium,683694913,047f4d7a-e41e-476a-b888-69c3ce6be8b3,true,,
terroristCount,2,4,3,1.5000,3,2,0.0000,1,0,2,1,0.3333,12.8453,0.3333,8.6010,2.0164,0.2222,1.6667,0.0000,0,0,1,1,0.0000,1.0000,18,4.5000,0.0728,4,branching,medium,single,4,2,dispersed,medium,3,medium,1105912213,6077af39-4c4e-4a61-8f5a-58b9e3eddf69,true,,
terroristCount,2,4,3,1.5000,2,1,0.0000,1,0,2,1,0.3333,8.2279,0.6667,6.8037,2.1687,0.0000,1.0000,0.0000,0,0,1,1,0.0000,1.0000,18,4.5000,0.0464,4,branching,medium,single,4,2,dispersed,medium,3,medium,1307321288,ee2ce939-3afb-4c21-a246-129c6acf722b,true,,
terroristCount,2,4,3,1.5000,3,2,0.0000,1,0,2,1,0.3333,12.1394,0.3333,12.5524,3.0004,0.2222,1.6667,0.0000,0,0,1,1,0.0000,1.0000,14,3.5000,0.0368,4,branching,medium,single,4,2,dispersed,medium,3,medium,1043605538,bdbdffd4-4f52-44f4-9c76-fa5300151929,true,,
terroristCount,2,4,3,1.5000,2,1,0.0000,1,0,2,1,0.3333,7.8365,0.6667,11.0791,11.0753,0.0000,1.0000,0.0000,0,0,1,1,0.0000,1.0000,17,4.2500,0.0461,4,branching,medium,single,4,2,dispersed,medium,3,medium,1036085200,941240de-f650-49ff-941f-678432621905,true,,
terroristCount,2,4,3,1.5000,3,2,0.0000,1,0,2,1,0.3333,12.7753,1.0000,5.7147,3.4498,0.2222,1.6667,0.0000,0,0,1,1,0.0000,1.5000,19,4.7500,0.0653,4,branching,medium,single,4,2,dispersed,medium,3,medium,113249697,bb9dcd6f-fb34-4547-b6bd-8b0ca7558f30,true,,
terroristCount,2,4,3,1.5000,3,2,0.0000,1,0,2,1,0.3333,9.8323,1.0000,5.5919,2.6565,0.2222,1.6667,0.0000,0,0,1,1,0.0000,1.5000,16,4.0000,0.0544,4,branching,medium,single,4,2,dispersed,medium,3,medium,1178885762,6e0ec3bc-a86a-4f28-ba8f-052ae205fb38,true,,
terroristCount,2,4,3,1.5000,3,2,0.0000,1,0,2,1,0.3333,11.8923,0.3333,10.2681,2.8781,0.2222,1.6667,0.0000,0,0,1,1,0.0000,1.0000,15,3.7500,0.0497,4,branching,medium,single,4,2,dispersed,medium,3,medium,1992115876,b8c0e267-32b9-4b90-8915-6174fbf6e453,true,,
terroristCount,2,4,3,1.5000,2,1,0.0000,1,0,2,1,0.3333,7.9333,0.6667,11.1907,11.1462,0.0000,1.0000,0.0000,0,0,1,1,0.0000,1.0000,21,5.2500,0.0985,4,branching,medium,single,4,2,dispersed,medium,3,medium,1139886360,a6618b5e-8e7a-4d78-8abb-0155c21e50c4,true,,
terroristCount,2,4,3,1.5000,3,2,0.0000,1,0,2,1,0.3333,9.6716,0.3333,9.6954,1.7323,0.2222,1.6667,0.0000,0,0,1,1,0.0000,1.0000,18,4.5000,0.0567,4,branching,medium,single,4,2,dispersed,medium,3,medium,1904923048,1e3cf268-1b6e-4bcd-af05-5e2afa51ebdf,true,,
terroristCount,2,4,3,1.5000,3,2,0.0000,1,0,2,1,0.3333,13.7572,1.0000,5.1295,1.8331,0.2222,1.6667,0.0000,0,0,1,1,0.0000,1.5000,19,4.7500,0.0622,4,branching,medium,single,4,2,dispersed,medium,3,medium,679044991,071f60ff-977d-41dd-822a-912d04cf1fd7,true,,
terroristCount,2,4,3,1.5000,3,2,0.0000,1,0,2,1,0.3333,11.0559,1.0000,5.2250,2.5230,0.2222,1.6667,0.0000,0,0,1,1,0.0000,1.5000,18,4.5000,0.0674,4,branching,medium,single,4,2,dispersed,medium,3,medium,937449173,83164b44-8336-4cdb-974c-1f50d77c93a2,true,,
terroristCount,2,4,3,1.5000,3,2,0.0000,1,0,2,1,0.3333,11.1169,0.3333,9.9757,2.0297,0.2222,1.6667,0.0000,0,0,1,1,0.0000,1.0000,19,4.7500,0.0962,4,branching,medium,single,4,2,dispersed,medium,3,medium,1057395050,45cd2e0e-25a4-4c40-b9c5-53eacf344099,true,,
terroristCount,2,4,3,1.5000,3,2,0.0000,1,0,2,1,0.3333,10.8608,0.3333,9.9755,2.0910,0.2222,1.6667,0.0000,0,0,1,1,0.0000,1.0000,20,5.0000,0.1001,4,branching,medium,single,4,2,dispersed,medium,3,medium,1813781036,c6802544-c634-4a35-90da-dcb5fcf2fc1f,true,,
terroristCount,2,4,3,1.5000,3,2,0.0000,1,0,2,1,0.3333,9.3945,0.3333,9.6486,2.0659,0.2222,1.6667,0.0000,0,0,1,1,0.0000,1.0000,17,4.2500,0.0533,4,branching,medium,single,4,2,dispersed,medium,3,medium,57510082,17a93cdf-4088-4978-be9d-56e827527cfa,true,,
terroristCount,2,4,3,1.5000,2,1,0.0000,1,0,2,1,0.3333,8.7793,0.3333,17.1513,16.1197,0.0000,1.0000,0.0000,0,0,1,1,0.0000,1.0000,23,5.7500,0.0811,4,branching,medium,single,4,2,dispersed,medium,3,medium,172789452,f102c91b-1687-47ea-9c44-ef0777e90905,true,,
terroristCount,2,4,3,1.5000,2,1,0.0000,1,0,2,1,0.3333,7.9641,0.6667,11.5620,11.1734,0.0000,1.0000,0.0000,0,0,1,1,0.0000,1.0000,18,4.5000,0.0497,4,branching,medium,single,4,2,dispersed,medium,3,medium,654943066,26c56d5a-5f6a-4b30-aec9-182f86d36887,true,,
terroristCount,2,4,3,1.5000,2,1,0.0000,1,0,2,1,0.3333,7.4101,0.3333,9.4688,2.5413,0.0000,1.0000,0.0000,0,0,1,1,0.0000,1.0000,25,6.2500,0.0896,4,branching,medium,single,4,2,dispersed,medium,3,medium,2054599248,6a66648f-e226-45ea-aad6-4ad6faf7ec99,true,,
terroristCount,2,4,3,1.5000,2,1,0.0000,1,0,2,1,0.3333,7.9187,1.0000,6.5603,2.2064,0.0000,1.0000,0.0000,0,0,1,1,0.0000,1.0000,23,5.7500,0.0929,4,branching,medium,single,4,2,dispersed,medium,3,medium,1834760652,68e79fa6-0446-4e29-99d9-dd904f5fca3e,true,,
terroristCount,2,4,3,1.5000,3,2,0.0000,1,0,2,1,0.3333,13.2552,0.3333,9.6773,1.9340,0.2222,1.6667,0.0000,0,0,1,1,0.0000,1.0000,19,4.7500,0.0622,4,branching,medium,single,4,2,dispersed,medium,3,medium,1040846689,95c3e6e6-bfc2-4d4c-9113-97bb7e61113c,true,,
terroristCount,2,4,3,1.5000,3,2,0.0000,1,0,2,1,0.3333,12.4246,0.3333,10.1196,2.9729,0.2222,1.6667,0.0000,0,0,1,1,0.0000,1.0000,20,5.0000,0.0661,4,branching,medium,single,4,2,dispersed,medium,3,medium,1668766857,32a05e77-4f6a-424e-97ec-1b3da31e9aee,true,,
terroristCount,2,4,3,1.5000,3,2,0.0000,1,0,2,1,0.3333,12.4548,0.3333,9.5556,2.6013,0.2222,1.6667,0.0000,0,0,1,1,0.0000,1.0000,21,5.2500,0.0744,4,branching,medium,single,4,2,dispersed,medium,3,medium,312795001,183059b3-fc1e-4763-bfbb-e4d63e3147db,true,,
terroristCount,2,4,3,1.5000,3,2,0.0000,1,0,2,1,0.3333,12.1608,0.3333,12.7309,3.2592,0.2222,1.6667,0.0000,0,0,1,1,0.0000,1.0000,19,4.7500,0.0677,4,branching,medium,single,4,2,dispersed,medium,3,medium,1763292796,45fb4181-27ed-4465-839a-3385002d1d4d,true,,
terroristCount,2,4,3,1.5000,2,1,0.0000,1,0,2,1,0.3333,9.4521,1.0000,2.7911,2.4957,0.0000,1.0000,0.0000,0,0,1,1,0.0000,1.0000,24,6.0000,0.0858,4,branching,medium,single,4,2,dispersed,medium,3,medium,1880195707,f9578de4-f602-4827-9657-d7958d0e5769,true,,
terroristCount,2,4,3,1.5000,3,2,0.0000,1,0,2,1,0.3333,9.9691,1.0000,5.3205,2.3566,0.2222,1.6667,0.0000,0,0,1,1,0.0000,1.5000,17,4.2500,0.0533,4,branching,medium,single,4,2,dispersed,medium,3,medium,1085402369,f4de9029-de93-45f5-8064-65903eceb92d,true,,
terroristCount,2,4,3,1.5000,2,1,0.0000,1,0,2,1,0.3333,8.0525,0.6667,6.5116,2.7619,0.0000,1.0000,0.0000,0,0,1,1,0.0000,1.0000,21,5.2500,0.0654,4,branching,medium,single,4,2,dispersed,medium,3,medium,1309374184,ab4bbf53-ba5f-4911-aaa3-76609e9853b6,true,,
terroristCount,2,4,3,1.5000,3,2,0.0000,1,0,2,1,0.3333,13.4184,0.3333,14.6599,3.1632,0.2222,1.6667,0.0000,0,0,1,1,0.0000,1.0000,13,3.2500,0.0412,4,branching,medium,single,4,2,dispersed,medium,3,medium,701344176,8b949bbc-82e6-4109-9ba0-85554f3208a0,true,,
terroristCount,2,4,3,1.5000,2,1,0.0000,1,0,2,1,0.3333,8.5687,0.3333,9.4658,2.5861,0.0000,1.0000,0.0000,0,0,1,1,0.0000,1.0000,21,5.2500,0.0751,4,branching,medium,single,4,2,dispersed,medium,3,medium,45818681,e3a22011-40fa-4da5-8fe9-9b280b611d53,true,,
terroristCount,2,4,3,1.5000,3,2,0.0000,1,0,2,1,0.3333,9.7835,1.0000,5.5227,2.5507,0.2222,1.6667,0.0000,0,0,1,1,0.0000,1.5000,18,4.5000,0.0528,4,branching,medium,single,4,2,dispersed,medium,3,medium,776522026,9201f7c8-94df-48e0-9d4b-b3755dabdc25,true,,
terroristCount,2,4,3,1.5000,3,2,0.0000,1,0,2,1,0.3333,13.4398,1.0000,5.2849,2.2508,0.2222,1.6667,0.0000,0,0,1,1,0.0000,1.5000,15,3.7500,0.0431,4,branching,medium,single,4,2,dispersed,medium,3,medium,221877612,340b5b58-73b1-4aac-b527-c0f8c475e3a4,true,,
terroristCount,2,4,3,1.5000,3,2,0.0000,1,0,2,1,0.3333,12.5959,1.0000,5.2817,2.3395,0.2222,1.6667,0.0000,0,0,1,1,0.0000,1.5000,15,3.7500,0.0473,4,branching,medium,single,4,2,dispersed,medium,3,medium,579227177,9b089ede-04d5-413d-ac13-94388e93d8b7,true,,
terroristCount,2,4,3,1.5000,2,1,0.0000,1,0,2,1,0.3333,8.7975,0.6667,12.2437,11.1407,0.0000,1.0000,0.0000,0,0,1,1,0.0000,1.0000,20,5.0000,0.0981,4,branching,medium,single,4,2,dispersed,medium,3,medium,1001219815,dcf5e47b-91ec-44f9-9a39-8b0fc7b0587d,true,,
terroristCount,2,4,3,1.5000,3,2,0.0000,1,0,2,1,0.3333,10.8489,0.3333,9.8680,2.0873,0.2222,1.6667,0.0000,0,0,1,1,0.0000,1.0000,17,4.2500,0.0541,4,branching,medium,single,4,2,dispersed,medium,3,medium,873839246,3d078483-306c-4bdb-9c69-ae95915f957d,true,,
terroristCount,2,4,3,1.5000,2,1,0.0000,1,0,2,1,0.3333,7.1925,0.3333,8.9028,2.0304,0.0000,1.0000,0.0000,0,0,1,1,0.0000,1.0000,25,6.2500,0.0936,4,branching,medium,single,4,2,dispersed,medium,3,medium,1383168605,54d0cace-9f08-4cf4-b58a-e9e1c37d840e,true,,
terroristCount,2,4,3,1.5000,3,2,0.0000,1,0,2,1,0.3333,12.0565,0.3333,12.6718,3.4015,0.2222,1.6667,0.0000,0,0,1,1,0.0000,1.0000,18,4.5000,0.0702,4,branching,medium,single,4,2,dispersed,medium,3,medium,2031875263,fb9bc9fe-d8c8-412b-bea5-b59265fd0262,true,,
terroristCount,2,4,3,1.5000,2,1,0.0000,1,0,2,1,0.3333,8.8422,0.6667,7.2824,3.2251,0.0000,1.0000,0.0000,0,0,1,1,0.0000,1.0000,19,4.7500,0.0933,4,branching,medium,single,4,2,dispersed,medium,3,medium,977341620,726e81a0-da0d-45ab-876a-83b18ce9fd47,true,,
terroristCount,2,4,3,1.5000,3,2,0.0000,1,0,2,1,0.3333,9.7059,1.0000,5.2122,1.9439,0.2222,1.6667,0.0000,0,0,1,1,0.0000,1.5000,22,5.5000,0.0977,4,branching,medium,single,4,2,dispersed,medium,3,medium,1906886210,c90660fb-a194-4406-b90b-13c82c2fa0ed,true,,
terroristCount,2,4,3,1.5000,3,2,0.0000,1,0,2,1,0.3333,10.7901,1.0000,5.1033,2.5605,0.2222,1.6667,0.0000,0,0,1,1,0.0000,1.5000,18,4.5000,0.0981,4,branching,medium,single,4,2,dispersed,medium,3,medium,1063719957,792f793f-4d28-410d-a496-5f58592b348a,true,,
terroristCount,2,4,3,1.5000,3,2,0.0000,1,0,2,1,0.3333,9.6124,1.0000,4.7731,1.9208,0.2222,1.6667,0.0000,0,0,1,1,0.0000,1.5000,19,4.7500,0.0808,4,branching,medium,single,4,2,dispersed,medium,3,medium,788858470,472bc09a-463c-4978-b7c6-1d346940edef,true,,
terroristCount,2,4,3,1.5000,3,2,0.0000,1,0,2,1,0.3333,9.8026,1.0000,5.7119,2.8145,0.2222,1.6667,0.0000,0,0,1,1,0.0000,1.5000,18,4.5000,0.0580,4,branching,medium,single,4,2,dispersed,medium,3,medium,79815237,f17afe1a-79ea-4585-9742-b1097a329ef1,true,,
terroristCount,2,4,3,1.5000,2,1,0.0000,1,0,2,1,0.3333,7.4200,1.0000,11.1340,10.4063,0.0000,1.0000,0.0000,0,0,1,1,0.0000,1.0000,24,6.0000,0.0863,4,branching,medium,single,4,2,dispersed,medium,3,medium,1811747460,9c66c2ca-f58f-40ad-8e94-1b8a2beb1de8,true,,
terroristCount,2,4,3,1.5000,3,2,0.0000,1,0,2,1,0.3333,9.9984,1.0000,5.2226,2.4821,0.2222,1.6667,0.0000,0,0,1,1,0.0000,1.0000,16,4.0000,0.0473,4,branching,medium,single,4,2,dispersed,medium,3,medium,779431433,f31d8793-5ccf-427f-8533-a675ef946012,true,,
terroristCount,2,4,3,1.5000,2,1,0.0000,1,0,2,1,0.3333,7.5495,1.0000,7.4083,3.4049,0.0000,1.0000,0.0000,0,0,1,1,0.0000,1.0000,24,6.0000,0.1079,4,branching,medium,single,4,2,dispersed,medium,3,medium,335087302,65219ec7-38c5-4050-a076-412c057130cb,true,,
terroristCount,2,4,3,1.5000,3,2,0.0000,1,0,2,1,0.3333,10.4178,0.3333,9.9827,2.6739,0.2222,1.6667,0.0000,0,0,1,1,0.0000,1.0000,15,3.7500,0.0397,4,branching,medium,single,4,2,dispersed,medium,3,medium,1109514043,1b5739a2-3587-4c1b-8b37-163847ca71ca,true,,
terroristCount,2,4,3,1.5000,3,2,0.0000,1,0,2,1,0.3333,13.4098,1.0000,5.3864,2.5980,0.2222,1.6667,0.0000,0,0,1,1,0.0000,1.5000,19,4.7500,0.0677,4,branching,medium,single,4,2,dispersed,medium,3,medium,474563804,1801ddad-38fb-4c25-a92d-f0eac0efed2a,true,,
terroristCount,2,4,3,1.5000,3,2,0.0000,1,0,2,1,0.3333,10.8874,0.3333,10.0759,2.6062,0.2222,1.6667,0.0000,0,0,1,1,0.0000,1.0000,16,4.0000,0.0612,4,branching,medium,single,4,2,dispersed,medium,3,medium,1013396829,df47d34f-52b5-4c6d-bd49-1b9c1d717b32,true,,
terroristCount,2,4,3,1.5000,3,2,0.0000,1,0,2,1,0.3333,13.2933,1.0000,5.3028,2.7931,0.2222,1.6667,0.0000,0,0,1,1,0.0000,1.5000,21,5.2500,0.0805,4,branching,medium,single,4,2,dispersed,medium,3,medium,1445425598,4e00c368-68fb-4366-bdd0-af897fecf485,true,,
terroristCount,2,4,3,1.5000,3,2,0.0000,1,0,2,1,0.3333,10.9082,1.0000,4.6950,1.8881,0.2222,1.6667,0.0000,0,0,1,1,0.0000,1.5000,21,5.2500,0.0839,4,branching,medium,single,4,2,dispersed,medium,3,medium,309290038,edaa511a-64b3-440f-9368-496f79ca6380,true,,
terroristCount,2,4,3,1.5000,3,2,0.0000,1,0,2,1,0.3333,12.9249,1.0000,5.1241,2.2687,0.2222,1.6667,0.0000,0,0,1,1,0.0000,1.5000,17,4.2500,0.0582,4,branching,medium,single,4,2,dispersed,medium,3,medium,367716168,6823ea9f-9932-40d3-b745-c4226c4e20fd,true,,
terroristCount,3,4,3,1.5000,3,2,0.0000,1,0,2,1,0.3333,9.9725,0.6667,9.1359,1.9729,0.2500,1.5000,3.0000,1,1,0,1,0.5000,1.0000,19,4.7500,0.0784,4,branching,medium,single,4,3,dispersed,medium,3,medium,2049908931,21ce638b-5284-41ee-8ea3-0cf8a3b6022b,true,,
terroristCount,3,4,3,1.5000,3,2,0.0000,1,0,2,1,0.3333,9.8424,0.5000,9.2869,2.7410,0.2500,1.5000,2.0000,1,1,0,1,0.2500,0.6667,20,5.0000,0.0832,4,branching,medium,single,4,3,dispersed,medium,3,medium,87671195,d13d56bb-bea1-40f3-8b54-2faf3cceda94,true,,
terroristCount,3,4,3,1.5000,3,2,0.0000,1,0,2,1,0.3333,10.4537,1.0000,6.1590,1.8610,0.2500,1.5000,3.0000,1,1,0,1,0.5000,1.0000,15,3.7500,0.0402,4,branching,medium,single,4,3,dispersed,medium,3,medium,1128840295,d60aaad4-3d4c-49a6-b751-3b2412eaa47c,true,,
terroristCount,3,4,3,1.5000,3,2,0.0000,1,0,2,1,0.3333,8.7452,1.0000,6.0481,1.9657,0.2500,1.5000,3.0000,1,1,0,1,0.5000,1.0000,19,4.7500,0.0553,4,branching,medium,single,4,3,dispersed,medium,3,medium,1420144382,eccf0bdd-8985-472c-ab37-6f2dfe507d09,true,,
terroristCount,3,4,3,1.5000,3,2,0.0000,1,0,2,1,0.3333,9.5416,0.6667,8.7014,2.5400,0.2500,1.5000,2.0000,1,1,0,1,0.2500,0.6667,18,4.5000,0.0707,4,branching,medium,single,4,3,dispersed,medium,3,medium,1015557178,a267071d-cf82-48ac-b536-95b6357f7b12,true,,
terroristCount,3,4,3,1.5000,3,2,0.0000,1,0,2,1,0.3333,9.4849,1.0000,7.2205,2.5777,0.2500,1.5000,3.0000,1,1,0,1,0.5000,1.0000,14,3.5000,0.0471,4,branching,medium,single,4,3,dispersed,medium,3,medium,1902394977,67f87486-8282-47c3-9222-242b80a4bdd2,true,,
terroristCount,3,4,3,1.5000,3,2,0.0000,1,0,2,1,0.3333,12.0199,0.6667,9.5841,1.9883,0.2500,1.5000,3.0000,1,1,0,1,0.5000,1.0000,17,4.2500,0.0609,4,branching,medium,single,4,3,dispersed,medium,3,medium,370899912,b49d3b6b-017c-4619-9336-8118e1afff10,true,,
terroristCount,3,4,3,1.5000,2,1,0.0000,1,0,2,1,0.3333,8.5767,0.5000,10.1239,3.5292,0.0000,1.0000,2.0000,0,1,1,1,0.2500,1.3333,18,4.5000,0.0518,4,branching,medium,single,4,3,dispersed,medium,3,medium,1490103064,a6b5a87d-12a5-4614-bcc8-e29e858acf00,true,,
terroristCount,3,4,3,1.5000,2,1,0.0000,1,0,2,1,0.3333,7.7442,0.8333,5.4451,2.3218,0.0000,1.0000,2.0000,0,1,1,1,0.2500,1.3333,24,6.0000,0.0913,4,branching,medium,single,4,3,dispersed,medium,3,medium,1574609228,ded5739b-4734-4086-ae53-2fa7c7828431,true,,
terroristCount,3,4,3,1.5000,3,2,0.0000,1,0,2,1,0.3333,12.4700,0.3333,13.2855,2.5484,0.2500,1.5000,2.0000,1,1,0,1,0.2500,0.6667,16,4.0000,0.0441,4,branching,medium,single,4,3,dispersed,medium,3,medium,2105686816,a1299890-e727-4ca1-bcd8-aae68c3d2dd6,true,,
terroristCount,3,4,3,1.5000,2,1,0.0000,1,0,2,1,0.3333,7.8438,1.0000,5.4856,2.5037,0.0000,1.0000,2.0000,0,1,1,1,0.2500,1.3333,22,5.5000,0.0726,4,branching,medium,single,4,3,dispersed,medium,3,medium,1874194663,d2052f77-cf90-44d4-bd53-91cf33a554de,true,,
terroristCount,3,4,3,1.5000,2,1,0.0000,1,0,2,1,0.3333,7.2334,1.0000,7.4461,1.9305,0.0000,1.0000,2.0000,0,1,1,1,0.2500,1.3333,24,6.0000,0.0939,4,branching,medium,single,4,3,dispersed,medium,3,medium,1559389168,690bc265-5584-4594-a7db-f338a8a9db4d,true,,
terroristCount,3,4,3,1.5000,3,2,0.0000,1,0,2,1,0.3333,12.1498,0.5000,12.8517,3.1525,0.2500,1.5000,2.0000,1,1,0,1,0.2500,0.6667,19,4.7500,0.0605,4,branching,medium,single,4,3,dispersed,medium,3,medium,1133067081,34ff6b17-3380-4c01-91f3-9732d6cfa4d8,true,,
terroristCount,3,4,3,1.5000,2,1,0.0000,1,0,2,1,0.3333,7.5815,0.6667,10.4766,3.6782,0.0000,1.0000,2.0000,0,1,1,1,0.2500,1.3333,21,5.2500,0.0854,4,branching,medium,single,4,3,dispersed,medium,3,medium,1215593850,5a00a0e0-f3c9-44fd-86d0-4ab4b6980670,true,,
terroristCount,3,4,3,1.5000,3,2,0.0000,1,0,2,1,0.3333,9.0686,0.5000,8.9901,1.8692,0.2500,1.5000,2.0000,1,1,0,1,0.2500,0.6667,18,4.5000,0.0638,4,branching,medium,single,4,3,dispersed,medium,3,medium,918008748,71c4e8bb-210b-46e8-ab7c-fe82ccc9fd8d,true,,
terroristCount,3,4,3,1.5000,3,2,0.0000,1,0,2,1,0.3333,10.0039,0.3333,13.6959,2.4922,0.2500,1.5000,2.0000,1,1,0,1,0.2500,0.6667,17,4.2500,0.0620,4,branching,medium,single,4,3,dispersed,medium,3,medium,1325695871,19cce8ea-a4c3-4523-b3ae-b0dd4814aeb4,true,,
terroristCount,3,4,3,1.5000,3,2,0.0000,1,0,2,1,0.3333,11.1723,0.5000,11.3195,3.3912,0.2500,1.5000,2.0000,1,1,0,1,0.2500,0.6667,17,4.2500,0.0745,4,branching,medium,single,4,3,dispersed,medium,3,medium,1825308823,e1231b8d-55c6-46d2-b2f5-2211aca0d144,true,,
terroristCount,3,4,3,1.5000,3,2,0.0000,1,0,2,1,0.3333,12.3643,0.6667,9.1393,2.4311,0.2500,1.5000,3.0000,1,1,0,1,0.5000,1.0000,13,3.2500,0.0339,4,branching,medium,single,4,3,dispersed,medium,3,medium,63609927,2883c8f4-e9b5-4a92-8f6b-8cd876c171aa,true,,
terroristCount,3,4,3,1.5000,3,2,0.0000,1,0,2,1,0.3333,11.3299,0.6667,9.7575,2.6189,0.2500,1.5000,2.0000,1,1,0,1,0.2500,0.6667,23,5.7500,0.1120,4,branching,medium,single,4,3,dispersed,medium,3,medium,1821710092,f9446482-e9af-4de1-b621-9557c6c75cbf,true,,
terroristCount,3,4,3,1.5000,3,2,0.0000,1,0,2,1,0.3333,11.3078,0.3333,12.4875,1.7398,0.2500,1.5000,2.0000,1,1,0,1,0.2500,0.6667,20,5.0000,0.0824,4,branching,medium,single,4,3,dispersed,medium,3,medium,1929389420,68ea9392-4865-4c63-a641-222702719d1e,true,,
terroristCount,3,4,3,1.5000,3,2,0.0000,1,0,2,1,0.3333,9.9134,1.0000,6.1361,2.6382,0.2500,1.5000,2.0000,1,1,0,1,0.2500,0.6667,16,4.0000,0.0604,4,branching,medium,single,4,3,dispersed,medium,3,medium,1227652109,8549c6c3-3f62-4e9a-addf-bb211f44d5d0,true,,
terroristCount,3,4,3,1.5000,3,2,0.0000,1,0,2,1,0.3333,11.8736,0.6667,8.8550,2.6383,0.2500,1.5000,2.0000,1,1,0,1,0.2500,0.6667,20,5.0000,0.0780,4,branching,medium,single,4,3,dispersed,medium,3,medium,413386889,c593c5b2-9dc4-4730-9164-6236ea02b3fc,true,,
terroristCount,3,4,3,1.5000,3,2,0.0000,1,0,2,1,0.3333,10.8645,0.3333,12.6227,2.7129,0.2500,1.5000,2.0000,1,1,0,1,0.2500,0.6667,17,4.2500,0.0858,4,branching,medium,single,4,3,dispersed,medium,3,medium,1738706756,1cd5a7cb-9bea-4736-8725-820a0350affc,true,,
terroristCount,3,4,3,1.5000,3,2,0.0000,1,0,2,1,0.3333,9.9709,1.0000,6.3228,2.1857,0.2500,1.5000,2.0000,1,1,0,1,0.2500,0.6667,16,4.0000,0.0664,4,branching,medium,single,4,3,dispersed,medium,3,medium,1265740778,71e26fe2-1858-41e2-8196-c338f18ae54e,true,,
terroristCount,3,4,3,1.5000,3,2,0.0000,1,0,2,1,0.3333,9.7499,1.0000,6.5103,2.3257,0.2500,1.5000,2.0000,1,1,0,1,0.2500,0.6667,19,4.7500,0.0595,4,branching,medium,single,4,3,dispersed,medium,3,medium,1754945415,927f5ed1-baae-4667-9b9d-c675852dbb12,true,,
terroristCount,3,4,3,1.5000,3,2,0.0000,1,0,2,1,0.3333,11.9974,0.6667,9.4697,2.4697,0.2500,1.5000,3.0000,1,1,0,1,0.5000,1.0000,19,4.7500,0.0578,4,branching,medium,single,4,3,dispersed,medium,3,medium,1376582876,140d9979-7226-4fb1-8dc8-5024e388a43a,true,,
terroristCount,3,4,3,1.5000,3,2,0.0000,1,0,2,1,0.3333,9.8311,0.5000,9.2839,2.3287,0.2500,1.5000,2.0000,1,1,0,1,0.2500,0.6667,18,4.5000,0.0746,4,branching,medium,single,4,3,dispersed,medium,3,medium,889335424,8324a8d2-bfcd-4e94-8207-f90cee4a34d7,true,,
terroristCount,3,4,3,1.5000,2,1,0.0000,1,0,2,1,0.3333,8.0690,0.6667,9.5104,1.9047,0.0000,1.0000,2.0000,0,1,1,1,0.2500,1.3333,23,5.7500,0.1010,4,branching,medium,single,4,3,dispersed,medium,3,medium,2125191346,6dc4f846-be88-4fde-ba9d-e9545db561c5,true,,
terroristCount,3,4,3,1.5000,2,1,0.0000,1,0,2,1,0.3333,7.7145,0.3333,11.2222,2.1566,0.0000,1.0000,2.0000,0,1,1,1,0.2500,1.3333,24,6.0000,0.0977,4,branching,medium,single,4,3,dispersed,medium,3,medium,653778753,f7ff755c-d150-4235-bd71-9562f91f9ddd,true,,
terroristCount,3,4,3,1.5000,3,2,0.0000,1,0,2,1,0.3333,9.4680,1.0000,6.1376,2.6830,0.2500,1.5000,2.0000,1,1,0,1,0.2500,0.6667,17,4.2500,0.0569,4,branching,medium,single,4,3,dispersed,medium,3,medium,1405631903,09b08fa3-cd03-4020-a11a-bac94a3d4b23,true,,
terroristCount,3,4,3,1.5000,2,1,0.0000,1,0,2,1,0.3333,7.7711,0.3333,12.0768,3.4026,0.0000,1.0000,2.0000,0,1,1,1,0.2500,1.3333,21,5.2500,0.0808,4,branching,medium,single,4,3,dispersed,medium,3,medium,72005540,e652fa15-63ec-4e00-b9dc-e1bfec770647,true,,
terroristCount,3,4,3,1.5000,3,2,0.0000,1,0,2,1,0.3333,11.6842,1.0000,5.9639,2.7571,0.2500,1.5000,3.0000,1,1,0,1,0.5000,1.0000,16,4.0000,0.0615,4,branching,medium,single,4,3,dispersed,medium,3,medium,2011432233,5852e68c-01d4-4010-9a87-746725f0421d,true,,
terroristCount,3,4,3,1.5000,3,2,0.0000,1,0,2,1,0.3333,12.5191,0.3333,13.1819,2.4160,0.2500,1.5000,2.0000,1,1,0,1,0.2500,0.6667,17,4.2500,0.0513,4,branching,medium,single,4,3,dispersed,medium,3,medium,392054138,7531801a-a75e-4f0b-b16b-6e345745357c,true,,
terroristCount,3,4,3,1.5000,3,2,0.0000,1,0,2,1,0.3333,8.9213,0.3333,12.1377,2.4646,0.2500,1.5000,2.0000,1,1,0,1,0.2500,0.6667,14,3.5000,0.0565,4,branching,medium,single,4,3,dispersed,medium,3,medium,1825586160,68ae79f0-bc04-4b9f-bfc5-d530f40d6cc0,true,,
terroristCount,3,4,3,1.5000,3,2,0.0000,1,0,2,1,0.3333,11.9368,0.5000,11.5910,2.2827,0.2500,1.5000,3.0000,1,1,0,1,0.5000,1.0000,18,4.5000,0.0622,4,branching,medium,single,4,3,dispersed,medium,3,medium,874096742,4991ec55-76ca-4956-822a-b9f5115f9fdd,true,,
terroristCount,3,4,3,1.5000,3,2,0.0000,1,0,2,1,0.3333,9.1504,0.6667,9.2927,2.0839,0.2500,1.5000,3.0000,1,1,0,1,0.5000,1.0000,15,3.7500,0.0445,4,branching,medium,single,4,3,dispersed,medium,3,medium,134206417,22a0fb85-4161-4204-87e8-32671b511ca1,true,,
terroristCount,3,4,3,1.5000,3,2,0.0000,1,0,2,1,0.3333,9.1365,0.3333,12.6518,2.9511,0.2500,1.5000,2.0000,1,1,0,1,0.2500,0.6667,20,5.0000,0.0823,4,branching,medium,single,4,3,dispersed,medium,3,medium,1597870529,ac8f6a25-b32a-45bd-b0a9-7ad073c36747,true,,
terroristCount,3,4,3,1.5000,3,2,0.0000,1,0,2,1,0.3333,9.5284,1.0000,6.1086,2.5233,0.2500,1.5000,3.0000,1,1,0,1,0.5000,1.0000,18,4.5000,0.0600,4,branching,medium,single,4,3,dispersed,medium,3,medium,1728559080,627a90b7-c0b8-4119-be82-01a63c0a5e31,true,,
terroristCount,3,4,3,1.5000,3,2,0.0000,1,0,2,1,0.3333,11.4223,0.6667,9.2245,2.1828,0.2500,1.5000,2.0000,1,1,0,1,0.2500,0.6667,20,5.0000,0.0615,4,branching,medium,single,4,3,dispersed,medium,3,medium,2005765715,411db5cb-95b3-4838-bbe3-3b87e845cbf6,true,,
terroristCount,3,4,3,1.5000,3,2,0.0000,1,0,2,1,0.3333,11.3847,0.6667,9.7498,3.3666,0.2500,1.5000,3.0000,1,1,0,1,0.5000,1.0000,17,4.2500,0.0541,4,branching,medium,single,4,3,dispersed,medium,3,medium,1628257275,bed09c4e-d743-4f1f-83b2-97c1f7757964,true,,
terroristCount,3,4,3,1.5000,3,2,0.0000,1,0,2,1,0.3333,12.8587,0.3333,12.9410,2.0779,0.2500,1.5000,2.0000,1,1,0,1,0.2500,0.6667,17,4.2500,0.0789,4,branching,medium,single,4,3,dispersed,medium,3,medium,1660975351,a85188f8-ea2f-4b16-a9be-18485a5b67e1,true,,
terroristCount,3,4,3,1.5000,2,1,0.0000,1,0,2,1,0.3333,8.1201,0.5000,8.7278,2.3568,0.0000,1.0000,2.0000,0,1,1,1,0.2500,1.3333,16,4.0000,0.0431,4,branching,medium,single,4,3,dispersed,medium,3,medium,1634722203,ca9898ce-8de2-4ae2-a5e3-7dc65d6f741e,true,,
terroristCount,3,4,3,1.5000,3,2,0.0000,1,0,2,1,0.3333,12.3522,0.6667,9.4713,2.3654,0.2500,1.5000,3.0000,1,1,0,1,0.5000,1.0000,16,4.0000,0.0438,4,branching,medium,single,4,3,dispersed,medium,3,medium,332276982,60ce26cd-8102-4dcf-9eb9-daea0356fccc,true,,
terroristCount,3,4,3,1.5000,3,2,0.0000,1,0,2,1,0.3333,8.6762,0.5000,9.0646,2.8599,0.2500,1.5000,2.0000,1,1,0,1,0.2500,0.6667,17,4.2500,0.0518,4,branching,medium,single,4,3,dispersed,medium,3,medium,1105516788,57c6195c-122c-4082-8f59-4a904ca57407,true,,
terroristCount,3,4,3,1.5000,3,2,0.0000,1,0,2,1,0.3333,11.2049,0.6667,9.1363,1.8779,0.2500,1.5000,3.0000,1,1,0,1,0.5000,1.0000,13,3.2500,0.0346,4,branching,medium,single,4,3,dispersed,medium,3,medium,1062147454,0e617355-2a5a-47f2-8411-a46a9969b9bc,true,,
terroristCount,3,4,3,1.5000,3,2,0.0000,1,0,2,1,0.3333,11.5263,0.3333,11.7350,2.1269,0.2500,1.5000,2.0000,1,1,0,1,0.2500,0.6667,19,4.7500,0.0828,4,branching,medium,single,4,3,dispersed,medium,3,medium,667909716,ca9a53dc-7a4d-425c-97fe-3b9517788949,true,,
terroristCount,3,4,3,1.5000,3,2,0.0000,1,0,2,1,0.3333,11.9518,0.3333,17.4151,3.0171,0.2500,1.5000,2.0000,1,1,0,1,0.2500,0.6667,17,4.2500,0.0675,4,branching,medium,single,4,3,dispersed,medium,3,medium,678680379,37af3a35-0a06-4070-bd9e-a871b5593b3c,true,,
terroristCount,3,4,3,1.5000,3,2,0.0000,1,0,2,1,0.3333,8.8970,0.5000,9.5374,2.6887,0.2500,1.5000,2.0000,1,1,0,1,0.2500,0.6667,22,5.5000,0.0859,4,branching,medium,single,4,3,dispersed,medium,3,medium,1711321230,dfa519df-d4f7-444c-a7ef-b497ddbad430,true,,
terroristCount,3,4,3,1.5000,2,1,0.0000,1,0,2,1,0.3333,8.8278,0.5000,8.9667,2.5612,0.0000,1.0000,2.0000,0,1,1,1,0.2500,1.3333,28,7.0000,0.0928,4,branching,medium,single,4,3,dispersed,medium,3,medium,1564562201,2537caac-bd72-4c23-a93d-7af71e8e6441,true,,
terroristCount,3,4,3,1.5000,2,1,0.0000,1,0,2,1,0.3333,8.4393,0.5000,9.9584,1.8006,0.0000,1.0000,2.0000,0,1,1,1,0.2500,1.3333,22,5.5000,0.0759,4,branching,medium,single,4,3,dispersed,medium,3,medium,1931301819,bb189774-4516-4eb5-81b3-7295b0aa9e35,true,,
terroristCount,4,4,3,1.5000,3,2,0.0000,1,0,2,1,0.3333,9.4891,1.0000,5.3238,2.2637,0.2400,1.6000,2.0000,1,1,1,1,0.2500,1.2500,17,4.2500,0.0603,4,branching,medium,single,4,4,dispersed,medium,3,medium,796738628,1eb7e324-6aae-4116-9239-c9d5a53f338f,true,,
terroristCount,4,4,3,1.5000,3,2,0.0000,1,0,2,1,0.3333,12.5336,0.7000,7.3063,1.9362,0.2400,1.6000,2.0000,1,1,1,1,0.2500,1.2500,19,4.7500,0.0704,4,branching,medium,single,4,4,dispersed,medium,3,medium,949786902,c84e3c54-10d9-4bbf-ac96-dfe59920302b,true,,
terroristCount,4,4,3,1.5000,2,1,0.0000,1,0,2,1,0.3333,7.9410,0.7000,8.0567,2.2643,0.0000,1.0000,2.0000,0,1,2,1,0.2500,1.5000,18,4.5000,0.0586,4,branching,medium,single,4,4,dispersed,medium,3,medium,1771199153,60178391-f84c-4d6f-8492-7c36a67a5855,true,,
terroristCount,4,4,3,1.5000,2,1,0.0000,1,0,2,1,0.3333,8.0888,0.9000,4.5053,1.8893,0.0000,1.0000,2.0000,0,1,2,1,0.2500,1.5000,26,6.5000,0.0954,4,branching,medium,single,4,4,dispersed,medium,3,medium,527384265,19869da1-920e-4e30-a0f6-8e5f2816d4e2,true,,
terroristCount,4,4,3,1.5000,2,1,0.0000,1,0,2,1,0.3333,8.4614,0.6000,12.2189,9.9994,0.0000,1.0000,2.0000,0,1,2,1,0.2500,1.5000,20,5.0000,0.0964,4,branching,medium,single,4,4,dispersed,medium,3,medium,1287547706,60b3f69e-72d4-4c0a-bd0b-41c76093aab5,true,,
terroristCount,4,4,3,1.5000,3,2,0.0000,1,0,2,1,0.3333,8.9869,0.6000,7.4931,2.2545,0.2400,1.6000,3.0000,1,1,1,1,0.5000,1.2500,15,3.7500,0.0432,4,branching,medium,single,4,4,dispersed,medium,3,medium,1636522042,12dc3a79-9dce-47f3-bacb-8a8f5fe53b7d,true,,
terroristCount,4,4,3,1.5000,2,1,0.0000,1,0,2,1,0.3333,8.3833,0.6000,11.7363,1.7144,0.0000,1.0000,2.0000,0,1,2,1,0.2500,1.5000,26,6.5000,0.1055,4,branching,medium,single,4,4,dispersed,medium,3,medium,496448086,008bb3b5-e6ff-4a6a-8d13-f76fdae82562,true,,
terroristCount,4,4,3,1.5000,3,2,0.0000,1,0,2,1,0.3333,12.0510,0.4000,12.5361,2.0623,0.2400,1.6000,2.0000,1,1,1,1,0.2500,1.0000,18,4.5000,0.0690,4,branching,medium,single,4,4,dispersed,medium,3,medium,2010583164,7bb8d292-7846-4076-b7c5-5fd3be755a30,true,,
terroristCount,4,4,3,1.5000,3,2,0.0000,1,0,2,1,0.3333,12.1329,0.4000,10.2158,2.1950,0.2400,1.6000,2.0000,1,1,1,1,0.2500,1.0000,14,3.5000,0.0441,4,branching,medium,single,4,4,dispersed,medium,3,medium,1812682614,9ba7ae1b-7fe5-4b82-806d-0b1fbcf39447,true,,
terroristCount,4,4,3,1.5000,3,2,0.0000,1,0,2,1,0.3333,13.1464,0.4000,10.0534,1.8070,0.2400,1.6000,2.0000,1,1,1,1,0.2500,1.0000,14,3.5000,0.0398,4,branching,medium,single,4,4,dispersed,medium,3,medium,1786457949,f9a3ad28-f0d5-4134-9b72-a31110dfe631,true,,
terroristCount,4,4,3,1.5000,3,2,0.0000,1,0,2,1,0.3333,10.0764,0.7000,7.5342,2.0998,0.2400,1.6000,2.0000,1,1,1,1,0.2500,1.2500,16,4.0000,0.0510,4,branching,medium,single,4,4,dispersed,medium,3,medium,1013059553,a6d5b562-7076-469c-9f19-dde85f07001d,true,,
terroristCount,4,4,3,1.5000,3,2,0.0000,1,0,2,1,0.3333,10.1625,1.0000,5.4868,2.5132,0.2400,1.6000,3.0000,1,1,1,1,0.5000,1.5000,20,5.0000,0.0765,4,branching,medium,single,4,4,dispersed,medium,3,medium,393192213,dee59044-293d-4872-803c-16d410f9ff9a,true,,
terroristCount,4,4,3,1.5000,3,2,0.0000,1,0,2,1,0.3333,9.9783,1.0000,5.2052,2.1750,0.2400,1.6000,3.0000,1,1,1,1,0.5000,1.5000,18,4.5000,0.0684,4,branching,medium,single,4,4,dispersed,medium,3,medium,836324311,fef07dff-39fd-4af6-8500-e08ce2188c29,true,,
terroristCount,4,4,3,1.5000,2,1,0.0000,1,0,2,1,0.3333,8.6104,0.4000,9.5518,2.1186,0.0000,1.0000,2.0000,0,1,2,1,0.2500,1.5000,21,5.2500,0.0652,4,branching,medium,single,4,4,dispersed,medium,3,medium,168977325,9657c314-691c-4ef8-ba33-b1d845fffdd0,true,,
terroristCount,4,4,3,1.5000,3,2,0.0000,1,0,2,1,0.3333,10.4490,1.0000,5.2513,2.3094,0.2400,1.6000,3.0000,1,1,1,1,0.5000,1.5000,18,4.5000,0.0878,4,branching,medium,single,4,4,dispersed,medium,3,medium,2033681276,42bbb2b5-2fee-42b5-8bfc-5dfa6aa274c0,true,,
terroristCount,4,4,3,1.5000,2,1,0.0000,1,0,2,1,0.3333,7.2268,1.0000,8.1603,2.2678,0.0000,1.0000,2.0000,0,1,2,1,0.2500,1.5000,23,5.7500,0.0812,4,branching,medium,single,4,4,dispersed,medium,3,medium,2010246077,0ac4f076-3fae-4a3f-95a0-e39a087e7624,true,,
terroristCount,4,4,3,1.5000,3,2,0.0000,1,0,2,1,0.3333,9.3799,1.0000,4.9365,1.9398,0.2400,1.6000,2.0000,1,1,1,1,0.2500,1.2500,20,5.0000,0.0597,4,branching,medium,single,4,4,dispersed,medium,3,medium,1167335030,3e15635a-2d00-419f-b9c3-e72e7fc17bcf,true,,
terroristCount,4,4,3,1.5000,3,2,0.0000,1,0,2,1,0.3333,9.5029,0.6000,7.3545,1.9083,0.2400,1.6000,2.0000,1,1,1,1,0.2500,1.2500,18,4.5000,0.0728,4,branching,medium,single,4,4,dispersed,medium,3,medium,1454964568,360033c3-7b6a-4236-9681-5316b79fa6a5,true,,
terroristCount,4,4,3,1.5000,3,2,0.0000,1,0,2,1,0.3333,9.1175,1.0000,5.0231,1.8707,0.2400,1.6000,3.0000,1,1,1,1,0.5000,1.5000,19,4.7500,0.0801,4,branching,medium,single,4,4,dispersed,medium,3,medium,341497108,0425f5c3-1659-40ab-973b-22b308a6f405,true,,
terroristCount,4,4,3,1.5000,3,2,0.0000,1,0,2,1,0.3333,9.5667,1.0000,5.6607,2.3156,0.2400,1.6000,3.0000,1,1,1,1,0.5000,1.5000,19,4.7500,0.0651,4,branching,medium,single,4,4,dispersed,medium,3,medium,783802331,02e8ac78-b05e-4e41-916d-83f2623770a3,true,,
terroristCount,4,4,3,1.5000,2,1,0.0000,1,0,2,1,0.3333,7.2794,0.9000,7.0278,2.0200,0.0000,1.0000,2.0000,0,1,2,1,0.2500,1.5000,22,5.5000,0.0649,4,branching,medium,single,4,4,dispersed,medium,3,medium,1875308989,0044c033-1170-4c32-9ebb-65277968f6af,true,,
terroristCount,4,4,3,1.5000,3,2,0.0000,1,0,2,1,0.3333,12.7938,1.0000,5.4266,2.2566,0.2400,1.6000,3.0000,1,1,1,1,0.5000,1.5000,21,5.2500,0.0855,4,branching,medium,single,4,4,dispersed,medium,3,medium,96749743,3f0bc1ae-2eb0-48ad-b42c-41891d65815f,true,,
terroristCount,4,4,3,1.5000,3,2,0.0000,1,0,2,1,0.3333,12.2118,0.7000,7.3469,2.4881,0.2400,1.6000,3.0000,1,1,1,1,0.5000,1.2500,16,4.0000,0.0468,4,branching,medium,single,4,4,dispersed,medium,3,medium,205327859,c96202c0-2e98-4ade-a1a9-6663a2779544,true,,
terroristCount,4,4,3,1.5000,2,1,0.0000,1,0,2,1,0.3333,8.0513,0.6000,8.1003,2.1588,0.0000,1.0000,2.0000,0,1,2,1,0.2500,1.5000,22,5.5000,0.0644,4,branching,medium,single,4,4,dispersed,medium,3,medium,193452817,a6f6c631-79ca-42ac-8858-488587d1896e,true,,
terroristCount,4,4,3,1.5000,2,1,0.0000,1,0,2,1,0.3333,8.8407,0.5000,10.7102,3.1993,0.0000,1.0000,2.0000,0,1,2,1,0.2500,1.5000,24,6.0000,0.0870,4,branching,medium,single,4,4,dispersed,medium,3,medium,268414069,a1b7d99a-f66e-44ec-8f7c-45f5e2ef4c34,true,,
terroristCount,4,4,3,1.5000,3,2,0.0000,1,0,2,1,0.3333,10.1277,1.0000,4.9017,2.0229,0.2400,1.6000,3.0000,1,1,1,1,0.5000,1.5000,20,5.0000,0.0654,4,branching,medium,single,4,4,dispersed,medium,3,medium,1740413553,7dda114a-95a0-40bf-bd3e-06d0750fcdd8,true,,
terroristCount,4,4,3,1.5000,3,2,0.0000,1,0,2,1,0.3333,10.8252,0.4000,10.7373,1.8368,0.2400,1.6000,2.0000,1,1,1,1,0.2500,1.0000,15,3.7500,0.0448,4,branching,medium,single,4,4,dispersed,medium,3,medium,81109907,2b500136-0f2b-45e2-be50-8ff15af0f789,true,,
terroristCount,4,4,3,1.5000,2,1,0.0000,1,0,2,1,0.3333,7.8669,0.8000,6.6881,1.9595,0.0000,1.0000,2.0000,0,1,2,1,0.2500,1.5000,19,4.7500,0.0602,4,branching,medium,single,4,4,dispersed,medium,3,medium,633189968,7d84c226-fba9-4bee-9f6d-68abef2e7392,true,,
terroristCount,4,4,3,1.5000,3,2,0.0000,1,0,2,1,0.3333,11.5661,1.0000,5.6752,2.0713,0.2400,1.6000,3.0000,1,1,1,1,0.5000,1.5000,21,5.2500,0.0744,4,branching,medium,single,4,4,dispersed,medium,3,medium,203593324,74d9ce93-ea96-46ae-b159-16871d4f8cc2,true,,
terroristCount,4,4,3,1.5000,2,1,0.0000,1,0,2,1,0.3333,7.6816,0.6000,7.7022,2.1004,0.0000,1.0000,2.0000,0,1,2,1,0.2500,1.5000,22,5.5000,0.0840,4,branching,medium,single,4,4,dispersed,medium,3,medium,1087035699,f3422c9c-f17f-41bf-af1b-f56bcc8b7266,true,,
terroristCount,4,4,3,1.5000,2,1,0.0000,1,0,2,1,0.3333,8.5349,0.7000,15.0412,11.1120,0.0000,1.0000,2.0000,0,1,2,1,0.2500,1.5000,20,5.0000,0.1038,4,branching,medium,single,4,4,dispersed,medium,3,medium,697902497,7446d338-0b8f-4fd7-bc92-fa5401b45bb6,true,,
terroristCount,4,4,3,1.5000,2,1,0.0000,1,0,2,1,0.3333,7.6506,0.6000,11.1796,1.9378,0.0000,1.0000,2.0000,0,1,2,1,0.2500,1.5000,25,6.2500,0.0895,4,branching,medium,single,4,4,dispersed,medium,3,medium,1325497841,3c26d03e-5368-4b0b-a77f-d28cd0bd5280,true,,
terroristCount,4,4,3,1.5000,3,2,0.0000,1,0,2,1,0.3333,9.8834,1.0000,4.9337,1.9673,0.2400,1.6000,3.0000,1,1,1,1,0.5000,1.5000,18,4.5000,0.0666,4,branching,medium,single,4,4,dispersed,medium,3,medium,560629145,75201dfa-a4b1-4b5f-893e-d54c6fd45486,true,,
terroristCount,4,4,3,1.5000,2,1,0.0000,1,0,2,1,0.3333,7.8527,0.6000,10.5257,2.0644,0.0000,1.0000,2.0000,0,1,2,1,0.2500,1.5000,21,5.2500,0.0624,4,branching,medium,single,4,4,dispersed,medium,3,medium,869960581,d9f9dd0f-b105-42a9-9a59-528e58e92fa3,true,,
terroristCount,4,4,3,1.5000,2,1,0.0000,1,0,2,1,0.3333,8.0936,0.7000,6.6455,1.9982,0.0000,1.0000,2.0000,0,1,2,1,0.2500,1.5000,24,6.0000,0.0885,4,branching,medium,single,4,4,dispersed,medium,3,medium,608893275,5234cd04-7b3a-47ec-8d90-604db31f2a72,true,,
terroristCount,4,4,3,1.5000,3,2,0.0000,1,0,2,1,0.3333,12.4323,0.7000,7.6674,1.8268,0.2400,1.6000,2.0000,1,1,1,1,0.2500,1.2500,15,3.7500,0.0411,4,branching,medium,single,4,4,dispersed,medium,3,medium,1269702285,be77acca-7d59-46e1-9f01-b87102626b61,true,,
terroristCount,4,4,3,1.5000,3,2,0.0000,1,0,2,1,0.3333,10.2675,1.0000,5.0690,1.9715,0.2400,1.6000,3.0000,1,1,1,1,0.5000,1.5000,18,4.5000,0.0636,4,branching,medium,single,4,4,dispersed,medium,3,medium,240233080,b5810541-d761-4913-9fc2-c353b0196c2e,true,,
terroristCount,4,4,3,1.5000,3,2,0.0000,1,0,2,1,0.3333,9.7008,0.4000,9.8815,2.1515,0.2400,1.6000,2.0000,1,1,1,1,0.2500,1.0000,17,4.2500,0.0552,4,branching,medium,single,4,4,dispersed,medium,3,medium,2012153520,8d017662-d840-4e6d-948a-f0e35d385fd8,true,,
terroristCount,4,4,3,1.5000,3,2,0.0000,1,0,2,1,0.3333,10.4226,0.6000,7.9350,2.2694,0.2400,1.6000,3.0000,1,1,1,1,0.5000,1.2500,14,3.5000,0.0406,4,branching,medium,single,4,4,dispersed,medium,3,medium,538038454,81b8cd3b-474e-4014-a0a1-09d51a7a3081,true,,
terroristCount,4,4,3,1.5000,3,2,0.0000,1,0,2,1,0.3333,12.6360,0.7000,7.4677,2.2280,0.2400,1.6000,2.0000,1,1,1,1,0.2500,1.2500,17,4.2500,0.0717,4,branching,medium,single,4,4,dispersed,medium,3,medium,1385058347,748dbbd0-7cfc-4916-bb1d-80bcff8de0cb,true,,
terroristCount,4,4,3,1.5000,3,2,0.0000,1,0,2,1,0.3333,12.5160,1.0000,5.5944,2.2691,0.2400,1.6000,3.0000,1,1,1,1,0.5000,1.5000,18,4.5000,0.0481,4,branching,medium,single,4,4,dispersed,medium,3,medium,1785241978,e197a44b-37e5-4bcd-8684-2fc2b7795610,true,,
terroristCount,4,4,3,1.5000,2,1,0.0000,1,0,2,1,0.3333,8.2559,0.6000,11.3936,3.2760,0.0000,1.0000,2.0000,0,1,2,1,0.2500,1.5000,21,5.2500,0.0597,4,branching,medium,single,4,4,dispersed,medium,3,medium,1734771012,e81d793d-6d14-46fe-9103-6855c2c9afb8,true,,
terroristCount,4,4,3,1.5000,2,1,0.0000,1,0,2,1,0.3333,7.7854,0.9000,6.6047,1.8586,0.0000,1.0000,2.0000,0,1,2,1,0.2500,1.5000,26,6.5000,0.1148,4,branching,medium,single,4,4,dispersed,medium,3,medium,2063360113,4444859e-d001-4996-afe9-d3c890ec5410,true,,
terroristCount,4,4,3,1.5000,3,2,0.0000,1,0,2,1,0.3333,10.5679,1.0000,5.0024,2.2479,0.2400,1.6000,3.0000,1,1,1,1,0.5000,1.2500,19,4.7500,0.0743,4,branching,medium,single,4,4,dispersed,medium,3,medium,219307766,9325565d-8511-45a4-b992-ffa81349caca,true,,
terroristCount,4,4,3,1.5000,2,1,0.0000,1,0,2,1,0.3333,8.0667,0.5000,11.0689,3.2590,0.0000,1.0000,2.0000,0,1,2,1,0.2500,1.5000,27,6.7500,0.1216,4,branching,medium,single,4,4,dispersed,medium,3,medium,615197722,3ba0cd7d-7687-4f7e-932e-b059295e1399,true,,
terroristCount,4,4,3,1.5000,3,2,0.0000,1,0,2,1,0.3333,10.4102,0.7000,8.1047,2.1504,0.2400,1.6000,3.0000,1,1,1,1,0.5000,1.2500,20,5.0000,0.0935,4,branching,medium,single,4,4,dispersed,medium,3,medium,1267783138,b1f29e6a-dda6-40fb-97fc-2383862372c7,true,,
terroristCount,4,4,3,1.5000,3,2,0.0000,1,0,2,1,0.3333,9.1444,1.0000,4.8444,2.0508,0.2400,1.6000,2.0000,1,1,1,1,0.2500,1.2500,17,4.2500,0.0721,4,branching,medium,single,4,4,dispersed,medium,3,medium,798397892,c54ef5d3-ec3a-401b-ae10-3549de667e1f,true,,
terroristCount,4,4,3,1.5000,3,2,0.0000,1,0,2,1,0.3333,13.3434,1.0000,4.7688,2.1389,0.2400,1.6000,3.0000,1,1,1,1,0.5000,1.5000,17,4.2500,0.0735,4,branching,medium,single,4,4,dispersed,medium,3,medium,163299657,9e80f762-f11f-4b87-8c0e-1805329a61f2,true,,
terroristCount,4,4,3,1.5000,2,1,0.0000,1,0,2,1,0.3333,7.6897,0.9000,6.4465,2.1595,0.0000,1.0000,2.0000,0,1,2,1,0.2500,1.5000,26,6.5000,0.1056,4,branching,medium,single,4,4,dispersed,medium,3,medium,1219319159,254e4940-f838-44cd-b513-ce57a4d7b72a,true,,
terroristCount,4,4,3,1.5000,3,2,0.0000,1,0,2,1,0.3333,10.7311,0.9000,5.6753,2.4821,0.2400,1.6000,3.0000,1,1,1,1,0.5000,1.5000,18,4.5000,0.0621,4,branching,medium,single,4,4,dispersed,medium,3,medium,1199385024,200533bd-2944-464e-9bb9-579e6c932c87,true,,
entryType,single,4,3,1.5000,3,2,0.0000,1,0,2,1,0.3333,11.5509,1.0000,7.0231,2.6717,0.2500,1.5000,3.0000,1,1,0,1,0.5000,1.0000,17,4.2500,0.0681,4,branching,medium,single,4,3,dispersed,medium,3,medium,1648058333,c8b6e675-e435-4ae4-9a74-1cca4a390f43,true,,
entryType,single,4,3,1.5000,3,2,0.0000,1,0,2,1,0.3333,8.6780,1.0000,6.4838,2.5984,0.2500,1.5000,2.0000,1,1,0,1,0.2500,0.6667,17,4.2500,0.0527,4,branching,medium,single,4,3,dispersed,medium,3,medium,1371199458,25b88f41-3669-48e7-8789-417729cfe024,true,,
entryType,single,4,3,1.5000,3,2,0.0000,1,0,2,1,0.3333,10.1023,0.5000,9.2563,2.1450,0.2500,1.5000,2.0000,1,1,0,1,0.2500,0.6667,17,4.2500,0.0502,4,branching,medium,single,4,3,dispersed,medium,3,medium,1369824122,f08ee6c9-58e9-4c81-85a3-e3ac67850ace,true,,
entryType,single,4,3,1.5000,3,2,0.0000,1,0,2,1,0.3333,8.7122,1.0000,6.4092,2.5474,0.2500,1.5000,2.0000,1,1,0,1,0.2500,0.6667,17,4.2500,0.0652,4,branching,medium,single,4,3,dispersed,medium,3,medium,780759870,788c2d04-cce7-4853-b852-819b91971b55,true,,
entryType,single,4,3,1.5000,3,2,0.0000,1,0,2,1,0.3333,9.6909,1.0000,6.2828,2.4947,0.2500,1.5000,3.0000,1,1,0,1,0.5000,1.0000,21,5.2500,0.0763,4,branching,medium,single,4,3,dispersed,medium,3,medium,55992830,40b6114b-ed5c-4366-b7bb-952e8dc2732b,true,,
entryType,single,4,3,1.5000,2,1,0.0000,1,0,2,1,0.3333,8.4162,0.6667,8.6323,3.6368,0.0000,1.0000,2.0000,0,1,1,1,0.2500,1.3333,23,5.7500,0.0804,4,branching,medium,single,4,3,dispersed,medium,3,medium,699988885,dc427671-4729-4df3-a98c-c9bb8ef46f28,true,,
entryType,single,4,3,1.5000,3,2,0.0000,1,0,2,1,0.3333,11.7937,0.6667,9.7615,2.9063,0.2500,1.5000,3.0000,1,1,0,1,0.5000,1.0000,17,4.2500,0.0572,4,branching,medium,single,4,3,dispersed,medium,3,medium,744459043,f6aaae12-3c65-4af3-821f-126bb42e02dc,true,,
entryType,single,4,3,1.5000,3,2,0.0000,1,0,2,1,0.3333,10.2133,0.5000,9.4785,2.3511,0.2500,1.5000,3.0000,1,1,0,1,0.5000,1.0000,22,5.5000,0.0880,4,branching,medium,single,4,3,dispersed,medium,3,medium,1577746336,4106f1ac-6862-47d6-aab8-0e07e5df9ef0,true,,
entryType,single,4,3,1.5000,2,1,0.0000,1,0,2,1,0.3333,8.2899,0.5000,12.3044,11.7907,0.0000,1.0000,2.0000,0,1,1,1,0.2500,1.3333,22,5.5000,0.0920,4,branching,medium,single,4,3,dispersed,medium,3,medium,258970196,1521082e-8263-426e-8c3e-95534dc6b3df,true,,
entryType,single,4,3,1.5000,3,2,0.0000,1,0,2,1,0.3333,9.6008,1.0000,6.3095,2.4880,0.2500,1.5000,3.0000,1,1,0,1,0.5000,1.0000,17,4.2500,0.0545,4,branching,medium,single,4,3,dispersed,medium,3,medium,1694617800,12646472-73b6-4205-ac7e-61e1ffd4cf73,true,,
entryType,single,4,3,1.5000,3,2,0.0000,1,0,2,1,0.3333,9.7156,0.3333,12.7126,2.4943,0.2500,1.5000,2.0000,1,1,0,1,0.2500,0.6667,17,4.2500,0.0666,4,branching,medium,single,4,3,dispersed,medium,3,medium,1555412135,1bcd99a2-1de5-42ed-8bae-9962e96a5288,true,,
entryType,single,4,3,1.5000,2,1,0.0000,1,0,2,1,0.3333,7.7578,0.6667,8.8756,2.7617,0.0000,1.0000,2.0000,0,1,1,1,0.2500,1.3333,19,4.7500,0.0715,4,branching,medium,single,4,3,dispersed,medium,3,medium,2010741765,00cc75d4-774d-4180-8590-294b6840dff0,true,,
entryType,single,4,3,1.5000,2,1,0.0000,1,0,2,1,0.3333,7.6125,0.5000,14.1907,12.1489,0.0000,1.0000,2.0000,0,1,1,1,0.2500,1.3333,22,5.5000,0.1004,4,branching,medium,single,4,3,dispersed,medium,3,medium,1806989840,5231f42d-af41-4938-8e18-94e6d23c01b4,true,,
entryType,single,4,3,1.5000,3,2,0.0000,1,0,2,1,0.3333,9.4846,1.0000,5.6770,1.8560,0.2500,1.5000,2.0000,1,1,0,1,0.2500,0.6667,20,5.0000,0.0710,4,branching,medium,single,4,3,dispersed,medium,3,medium,725646915,0ffd4442-47ee-46b3-b970-70c0eec9f63a,true,,
entryType,single,4,3,1.5000,2,1,0.0000,1,0,2,1,0.3333,8.8370,0.8333,11.3577,10.0434,0.0000,1.0000,2.0000,0,1,1,1,0.2500,1.3333,20,5.0000,0.1095,4,branching,medium,single,4,3,dispersed,medium,3,medium,1088555452,d9791ae7-0d4e-4b01-939d-e6a8015283db,true,,
entryType,single,4,3,1.5000,3,2,0.0000,1,0,2,1,0.3333,11.8429,0.6667,9.3055,2.6375,0.2500,1.5000,2.0000,1,1,0,1,0.2500,0.6667,16,4.0000,0.0691,4,branching,medium,single,4,3,dispersed,medium,3,medium,1835045359,974404c7-1df6-4f86-b04d-72759a2e98a6,true,,
entryType,single,4,3,1.5000,2,1,0.0000,1,0,2,1,0.3333,7.6906,1.0000,3.1553,2.6387,0.0000,1.0000,2.0000,0,1,1,1,0.2500,1.3333,20,5.0000,0.0693,4,branching,medium,single,4,3,dispersed,medium,3,medium,1980046715,993d0bd6-39fc-421a-a6bc-03f2c3f43c2d,true,,
entryType,single,4,3,1.5000,2,1,0.0000,1,0,2,1,0.3333,8.9738,0.3333,9.7171,3.4249,0.0000,1.0000,2.0000,0,1,1,1,0.2500,1.3333,23,5.7500,0.0829,4,branching,medium,single,4,3,dispersed,medium,3,medium,2113847377,0234c6a3-71f4-4509-bc41-b283a6957343,true,,
entryType,single,4,3,1.5000,2,1,0.0000,1,0,2,1,0.3333,8.8036,0.5000,10.5084,3.0817,0.0000,1.0000,2.0000,0,1,1,1,0.2500,1.3333,18,4.5000,0.0504,4,branching,medium,single,4,3,dispersed,medium,3,medium,1707567697,462a9965-0603-40f3-8b79-b69d8d9313b0,true,,
entryType,single,4,3,1.5000,3,2,0.0000,1,0,2,1,0.3333,11.9462,1.0000,6.3034,2.0333,0.2500,1.5000,3.0000,1,1,0,1,0.5000,1.0000,17,4.2500,0.0758,4,branching,medium,single,4,3,dispersed,medium,3,medium,763978991,953a734b-1bf4-4f3e-83a6-fa4686050302,true,,
entryType,single,4,3,1.5000,3,2,0.0000,1,0,2,1,0.3333,10.2529,0.5000,9.3206,1.9896,0.2500,1.5000,2.0000,1,1,0,1,0.2500,0.6667,18,4.5000,0.0730,4,branching,medium,single,4,3,dispersed,medium,3,medium,1770012997,d834240e-9e0d-4e13-85ea-029e56fca64d,true,,
entryType,single,4,3,1.5000,3,2,0.0000,1,0,2,1,0.3333,11.8258,1.0000,6.1163,2.4900,0.2500,1.5000,3.0000,1,1,0,1,0.5000,1.0000,18,4.5000,0.0884,4,branching,medium,single,4,3,dispersed,medium,3,medium,1302665157,78420264-9b44-4285-a477-93fce801bbb8,true,,
entryType,single,4,3,1.5000,3,2,0.0000,1,0,2,1,0.3333,8.7039,1.0000,6.1905,1.8911,0.2500,1.5000,2.0000,1,1,0,1,0.2500,0.6667,18,4.5000,0.0673,4,branching,medium,single,4,3,dispersed,medium,3,medium,916926114,981e401a-25e8-460f-b2a4-97c0bad8e912,true,,
entryType,single,4,3,1.5000,2,1,0.0000,1,0,2,1,0.3333,8.9432,0.6667,12.4141,11.2540,0.0000,1.0000,2.0000,0,1,1,1,0.2500,1.3333,24,6.0000,0.1336,4,branching,medium,single,4,3,dispersed,medium,3,medium,1103922408,1b3d5191-e0f7-48c1-9ba8-e09d24cab175,true,,
entryType,single,4,3,1.5000,2,1,0.0000,1,0,2,1,0.3333,8.7598,0.3333,12.3308,2.5313,0.0000,1.0000,2.0000,0,1,1,1,0.2500,1.3333,25,6.2500,0.1375,4,branching,medium,single,4,3,dispersed,medium,3,medium,1146044000,11abc0be-36ed-4ee0-9e9d-39ae58fd4ae3,true,,
entryType,single,4,3,1.5000,2,1,0.0000,1,0,2,1,0.3333,7.9183,0.6667,9.6585,3.3092,0.0000,1.0000,2.0000,0,1,1,1,0.2500,1.3333,22,5.5000,0.0737,4,branching,medium,single,4,3,dispersed,medium,3,medium,140537977,505af2d0-89cb-4e79-9e16-98c546359e55,true,,
entryType,single,4,3,1.5000,2,1,0.0000,1,0,2,1,0.3333,7.4065,0.6667,9.8133,2.3029,0.0000,1.0000,2.0000,0,1,1,1,0.2500,1.3333,22,5.5000,0.0899,4,branching,medium,single,4,3,dispersed,medium,3,medium,180873277,b97b58a3-c06c-484a-b105-323d3aa552ba,true,,
entryType,single,4,3,1.5000,2,1,0.0000,1,0,2,1,0.3333,8.0723,0.5000,15.8046,13.5206,0.0000,1.0000,2.0000,0,1,1,1,0.2500,1.3333,19,4.7500,0.0765,4,branching,medium,single,4,3,dispersed,medium,3,medium,2133503740,d2be7fac-42c6-4913-9a29-f13e5cbe15cd,true,,
entryType,single,4,3,1.5000,2,1,0.0000,1,0,2,1,0.3333,7.3191,0.6667,10.9973,10.7707,0.0000,1.0000,2.0000,0,1,1,1,0.2500,1.3333,22,5.5000,0.0745,4,branching,medium,single,4,3,dispersed,medium,3,medium,1725738742,55f2b95c-383d-4f52-86dc-4f820720f800,true,,
entryType,single,4,3,1.5000,3,2,0.0000,1,0,2,1,0.3333,12.7646,1.0000,5.1692,2.4280,0.2500,1.5000,3.0000,1,1,0,1,0.5000,1.0000,16,4.0000,0.0480,4,branching,medium,single,4,3,dispersed,medium,3,medium,1148114578,cf9c89d0-125a-4587-ac9e-8b452cf99214,true,,
entryType,single,4,3,1.5000,2,1,0.0000,1,0,2,1,0.3333,8.4621,0.8333,5.5269,2.3285,0.0000,1.0000,2.0000,0,1,1,1,0.2500,1.3333,20,5.0000,0.0744,4,branching,medium,single,4,3,dispersed,medium,3,medium,942015661,895e5378-79c9-4396-8988-9dd2bd177622,true,,
entryType,single,4,3,1.5000,2,1,0.0000,1,0,2,1,0.3333,8.2545,0.6667,12.3052,9.9450,0.0000,1.0000,2.0000,0,1,1,1,0.2500,1.3333,24,6.0000,0.1081,4,branching,medium,single,4,3,dispersed,medium,3,medium,2065293897,5f23909e-57df-4297-9907-2f889349ad20,true,,
entryType,single,4,3,1.5000,2,1,0.0000,1,0,2,1,0.3333,7.3818,0.3333,11.4765,2.6171,0.0000,1.0000,2.0000,0,1,1,1,0.2500,1.3333,22,5.5000,0.0807,4,branching,medium,single,4,3,dispersed,medium,3,medium,1561354456,ca83ab22-bcf2-4580-a7cf-3cb2fe1ffa2c,true,,
entryType,single,4,3,1.5000,2,1,0.0000,1,0,2,1,0.3333,7.6435,0.5000,13.6208,10.9909,0.0000,1.0000,2.0000,0,1,1,1,0.2500,1.3333,25,6.2500,0.0823,4,branching,medium,single,4,3,dispersed,medium,3,medium,1151691947,c72ae8a0-7043-4072-91cc-caee93fddbde,true,,
entryType,single,4,3,1.5000,3,2,0.0000,1,0,2,1,0.3333,12.1929,0.3333,13.1303,2.8184,0.2500,1.5000,2.0000,1,1,0,1,0.2500,0.6667,19,4.7500,0.0772,4,branching,medium,single,4,3,dispersed,medium,3,medium,1586461013,a4b567ef-d145-426c-8017-b7087cc88617,true,,
entryType,single,4,3,1.5000,3,2,0.0000,1,0,2,1,0.3333,9.7775,0.5000,9.2228,2.6934,0.2500,1.5000,2.0000,1,1,0,1,0.2500,0.6667,16,4.0000,0.0438,4,branching,medium,single,4,3,dispersed,medium,3,medium,1474186686,90498435-ccf1-47ea-9f8f-47cbeed7ebe3,true,,
entryType,single,4,3,1.5000,2,1,0.0000,1,0,2,1,0.3333,8.1558,0.8333,7.9321,1.8779,0.0000,1.0000,2.0000,0,1,1,1,0.2500,1.3333,23,5.7500,0.0859,4,branching,medium,single,4,3,dispersed,medium,3,medium,2103157366,4d8c222a-3303-4c06-9e0d-4d94eb584b6f,true,,
entryType,single,4,3,1.5000,2,1,0.0000,1,0,2,1,0.3333,8.5608,0.6667,10.1028,3.5686,0.0000,1.0000,2.0000,0,1,1,1,0.2500,1.3333,21,5.2500,0.0658,4,branching,medium,single,4,3,dispersed,medium,3,medium,1927352922,050b7869-2a98-4bfe-8a16-9fee25486f39,true,,
entryType,single,4,3,1.5000,3,2,0.0000,1,0,2,1,0.3333,11.2145,0.6667,9.0903,1.9931,0.2500,1.5000,2.0000,1,1,0,1,0.2500,0.6667,18,4.5000,0.0667,4,branching,medium,single,4,3,dispersed,medium,3,medium,813967751,9148ceb6-8b81-450b-9e9a-a7e22818f86e,true,,
entryType,single,4,3,1.5000,2,1,0.0000,1,0,2,1,0.3333,8.6981,0.5000,8.3218,2.4991,0.0000,1.0000,2.0000,0,1,1,1,0.2500,1.3333,19,4.7500,0.0511,4,branching,medium,single,4,3,dispersed,medium,3,medium,2056388037,859dc37b-563e-4d04-8376-d8e2386a987c,true,,
entryType,single,4,3,1.5000,2,1,0.0000,1,0,2,1,0.3333,8.5571,0.3333,11.3733,2.0998,0.0000,1.0000,2.0000,0,1,1,1,0.2500,1.3333,21,5.2500,0.0642,4,branching,medium,single,4,3,dispersed,medium,3,medium,525243242,2ea6e523-6184-405d-87e7-9a289898d8ab,true,,
entryType,single,4,3,1.5000,3,2,0.0000,1,0,2,1,0.3333,11.2064,0.6667,9.1923,2.5326,0.2500,1.5000,3.0000,1,1,0,1,0.5000,1.0000,16,4.0000,0.0505,4,branching,medium,single,4,3,dispersed,medium,3,medium,809970391,4ea1b7c6-0e6e-4a48-9d8a-9263279117e6,true,,
entryType,single,4,3,1.5000,3,2,0.0000,1,0,2,1,0.3333,9.3737,1.0000,5.6744,2.5900,0.2500,1.5000,2.0000,1,1,0,1,0.2500,0.6667,20,5.0000,0.0741,4,branching,medium,single,4,3,dispersed,medium,3,medium,1753183324,c2c57954-2c36-4468-8fac-058040513607,true,,
entryType,single,4,3,1.5000,2,1,0.0000,1,0,2,1,0.3333,7.7170,0.8333,9.2558,3.3466,0.0000,1.0000,2.0000,0,1,1,1,0.2500,1.3333,22,5.5000,0.0661,4,branching,medium,single,4,3,dispersed,medium,3,medium,990904301,9490f6d5-23ad-458b-ae34-5f3d4e04c5bb,true,,
entryType,single,4,3,1.5000,2,1,0.0000,1,0,2,1,0.3333,7.6706,0.3333,10.4721,3.0201,0.0000,1.0000,2.0000,0,1,1,1,0.2500,1.3333,21,5.2500,0.0703,4,branching,medium,single,4,3,dispersed,medium,3,medium,1977129859,2a1dd9e8-934e-4cc4-a1db-53228babb0c4,true,,
entryType,single,4,3,1.5000,3,2,0.0000,1,0,2,1,0.3333,9.6405,1.0000,6.1016,2.6597,0.2500,1.5000,3.0000,1,1,0,1,0.5000,1.0000,15,3.7500,0.0592,4,branching,medium,single,4,3,dispersed,medium,3,medium,1921983860,07dccbd7-81f8-4243-8d7a-bb976b253c70,true,,
entryType,single,4,3,1.5000,3,2,0.0000,1,0,2,1,0.3333,10.4563,0.3333,12.9455,1.9797,0.2500,1.5000,2.0000,1,1,0,1,0.2500,0.6667,18,4.5000,0.0717,4,branching,medium,single,4,3,dispersed,medium,3,medium,2075264819,cc81d6d9-d4f0-476a-9bb0-4f2b7d82d0b6,true,,
entryType,single,4,3,1.5000,3,2,0.0000,1,0,2,1,0.3333,12.0614,1.0000,5.5864,2.6572,0.2500,1.5000,3.0000,1,1,0,1,0.5000,1.0000,19,4.7500,0.0904,4,branching,medium,single,4,3,dispersed,medium,3,medium,1337713198,b82df1a8-5b2d-47ad-a9d3-7df6f9ec36e9,true,,
entryType,single,4,3,1.5000,3,2,0.0000,1,0,2,1,0.3333,10.0182,1.0000,6.3006,2.4755,0.2500,1.5000,2.0000,1,1,0,1,0.2500,0.6667,16,4.0000,0.0485,4,branching,medium,single,4,3,dispersed,medium,3,medium,1278235961,d9144223-1411-45b0-beaa-08e05b3ecde7,true,,
entryType,single,4,3,1.5000,3,2,0.0000,1,0,2,1,0.3333,8.9495,0.6667,9.0423,2.1710,0.2500,1.5000,2.0000,1,1,0,1,0.2500,0.6667,18,4.5000,0.0743,4,branching,medium,single,4,3,dispersed,medium,3,medium,927636010,ca83c529-b552-4e65-9ea0-810ce808f197,true,,
entryType,multiple,4,3,1.5000,2,1,0.0000,3,0,2,1,0.3333,8.1151,0.5000,11.0667,9.8827,0.0000,1.0000,2.0000,0,1,1,1,0.2500,1.3333,18,4.5000,0.0477,4,branching,medium,multiple,4,3,dispersed,medium,3,medium,1435220070,39abe599-5ef4-47fd-ad31-378130051ac5,true,,
entryType,multiple,4,3,1.5000,3,2,0.0000,3,0,2,1,0.3333,10.1949,0.5000,9.4506,2.0011,0.2500,1.5000,3.0000,1,1,0,1,0.5000,1.0000,15,3.7500,0.0444,4,branching,medium,multiple,4,3,dispersed,medium,3,medium,832034162,0e65d502-60ee-49ca-8dbd-d1a3aed1612f,true,,
entryType,multiple,4,3,1.5000,3,2,0.0000,3,0,2,1,0.3333,12.0320,0.3333,13.0116,2.3003,0.2500,1.5000,2.0000,1,1,0,1,0.2500,0.6667,18,4.5000,0.0592,4,branching,medium,multiple,4,3,dispersed,medium,3,medium,603215607,0f5c3105-a353-45ca-ad25-296cfc972942,true,,
entryType,multiple,4,3,1.5000,3,2,0.0000,3,0,2,1,0.3333,10.1960,0.6667,9.2065,2.7203,0.2500,1.5000,3.0000,1,1,0,1,0.5000,1.0000,16,4.0000,0.0728,4,branching,medium,multiple,4,3,dispersed,medium,3,medium,455340168,08f96188-102b-4500-b4bf-c9b64fa74e49,true,,
entryType,multiple,4,3,1.5000,2,1,0.0000,3,0,2,1,0.3333,8.2875,0.6667,9.8712,1.9782,0.0000,1.0000,2.0000,0,1,1,1,0.2500,1.3333,21,5.2500,0.0647,4,branching,medium,multiple,4,3,dispersed,medium,3,medium,1576855674,cedc9cd8-df66-4456-a449-e1b7bf6d02e8,true,,
entryType,multiple,4,3,1.5000,3,2,0.0000,3,0,2,1,0.3333,9.1134,0.5000,9.6676,2.5847,0.2500,1.5000,3.0000,1,1,0,1,0.5000,1.0000,17,4.2500,0.0644,4,branching,medium,multiple,4,3,dispersed,medium,3,medium,345393176,d92af2f6-0851-443c-a26e-995fbea1e398,true,,
entryType,multiple,4,3,1.5000,3,2,0.0000,3,0,2,1,0.3333,10.0743,0.6667,9.1295,2.1464,0.2500,1.5000,3.0000,1,1,0,1,0.5000,1.0000,18,4.5000,0.0771,4,branching,medium,multiple,4,3,dispersed,medium,3,medium,454273344,d31e4b61-de2e-4c9d-9403-b06534be5ff7,true,,
entryType,multiple,4,3,1.5000,3,2,0.0000,3,0,2,1,0.3333,9.3681,0.5000,9.5247,2.3691,0.2500,1.5000,3.0000,1,1,0,1,0.5000,1.0000,14,3.5000,0.0318,4,branching,medium,multiple,4,3,dispersed,medium,3,medium,265901714,96ed0cd6-2d6e-4dbe-91d8-7222a128ddf9,true,,
entryType,multiple,4,3,1.5000,3,2,0.0000,3,0,2,1,0.3333,11.3705,0.5000,11.1134,2.0901,0.2500,1.5000,3.0000,1,1,0,1,0.5000,1.0000,21,5.2500,0.0787,4,branching,medium,multiple,4,3,dispersed,medium,3,medium,1782199517,ed67b137-d9cb-4f7c-9068-80307311c143,true,,
entryType,multiple,4,3,1.5000,3,2,0.0000,3,0,2,1,0.3333,12.8629,1.0000,5.5400,2.1924,0.2500,1.5000,3.0000,1,1,0,1,0.5000,1.0000,18,4.5000,0.0568,4,branching,medium,multiple,4,3,dispersed,medium,3,medium,2062938500,9722775d-5d3c-47ea-9c58-190779d5ad03,true,,
entryType,multiple,4,3,1.5000,2,1,0.0000,3,0,2,1,0.3333,8.1729,0.6667,12.7008,10.3180,0.0000,1.0000,2.0000,0,1,1,1,0.2500,1.3333,22,5.5000,0.0742,4,branching,medium,multiple,4,3,dispersed,medium,3,medium,519115608,8ca36dea-a8c1-4be2-b3a5-b39e956c0db3,true,,
entryType,multiple,4,3,1.5000,3,2,0.0000,3,0,2,1,0.3333,8.7704,0.3333,11.6701,2.2314,0.2500,1.5000,2.0000,1,1,0,1,0.2500,0.6667,17,4.2500,0.0819,4,branching,medium,multiple,4,3,dispersed,medium,3,medium,758438950,7fdbf3c0-38e9-4636-804a-567830cd0bcb,true,,
entryType,multiple,4,3,1.5000,3,2,0.0000,3,0,2,1,0.3333,11.4888,0.5000,11.8051,2.3742,0.2500,1.5000,3.0000,1,1,0,1,0.5000,1.0000,19,4.7500,0.0629,4,branching,medium,multiple,4,3,dispersed,medium,3,medium,1999491241,7b188e12-35b0-4b94-a396-ddc9d17e09b1,true,,
entryType,multiple,4,3,1.5000,3,2,0.0000,3,0,2,1,0.3333,10.4255,1.0000,5.3752,2.1222,0.2500,1.5000,2.0000,1,1,0,1,0.2500,0.6667,17,4.2500,0.0642,4,branching,medium,multiple,4,3,dispersed,medium,3,medium,1258339265,92d8e938-0873-49b1-af26-ea324d2bf3b5,true,,
entryType,multiple,4,3,1.5000,3,2,0.0000,3,0,2,1,0.3333,11.6269,0.6667,9.7154,3.3654,0.2500,1.5000,2.0000,1,1,0,1,0.2500,0.6667,15,3.7500,0.0591,4,branching,medium,multiple,4,3,dispersed,medium,3,medium,752602139,d087f851-bebe-4c49-8575-34013dd57a25,true,,
entryType,multiple,4,3,1.5000,3,2,0.0000,3,0,2,1,0.3333,9.4783,1.0000,5.2999,2.2153,0.2500,1.5000,3.0000,1,1,0,1,0.5000,1.0000,21,5.2500,0.0921,4,branching,medium,multiple,4,3,dispersed,medium,3,medium,1637601885,4c1c43fd-0a71-470a-8063-135ad7741fdb,true,,
entryType,multiple,4,3,1.5000,2,1,0.0000,3,0,2,1,0.3333,8.2711,0.3333,11.8249,2.0389,0.0000,1.0000,2.0000,0,1,1,1,0.2500,1.3333,20,5.0000,0.0556,4,branching,medium,multiple,4,3,dispersed,medium,3,medium,449387309,157e0871-b938-430d-87d9-b22dd0c42c94,true,,
entryType,multiple,4,3,1.5000,2,1,0.0000,3,0,2,1,0.3333,7.5455,1.0000,8.2410,2.5019,0.0000,1.0000,2.0000,0,1,1,1,0.2500,1.3333,25,6.2500,0.1070,4,branching,medium,multiple,4,3,dispersed,medium,3,medium,655297893,2a77e932-2be1-492a-a4df-8e3848c25b12,true,,
entryType,multiple,4,3,1.5000,3,2,0.0000,3,0,2,1,0.3333,9.8333,1.0000,6.2315,2.3942,0.2500,1.5000,3.0000,1,1,0,1,0.5000,1.0000,22,5.5000,0.0710,4,branching,medium,multiple,4,3,dispersed,medium,3,medium,1286669549,b08ab773-8571-49e7-adfe-4daf6116cf90,true,,
entryType,multiple,4,3,1.5000,3,2,0.0000,3,0,2,1,0.3333,10.1110,1.0000,6.1619,2.1558,0.2500,1.5000,2.0000,1,1,0,1,0.2500,0.6667,20,5.0000,0.0761,4,branching,medium,multiple,4,3,dispersed,medium,3,medium,1761852413,1dda6937-f8be-41df-b0ac-55abb367094c,true,,
entryType,multiple,4,3,1.5000,3,2,0.0000,3,0,2,1,0.3333,10.9693,1.0000,6.4960,2.0587,0.2500,1.5000,3.0000,1,1,0,1,0.5000,1.0000,16,4.0000,0.0488,4,branching,medium,multiple,4,3,dispersed,medium,3,medium,1879371640,c7cf9167-cc0f-4b81-91b1-09dbcfcf701e,true,,
entryType,multiple,4,3,1.5000,2,1,0.0000,3,0,2,1,0.3333,8.5839,0.3333,11.4877,2.6058,0.0000,1.0000,2.0000,0,1,1,1,0.2500,1.3333,23,5.7500,0.0699,4,branching,medium,multiple,4,3,dispersed,medium,3,medium,52693793,3b844f34-34b3-4cb1-a079-d6185d28d95d,true,,
entryType,multiple,4,3,1.5000,2,1,0.0000,3,0,2,1,0.3333,8.5867,0.6667,11.2718,10.7171,0.0000,1.0000,2.0000,0,1,1,1,0.2500,1.3333,21,5.2500,0.0689,4,branching,medium,multiple,4,3,dispersed,medium,3,medium,1299879626,21b59018-2565-465b-8eee-f0e8eeed27aa,true,,
entryType,multiple,4,3,1.5000,2,1,0.0000,3,0,2,1,0.3333,8.4467,0.8333,11.8202,10.2132,0.0000,1.0000,2.0000,0,1,1,1,0.2500,1.3333,19,4.7500,0.0602,4,branching,medium,multiple,4,3,dispersed,medium,3,medium,1798663307,6e9e3003-2402-4a18-9fef-d20b8a1edd3e,true,,
entryType,multiple,4,3,1.5000,3,2,0.0000,3,0,2,1,0.3333,9.5329,0.3333,12.0177,2.0622,0.2500,1.5000,2.0000,1,1,0,1,0.2500,0.6667,17,4.2500,0.0627,4,branching,medium,multiple,4,3,dispersed,medium,3,medium,238735749,17551782-8f4d-4783-9e20-08983cd77cb0,true,,
entryType,multiple,4,3,1.5000,3,2,0.0000,3,0,2,1,0.3333,9.0523,0.3333,12.0833,2.5944,0.2500,1.5000,2.0000,1,1,0,1,0.2500,0.6667,20,5.0000,0.0684,4,branching,medium,multiple,4,3,dispersed,medium,3,medium,960042606,3974a4e5-2590-4e7b-9fb2-b6087614f44c,true,,
entryType,multiple,4,3,1.5000,3,2,0.0000,3,0,2,1,0.3333,10.0741,0.5000,9.4992,2.4051,0.2500,1.5000,3.0000,1,1,0,1,0.5000,1.0000,19,4.7500,0.0748,4,branching,medium,multiple,4,3,dispersed,medium,3,medium,1696965480,df446d01-85e6-4e1d-80bd-5238f6f60f4e,true,,
entryType,multiple,4,3,1.5000,3,2,0.0000,3,0,2,1,0.3333,9.4307,1.0000,5.7467,2.0221,0.2500,1.5000,2.0000,1,1,0,1,0.2500,0.6667,13,3.2500,0.0374,4,branching,medium,multiple,4,3,dispersed,medium,3,medium,2073505460,a5c465f5-9a69-4cb3-9359-2bb9c483d51a,true,,
entryType,multiple,4,3,1.5000,2,1,0.0000,3,0,2,1,0.3333,8.5206,0.5000,15.5557,11.7991,0.0000,1.0000,2.0000,0,1,1,1,0.2500,1.3333,18,4.5000,0.0678,4,branching,medium,multiple,4,3,dispersed,medium,3,medium,1274276196,16a03cf1-5ad6-4ff1-920b-95f1070dde60,true,,
entryType,multiple,4,3,1.5000,2,1,0.0000,3,0,2,1,0.3333,7.4386,0.6667,13.4373,11.1352,0.0000,1.0000,2.0000,0,1,1,1,0.2500,1.3333,26,6.5000,0.1023,4,branching,medium,multiple,4,3,dispersed,medium,3,medium,1371543787,774e79e7-15b7-4366-9df2-7acc369a6b6f,true,,
entryType,multiple,4,3,1.5000,3,2,0.0000,3,0,2,1,0.3333,9.3818,0.6667,9.5622,2.3197,0.2500,1.5000,3.0000,1,1,0,1,0.5000,1.0000,21,5.2500,0.0694,4,branching,medium,multiple,4,3,dispersed,medium,3,medium,212756805,72c298c4-ba60-466f-9709-c5c414ab7921,true,,
entryType,multiple,4,3,1.5000,3,2,0.0000,3,0,2,1,0.3333,11.0256,0.3333,11.8788,2.2545,0.2500,1.5000,2.0000,1,1,0,1,0.2500,0.6667,17,4.2500,0.0558,4,branching,medium,multiple,4,3,dispersed,medium,3,medium,990643726,a8a2da65-88b4-4356-a1a9-c92f361c7526,true,,
entryType,multiple,4,3,1.5000,3,2,0.0000,3,0,2,1,0.3333,9.4955,0.5000,9.6415,2.3462,0.2500,1.5000,3.0000,1,1,0,1,0.5000,1.0000,16,4.0000,0.0405,4,branching,medium,multiple,4,3,dispersed,medium,3,medium,855267779,bac7c548-3c26-4aa0-8e2e-7bd849d490c7,true,,
entryType,multiple,4,3,1.5000,3,2,0.0000,3,0,2,1,0.3333,11.8280,0.6667,9.1849,1.7780,0.2500,1.5000,3.0000,1,1,0,1,0.5000,1.0000,13,3.2500,0.0268,4,branching,medium,multiple,4,3,dispersed,medium,3,medium,798102732,294271a7-91e6-4423-8acb-c26175a8aedd,true,,
entryType,multiple,4,3,1.5000,3,2,0.0000,3,0,2,1,0.3333,9.9654,0.6667,9.2065,2.1082,0.2500,1.5000,3.0000,1,1,0,1,0.5000,1.0000,18,4.5000,0.0634,4,branching,medium,multiple,4,3,dispersed,medium,3,medium,1860378155,d48cac6a-ba30-4d6f-9582-7d0b32ebf0f7,true,,
entryType,multiple,4,3,1.5000,3,2,0.0000,3,0,2,1,0.3333,9.5805,0.6667,8.9507,1.9489,0.2500,1.5000,2.0000,1,1,0,1,0.2500,0.6667,16,4.0000,0.0471,4,branching,medium,multiple,4,3,dispersed,medium,3,medium,109981499,d0fe0294-7f5c-4e03-9f70-c350e1edcf1f,true,,
entryType,multiple,4,3,1.5000,3,2,0.0000,3,0,2,1,0.3333,9.3094,0.6667,9.3372,2.5485,0.2500,1.5000,2.0000,1,1,0,1,0.2500,0.6667,15,3.7500,0.0484,4,branching,medium,multiple,4,3,dispersed,medium,3,medium,1462078290,33a79d08-d956-4331-ac41-b8606d941b2f,true,,
entryType,multiple,4,3,1.5000,3,2,0.0000,3,0,2,1,0.3333,11.9914,0.6667,9.0053,2.1175,0.2500,1.5000,2.0000,1,1,0,1,0.2500,0.6667,20,5.0000,0.0596,4,branching,medium,multiple,4,3,dispersed,medium,3,medium,1106014288,f917d5bd-1a03-4780-93ab-aa8c9042def9,true,,
entryType,multiple,4,3,1.5000,2,1,0.0000,3,0,2,1,0.3333,8.2248,1.0000,2.9264,2.4534,0.0000,1.0000,2.0000,0,1,1,1,0.2500,1.3333,24,6.0000,0.0804,4,branching,medium,multiple,4,3,dispersed,medium,3,medium,1722319920,00fbbc58-9969-4b9d-a684-5ea5e0093095,true,,
entryType,multiple,4,3,1.5000,2,1,0.0000,3,0,2,1,0.3333,8.5050,0.5000,6.7439,1.8046,0.0000,1.0000,2.0000,0,1,1,1,0.2500,1.3333,22,5.5000,0.0887,4,branching,medium,multiple,4,3,dispersed,medium,3,medium,1241067837,8032cbd5-116d-4aab-b6b8-6f10b0d17354,true,,
entryType,multiple,4,3,1.5000,2,1,0.0000,3,0,2,1,0.3333,8.8941,0.5000,9.1867,2.5143,0.0000,1.0000,2.0000,0,1,1,1,0.2500,1.3333,19,4.7500,0.0515,4,branching,medium,multiple,4,3,dispersed,medium,3,medium,1019913342,9c37f56f-88ff-4bdf-8724-0cedea3a3015,true,,
entryType,multiple,4,3,1.5000,3,2,0.0000,3,0,2,1,0.3333,10.2540,0.6667,9.3513,2.5339,0.2500,1.5000,3.0000,1,1,0,1,0.5000,1.0000,16,4.0000,0.0507,4,branching,medium,multiple,4,3,dispersed,medium,3,medium,1837255652,91189419-508d-48c4-ae0a-1a0517f098b1,true,,
entryType,multiple,4,3,1.5000,3,2,0.0000,3,0,2,1,0.3333,9.3768,0.6667,9.5293,2.8048,0.2500,1.5000,3.0000,1,1,0,1,0.5000,1.0000,20,5.0000,0.0915,4,branching,medium,multiple,4,3,dispersed,medium,3,medium,145153405,a23852b1-4980-48ed-b034-87a7332bdb15,true,,
entryType,multiple,4,3,1.5000,3,2,0.0000,3,0,2,1,0.3333,12.2123,1.0000,5.6505,2.6305,0.2500,1.5000,3.0000,1,1,0,1,0.5000,1.0000,22,5.5000,0.0746,4,branching,medium,multiple,4,3,dispersed,medium,3,medium,898512898,c1b1ab27-c3cd-4e78-84be-235dcd8d7dac,true,,
entryType,multiple,4,3,1.5000,2,1,0.0000,3,0,2,1,0.3333,8.4097,0.5000,8.7925,2.0265,0.0000,1.0000,2.0000,0,1,1,1,0.2500,1.3333,20,5.0000,0.0919,4,branching,medium,multiple,4,3,dispersed,medium,3,medium,1537272429,dd513db5-94f3-467e-91cd-555d8865c9d8,true,,
entryType,multiple,4,3,1.5000,3,2,0.0000,3,0,2,1,0.3333,11.6845,0.6667,9.4003,2.6163,0.2500,1.5000,2.0000,1,1,0,1,0.2500,0.6667,20,5.0000,0.0867,4,branching,medium,multiple,4,3,dispersed,medium,3,medium,1914287939,3546a7ad-5970-4a37-adb1-93afc946c6e4,true,,
entryType,multiple,4,3,1.5000,3,2,0.0000,3,0,2,1,0.3333,9.0343,0.6667,8.9010,1.8960,0.2500,1.5000,3.0000,1,1,0,1,0.5000,1.0000,18,4.5000,0.0565,4,branching,medium,multiple,4,3,dispersed,medium,3,medium,957962797,71214658-b25b-4e99-b3cd-dd4ed4f093aa,true,,
entryType,multiple,4,3,1.5000,3,2,0.0000,3,0,2,1,0.3333,11.1086,0.5000,10.9586,3.3461,0.2500,1.5000,2.0000,1,1,0,1,0.2500,0.6667,18,4.5000,0.0551,4,branching,medium,multiple,4,3,dispersed,medium,3,medium,494844059,145bf276-39a2-4347-9abc-29c9b9e7d889,true,,
entryType,multiple,4,3,1.5000,2,1,0.0000,3,0,2,1,0.3333,8.7346,0.6667,8.5635,3.0618,0.0000,1.0000,2.0000,0,1,1,1,0.2500,1.3333,23,5.7500,0.0915,4,branching,medium,multiple,4,3,dispersed,medium,3,medium,238302162,399737a3-b475-42a9-b412-1cc513f79cec,true,,
entryType,multiple,4,3,1.5000,3,2,0.0000,3,0,2,1,0.3333,11.4572,0.6667,9.7641,3.0346,0.2500,1.5000,3.0000,1,1,0,1,0.5000,1.0000,21,5.2500,0.0859,4,branching,medium,multiple,4,3,dispersed,medium,3,medium,339527974,dfb136a7-b1f1-4c2c-aba0-a017fef91567,true,,
